somme	pHash	dHash	aHash	soya	marche
32	16	16	17	/soya2/sourcing/img_soya/enf_15_KIDS_YELLOW_4.png	/soya2/sourcing/img_mkt/comfy_1.img
32	16	16	17	/soya2/sourcing/img_soya/enf_15_KIDS_YELLOW_4.png	/soya_prix/imgs/comfysle_1.img
34	18	16	16	/soya2/sourcing/img_soya/enf_15_KIDS_YELLOW_4.png	/soya2/sourcing/img_mkt/comfy_3.img
34	18	16	24	/soya2/sourcing/img_soya/enf_04_KIDSP1_1.png	/soya_prix/imgs/inphysio_2.img
34	18	16	24	/soya2/sourcing/img_soya/henf_03_KIDSP1_1.png	/soya_prix/imgs/inphysio_2.img
34	20	14	25	/soya2/sourcing/img_soya/enf_11_KIDS_PINK_7.png	/soya_prix/imgs/inphysio_2.img
34	20	14	25	/soya2/sourcing/img_soya/henf_04_KIDS_PINK_7.png	/soya_prix/imgs/inphysio_2.img
35	16	19	19	/soya2/sourcing/img_soya/enf_08_KIDS_PINK_4.png	/soya2/sourcing/img_mkt/comfy_1.img
35	16	19	19	/soya2/sourcing/img_soya/enf_08_KIDS_PINK_4.png	/soya_prix/imgs/comfysle_1.img
35	18	17	17	/soya2/sourcing/img_soya/enf_15_KIDS_YELLOW_4.png	/soya_prix/imgs/comfysle_3.img
37	12	25	36	/soya2/sourcing/img_soya/v2_08_11_bf88b3df-377c-4ddb-b78a-cc7a164e7755.png	/soya2/sourcing/img_mkt/jty_knee_4.webp
38	16	22	20	/soya2/sourcing/img_soya/voy_02_9-Oreiller-de-Voyage-Ergonomique-Soya_img3.webp	/soya2/sourcing/img_mkt/mic_jty_5.webp
38	18	20	17	/soya2/sourcing/img_soya/enf_01_KIDSP1_4.jpg	/soya2/sourcing/img_mkt/comfy_3.img
38	18	20	17	/soya2/sourcing/img_soya/enf_08_KIDS_PINK_4.png	/soya_prix/imgs/comfysle_3.img
38	18	20	18	/soya2/sourcing/img_soya/enf_01_KIDSP1_4.jpg	/soya2/sourcing/img_mkt/comfy_1.img
38	18	20	18	/soya2/sourcing/img_soya/enf_01_KIDSP1_4.jpg	/soya_prix/imgs/comfysle_1.img
39	18	21	16	/soya2/sourcing/img_soya/enf_08_KIDS_PINK_4.png	/soya2/sourcing/img_mkt/comfy_3.img
39	18	21	18	/soya2/sourcing/img_soya/enf_01_KIDSP1_4.jpg	/soya_prix/imgs/comfysle_3.img
40	18	22	14	/soya/gallery/19.jpg	/soya_prix/imgs/comfysle_3.img
40	20	20	37	/soya2/sourcing/img_soya/henf_02_KIDS_P_1_3.png	/soya2/sourcing/img_mkt/jty_knee_3.webp
40	22	18	22	/soya2/sourcing/img_soya/v2_02_1-oreiller-soya-2_0_img3_5f834f33-5e47-49e1-a6a1-34e17f3341b	/soya2/sourcing/img_mkt/mic_jty_5.webp
40	24	16	32	/soya/gallery/15.jpg	/soya2/sourcing/img_mkt/confal_2.img
40	24	16	32	/soya/gallery/15.jpg	/soya_prix/imgs/confortalign_2.img
41	16	25	22	/soya/gallery/23.jpg	/soya_prix/imgs/inphysio_2.img
41	18	23	13	/soya/gallery/19.jpg	/soya2/sourcing/img_mkt/comfy_3.img
41	18	23	14	/soya/gallery/19.jpg	/soya2/sourcing/img_mkt/comfy_1.img
41	18	23	14	/soya/gallery/19.jpg	/soya_prix/imgs/comfysle_1.img
41	18	23	15	/soya/gallery/07.jpg	/soya2/sourcing/img_mkt/comfy_1.img
41	18	23	15	/soya/gallery/07.jpg	/soya_prix/imgs/comfysle_1.img
41	20	21	36	/soya2/sourcing/img_soya/v2_06_1-oreiller-soya-2_0_img6_9601dd3b-66d6-4311-b41e-5fd7712bdc1	/soya2/sourcing/img_mkt/confal_2.img
41	20	21	36	/soya2/sourcing/img_soya/v2_06_1-oreiller-soya-2_0_img6_9601dd3b-66d6-4311-b41e-5fd7712bdc1	/soya_prix/imgs/confortalign_2.img
42	18	24	15	/soya/gallery/07.jpg	/soya_prix/imgs/comfysle_3.img
42	20	22	21	/soya2/sourcing/img_soya/enf_04_KIDSP1_1.png	/soya_prix/imgs/inphysio_0.img
42	20	22	21	/soya2/sourcing/img_soya/henf_03_KIDSP1_1.png	/soya_prix/imgs/inphysio_0.img
42	22	20	24	/soya2/sourcing/img_soya/enf_11_KIDS_PINK_7.png	/soya_prix/imgs/inphysio_0.img
42	22	20	24	/soya2/sourcing/img_soya/henf_04_KIDS_PINK_7.png	/soya_prix/imgs/inphysio_0.img
42	22	20	26	/soya2/sourcing/img_soya/enf_18_KIDS_YELLOW_2.png	/soya_prix/imgs/inphysio_2.img
42	22	20	26	/soya2/sourcing/img_soya/henf_05_KIDS_YELLOW_2.png	/soya_prix/imgs/inphysio_2.img
42	22	20	38	/soya2/sourcing/img_soya/henf_01_KIDS_P_1_4.png	/soya2/sourcing/img_mkt/jty_knee_3.webp
42	24	18	26	/soya2/sourcing/img_soya/enf_02_KIDSP1_6.png	/soya2/sourcing/img_mkt/confal_5.img
42	24	18	31	/soya/gallery/36.jpg	/soya_prix/imgs/zamatsle_3.img
42	24	18	31	/soya/gallery/37.jpg	/soya_prix/imgs/zamatsle_3.img
43	18	25	14	/soya/gallery/07.jpg	/soya2/sourcing/img_mkt/comfy_3.img
43	20	23	17	/soya2/sourcing/img_soya/v3_25_Soya_3.0_grey_2_2e59cacb-6ebc-4f36-8a81-44478c9d4589.png	/soya_prix/imgs/comfysle_3.img
43	20	23	18	/soya/gallery/38.jpg	/soya_prix/imgs/inphysio_2.img
43	20	23	18	/soya2/sourcing/img_soya/enf_11_KIDS_PINK_7.png	/soya2/sourcing/img_mkt/mic_jty_8.webp
43	20	23	18	/soya2/sourcing/img_soya/henf_04_KIDS_PINK_7.png	/soya2/sourcing/img_mkt/mic_jty_8.webp
43	20	23	19	/soya2/sourcing/img_soya/h3_14_7687678_2.png	/soya_prix/imgs/inphysio_2.img
43	20	23	19	/soya2/sourcing/img_soya/v3_29_7687678_2_0409bb9a-6b40-434d-807f-98da5554945a.png	/soya_prix/imgs/inphysio_2.img
43	20	23	31	/soya2/sourcing/img_soya/h3_13_Soya_3.0_Grey_2.png	/soya_prix/imgs/zamatsle_0.img
43	20	23	31	/soya2/sourcing/img_soya/v3_28_Soya_3.0_Grey_2_47c0e3de-4c91-48dd-960e-4a36d6b20353.png	/soya_prix/imgs/zamatsle_0.img
43	22	21	29	/soya/gallery/36.jpg	/soya_prix/imgs/zamatsle_0.img
43	22	21	29	/soya/gallery/37.jpg	/soya_prix/imgs/zamatsle_0.img
43	24	19	25	/soya2/sourcing/img_soya/enf_09_KIDS_PINK_2.png	/soya2/sourcing/img_mkt/confal_5.img
43	24	19	26	/soya2/sourcing/img_soya/enf_04_KIDSP1_1.png	/soya2/sourcing/img_mkt/jty_p6036_6.webp
43	24	19	26	/soya2/sourcing/img_soya/henf_03_KIDSP1_1.png	/soya2/sourcing/img_mkt/jty_p6036_6.webp
43	24	19	27	/soya2/sourcing/img_soya/enf_11_KIDS_PINK_7.png	/soya2/sourcing/img_mkt/jty_p6036_6.webp
43	24	19	27	/soya2/sourcing/img_soya/henf_04_KIDS_PINK_7.png	/soya2/sourcing/img_mkt/jty_p6036_6.webp
43	26	17	21	/soya/gallery/29.jpg	/soya2/sourcing/img_mkt/jty_p6036_4.webp
44	16	28	17	/soya2/sourcing/img_soya/v2_02_1-oreiller-soya-2_0_img3_5f834f33-5e47-49e1-a6a1-34e17f3341b	/soya_prix/imgs/zamatsle_0.img
44	20	24	15	/soya2/sourcing/img_soya/v2_02_1-oreiller-soya-2_0_img3_5f834f33-5e47-49e1-a6a1-34e17f3341b	/soya2/sourcing/img_mkt/jty_knee_2.webp
44	20	24	18	/soya2/sourcing/img_soya/v3_25_Soya_3.0_grey_2_2e59cacb-6ebc-4f36-8a81-44478c9d4589.png	/soya2/sourcing/img_mkt/comfy_3.img
44	20	24	20	/soya/gallery/35.jpg	/soya_prix/imgs/somnilys_2.img
44	20	24	32	/soya/gallery/10.jpg	/soya_prix/imgs/inphysio_2.img
44	20	24	35	/soya/gallery/06.jpg	/soya2/sourcing/img_mkt/jty_p6036_1.webp
44	20	24	35	/soya/gallery/18.jpg	/soya2/sourcing/img_mkt/jty_p6036_1.webp
44	20	24	35	/soya/gallery/22.jpg	/soya2/sourcing/img_mkt/jty_p6036_1.webp
44	20	24	35	/soya/gallery/28.jpg	/soya2/sourcing/img_mkt/jty_p6036_1.webp
44	22	22	33	/soya2/sourcing/img_soya/enf_13_KIDS_PINK_3.png	/soya2/sourcing/img_mkt/confal_2.img
44	22	22	33	/soya2/sourcing/img_soya/enf_13_KIDS_PINK_3.png	/soya_prix/imgs/confortalign_2.img
44	24	20	38	/soya2/sourcing/img_soya/henf_00_KIDS_P_1_2.png	/soya2/sourcing/img_mkt/jty_knee_3.webp
44	26	18	22	/soya/gallery/30.jpg	/soya2/sourcing/img_mkt/jty_p6036_5.webp
44	26	18	31	/soya2/sourcing/img_soya/enf_03_KIDSP1_5.png	/soya2/sourcing/img_mkt/mic_jty_5.webp
45	16	29	5	/soya/gallery/29.jpg	/soya_prix/imgs/zamatsle_1.img
45	18	27	5	/soya/gallery/29.jpg	/soya_prix/imgs/zamatsle_0.img
45	18	27	20	/soya/gallery/30.jpg	/soya2/sourcing/img_mkt/confal_2.img
45	18	27	20	/soya/gallery/30.jpg	/soya_prix/imgs/confortalign_2.img
45	18	27	38	/soya2/sourcing/img_soya/v2_08_11_bf88b3df-377c-4ddb-b78a-cc7a164e7755.png	/soya2/sourcing/img_mkt/jty_knee_1.webp
45	20	25	14	/soya2/sourcing/img_soya/voy_02_9-Oreiller-de-Voyage-Ergonomique-Soya_img3.webp	/soya2/sourcing/img_mkt/derila_2.img
45	20	25	19	/soya2/sourcing/img_soya/enf_18_KIDS_YELLOW_2.png	/soya2/sourcing/img_mkt/mic_jty_8.webp
45	20	25	19	/soya2/sourcing/img_soya/henf_05_KIDS_YELLOW_2.png	/soya2/sourcing/img_mkt/mic_jty_8.webp
45	22	23	14	/soya2/sourcing/img_soya/v3_12_2_782a3829-4b96-451b-93e4-630d8f06e705.png	/soya2/sourcing/img_mkt/jty_p6036_1.webp
45	22	23	23	/soya2/sourcing/img_soya/enf_09_KIDS_PINK_2.png	/soya_prix/imgs/somnilys_0.img
45	22	23	25	/soya/gallery/23.jpg	/soya_prix/imgs/inphysio_0.img
45	22	23	40	/soya2/sourcing/img_soya/enf_03_KIDSP1_5.png	/soya2/sourcing/img_mkt/jty_knee_5.webp
45	24	21	13	/soya/gallery/13.jpg	/soya2/sourcing/img_mkt/comfy_5.img
45	24	21	31	/soya2/sourcing/img_soya/enf_04_KIDSP1_1.png	/soya_prix/imgs/zamatsle_0.img
45	24	21	31	/soya2/sourcing/img_soya/henf_03_KIDSP1_1.png	/soya_prix/imgs/zamatsle_0.img
46	14	32	25	/soya2/sourcing/img_soya/v3_12_2_782a3829-4b96-451b-93e4-630d8f06e705.png	/soya_prix/imgs/zamatsle_3.img
46	16	30	23	/soya2/sourcing/img_soya/enf_16_KIDS_YELLOW_7.png	/soya2/sourcing/img_mkt/comfy_1.img
46	16	30	23	/soya2/sourcing/img_soya/enf_16_KIDS_YELLOW_7.png	/soya_prix/imgs/comfysle_1.img
46	18	28	9	/soya2/sourcing/img_soya/v3_25_Soya_3.0_grey_2_2e59cacb-6ebc-4f36-8a81-44478c9d4589.png	/soya2/sourcing/img_mkt/comfy_1.img
46	18	28	9	/soya2/sourcing/img_soya/v3_25_Soya_3.0_grey_2_2e59cacb-6ebc-4f36-8a81-44478c9d4589.png	/soya_prix/imgs/comfysle_1.img
46	18	28	14	/soya/gallery/08.jpg	/soya2/sourcing/img_mkt/jty_knee_2.webp
46	20	26	17	/soya2/sourcing/img_soya/voy_04_9-Oreiller-de-Voyage-Ergonomique-Soya_img5.webp	/soya2/sourcing/img_mkt/comfy_3.img
46	20	26	17	/soya2/sourcing/img_soya/voy_05_9-Oreiller-de-Voyage-Ergonomique-Soya_img6.webp	/soya2/sourcing/img_mkt/comfy_3.img
46	20	26	17	/soya2/sourcing/img_soya/voy_06_9-Oreiller-de-Voyage-Ergonomique-Soya_img7.webp	/soya2/sourcing/img_mkt/comfy_3.img
46	20	26	21	/soya/gallery/04.jpg	/soya2/sourcing/img_mkt/mic_tnjk_11.webp
46	20	26	21	/soya/gallery/04.jpg	/soya2/sourcing/img_mkt/mic_tnjk_4.webp
46	20	26	21	/soya/gallery/04.jpg	/soya2/sourcing/img_mkt/mic_tnjk_7.webp
46	20	26	26	/soya/gallery/09.jpg	/soya2/sourcing/img_mkt/mic_jty_8.webp
46	20	26	28	/soya/gallery/20.jpg	/soya2/sourcing/img_mkt/jty_knee_4.webp
46	20	26	28	/soya/gallery/21.jpg	/soya2/sourcing/img_mkt/mic_jty_8.webp
46	20	26	32	/soya2/sourcing/img_soya/h3_15_7687678_1.png	/soya_prix/imgs/zamatsle_3.img
46	22	24	13	/soya/gallery/19.jpg	/soya_prix/imgs/zamatsle_3.img
46	22	24	15	/soya/gallery/33.jpg	/soya2/sourcing/img_mkt/comfy_6.img
46	22	24	15	/soya2/sourcing/img_soya/v3_00_18.png	/soya2/sourcing/img_mkt/mic_jty_3.webp
46	22	24	15	/soya2/sourcing/img_soya/v3_36_34.png	/soya2/sourcing/img_mkt/mic_jty_3.webp
46	22	24	22	/soya2/sourcing/img_soya/enf_02_KIDSP1_6.png	/soya_prix/imgs/somnilys_0.img
46	22	24	24	/soya2/sourcing/img_soya/voy_02_9-Oreiller-de-Voyage-Ergonomique-Soya_img3.webp	/soya_prix/imgs/htconfort_2.img
46	22	24	27	/soya2/sourcing/img_soya/v2_01_1-oreiller-soya-2_0_img2_7d72b6af-35c7-4427-8f15-843f227d977	/soya2/sourcing/img_mkt/confal_1.img
46	22	24	27	/soya2/sourcing/img_soya/v2_01_1-oreiller-soya-2_0_img2_7d72b6af-35c7-4427-8f15-843f227d977	/soya_prix/imgs/confortalign_1.img
46	22	24	28	/soya2/sourcing/img_soya/enf_18_KIDS_YELLOW_2.png	/soya2/sourcing/img_mkt/confal_3.img
46	22	24	28	/soya2/sourcing/img_soya/henf_05_KIDS_YELLOW_2.png	/soya2/sourcing/img_mkt/confal_3.img
46	22	24	32	/soya2/sourcing/img_soya/enf_14_KIDS_YELLOW_6.jpg	/soya2/sourcing/img_mkt/mic_jty_12.webp
46	22	24	47	/soya2/sourcing/img_soya/lomb_02_4-Coussin_Lombaire_Ergonomique_Soya_img3.webp	/soya_prix/imgs/comfysle_2.img
46	24	22	13	/soya/gallery/35.jpg	/soya2/sourcing/img_mkt/mic_jty_3.webp
46	24	22	21	/soya2/sourcing/img_soya/h2_01_2-housse_Oreiller_de_Rechange_Soya_img4.webp	/soya_prix/imgs/inphysio_2.img
46	24	22	21	/soya2/sourcing/img_soya/v2_03_1-oreiller-soya-2_0_img4_39d31902-82e0-42b3-a8cb-6b71e2ebfe7	/soya_prix/imgs/inphysio_2.img
46	24	22	22	/soya2/sourcing/img_soya/voy_03_9-Oreiller-de-Voyage-Ergonomique-Soya_img4.webp	/soya2/sourcing/img_mkt/confal_1.img
46	24	22	22	/soya2/sourcing/img_soya/voy_03_9-Oreiller-de-Voyage-Ergonomique-Soya_img4.webp	/soya_prix/imgs/confortalign_1.img
46	24	22	29	/soya/gallery/16.jpg	/soya_prix/imgs/htconfort_0.img
46	24	22	32	/soya/gallery/09.jpg	/soya_prix/imgs/zamatsle_0.img
46	24	22	32	/soya/gallery/21.jpg	/soya_prix/imgs/zamatsle_0.img
46	24	22	38	/soya2/sourcing/img_soya/v3_35_SOYA_3.0_Grey_1.jpg	/soya2/sourcing/img_mkt/jty_p6036_4.webp
46	26	20	19	/soya2/sourcing/img_soya/v2_01_1-oreiller-soya-2_0_img2_7d72b6af-35c7-4427-8f15-843f227d977	/soya_prix/imgs/inphysio_2.img
46	26	20	33	/soya2/sourcing/img_soya/enf_20_KIDS_YELLOW_5.png	/soya2/sourcing/img_mkt/confal_2.img
46	26	20	33	/soya2/sourcing/img_soya/enf_20_KIDS_YELLOW_5.png	/soya_prix/imgs/confortalign_2.img
46	26	20	33	/soya2/sourcing/img_soya/h3_13_Soya_3.0_Grey_2.png	/soya_prix/imgs/zamatsle_3.img
46	26	20	33	/soya2/sourcing/img_soya/v3_28_Soya_3.0_Grey_2_47c0e3de-4c91-48dd-960e-4a36d6b20353.png	/soya_prix/imgs/zamatsle_3.img
46	28	18	32	/soya/gallery/20.jpg	/soya2/sourcing/img_mkt/confal_3.img
47	20	27	11	/soya/gallery/17.jpg	/soya2/sourcing/img_mkt/jty_p6036_3.webp
47	20	27	11	/soya/gallery/19.jpg	/soya_prix/imgs/zamatsle_1.img
47	20	27	16	/soya2/sourcing/img_soya/voy_04_9-Oreiller-de-Voyage-Ergonomique-Soya_img5.webp	/soya_prix/imgs/comfysle_3.img
47	20	27	16	/soya2/sourcing/img_soya/voy_05_9-Oreiller-de-Voyage-Ergonomique-Soya_img6.webp	/soya_prix/imgs/comfysle_3.img
47	20	27	16	/soya2/sourcing/img_soya/voy_06_9-Oreiller-de-Voyage-Ergonomique-Soya_img7.webp	/soya_prix/imgs/comfysle_3.img
47	20	27	23	/soya2/sourcing/img_soya/enf_17_KIDS_YELLOW_1.png	/soya_prix/imgs/zamatsle_3.img
47	22	25	17	/soya/gallery/19.jpg	/soya_prix/imgs/htconfort_0.img
47	22	25	17	/soya2/sourcing/img_soya/voy_03_9-Oreiller-de-Voyage-Ergonomique-Soya_img4.webp	/soya2/sourcing/img_mkt/comfy_3.img
47	22	25	21	/soya2/sourcing/img_soya/enf_04_KIDSP1_1.png	/soya2/sourcing/img_mkt/mic_jty_8.webp
47	22	25	21	/soya2/sourcing/img_soya/henf_03_KIDSP1_1.png	/soya2/sourcing/img_mkt/mic_jty_8.webp
47	22	25	22	/soya/gallery/01.jpg	/soya_prix/imgs/inphysio_1.img
47	22	25	22	/soya/gallery/12.jpg	/soya_prix/imgs/inphysio_1.img
47	22	25	22	/soya/gallery/24.jpg	/soya_prix/imgs/inphysio_1.img
47	22	25	22	/soya2/sourcing/img_soya/enf_02_KIDSP1_6.png	/soya_prix/imgs/zamatsle_1.img
47	22	25	27	/soya2/sourcing/img_soya/voy_04_9-Oreiller-de-Voyage-Ergonomique-Soya_img5.webp	/soya2/sourcing/img_mkt/comfy_2.img
47	22	25	27	/soya2/sourcing/img_soya/voy_05_9-Oreiller-de-Voyage-Ergonomique-Soya_img6.webp	/soya2/sourcing/img_mkt/comfy_2.img
47	22	25	27	/soya2/sourcing/img_soya/voy_06_9-Oreiller-de-Voyage-Ergonomique-Soya_img7.webp	/soya2/sourcing/img_mkt/comfy_2.img
47	22	25	30	/soya/gallery/21.jpg	/soya_prix/imgs/inphysio_0.img
47	22	25	32	/soya/gallery/09.jpg	/soya_prix/imgs/inphysio_0.img
47	22	25	32	/soya2/sourcing/img_soya/v2_04_1-oreiller-soya-2_0_img5_a8a3199e-0071-4043-a899-f89baff5294	/soya_prix/imgs/zamatsle_0.img
47	22	25	47	/soya2/sourcing/img_soya/lomb_02_4-Coussin_Lombaire_Ergonomique_Soya_img3.webp	/soya2/sourcing/img_mkt/comfy_2.img
47	24	23	13	/soya/gallery/25.jpg	/soya2/sourcing/img_mkt/comfy_5.img
47	24	23	21	/soya/gallery/06.jpg	/soya2/sourcing/img_mkt/derila_2.img
47	24	23	21	/soya/gallery/18.jpg	/soya2/sourcing/img_mkt/derila_2.img
47	24	23	21	/soya/gallery/22.jpg	/soya2/sourcing/img_mkt/derila_2.img
47	24	23	21	/soya/gallery/28.jpg	/soya2/sourcing/img_mkt/derila_2.img
47	24	23	27	/soya2/sourcing/img_soya/v3_12_2_782a3829-4b96-451b-93e4-630d8f06e705.png	/soya2/sourcing/img_mkt/jty_p6036_4.webp
47	24	23	30	/soya2/sourcing/img_soya/v2_04_1-oreiller-soya-2_0_img5_a8a3199e-0071-4043-a899-f89baff5294	/soya2/sourcing/img_mkt/mic_jty_2.webp
47	24	23	30	/soya2/sourcing/img_soya/v2_04_1-oreiller-soya-2_0_img5_a8a3199e-0071-4043-a899-f89baff5294	/soya_prix/imgs/zamatsle_1.img
47	24	23	31	/soya2/sourcing/img_soya/enf_18_KIDS_YELLOW_2.png	/soya_prix/imgs/zamatsle_0.img
47	24	23	31	/soya2/sourcing/img_soya/henf_05_KIDS_YELLOW_2.png	/soya_prix/imgs/zamatsle_0.img
47	24	23	31	/soya2/sourcing/img_soya/lomb_01_4-Coussin_Lombaire_Ergonomique_Soya_img2.webp	/soya2/sourcing/img_mkt/mic_jty_5.webp
47	24	23	32	/soya2/sourcing/img_soya/enf_11_KIDS_PINK_7.png	/soya_prix/imgs/zamatsle_0.img
47	24	23	32	/soya2/sourcing/img_soya/henf_04_KIDS_PINK_7.png	/soya_prix/imgs/zamatsle_0.img
47	24	23	33	/soya2/sourcing/img_soya/enf_02_KIDSP1_6.png	/soya2/sourcing/img_mkt/jty_p6036_1.webp
47	24	23	35	/soya2/sourcing/img_soya/enf_03_KIDSP1_5.png	/soya2/sourcing/img_mkt/confal_3.img
47	26	21	24	/soya2/sourcing/img_soya/enf_09_KIDS_PINK_2.png	/soya_prix/imgs/inphysio_2.img
47	26	21	24	/soya2/sourcing/img_soya/enf_16_KIDS_YELLOW_7.png	/soya2/sourcing/img_mkt/confal_5.img
47	26	21	24	/soya2/sourcing/img_soya/enf_20_KIDS_YELLOW_5.png	/soya2/sourcing/img_mkt/derila_3.img
47	26	21	28	/soya2/sourcing/img_soya/enf_18_KIDS_YELLOW_2.png	/soya2/sourcing/img_mkt/jty_p6036_6.webp
47	26	21	28	/soya2/sourcing/img_soya/henf_05_KIDS_YELLOW_2.png	/soya2/sourcing/img_mkt/jty_p6036_6.webp
47	26	21	32	/soya2/sourcing/img_soya/enf_06_KIDSP1_1.jpg	/soya2/sourcing/img_mkt/confal_2.img
47	26	21	32	/soya2/sourcing/img_soya/enf_06_KIDSP1_1.jpg	/soya_prix/imgs/confortalign_2.img
47	28	19	32	/soya/gallery/26.jpg	/soya2/sourcing/img_mkt/confal_2.img
47	28	19	32	/soya/gallery/26.jpg	/soya_prix/imgs/confortalign_2.img
48	16	32	33	/soya2/sourcing/img_soya/v3_24_SOYA_3.0_Grey-2.jpg	/soya_prix/imgs/zamatsle_3.img
48	18	30	3	/soya/gallery/29.jpg	/soya_prix/imgs/zamatsle_3.img
48	18	30	6	/soya2/sourcing/img_soya/v3_25_Soya_3.0_grey_2_2e59cacb-6ebc-4f36-8a81-44478c9d4589.png	/soya_prix/imgs/zamatsle_1.img
48	18	30	19	/soya2/sourcing/img_soya/v2_02_1-oreiller-soya-2_0_img3_5f834f33-5e47-49e1-a6a1-34e17f3341b	/soya_prix/imgs/zamatsle_1.img
48	18	30	23	/soya2/sourcing/img_soya/enf_10_KIDS_PINK_1.png	/soya_prix/imgs/zamatsle_3.img
48	18	30	34	/soya/gallery/25.jpg	/soya_prix/imgs/zamatsle_1.img
48	22	26	16	/soya2/sourcing/img_soya/voy_03_9-Oreiller-de-Voyage-Ergonomique-Soya_img4.webp	/soya_prix/imgs/comfysle_3.img
48	22	26	22	/soya2/sourcing/img_soya/regl_01_14-Ensemble_Oreillers_Reglables_img2.webp	/soya2/sourcing/img_mkt/derila_0.img
48	22	26	23	/soya2/sourcing/img_soya/enf_09_KIDS_PINK_2.png	/soya_prix/imgs/zamatsle_1.img
48	22	26	23	/soya2/sourcing/img_soya/h3_00_13_c9363db8-d780-4903-9a97-df55d0478686.png	/soya2/sourcing/img_mkt/mic_jty_2.webp
48	22	26	27	/soya/gallery/06.jpg	/soya2/sourcing/img_mkt/mic_jty_5.webp
48	22	26	27	/soya/gallery/18.jpg	/soya2/sourcing/img_mkt/mic_jty_5.webp
48	22	26	27	/soya/gallery/22.jpg	/soya2/sourcing/img_mkt/mic_jty_5.webp
48	22	26	27	/soya/gallery/28.jpg	/soya2/sourcing/img_mkt/mic_jty_5.webp
48	22	26	27	/soya2/sourcing/img_soya/voy_04_9-Oreiller-de-Voyage-Ergonomique-Soya_img5.webp	/soya_prix/imgs/comfysle_2.img
48	22	26	27	/soya2/sourcing/img_soya/voy_05_9-Oreiller-de-Voyage-Ergonomique-Soya_img6.webp	/soya_prix/imgs/comfysle_2.img
48	22	26	27	/soya2/sourcing/img_soya/voy_06_9-Oreiller-de-Voyage-Ergonomique-Soya_img7.webp	/soya_prix/imgs/comfysle_2.img
48	22	26	30	/soya2/sourcing/img_soya/v3_30_IMG_9178.png	/soya_prix/imgs/zamatsle_1.img
48	22	26	30	/soya2/sourcing/img_soya/voy_01_9-Oreiller-de-Voyage-Ergonomique-Soya_img2.webp	/soya2/sourcing/img_mkt/mic_jty_2.webp
48	22	26	32	/soya2/sourcing/img_soya/v2_02_1-oreiller-soya-2_0_img3_5f834f33-5e47-49e1-a6a1-34e17f3341b	/soya2/sourcing/img_mkt/jty_p6036_1.webp
48	22	26	38	/soya2/sourcing/img_soya/v2_04_1-oreiller-soya-2_0_img5_a8a3199e-0071-4043-a899-f89baff5294	/soya2/sourcing/img_mkt/confal_5.img
48	24	24	18	/soya/gallery/03.jpg	/soya_prix/imgs/inphysio_1.img
48	24	24	18	/soya/gallery/14.jpg	/soya_prix/imgs/inphysio_1.img
48	24	24	18	/soya/gallery/27.jpg	/soya_prix/imgs/inphysio_1.img
48	24	24	19	/soya2/sourcing/img_soya/enf_01_KIDSP1_4.jpg	/soya_prix/imgs/htconfort_0.img
48	24	24	20	/soya/gallery/19.jpg	/soya2/sourcing/img_mkt/derila_2.img
48	24	24	20	/soya2/sourcing/img_soya/enf_16_KIDS_YELLOW_7.png	/soya2/sourcing/img_mkt/jty_p6036_4.webp
48	24	24	21	/soya2/sourcing/img_soya/lomb_01_4-Coussin_Lombaire_Ergonomique_Soya_img2.webp	/soya_prix/imgs/htconfort_1.img
48	24	24	21	/soya2/sourcing/img_soya/v3_27_Firefly_Gemini_Flash_Generate_the_same_image_exactly_as_the_	/soya2/sourcing/img_mkt/comfy_6.img
48	24	24	22	/soya2/sourcing/img_soya/enf_15_KIDS_YELLOW_4.png	/soya_prix/imgs/htconfort_0.img
48	24	24	22	/soya2/sourcing/img_soya/enf_16_KIDS_YELLOW_7.png	/soya_prix/imgs/zamatsle_1.img
48	24	24	23	/soya2/sourcing/img_soya/enf_18_KIDS_YELLOW_2.png	/soya_prix/imgs/inphysio_0.img
48	24	24	23	/soya2/sourcing/img_soya/henf_05_KIDS_YELLOW_2.png	/soya_prix/imgs/inphysio_0.img
48	24	24	24	/soya2/sourcing/img_soya/enf_16_KIDS_YELLOW_7.png	/soya_prix/imgs/htconfort_0.img
48	24	24	25	/soya2/sourcing/img_soya/voy_01_9-Oreiller-de-Voyage-Ergonomique-Soya_img2.webp	/soya2/sourcing/img_mkt/mic_tnjk_11.webp
48	24	24	25	/soya2/sourcing/img_soya/voy_01_9-Oreiller-de-Voyage-Ergonomique-Soya_img2.webp	/soya2/sourcing/img_mkt/mic_tnjk_4.webp
48	24	24	25	/soya2/sourcing/img_soya/voy_01_9-Oreiller-de-Voyage-Ergonomique-Soya_img2.webp	/soya2/sourcing/img_mkt/mic_tnjk_7.webp
48	24	24	31	/soya2/sourcing/img_soya/enf_00_KIDSP2.jpg	/soya2/sourcing/img_mkt/mic_jty_12.webp
48	24	24	31	/soya2/sourcing/img_soya/enf_11_KIDS_PINK_7.png	/soya2/sourcing/img_mkt/confal_3.img
48	24	24	31	/soya2/sourcing/img_soya/henf_04_KIDS_PINK_7.png	/soya2/sourcing/img_mkt/confal_3.img
48	24	24	32	/soya2/sourcing/img_soya/enf_00_KIDSP2.jpg	/soya_prix/imgs/somnilys_0.img
48	24	24	32	/soya2/sourcing/img_soya/v3_42_41.1.png	/soya_prix/imgs/zamatsle_0.img
48	24	24	37	/soya/gallery/09.jpg	/soya2/sourcing/img_mkt/jty_p6036_6.webp
48	24	24	37	/soya/gallery/21.jpg	/soya2/sourcing/img_mkt/jty_p6036_6.webp
48	26	22	24	/soya/gallery/33.jpg	/soya2/sourcing/img_mkt/confal_3.img
48	26	22	25	/soya2/sourcing/img_soya/enf_02_KIDSP1_6.png	/soya_prix/imgs/inphysio_2.img
48	26	22	25	/soya2/sourcing/img_soya/h2_01_2-housse_Oreiller_de_Rechange_Soya_img4.webp	/soya2/sourcing/img_mkt/derila_2.img
48	26	22	25	/soya2/sourcing/img_soya/v2_03_1-oreiller-soya-2_0_img4_39d31902-82e0-42b3-a8cb-6b71e2ebfe7	/soya2/sourcing/img_mkt/derila_2.img
48	26	22	34	/soya2/sourcing/img_soya/enf_09_KIDS_PINK_2.png	/soya2/sourcing/img_mkt/jty_p6036_1.webp
48	26	22	35	/soya2/sourcing/img_soya/h3_15_7687678_1.png	/soya2/sourcing/img_mkt/derila_2.img
48	26	22	36	/soya2/sourcing/img_soya/v2_00_1-oreiller-soya-2_0HD.webp	/soya2/sourcing/img_mkt/confal_2.img
48	26	22	36	/soya2/sourcing/img_soya/v2_00_1-oreiller-soya-2_0HD.webp	/soya_prix/imgs/confortalign_2.img
48	26	22	39	/soya2/sourcing/img_soya/enf_10_KIDS_PINK_1.png	/soya2/sourcing/img_mkt/jty_knee_5.webp
48	28	20	20	/soya2/sourcing/img_soya/v3_25_Soya_3.0_grey_2_2e59cacb-6ebc-4f36-8a81-44478c9d4589.png	/soya2/sourcing/img_mkt/jty_p6036_4.webp
48	30	18	31	/soya/gallery/15.jpg	/soya_prix/imgs/somnilys_1.img
49	18	31	25	/soya/gallery/06.jpg	/soya2/sourcing/img_mkt/mic_jty_12.webp
49	18	31	25	/soya/gallery/18.jpg	/soya2/sourcing/img_mkt/mic_jty_12.webp
49	18	31	25	/soya/gallery/22.jpg	/soya2/sourcing/img_mkt/mic_jty_12.webp
49	18	31	25	/soya/gallery/28.jpg	/soya2/sourcing/img_mkt/mic_jty_12.webp
49	20	29	4	/soya2/sourcing/img_soya/v3_25_Soya_3.0_grey_2_2e59cacb-6ebc-4f36-8a81-44478c9d4589.png	/soya_prix/imgs/zamatsle_3.img
49	20	29	14	/soya/gallery/07.jpg	/soya_prix/imgs/zamatsle_1.img
49	20	29	16	/soya/gallery/07.jpg	/soya_prix/imgs/htconfort_0.img
49	20	29	23	/soya2/sourcing/img_soya/enf_02_KIDSP1_6.png	/soya2/sourcing/img_mkt/comfy_1.img
49	20	29	23	/soya2/sourcing/img_soya/enf_02_KIDSP1_6.png	/soya_prix/imgs/comfysle_1.img
49	22	27	17	/soya2/sourcing/img_soya/enf_19_KIDS_YELLOW_3.png	/soya2/sourcing/img_mkt/mic_jty_2.webp
49	22	27	27	/soya2/sourcing/img_soya/v3_35_SOYA_3.0_Grey_1.jpg	/soya_prix/imgs/comfysle_3.img
49	22	27	28	/soya2/sourcing/img_soya/enf_09_KIDS_PINK_2.png	/soya_prix/imgs/htconfort_1.img
49	22	27	29	/soya/gallery/09.jpg	/soya2/sourcing/img_mkt/confal_3.img
49	22	27	31	/soya/gallery/21.jpg	/soya2/sourcing/img_mkt/confal_3.img
49	22	27	37	/soya2/sourcing/img_soya/enf_07_KIDS_PINK_6.jpg	/soya2/sourcing/img_mkt/comfy_1.img
49	22	27	37	/soya2/sourcing/img_soya/enf_07_KIDS_PINK_6.jpg	/soya_prix/imgs/comfysle_1.img
49	22	27	38	/soya2/sourcing/img_soya/v2_02_1-oreiller-soya-2_0_img3_5f834f33-5e47-49e1-a6a1-34e17f3341b	/soya2/sourcing/img_mkt/jty_knee_4.webp
49	24	25	8	/soya2/sourcing/img_soya/voy_02_9-Oreiller-de-Voyage-Ergonomique-Soya_img3.webp	/soya_prix/imgs/htconfort_1.img
49	24	25	11	/soya/gallery/03.jpg	/soya2/sourcing/img_mkt/mic_jty_3.webp
49	24	25	11	/soya/gallery/14.jpg	/soya2/sourcing/img_mkt/mic_jty_3.webp
49	24	25	11	/soya/gallery/27.jpg	/soya2/sourcing/img_mkt/mic_jty_3.webp
49	24	25	13	/soya2/sourcing/img_soya/v3_25_Soya_3.0_grey_2_2e59cacb-6ebc-4f36-8a81-44478c9d4589.png	/soya2/sourcing/img_mkt/derila_2.img
49	24	25	16	/soya2/sourcing/img_soya/enf_12_KIDS_PINK_5.png	/soya2/sourcing/img_mkt/mic_jty_2.webp
49	24	25	16	/soya2/sourcing/img_soya/v3_24_SOYA_3.0_Grey-2.jpg	/soya2/sourcing/img_mkt/jty_p6036_1.webp
49	24	25	17	/soya2/sourcing/img_soya/enf_05_KIDSP1_3.jpg	/soya2/sourcing/img_mkt/mic_jty_2.webp
49	24	25	20	/soya2/sourcing/img_soya/enf_08_KIDS_PINK_4.png	/soya_prix/imgs/htconfort_0.img
49	24	25	20	/soya2/sourcing/img_soya/h3_14_7687678_2.png	/soya_prix/imgs/inphysio_0.img
49	24	25	20	/soya2/sourcing/img_soya/v3_29_7687678_2_0409bb9a-6b40-434d-807f-98da5554945a.png	/soya_prix/imgs/inphysio_0.img
49	24	25	21	/soya2/sourcing/img_soya/regl_01_14-Ensemble_Oreillers_Reglables_img2.webp	/soya_prix/imgs/inphysio_2.img
49	24	25	22	/soya2/sourcing/img_soya/enf_02_KIDSP1_6.png	/soya2/sourcing/img_mkt/jty_p6036_4.webp
49	24	25	23	/soya/gallery/31.jpg	/soya_prix/imgs/somnilys_2.img
49	24	25	26	/soya/gallery/39.jpg	/soya2/sourcing/img_mkt/mic_jty_2.webp
49	24	25	27	/soya2/sourcing/img_soya/h3_00_13_c9363db8-d780-4903-9a97-df55d0478686.png	/soya_prix/imgs/somnilys_0.img
49	24	25	28	/soya2/sourcing/img_soya/v2_08_11_bf88b3df-377c-4ddb-b78a-cc7a164e7755.png	/soya2/sourcing/img_mkt/confal_2.img
49	24	25	28	/soya2/sourcing/img_soya/v2_08_11_bf88b3df-377c-4ddb-b78a-cc7a164e7755.png	/soya_prix/imgs/confortalign_2.img
49	24	25	29	/soya/gallery/21.jpg	/soya_prix/imgs/inphysio_2.img
49	24	25	29	/soya2/sourcing/img_soya/h3_12_7687678_3.png	/soya_prix/imgs/somnilys_0.img
49	24	25	31	/soya/gallery/09.jpg	/soya_prix/imgs/inphysio_2.img
49	24	25	31	/soya/gallery/36.jpg	/soya2/sourcing/img_mkt/derila_0.img
49	24	25	31	/soya/gallery/37.jpg	/soya2/sourcing/img_mkt/derila_0.img
49	24	25	32	/soya2/sourcing/img_soya/v3_35_SOYA_3.0_Grey_1.jpg	/soya_prix/imgs/somnilys_0.img
49	24	25	34	/soya2/sourcing/img_soya/h3_00_13_c9363db8-d780-4903-9a97-df55d0478686.png	/soya_prix/imgs/htconfort_1.img
49	24	25	36	/soya2/sourcing/img_soya/h3_12_7687678_3.png	/soya_prix/imgs/htconfort_1.img
49	26	23	11	/soya2/sourcing/img_soya/enf_05_KIDSP1_3.jpg	/soya2/sourcing/img_mkt/mic_jty_3.webp
49	26	23	15	/soya2/sourcing/img_soya/v2_01_1-oreiller-soya-2_0_img2_7d72b6af-35c7-4427-8f15-843f227d977	/soya_prix/imgs/zamatsle_2.img
49	26	23	19	/soya/gallery/06.jpg	/soya_prix/imgs/inphysio_2.img
49	26	23	19	/soya/gallery/18.jpg	/soya_prix/imgs/inphysio_2.img
49	26	23	19	/soya/gallery/22.jpg	/soya_prix/imgs/inphysio_2.img
49	26	23	19	/soya/gallery/28.jpg	/soya_prix/imgs/inphysio_2.img
49	26	23	19	/soya2/sourcing/img_soya/regl_01_14-Ensemble_Oreillers_Reglables_img2.webp	/soya2/sourcing/img_mkt/derila_2.img
49	26	23	21	/soya2/sourcing/img_soya/lomb_04_3_9225ca02-f60c-47d3-b26c-49df6ebba454.png	/soya2/sourcing/img_mkt/mic_tnjk_11.webp
49	26	23	21	/soya2/sourcing/img_soya/lomb_04_3_9225ca02-f60c-47d3-b26c-49df6ebba454.png	/soya2/sourcing/img_mkt/mic_tnjk_4.webp
49	26	23	21	/soya2/sourcing/img_soya/lomb_04_3_9225ca02-f60c-47d3-b26c-49df6ebba454.png	/soya2/sourcing/img_mkt/mic_tnjk_7.webp
49	26	23	28	/soya/gallery/16.jpg	/soya_prix/imgs/htconfort_1.img
49	26	23	30	/soya2/sourcing/img_soya/enf_17_KIDS_YELLOW_1.png	/soya2/sourcing/img_mkt/confal_3.img
49	26	23	32	/soya2/sourcing/img_soya/v3_34_Soya_3.0_Grey.png	/soya2/sourcing/img_mkt/confal_2.img
49	26	23	32	/soya2/sourcing/img_soya/v3_34_Soya_3.0_Grey.png	/soya_prix/imgs/confortalign_2.img
49	26	23	45	/soya2/sourcing/img_soya/v3_35_SOYA_3.0_Grey_1.jpg	/soya2/sourcing/img_mkt/comfy_0.img
49	28	21	12	/soya2/sourcing/img_soya/h2_03_2-housse_Oreiller_de_Rechange_Soya_img5.webp	/soya2/sourcing/img_mkt/derila_4.img
49	28	21	13	/soya2/sourcing/img_soya/v3_25_Soya_3.0_grey_2_2e59cacb-6ebc-4f36-8a81-44478c9d4589.png	/soya_prix/imgs/htconfort_1.img
49	28	21	22	/soya2/sourcing/img_soya/v3_31_Firefly_Gemini_Flash_Generate_the_same_image_exactly_as_the_	/soya_prix/imgs/inphysio_1.img
49	28	21	23	/soya2/sourcing/img_soya/enf_16_KIDS_YELLOW_7.png	/soya_prix/imgs/inphysio_2.img
49	28	21	24	/soya/gallery/36.jpg	/soya2/sourcing/img_mkt/comfy_1.img
49	28	21	24	/soya/gallery/36.jpg	/soya_prix/imgs/comfysle_1.img
49	28	21	24	/soya/gallery/37.jpg	/soya2/sourcing/img_mkt/comfy_1.img
49	28	21	24	/soya/gallery/37.jpg	/soya_prix/imgs/comfysle_1.img
49	28	21	29	/soya2/sourcing/img_soya/v3_00_18.png	/soya2/sourcing/img_mkt/jty_knee_5.webp
49	28	21	29	/soya2/sourcing/img_soya/v3_36_34.png	/soya2/sourcing/img_mkt/jty_knee_5.webp
49	30	19	28	/soya2/sourcing/img_soya/voy_03_9-Oreiller-de-Voyage-Ergonomique-Soya_img4.webp	/soya_prix/imgs/htconfort_2.img
49	32	17	35	/soya2/sourcing/img_soya/v3_30_IMG_9178.png	/soya_prix/imgs/htconfort_1.img
50	20	30	18	/soya2/sourcing/img_soya/enf_16_KIDS_YELLOW_7.png	/soya2/sourcing/img_mkt/comfy_3.img
50	20	30	34	/soya/gallery/13.jpg	/soya_prix/imgs/zamatsle_1.img
50	22	28	4	/soya2/sourcing/img_soya/v3_25_Soya_3.0_grey_2_2e59cacb-6ebc-4f36-8a81-44478c9d4589.png	/soya_prix/imgs/zamatsle_0.img
50	22	28	11	/soya/gallery/05.jpg	/soya2/sourcing/img_mkt/jty_p6036_3.webp
50	22	28	16	/soya/gallery/07.jpg	/soya_prix/imgs/zamatsle_3.img
50	22	28	21	/soya2/sourcing/img_soya/h2_03_2-housse_Oreiller_de_Rechange_Soya_img5.webp	/soya_prix/imgs/inphysio_1.img
50	22	28	21	/soya2/sourcing/img_soya/lomb_00_4-Coussin_Lombaire_Ergonomique_Soya_couverture_HD.webp	/soya2/sourcing/img_mkt/mic_jty_2.webp
50	22	28	26	/soya2/sourcing/img_soya/v3_35_SOYA_3.0_Grey_1.jpg	/soya2/sourcing/img_mkt/comfy_3.img
50	22	28	35	/soya/gallery/06.jpg	/soya2/sourcing/img_mkt/jty_p6036_3.webp
50	22	28	35	/soya/gallery/18.jpg	/soya2/sourcing/img_mkt/jty_p6036_3.webp
50	22	28	35	/soya/gallery/22.jpg	/soya2/sourcing/img_mkt/jty_p6036_3.webp
50	22	28	35	/soya/gallery/28.jpg	/soya2/sourcing/img_mkt/jty_p6036_3.webp
50	22	28	43	/soya2/sourcing/img_soya/henf_02_KIDS_P_1_3.png	/soya_prix/imgs/htconfort_1.img
50	22	28	44	/soya2/sourcing/img_soya/henf_00_KIDS_P_1_2.png	/soya_prix/imgs/htconfort_1.img
50	22	28	44	/soya2/sourcing/img_soya/henf_01_KIDS_P_1_4.png	/soya_prix/imgs/htconfort_1.img
50	24	26	9	/soya2/sourcing/img_soya/voy_04_9-Oreiller-de-Voyage-Ergonomique-Soya_img5.webp	/soya2/sourcing/img_mkt/derila_0.img
50	24	26	9	/soya2/sourcing/img_soya/voy_05_9-Oreiller-de-Voyage-Ergonomique-Soya_img6.webp	/soya2/sourcing/img_mkt/derila_0.img
50	24	26	9	/soya2/sourcing/img_soya/voy_06_9-Oreiller-de-Voyage-Ergonomique-Soya_img7.webp	/soya2/sourcing/img_mkt/derila_0.img
50	24	26	16	/soya/gallery/16.jpg	/soya2/sourcing/img_mkt/jty_p6036_1.webp
50	24	26	20	/soya/gallery/38.jpg	/soya2/sourcing/img_mkt/mic_jty_5.webp
50	24	26	21	/soya2/sourcing/img_soya/enf_09_KIDS_PINK_2.png	/soya2/sourcing/img_mkt/jty_p6036_4.webp
50	24	26	21	/soya2/sourcing/img_soya/h3_12_7687678_3.png	/soya2/sourcing/img_mkt/mic_jty_2.webp
50	24	26	21	/soya2/sourcing/img_soya/h3_14_7687678_2.png	/soya2/sourcing/img_mkt/mic_jty_5.webp
50	24	26	21	/soya2/sourcing/img_soya/v3_29_7687678_2_0409bb9a-6b40-434d-807f-98da5554945a.png	/soya2/sourcing/img_mkt/mic_jty_5.webp
50	24	26	23	/soya2/sourcing/img_soya/v2_08_11_bf88b3df-377c-4ddb-b78a-cc7a164e7755.png	/soya2/sourcing/img_mkt/derila_4.img
50	24	26	24	/soya2/sourcing/img_soya/v1_01_8-Oreiller_Soya_1.0_img2.webp	/soya2/sourcing/img_mkt/jty_p6036_4.webp
50	24	26	25	/soya2/sourcing/img_soya/enf_15_KIDS_YELLOW_4.png	/soya_prix/imgs/htconfort_2.img
50	24	26	27	/soya2/sourcing/img_soya/enf_02_KIDSP1_6.png	/soya_prix/imgs/htconfort_1.img
50	24	26	27	/soya2/sourcing/img_soya/voy_03_9-Oreiller-de-Voyage-Ergonomique-Soya_img4.webp	/soya2/sourcing/img_mkt/comfy_2.img
50	24	26	28	/soya2/sourcing/img_soya/enf_04_KIDSP1_1.png	/soya2/sourcing/img_mkt/confal_3.img
50	24	26	28	/soya2/sourcing/img_soya/henf_03_KIDSP1_1.png	/soya2/sourcing/img_mkt/confal_3.img
50	24	26	30	/soya2/sourcing/img_soya/enf_09_KIDS_PINK_2.png	/soya2/sourcing/img_mkt/jty_p6036_6.webp
50	24	26	30	/soya2/sourcing/img_soya/v1_01_8-Oreiller_Soya_1.0_img2.webp	/soya2/sourcing/img_mkt/derila_4.img
50	24	26	31	/soya2/sourcing/img_soya/enf_16_KIDS_YELLOW_7.png	/soya_prix/imgs/htconfort_2.img
50	24	26	31	/soya2/sourcing/img_soya/lomb_03_4_dc2e6161-802a-4c42-a1d6-b9a0a02ce466.png	/soya2/sourcing/img_mkt/derila_3.img
50	24	26	33	/soya/gallery/10.jpg	/soya_prix/imgs/inphysio_0.img
50	24	26	33	/soya2/sourcing/img_soya/lomb_01_4-Coussin_Lombaire_Ergonomique_Soya_img2.webp	/soya2/sourcing/img_mkt/jty_knee_1.webp
50	24	26	33	/soya2/sourcing/img_soya/v1_01_8-Oreiller_Soya_1.0_img2.webp	/soya2/sourcing/img_mkt/jty_p6036_1.webp
50	24	26	34	/soya/gallery/21.jpg	/soya2/sourcing/img_mkt/derila_0.img
50	24	26	34	/soya2/sourcing/img_soya/enf_10_KIDS_PINK_1.png	/soya2/sourcing/img_mkt/confal_3.img
50	24	26	36	/soya/gallery/09.jpg	/soya2/sourcing/img_mkt/derila_0.img
50	24	26	37	/soya/gallery/04.jpg	/soya2/sourcing/img_mkt/derila_6.img
50	24	26	38	/soya/gallery/36.jpg	/soya2/sourcing/img_mkt/confal_3.img
50	24	26	38	/soya/gallery/37.jpg	/soya2/sourcing/img_mkt/confal_3.img
50	26	24	12	/soya2/sourcing/img_soya/voy_04_9-Oreiller-de-Voyage-Ergonomique-Soya_img5.webp	/soya_prix/imgs/zamatsle_2.img
50	26	24	12	/soya2/sourcing/img_soya/voy_05_9-Oreiller-de-Voyage-Ergonomique-Soya_img6.webp	/soya_prix/imgs/zamatsle_2.img
50	26	24	12	/soya2/sourcing/img_soya/voy_06_9-Oreiller-de-Voyage-Ergonomique-Soya_img7.webp	/soya_prix/imgs/zamatsle_2.img
50	26	24	14	/soya/gallery/29.jpg	/soya2/sourcing/img_mkt/derila_2.img
50	26	24	14	/soya2/sourcing/img_soya/voy_03_9-Oreiller-de-Voyage-Ergonomique-Soya_img4.webp	/soya_prix/imgs/inphysio_2.img
50	26	24	17	/soya2/sourcing/img_soya/regl_01_14-Ensemble_Oreillers_Reglables_img2.webp	/soya_prix/imgs/zamatsle_2.img
50	26	24	20	/soya2/sourcing/img_soya/v2_07_1-oreiller-soya-2_0_img7_43909438-1603-4e59-add4-f987f4acd78	/soya2/sourcing/img_mkt/comfy_5.img
50	26	24	24	/soya2/sourcing/img_soya/enf_15_KIDS_YELLOW_4.png	/soya2/sourcing/img_mkt/jty_p6036_4.webp
50	26	24	25	/soya2/sourcing/img_soya/enf_06_KIDSP1_1.jpg	/soya2/sourcing/img_mkt/derila_3.img
50	26	24	26	/soya/gallery/29.jpg	/soya2/sourcing/img_mkt/confal_3.img
50	26	24	28	/soya/gallery/11.jpg	/soya2/sourcing/img_mkt/mic_jty_2.webp
50	26	24	28	/soya2/sourcing/img_soya/voy_00_9-Oreiller-de-Voyage-Ergonomique-Soyacouverture_HD.webp	/soya2/sourcing/img_mkt/jty_knee_2.webp
50	26	24	29	/soya/gallery/16.jpg	/soya2/sourcing/img_mkt/jty_p6036_4.webp
50	26	24	30	/soya/gallery/11.jpg	/soya_prix/imgs/zamatsle_1.img
50	26	24	30	/soya2/sourcing/img_soya/v3_42_41.1.png	/soya_prix/imgs/zamatsle_1.img
50	26	24	31	/soya2/sourcing/img_soya/v3_00_18.png	/soya2/sourcing/img_mkt/derila_4.img
50	26	24	31	/soya2/sourcing/img_soya/v3_36_34.png	/soya2/sourcing/img_mkt/derila_4.img
50	26	24	35	/soya2/sourcing/img_soya/enf_12_KIDS_PINK_5.png	/soya2/sourcing/img_mkt/confal_2.img
50	26	24	35	/soya2/sourcing/img_soya/enf_12_KIDS_PINK_5.png	/soya_prix/imgs/confortalign_2.img
50	26	24	36	/soya2/sourcing/img_soya/v3_34_Soya_3.0_Grey.png	/soya2/sourcing/img_mkt/derila_6.img
50	26	24	45	/soya2/sourcing/img_soya/h3_04_14_feded688-a4ff-4333-8fba-e9a2e53c877a.png	/soya_prix/imgs/htconfort_1.img
50	26	24	45	/soya2/sourcing/img_soya/h3_08_15_eb23f129-89f3-4ffc-be96-9e67ce1c745f.png	/soya_prix/imgs/htconfort_1.img
50	28	22	18	/soya/gallery/29.jpg	/soya_prix/imgs/comfysle_3.img
50	28	22	19	/soya2/sourcing/img_soya/h3_14_7687678_2.png	/soya_prix/imgs/htconfort_2.img
50	28	22	19	/soya2/sourcing/img_soya/v3_29_7687678_2_0409bb9a-6b40-434d-807f-98da5554945a.png	/soya_prix/imgs/htconfort_2.img
50	28	22	20	/soya/gallery/19.jpg	/soya_prix/imgs/htconfort_1.img
50	28	22	21	/soya/gallery/30.jpg	/soya2/sourcing/img_mkt/derila_3.img
50	28	22	21	/soya2/sourcing/img_soya/regl_01_14-Ensemble_Oreillers_Reglables_img2.webp	/soya2/sourcing/img_mkt/jty_p6036_6.webp
50	28	22	25	/soya2/sourcing/img_soya/voy_01_9-Oreiller-de-Voyage-Ergonomique-Soya_img2.webp	/soya2/sourcing/img_mkt/mic_jty_1.webp
50	28	22	31	/soya/gallery/21.jpg	/soya2/sourcing/img_mkt/comfy_1.img
50	28	22	31	/soya/gallery/21.jpg	/soya_prix/imgs/comfysle_1.img
50	28	22	32	/soya2/sourcing/img_soya/enf_09_KIDS_PINK_2.png	/soya2/sourcing/img_mkt/jty_p6036_3.webp
50	28	22	35	/soya/gallery/09.jpg	/soya2/sourcing/img_mkt/comfy_1.img
50	28	22	35	/soya/gallery/09.jpg	/soya_prix/imgs/comfysle_1.img
50	28	22	38	/soya/gallery/34.jpg	/soya2/sourcing/img_mkt/derila_0.img
50	28	22	38	/soya2/sourcing/img_soya/v3_33_Soya_3.0_Grey_4.png	/soya2/sourcing/img_mkt/confal_2.img
50	28	22	38	/soya2/sourcing/img_soya/v3_33_Soya_3.0_Grey_4.png	/soya_prix/imgs/confortalign_2.img
50	30	20	32	/soya/gallery/39.jpg	/soya2/sourcing/img_mkt/mic_tnjk_10.webp
50	30	20	32	/soya/gallery/39.jpg	/soya2/sourcing/img_mkt/mic_tnjk_6.webp
50	30	20	32	/soya/gallery/39.jpg	/soya2/sourcing/img_mkt/mic_tnjk_9.webp
50	30	20	32	/soya2/sourcing/img_soya/enf_20_KIDS_YELLOW_5.png	/soya_prix/imgs/somnilys_1.img
50	32	18	35	/soya2/sourcing/img_soya/regl_00_14-Ensemble_Oreillers_Reglables_couverture_HD.webp	/soya2/sourcing/img_mkt/jty_knee_6.webp
51	18	33	17	/soya2/sourcing/img_soya/enf_10_KIDS_PINK_1.png	/soya_prix/imgs/zamatsle_1.img
51	20	31	17	/soya2/sourcing/img_soya/enf_16_KIDS_YELLOW_7.png	/soya_prix/imgs/comfysle_3.img
51	22	29	14	/soya/gallery/30.jpg	/soya2/sourcing/img_mkt/jty_knee_4.webp
51	22	29	14	/soya2/sourcing/img_soya/voy_03_9-Oreiller-de-Voyage-Ergonomique-Soya_img4.webp	/soya2/sourcing/img_mkt/comfy_1.img
51	22	29	14	/soya2/sourcing/img_soya/voy_03_9-Oreiller-de-Voyage-Ergonomique-Soya_img4.webp	/soya_prix/imgs/comfysle_1.img
51	22	29	19	/soya2/sourcing/img_soya/v2_01_1-oreiller-soya-2_0_img2_7d72b6af-35c7-4427-8f15-843f227d977	/soya2/sourcing/img_mkt/derila_1.img
51	22	29	21	/soya2/sourcing/img_soya/enf_10_KIDS_PINK_1.png	/soya2/sourcing/img_mkt/derila_0.img
51	22	29	24	/soya2/sourcing/img_soya/v1_04_8-Oreiller_Soya_1.0_img5.webp	/soya_prix/imgs/inphysio_2.img
51	22	29	25	/soya2/sourcing/img_soya/h2_02_2-housse_Oreiller_de_Rechange_Soya_img3.webp	/soya_prix/imgs/zamatsle_1.img
51	22	29	26	/soya2/sourcing/img_soya/enf_09_KIDS_PINK_2.png	/soya2/sourcing/img_mkt/mic_jty_12.webp
51	22	29	29	/soya2/sourcing/img_soya/voy_02_9-Oreiller-de-Voyage-Ergonomique-Soya_img3.webp	/soya2/sourcing/img_mkt/comfy_6.img
51	22	29	32	/soya2/sourcing/img_soya/enf_09_KIDS_PINK_2.png	/soya2/sourcing/img_mkt/jty_knee_3.webp
51	22	29	35	/soya2/sourcing/img_soya/enf_15_KIDS_YELLOW_4.png	/soya2/sourcing/img_mkt/jty_knee_1.webp
51	24	27	7	/soya2/sourcing/img_soya/v3_33_Soya_3.0_Grey_4.png	/soya2/sourcing/img_mkt/mic_jty_3.webp
51	24	27	15	/soya/gallery/34.jpg	/soya2/sourcing/img_mkt/comfy_5.img
51	24	27	19	/soya/gallery/38.jpg	/soya_prix/imgs/inphysio_0.img
51	24	27	20	/soya/gallery/32.jpg	/soya_prix/imgs/somnilys_2.img
51	24	27	20	/soya2/sourcing/img_soya/enf_01_KIDSP1_4.jpg	/soya_prix/imgs/htconfort_1.img
51	24	27	20	/soya2/sourcing/img_soya/enf_02_KIDSP1_6.png	/soya_prix/imgs/zamatsle_0.img
51	24	27	20	/soya2/sourcing/img_soya/v2_07_1-oreiller-soya-2_0_img7_43909438-1603-4e59-add4-f987f4acd78	/soya2/sourcing/img_mkt/confal_0.img
51	24	27	20	/soya2/sourcing/img_soya/v2_07_1-oreiller-soya-2_0_img7_43909438-1603-4e59-add4-f987f4acd78	/soya_prix/imgs/confortalign_0.img
51	24	27	27	/soya2/sourcing/img_soya/v3_12_2_782a3829-4b96-451b-93e4-630d8f06e705.png	/soya_prix/imgs/htconfort_0.img
51	24	27	27	/soya2/sourcing/img_soya/voy_03_9-Oreiller-de-Voyage-Ergonomique-Soya_img4.webp	/soya_prix/imgs/comfysle_2.img
51	24	27	29	/soya/gallery/08.jpg	/soya2/sourcing/img_mkt/jty_knee_4.webp
51	24	27	30	/soya2/sourcing/img_soya/enf_07_KIDS_PINK_6.jpg	/soya2/sourcing/img_mkt/comfy_3.img
51	24	27	31	/soya2/sourcing/img_soya/v3_24_SOYA_3.0_Grey-2.jpg	/soya_prix/imgs/htconfort_0.img
51	24	27	33	/soya2/sourcing/img_soya/henf_02_KIDS_P_1_3.png	/soya_prix/imgs/zamatsle_2.img
51	24	27	34	/soya2/sourcing/img_soya/lomb_04_3_9225ca02-f60c-47d3-b26c-49df6ebba454.png	/soya2/sourcing/img_mkt/jty_knee_2.webp
51	24	27	35	/soya2/sourcing/img_soya/regl_00_14-Ensemble_Oreillers_Reglables_couverture_HD.webp	/soya2/sourcing/img_mkt/derila_6.img
51	24	27	37	/soya2/sourcing/img_soya/h3_15_7687678_1.png	/soya2/sourcing/img_mkt/comfy_1.img
51	24	27	37	/soya2/sourcing/img_soya/h3_15_7687678_1.png	/soya_prix/imgs/comfysle_1.img
51	24	27	38	/soya2/sourcing/img_soya/v3_00_18.png	/soya2/sourcing/img_mkt/confal_2.img
51	24	27	38	/soya2/sourcing/img_soya/v3_00_18.png	/soya_prix/imgs/confortalign_2.img
51	24	27	38	/soya2/sourcing/img_soya/v3_36_34.png	/soya2/sourcing/img_mkt/confal_2.img
51	24	27	38	/soya2/sourcing/img_soya/v3_36_34.png	/soya_prix/imgs/confortalign_2.img
51	24	27	40	/soya2/sourcing/img_soya/enf_00_KIDSP2.jpg	/soya2/sourcing/img_mkt/jty_p6036_4.webp
51	26	25	9	/soya/gallery/19.jpg	/soya_prix/imgs/zamatsle_0.img
51	26	25	9	/soya/gallery/30.jpg	/soya2/sourcing/img_mkt/jty_knee_5.webp
51	26	25	14	/soya/gallery/19.jpg	/soya_prix/imgs/zamatsle_2.img
51	26	25	15	/soya2/sourcing/img_soya/v3_32_Soya_3.0_Grey_1.png	/soya2/sourcing/img_mkt/comfy_5.img
51	26	25	16	/soya2/sourcing/img_soya/v2_01_1-oreiller-soya-2_0_img2_7d72b6af-35c7-4427-8f15-843f227d977	/soya_prix/imgs/zamatsle_0.img
51	26	25	19	/soya/gallery/03.jpg	/soya2/sourcing/img_mkt/derila_4.img
51	26	25	19	/soya/gallery/14.jpg	/soya2/sourcing/img_mkt/derila_4.img
51	26	25	19	/soya/gallery/27.jpg	/soya2/sourcing/img_mkt/derila_4.img
51	26	25	19	/soya2/sourcing/img_soya/v3_27_Firefly_Gemini_Flash_Generate_the_same_image_exactly_as_the_	/soya2/sourcing/img_mkt/jty_knee_2.webp
51	26	25	22	/soya/gallery/03.jpg	/soya2/sourcing/img_mkt/jty_p6036_2.webp
51	26	25	22	/soya/gallery/14.jpg	/soya2/sourcing/img_mkt/jty_p6036_2.webp
51	26	25	22	/soya/gallery/27.jpg	/soya2/sourcing/img_mkt/jty_p6036_2.webp
51	26	25	22	/soya2/sourcing/img_soya/enf_16_KIDS_YELLOW_7.png	/soya_prix/imgs/somnilys_0.img
51	26	25	23	/soya2/sourcing/img_soya/v1_02_8-Oreiller_Soya_1.0_img3.webp	/soya2/sourcing/img_mkt/confal_0.img
51	26	25	23	/soya2/sourcing/img_soya/v1_02_8-Oreiller_Soya_1.0_img3.webp	/soya_prix/imgs/confortalign_0.img
51	26	25	23	/soya2/sourcing/img_soya/v3_33_Soya_3.0_Grey_4.png	/soya2/sourcing/img_mkt/derila_4.img
51	26	25	24	/soya2/sourcing/img_soya/enf_02_KIDSP1_6.png	/soya_prix/imgs/htconfort_0.img
51	26	25	24	/soya2/sourcing/img_soya/enf_05_KIDSP1_3.jpg	/soya_prix/imgs/somnilys_2.img
51	26	25	27	/soya2/sourcing/img_soya/enf_16_KIDS_YELLOW_7.png	/soya_prix/imgs/htconfort_1.img
51	26	25	29	/soya2/sourcing/img_soya/enf_02_KIDSP1_6.png	/soya2/sourcing/img_mkt/jty_p6036_6.webp
51	26	25	31	/soya/gallery/36.jpg	/soya_prix/imgs/zamatsle_1.img
51	26	25	31	/soya/gallery/37.jpg	/soya_prix/imgs/zamatsle_1.img
51	26	25	32	/soya2/sourcing/img_soya/lomb_00_4-Coussin_Lombaire_Ergonomique_Soya_couverture_HD.webp	/soya2/sourcing/img_mkt/mic_jty_12.webp
51	26	25	35	/soya2/sourcing/img_soya/v1_01_8-Oreiller_Soya_1.0_img2.webp	/soya2/sourcing/img_mkt/jty_knee_4.webp
51	26	25	35	/soya2/sourcing/img_soya/v2_00_1-oreiller-soya-2_0HD.webp	/soya2/sourcing/img_mkt/derila_3.img
51	26	25	35	/soya2/sourcing/img_soya/v3_24_SOYA_3.0_Grey-2.jpg	/soya2/sourcing/img_mkt/jty_p6036_4.webp
51	26	25	38	/soya2/sourcing/img_soya/h3_13_Soya_3.0_Grey_2.png	/soya2/sourcing/img_mkt/mic_tnjk_11.webp
51	26	25	38	/soya2/sourcing/img_soya/h3_13_Soya_3.0_Grey_2.png	/soya2/sourcing/img_mkt/mic_tnjk_4.webp
51	26	25	38	/soya2/sourcing/img_soya/h3_13_Soya_3.0_Grey_2.png	/soya2/sourcing/img_mkt/mic_tnjk_7.webp
51	26	25	38	/soya2/sourcing/img_soya/v3_28_Soya_3.0_Grey_2_47c0e3de-4c91-48dd-960e-4a36d6b20353.png	/soya2/sourcing/img_mkt/mic_tnjk_11.webp
51	26	25	38	/soya2/sourcing/img_soya/v3_28_Soya_3.0_Grey_2_47c0e3de-4c91-48dd-960e-4a36d6b20353.png	/soya2/sourcing/img_mkt/mic_tnjk_4.webp
51	26	25	38	/soya2/sourcing/img_soya/v3_28_Soya_3.0_Grey_2_47c0e3de-4c91-48dd-960e-4a36d6b20353.png	/soya2/sourcing/img_mkt/mic_tnjk_7.webp
51	26	25	39	/soya2/sourcing/img_soya/enf_17_KIDS_YELLOW_1.png	/soya2/sourcing/img_mkt/jty_knee_5.webp
51	26	25	42	/soya2/sourcing/img_soya/lomb_00_4-Coussin_Lombaire_Ergonomique_Soya_couverture_HD.webp	/soya2/sourcing/img_mkt/jty_knee_3.webp
51	26	25	48	/soya2/sourcing/img_soya/h3_13_Soya_3.0_Grey_2.png	/soya2/sourcing/img_mkt/jty_p6036_1.webp
51	26	25	48	/soya2/sourcing/img_soya/v3_28_Soya_3.0_Grey_2_47c0e3de-4c91-48dd-960e-4a36d6b20353.png	/soya2/sourcing/img_mkt/jty_p6036_1.webp
51	26	25	50	/soya/gallery/36.jpg	/soya2/sourcing/img_mkt/jty_p6036_1.webp
51	26	25	50	/soya/gallery/37.jpg	/soya2/sourcing/img_mkt/jty_p6036_1.webp
51	28	23	9	/soya2/sourcing/img_soya/voy_03_9-Oreiller-de-Voyage-Ergonomique-Soya_img4.webp	/soya2/sourcing/img_mkt/derila_0.img
51	28	23	13	/soya2/sourcing/img_soya/v2_02_1-oreiller-soya-2_0_img3_5f834f33-5e47-49e1-a6a1-34e17f3341b	/soya_prix/imgs/inphysio_0.img
51	28	23	19	/soya/gallery/29.jpg	/soya2/sourcing/img_mkt/comfy_3.img
51	28	23	21	/soya2/sourcing/img_soya/regl_00_14-Ensemble_Oreillers_Reglables_couverture_HD.webp	/soya2/sourcing/img_mkt/jty_p6036_1.webp
51	28	23	21	/soya2/sourcing/img_soya/regl_00_14-Ensemble_Oreillers_Reglables_couverture_HD.webp	/soya2/sourcing/img_mkt/jty_p6036_5.webp
51	28	23	23	/soya2/sourcing/img_soya/v2_07_1-oreiller-soya-2_0_img7_43909438-1603-4e59-add4-f987f4acd78	/soya2/sourcing/img_mkt/comfy_7.img
51	28	23	24	/soya2/sourcing/img_soya/h2_01_2-housse_Oreiller_de_Rechange_Soya_img4.webp	/soya2/sourcing/img_mkt/mic_jty_8.webp
51	28	23	24	/soya2/sourcing/img_soya/v2_03_1-oreiller-soya-2_0_img4_39d31902-82e0-42b3-a8cb-6b71e2ebfe7	/soya2/sourcing/img_mkt/mic_jty_8.webp
51	28	23	25	/soya2/sourcing/img_soya/regl_01_14-Ensemble_Oreillers_Reglables_img2.webp	/soya2/sourcing/img_mkt/comfy_0.img
51	28	23	25	/soya2/sourcing/img_soya/regl_01_14-Ensemble_Oreillers_Reglables_img2.webp	/soya_prix/imgs/comfysle_0.img
51	28	23	26	/soya/gallery/06.jpg	/soya2/sourcing/img_mkt/comfy_6.img
51	28	23	26	/soya/gallery/18.jpg	/soya2/sourcing/img_mkt/comfy_6.img
51	28	23	26	/soya/gallery/22.jpg	/soya2/sourcing/img_mkt/comfy_6.img
51	28	23	26	/soya/gallery/28.jpg	/soya2/sourcing/img_mkt/comfy_6.img
51	28	23	26	/soya2/sourcing/img_soya/h2_01_2-housse_Oreiller_de_Rechange_Soya_img4.webp	/soya2/sourcing/img_mkt/derila_0.img
51	28	23	26	/soya2/sourcing/img_soya/v2_03_1-oreiller-soya-2_0_img4_39d31902-82e0-42b3-a8cb-6b71e2ebfe7	/soya2/sourcing/img_mkt/derila_0.img
51	28	23	28	/soya/gallery/06.jpg	/soya2/sourcing/img_mkt/derila_5.img
51	28	23	28	/soya/gallery/18.jpg	/soya2/sourcing/img_mkt/derila_5.img
51	28	23	28	/soya/gallery/20.jpg	/soya2/sourcing/img_mkt/mic_jty_5.webp
51	28	23	28	/soya/gallery/22.jpg	/soya2/sourcing/img_mkt/derila_5.img
51	28	23	28	/soya/gallery/28.jpg	/soya2/sourcing/img_mkt/derila_5.img
51	28	23	31	/soya2/sourcing/img_soya/enf_02_KIDSP1_6.png	/soya2/sourcing/img_mkt/jty_p6036_3.webp
51	28	23	33	/soya/gallery/08.jpg	/soya2/sourcing/img_mkt/confal_3.img
51	28	23	34	/soya2/sourcing/img_soya/v3_30_IMG_9178.png	/soya2/sourcing/img_mkt/mic_tnjk_10.webp
51	28	23	34	/soya2/sourcing/img_soya/v3_30_IMG_9178.png	/soya2/sourcing/img_mkt/mic_tnjk_6.webp
51	28	23	34	/soya2/sourcing/img_soya/v3_30_IMG_9178.png	/soya2/sourcing/img_mkt/mic_tnjk_9.webp
51	28	23	36	/soya2/sourcing/img_soya/h2_01_2-housse_Oreiller_de_Rechange_Soya_img4.webp	/soya2/sourcing/img_mkt/mic_jty_3.webp
51	28	23	36	/soya2/sourcing/img_soya/v2_03_1-oreiller-soya-2_0_img4_39d31902-82e0-42b3-a8cb-6b71e2ebfe7	/soya2/sourcing/img_mkt/mic_jty_3.webp
51	28	23	44	/soya/gallery/33.jpg	/soya2/sourcing/img_mkt/jty_p6036_5.webp
51	28	23	45	/soya2/sourcing/img_soya/v3_30_IMG_9178.png	/soya2/sourcing/img_mkt/mic_jty_12.webp
51	28	23	45	/soya2/sourcing/img_soya/v3_35_SOYA_3.0_Grey_1.jpg	/soya_prix/imgs/comfysle_0.img
51	30	21	14	/soya2/sourcing/img_soya/v2_02_1-oreiller-soya-2_0_img3_5f834f33-5e47-49e1-a6a1-34e17f3341b	/soya2/sourcing/img_mkt/derila_2.img
51	30	21	14	/soya2/sourcing/img_soya/v3_24_SOYA_3.0_Grey-2.jpg	/soya2/sourcing/img_mkt/jty_p6036_3.webp
51	30	21	32	/soya/gallery/21.jpg	/soya_prix/imgs/zamatsle_3.img
51	30	21	33	/soya2/sourcing/img_soya/lomb_04_3_9225ca02-f60c-47d3-b26c-49df6ebba454.png	/soya_prix/imgs/somnilys_2.img
51	30	21	34	/soya/gallery/09.jpg	/soya_prix/imgs/zamatsle_3.img
51	30	21	38	/soya2/sourcing/img_soya/v2_00_1-oreiller-soya-2_0HD.webp	/soya2/sourcing/img_mkt/mic_jty_1.webp
51	30	21	40	/soya/gallery/16.jpg	/soya2/sourcing/img_mkt/comfy_0.img
51	30	21	49	/soya/gallery/05.jpg	/soya2/sourcing/img_mkt/comfy_0.img
51	30	21	49	/soya/gallery/05.jpg	/soya_prix/imgs/comfysle_0.img
51	32	19	15	/soya2/sourcing/img_soya/regl_01_14-Ensemble_Oreillers_Reglables_img2.webp	/soya_prix/imgs/htconfort_1.img
51	34	17	31	/soya/gallery/26.jpg	/soya_prix/imgs/somnilys_1.img
52	20	32	19	/soya2/sourcing/img_soya/enf_17_KIDS_YELLOW_1.png	/soya_prix/imgs/zamatsle_1.img
52	22	30	9	/soya2/sourcing/img_soya/v3_25_Soya_3.0_grey_2_2e59cacb-6ebc-4f36-8a81-44478c9d4589.png	/soya2/sourcing/img_mkt/derila_1.img
52	22	30	13	/soya/gallery/05.jpg	/soya2/sourcing/img_mkt/jty_p6036_5.webp
52	22	30	16	/soya2/sourcing/img_soya/enf_05_KIDSP1_3.jpg	/soya_prix/imgs/inphysio_1.img
52	22	30	17	/soya2/sourcing/img_soya/enf_12_KIDS_PINK_5.png	/soya_prix/imgs/inphysio_1.img
52	22	30	24	/soya2/sourcing/img_soya/enf_01_KIDSP1_4.jpg	/soya_prix/imgs/htconfort_2.img
52	22	30	24	/soya2/sourcing/img_soya/enf_09_KIDS_PINK_2.png	/soya2/sourcing/img_mkt/comfy_1.img
52	22	30	24	/soya2/sourcing/img_soya/enf_09_KIDS_PINK_2.png	/soya_prix/imgs/comfysle_1.img
52	22	30	25	/soya2/sourcing/img_soya/enf_02_KIDSP1_6.png	/soya2/sourcing/img_mkt/mic_jty_12.webp
52	22	30	26	/soya2/sourcing/img_soya/regl_02_14-Ensemble_Oreillers_Reglables_img3.webp	/soya_prix/imgs/zamatsle_1.img
52	22	30	28	/soya2/sourcing/img_soya/h2_02_2-housse_Oreiller_de_Rechange_Soya_img3.webp	/soya2/sourcing/img_mkt/derila_2.img
52	22	30	30	/soya2/sourcing/img_soya/h2_02_2-housse_Oreiller_de_Rechange_Soya_img3.webp	/soya2/sourcing/img_mkt/mic_jty_12.webp
52	22	30	32	/soya2/sourcing/img_soya/v3_30_IMG_9178.png	/soya_prix/imgs/zamatsle_0.img
52	22	30	35	/soya2/sourcing/img_soya/enf_08_KIDS_PINK_4.png	/soya2/sourcing/img_mkt/jty_knee_1.webp
52	24	28	12	/soya2/sourcing/img_soya/v3_00_18.png	/soya2/sourcing/img_mkt/jty_p6036_1.webp
52	24	28	12	/soya2/sourcing/img_soya/v3_36_34.png	/soya2/sourcing/img_mkt/jty_p6036_1.webp
52	24	28	14	/soya/gallery/35.jpg	/soya2/sourcing/img_mkt/jty_p6036_5.webp
52	24	28	14	/soya2/sourcing/img_soya/v3_25_Soya_3.0_grey_2_2e59cacb-6ebc-4f36-8a81-44478c9d4589.png	/soya_prix/imgs/htconfort_0.img
52	24	28	16	/soya2/sourcing/img_soya/enf_19_KIDS_YELLOW_3.png	/soya_prix/imgs/inphysio_1.img
52	24	28	17	/soya2/sourcing/img_soya/regl_00_14-Ensemble_Oreillers_Reglables_couverture_HD.webp	/soya2/sourcing/img_mkt/comfy_5.img
52	24	28	17	/soya2/sourcing/img_soya/v3_35_SOYA_3.0_Grey_1.jpg	/soya2/sourcing/img_mkt/jty_p6036_1.webp
52	24	28	19	/soya/gallery/07.jpg	/soya2/sourcing/img_mkt/derila_2.img
52	24	28	20	/soya2/sourcing/img_soya/voy_03_9-Oreiller-de-Voyage-Ergonomique-Soya_img4.webp	/soya2/sourcing/img_mkt/comfy_0.img
52	24	28	20	/soya2/sourcing/img_soya/voy_03_9-Oreiller-de-Voyage-Ergonomique-Soya_img4.webp	/soya_prix/imgs/comfysle_0.img
52	24	28	21	/soya/gallery/33.jpg	/soya_prix/imgs/inphysio_0.img
52	24	28	21	/soya2/sourcing/img_soya/enf_09_KIDS_PINK_2.png	/soya_prix/imgs/zamatsle_0.img
52	24	28	23	/soya2/sourcing/img_soya/regl_01_14-Ensemble_Oreillers_Reglables_img2.webp	/soya2/sourcing/img_mkt/derila_1.img
52	24	28	25	/soya2/sourcing/img_soya/lomb_01_4-Coussin_Lombaire_Ergonomique_Soya_img2.webp	/soya2/sourcing/img_mkt/confal_1.img
52	24	28	25	/soya2/sourcing/img_soya/lomb_01_4-Coussin_Lombaire_Ergonomique_Soya_img2.webp	/soya_prix/imgs/confortalign_1.img
52	24	28	30	/soya2/sourcing/img_soya/h3_12_7687678_3.png	/soya2/sourcing/img_mkt/derila_1.img
52	24	28	31	/soya2/sourcing/img_soya/enf_07_KIDS_PINK_6.jpg	/soya_prix/imgs/comfysle_3.img
52	24	28	31	/soya2/sourcing/img_soya/v2_01_1-oreiller-soya-2_0_img2_7d72b6af-35c7-4427-8f15-843f227d977	/soya2/sourcing/img_mkt/confal_3.img
52	24	28	33	/soya2/sourcing/img_soya/enf_07_KIDS_PINK_6.jpg	/soya2/sourcing/img_mkt/mic_jty_12.webp
52	24	28	34	/soya/gallery/31.jpg	/soya_prix/imgs/somnilys_1.img
52	24	28	34	/soya2/sourcing/img_soya/v3_35_SOYA_3.0_Grey_1.jpg	/soya_prix/imgs/htconfort_0.img
52	24	28	36	/soya2/sourcing/img_soya/h3_13_Soya_3.0_Grey_2.png	/soya2/sourcing/img_mkt/confal_3.img
52	24	28	36	/soya2/sourcing/img_soya/v3_28_Soya_3.0_Grey_2_47c0e3de-4c91-48dd-960e-4a36d6b20353.png	/soya2/sourcing/img_mkt/confal_3.img
52	24	28	40	/soya/gallery/33.jpg	/soya2/sourcing/img_mkt/jty_knee_4.webp
52	26	26	15	/soya2/sourcing/img_soya/v3_42_41.1.png	/soya2/sourcing/img_mkt/jty_p6036_1.webp
52	26	26	18	/soya2/sourcing/img_soya/v2_01_1-oreiller-soya-2_0_img2_7d72b6af-35c7-4427-8f15-843f227d977	/soya_prix/imgs/zamatsle_3.img
52	26	26	20	/soya2/sourcing/img_soya/v3_33_Soya_3.0_Grey_4.png	/soya_prix/imgs/inphysio_1.img
52	26	26	21	/soya2/sourcing/img_soya/v2_02_1-oreiller-soya-2_0_img3_5f834f33-5e47-49e1-a6a1-34e17f3341b	/soya2/sourcing/img_mkt/jty_p6036_4.webp
52	26	26	23	/soya/gallery/34.jpg	/soya_prix/imgs/somnilys_2.img
52	26	26	24	/soya/gallery/36.jpg	/soya2/sourcing/img_mkt/derila_2.img
52	26	26	24	/soya/gallery/37.jpg	/soya2/sourcing/img_mkt/derila_2.img
52	26	26	25	/soya2/sourcing/img_soya/enf_09_KIDS_PINK_2.png	/soya_prix/imgs/htconfort_0.img
52	26	26	26	/soya2/sourcing/img_soya/h3_12_7687678_3.png	/soya2/sourcing/img_mkt/comfy_1.img
52	26	26	26	/soya2/sourcing/img_soya/h3_12_7687678_3.png	/soya_prix/imgs/comfysle_1.img
52	26	26	26	/soya2/sourcing/img_soya/v2_08_11_bf88b3df-377c-4ddb-b78a-cc7a164e7755.png	/soya2/sourcing/img_mkt/jty_p6036_2.webp
52	26	26	28	/soya/gallery/21.jpg	/soya2/sourcing/img_mkt/jty_p6036_4.webp
52	26	26	28	/soya2/sourcing/img_soya/h3_13_Soya_3.0_Grey_2.png	/soya_prix/imgs/inphysio_2.img
52	26	26	28	/soya2/sourcing/img_soya/v3_28_Soya_3.0_Grey_2_47c0e3de-4c91-48dd-960e-4a36d6b20353.png	/soya_prix/imgs/inphysio_2.img
52	26	26	28	/soya2/sourcing/img_soya/v3_30_IMG_9178.png	/soya2/sourcing/img_mkt/mic_jty_2.webp
52	26	26	29	/soya2/sourcing/img_soya/enf_16_KIDS_YELLOW_7.png	/soya2/sourcing/img_mkt/jty_p6036_6.webp
52	26	26	30	/soya/gallery/09.jpg	/soya2/sourcing/img_mkt/jty_p6036_4.webp
52	26	26	32	/soya/gallery/11.jpg	/soya_prix/imgs/zamatsle_0.img
52	26	26	32	/soya2/sourcing/img_soya/enf_17_KIDS_YELLOW_1.png	/soya2/sourcing/img_mkt/jty_p6036_5.webp
52	26	26	33	/soya/gallery/16.jpg	/soya2/sourcing/img_mkt/derila_4.img
52	26	26	33	/soya/gallery/32.jpg	/soya2/sourcing/img_mkt/comfy_4.img
52	26	26	34	/soya/gallery/17.jpg	/soya2/sourcing/img_mkt/confal_4.img
52	26	26	34	/soya2/sourcing/img_soya/enf_01_KIDSP1_4.jpg	/soya2/sourcing/img_mkt/jty_p6036_3.webp
52	26	26	37	/soya/gallery/32.jpg	/soya_prix/imgs/inphysio_0.img
52	26	26	38	/soya2/sourcing/img_soya/lomb_03_4_dc2e6161-802a-4c42-a1d6-b9a0a02ce466.png	/soya2/sourcing/img_mkt/mic_jty_1.webp
52	26	26	43	/soya/gallery/03.jpg	/soya2/sourcing/img_mkt/comfy_6.img
52	26	26	43	/soya/gallery/14.jpg	/soya2/sourcing/img_mkt/comfy_6.img
52	26	26	43	/soya/gallery/27.jpg	/soya2/sourcing/img_mkt/comfy_6.img
52	26	26	45	/soya2/sourcing/img_soya/v3_35_SOYA_3.0_Grey_1.jpg	/soya_prix/imgs/htconfort_2.img
52	28	24	17	/soya2/sourcing/img_soya/h2_01_2-housse_Oreiller_de_Rechange_Soya_img4.webp	/soya_prix/imgs/comfysle_0.img
52	28	24	17	/soya2/sourcing/img_soya/v2_03_1-oreiller-soya-2_0_img4_39d31902-82e0-42b3-a8cb-6b71e2ebfe7	/soya_prix/imgs/comfysle_0.img
52	28	24	18	/soya/gallery/38.jpg	/soya_prix/imgs/htconfort_2.img
52	28	24	18	/soya2/sourcing/img_soya/v3_27_Firefly_Gemini_Flash_Generate_the_same_image_exactly_as_the_	/soya2/sourcing/img_mkt/comfy_0.img
52	28	24	19	/soya/gallery/07.jpg	/soya_prix/imgs/htconfort_1.img
52	28	24	22	/soya2/sourcing/img_soya/enf_02_KIDSP1_6.png	/soya_prix/imgs/zamatsle_3.img
52	28	24	23	/soya2/sourcing/img_soya/regl_01_14-Ensemble_Oreillers_Reglables_img2.webp	/soya2/sourcing/img_mkt/mic_jty_5.webp
52	28	24	26	/soya/gallery/36.jpg	/soya_prix/imgs/inphysio_2.img
52	28	24	26	/soya/gallery/37.jpg	/soya_prix/imgs/inphysio_2.img
52	28	24	29	/soya2/sourcing/img_soya/v2_00_1-oreiller-soya-2_0HD.webp	/soya2/sourcing/img_mkt/jty_knee_5.webp
52	28	24	31	/soya2/sourcing/img_soya/lomb_02_4-Coussin_Lombaire_Ergonomique_Soya_img3.webp	/soya2/sourcing/img_mkt/derila_4.img
52	28	24	32	/soya2/sourcing/img_soya/enf_13_KIDS_PINK_3.png	/soya_prix/imgs/somnilys_1.img
52	28	24	33	/soya2/sourcing/img_soya/enf_11_KIDS_PINK_7.png	/soya2/sourcing/img_mkt/confal_1.img
52	28	24	33	/soya2/sourcing/img_soya/enf_11_KIDS_PINK_7.png	/soya_prix/imgs/confortalign_1.img
52	28	24	33	/soya2/sourcing/img_soya/enf_14_KIDS_YELLOW_6.jpg	/soya_prix/imgs/somnilys_0.img
52	28	24	33	/soya2/sourcing/img_soya/enf_15_KIDS_YELLOW_4.png	/soya2/sourcing/img_mkt/jty_p6036_3.webp
52	28	24	33	/soya2/sourcing/img_soya/henf_04_KIDS_PINK_7.png	/soya2/sourcing/img_mkt/confal_1.img
52	28	24	33	/soya2/sourcing/img_soya/henf_04_KIDS_PINK_7.png	/soya_prix/imgs/confortalign_1.img
52	28	24	34	/soya/gallery/03.jpg	/soya2/sourcing/img_mkt/confal_2.img
52	28	24	34	/soya/gallery/03.jpg	/soya_prix/imgs/confortalign_2.img
52	28	24	34	/soya/gallery/14.jpg	/soya2/sourcing/img_mkt/confal_2.img
52	28	24	34	/soya/gallery/14.jpg	/soya_prix/imgs/confortalign_2.img
52	28	24	34	/soya/gallery/27.jpg	/soya2/sourcing/img_mkt/confal_2.img
52	28	24	34	/soya/gallery/27.jpg	/soya_prix/imgs/confortalign_2.img
52	28	24	35	/soya2/sourcing/img_soya/v3_00_18.png	/soya2/sourcing/img_mkt/derila_3.img
52	28	24	35	/soya2/sourcing/img_soya/v3_36_34.png	/soya2/sourcing/img_mkt/derila_3.img
52	28	24	40	/soya/gallery/34.jpg	/soya_prix/imgs/htconfort_0.img
52	28	24	41	/soya/gallery/39.jpg	/soya2/sourcing/img_mkt/mic_jty_12.webp
52	30	22	26	/soya2/sourcing/img_soya/voy_04_9-Oreiller-de-Voyage-Ergonomique-Soya_img5.webp	/soya2/sourcing/img_mkt/jty_p6036_1.webp
52	30	22	26	/soya2/sourcing/img_soya/voy_05_9-Oreiller-de-Voyage-Ergonomique-Soya_img6.webp	/soya2/sourcing/img_mkt/jty_p6036_1.webp
52	30	22	26	/soya2/sourcing/img_soya/voy_06_9-Oreiller-de-Voyage-Ergonomique-Soya_img7.webp	/soya2/sourcing/img_mkt/jty_p6036_1.webp
52	30	22	28	/soya2/sourcing/img_soya/voy_03_9-Oreiller-de-Voyage-Ergonomique-Soya_img4.webp	/soya_prix/imgs/inphysio_1.img
52	30	22	29	/soya/gallery/23.jpg	/soya2/sourcing/img_mkt/mic_jty_2.webp
52	30	22	32	/soya/gallery/31.jpg	/soya2/sourcing/img_mkt/comfy_4.img
52	30	22	33	/soya2/sourcing/img_soya/voy_04_9-Oreiller-de-Voyage-Ergonomique-Soya_img5.webp	/soya2/sourcing/img_mkt/mic_jty_8.webp
52	30	22	33	/soya2/sourcing/img_soya/voy_05_9-Oreiller-de-Voyage-Ergonomique-Soya_img6.webp	/soya2/sourcing/img_mkt/mic_jty_8.webp
52	30	22	33	/soya2/sourcing/img_soya/voy_06_9-Oreiller-de-Voyage-Ergonomique-Soya_img7.webp	/soya2/sourcing/img_mkt/mic_jty_8.webp
52	30	22	34	/soya2/sourcing/img_soya/v3_12_2_782a3829-4b96-451b-93e4-630d8f06e705.png	/soya2/sourcing/img_mkt/comfy_0.img
52	30	22	34	/soya2/sourcing/img_soya/v3_12_2_782a3829-4b96-451b-93e4-630d8f06e705.png	/soya_prix/imgs/comfysle_0.img
52	30	22	35	/soya2/sourcing/img_soya/enf_05_KIDSP1_3.jpg	/soya2/sourcing/img_mkt/confal_4.img
52	30	22	37	/soya/gallery/34.jpg	/soya_prix/imgs/zamatsle_2.img
52	30	22	37	/soya/gallery/35.jpg	/soya2/sourcing/img_mkt/derila_0.img
52	30	22	37	/soya2/sourcing/img_soya/v2_07_1-oreiller-soya-2_0_img7_43909438-1603-4e59-add4-f987f4acd78	/soya2/sourcing/img_mkt/confal_5.img
52	30	22	47	/soya2/sourcing/img_soya/v3_33_Soya_3.0_Grey_4.png	/soya2/sourcing/img_mkt/comfy_6.img
52	30	22	49	/soya/gallery/17.jpg	/soya2/sourcing/img_mkt/comfy_0.img
52	30	22	49	/soya/gallery/17.jpg	/soya_prix/imgs/comfysle_0.img
52	32	20	30	/soya2/sourcing/img_soya/enf_17_KIDS_YELLOW_1.png	/soya2/sourcing/img_mkt/mic_jty_5.webp
53	22	31	9	/soya2/sourcing/img_soya/v2_07_1-oreiller-soya-2_0_img7_43909438-1603-4e59-add4-f987f4acd78	/soya2/sourcing/img_mkt/mic_jty_3.webp
53	22	31	13	/soya/gallery/19.jpg	/soya2/sourcing/img_mkt/derila_0.img
53	22	31	17	/soya2/sourcing/img_soya/h3_14_7687678_2.png	/soya2/sourcing/img_mkt/comfy_0.img
53	22	31	17	/soya2/sourcing/img_soya/h3_14_7687678_2.png	/soya_prix/imgs/comfysle_0.img
53	22	31	17	/soya2/sourcing/img_soya/v3_29_7687678_2_0409bb9a-6b40-434d-807f-98da5554945a.png	/soya2/sourcing/img_mkt/comfy_0.img
53	22	31	17	/soya2/sourcing/img_soya/v3_29_7687678_2_0409bb9a-6b40-434d-807f-98da5554945a.png	/soya_prix/imgs/comfysle_0.img
53	22	31	18	/soya2/sourcing/img_soya/v1_01_8-Oreiller_Soya_1.0_img2.webp	/soya2/sourcing/img_mkt/confal_5.img
53	22	31	20	/soya2/sourcing/img_soya/voy_04_9-Oreiller-de-Voyage-Ergonomique-Soya_img5.webp	/soya2/sourcing/img_mkt/comfy_0.img
53	22	31	20	/soya2/sourcing/img_soya/voy_04_9-Oreiller-de-Voyage-Ergonomique-Soya_img5.webp	/soya_prix/imgs/comfysle_0.img
53	22	31	20	/soya2/sourcing/img_soya/voy_05_9-Oreiller-de-Voyage-Ergonomique-Soya_img6.webp	/soya2/sourcing/img_mkt/comfy_0.img
53	22	31	20	/soya2/sourcing/img_soya/voy_05_9-Oreiller-de-Voyage-Ergonomique-Soya_img6.webp	/soya_prix/imgs/comfysle_0.img
53	22	31	20	/soya2/sourcing/img_soya/voy_06_9-Oreiller-de-Voyage-Ergonomique-Soya_img7.webp	/soya2/sourcing/img_mkt/comfy_0.img
53	22	31	20	/soya2/sourcing/img_soya/voy_06_9-Oreiller-de-Voyage-Ergonomique-Soya_img7.webp	/soya_prix/imgs/comfysle_0.img
53	22	31	26	/soya/gallery/29.jpg	/soya2/sourcing/img_mkt/derila_6.img
53	22	31	27	/soya2/sourcing/img_soya/regl_02_14-Ensemble_Oreillers_Reglables_img3.webp	/soya2/sourcing/img_mkt/mic_jty_12.webp
53	22	31	28	/soya/gallery/39.jpg	/soya2/sourcing/img_mkt/derila_0.img
53	22	31	29	/soya2/sourcing/img_soya/regl_02_14-Ensemble_Oreillers_Reglables_img3.webp	/soya2/sourcing/img_mkt/derila_2.img
53	22	31	34	/soya2/sourcing/img_soya/enf_18_KIDS_YELLOW_2.png	/soya2/sourcing/img_mkt/jty_p6036_1.webp
53	22	31	34	/soya2/sourcing/img_soya/henf_05_KIDS_YELLOW_2.png	/soya2/sourcing/img_mkt/jty_p6036_1.webp
53	24	29	10	/soya2/sourcing/img_soya/enf_05_KIDSP1_3.jpg	/soya2/sourcing/img_mkt/jty_p6036_3.webp
53	24	29	10	/soya2/sourcing/img_soya/enf_19_KIDS_YELLOW_3.png	/soya2/sourcing/img_mkt/jty_p6036_3.webp
53	24	29	12	/soya2/sourcing/img_soya/enf_05_KIDSP1_3.jpg	/soya2/sourcing/img_mkt/jty_p6036_1.webp
53	24	29	12	/soya2/sourcing/img_soya/enf_19_KIDS_YELLOW_3.png	/soya2/sourcing/img_mkt/jty_p6036_1.webp
53	24	29	13	/soya/gallery/17.jpg	/soya2/sourcing/img_mkt/jty_p6036_5.webp
53	24	29	15	/soya/gallery/20.jpg	/soya2/sourcing/img_mkt/jty_knee_2.webp
53	24	29	19	/soya2/sourcing/img_soya/v2_02_1-oreiller-soya-2_0_img3_5f834f33-5e47-49e1-a6a1-34e17f3341b	/soya_prix/imgs/zamatsle_3.img
53	24	29	22	/soya2/sourcing/img_soya/h2_00_2-housse_Oreiller_de_Rechange_Soya_HD.webp	/soya2/sourcing/img_mkt/jty_knee_5.webp
53	24	29	23	/soya/gallery/38.jpg	/soya_prix/imgs/somnilys_0.img
53	24	29	24	/soya2/sourcing/img_soya/h3_14_7687678_2.png	/soya_prix/imgs/somnilys_0.img
53	24	29	24	/soya2/sourcing/img_soya/v3_29_7687678_2_0409bb9a-6b40-434d-807f-98da5554945a.png	/soya_prix/imgs/somnilys_0.img
53	24	29	25	/soya2/sourcing/img_soya/enf_08_KIDS_PINK_4.png	/soya_prix/imgs/htconfort_2.img
53	24	29	27	/soya/gallery/39.jpg	/soya2/sourcing/img_mkt/derila_1.img
53	24	29	27	/soya2/sourcing/img_soya/regl_00_14-Ensemble_Oreillers_Reglables_couverture_HD.webp	/soya2/sourcing/img_mkt/jty_p6036_2.webp
53	24	29	28	/soya/gallery/08.jpg	/soya2/sourcing/img_mkt/confal_4.img
53	24	29	30	/soya2/sourcing/img_soya/h3_15_7687678_1.png	/soya_prix/imgs/htconfort_0.img
53	24	29	32	/soya/gallery/11.jpg	/soya_prix/imgs/inphysio_0.img
53	24	29	32	/soya2/sourcing/img_soya/enf_12_KIDS_PINK_5.png	/soya2/sourcing/img_mkt/derila_3.img
53	24	29	34	/soya2/sourcing/img_soya/henf_00_KIDS_P_1_2.png	/soya_prix/imgs/zamatsle_2.img
53	24	29	34	/soya2/sourcing/img_soya/henf_01_KIDS_P_1_4.png	/soya_prix/imgs/zamatsle_2.img
53	24	29	35	/soya2/sourcing/img_soya/v3_31_Firefly_Gemini_Flash_Generate_the_same_image_exactly_as_the_	/soya2/sourcing/img_mkt/jty_knee_5.webp
53	24	29	37	/soya2/sourcing/img_soya/enf_11_KIDS_PINK_7.png	/soya2/sourcing/img_mkt/jty_p6036_1.webp
53	24	29	37	/soya2/sourcing/img_soya/henf_04_KIDS_PINK_7.png	/soya2/sourcing/img_mkt/jty_p6036_1.webp
53	24	29	38	/soya2/sourcing/img_soya/enf_01_KIDSP1_4.jpg	/soya2/sourcing/img_mkt/jty_knee_1.webp
53	24	29	38	/soya2/sourcing/img_soya/h3_00_13_c9363db8-d780-4903-9a97-df55d0478686.png	/soya2/sourcing/img_mkt/jty_knee_3.webp
53	24	29	38	/soya2/sourcing/img_soya/h3_12_7687678_3.png	/soya2/sourcing/img_mkt/jty_knee_3.webp
53	24	29	39	/soya2/sourcing/img_soya/enf_07_KIDS_PINK_6.jpg	/soya2/sourcing/img_mkt/derila_1.img
53	24	29	39	/soya2/sourcing/img_soya/h3_08_15_eb23f129-89f3-4ffc-be96-9e67ce1c745f.png	/soya2/sourcing/img_mkt/derila_6.img
53	24	29	41	/soya2/sourcing/img_soya/enf_14_KIDS_YELLOW_6.jpg	/soya2/sourcing/img_mkt/jty_p6036_4.webp
53	26	27	12	/soya/gallery/07.jpg	/soya_prix/imgs/zamatsle_0.img
53	26	27	13	/soya2/sourcing/img_soya/v2_05_Oreiller_position_4.png	/soya2/sourcing/img_mkt/comfy_5.img
53	26	27	17	/soya2/sourcing/img_soya/v3_24_SOYA_3.0_Grey-2.jpg	/soya2/sourcing/img_mkt/mic_jty_3.webp
53	26	27	19	/soya2/sourcing/img_soya/v3_25_Soya_3.0_grey_2_2e59cacb-6ebc-4f36-8a81-44478c9d4589.png	/soya_prix/imgs/inphysio_2.img
53	26	27	20	/soya2/sourcing/img_soya/v2_02_1-oreiller-soya-2_0_img3_5f834f33-5e47-49e1-a6a1-34e17f3341b	/soya_prix/imgs/inphysio_2.img
53	26	27	22	/soya/gallery/33.jpg	/soya2/sourcing/img_mkt/jty_p6036_6.webp
53	26	27	23	/soya2/sourcing/img_soya/enf_15_KIDS_YELLOW_4.png	/soya2/sourcing/img_mkt/derila_2.img
53	26	27	24	/soya2/sourcing/img_soya/enf_08_KIDS_PINK_4.png	/soya2/sourcing/img_mkt/jty_p6036_4.webp
53	26	27	25	/soya2/sourcing/img_soya/v2_02_1-oreiller-soya-2_0_img3_5f834f33-5e47-49e1-a6a1-34e17f3341b	/soya2/sourcing/img_mkt/comfy_6.img
53	26	27	26	/soya2/sourcing/img_soya/lomb_04_3_9225ca02-f60c-47d3-b26c-49df6ebba454.png	/soya2/sourcing/img_mkt/derila_3.img
53	26	27	26	/soya2/sourcing/img_soya/regl_02_14-Ensemble_Oreillers_Reglables_img3.webp	/soya2/sourcing/img_mkt/comfy_2.img
53	26	27	26	/soya2/sourcing/img_soya/v2_00_1-oreiller-soya-2_0HD.webp	/soya2/sourcing/img_mkt/jty_p6036_2.webp
53	26	27	27	/soya/gallery/08.jpg	/soya2/sourcing/img_mkt/comfy_0.img
53	26	27	27	/soya/gallery/08.jpg	/soya_prix/imgs/comfysle_0.img
53	26	27	27	/soya/gallery/16.jpg	/soya_prix/imgs/somnilys_0.img
53	26	27	27	/soya2/sourcing/img_soya/v2_07_1-oreiller-soya-2_0_img7_43909438-1603-4e59-add4-f987f4acd78	/soya2/sourcing/img_mkt/derila_3.img
53	26	27	30	/soya/gallery/39.jpg	/soya_prix/imgs/zamatsle_1.img
53	26	27	31	/soya2/sourcing/img_soya/v3_30_IMG_9178.png	/soya2/sourcing/img_mkt/confal_1.img
53	26	27	31	/soya2/sourcing/img_soya/v3_30_IMG_9178.png	/soya_prix/imgs/confortalign_1.img
53	26	27	32	/soya2/sourcing/img_soya/v1_04_8-Oreiller_Soya_1.0_img5.webp	/soya2/sourcing/img_mkt/jty_knee_4.webp
53	26	27	33	/soya2/sourcing/img_soya/enf_04_KIDSP1_1.png	/soya2/sourcing/img_mkt/derila_0.img
53	26	27	33	/soya2/sourcing/img_soya/enf_08_KIDS_PINK_4.png	/soya2/sourcing/img_mkt/mic_jty_1.webp
53	26	27	33	/soya2/sourcing/img_soya/h3_13_Soya_3.0_Grey_2.png	/soya2/sourcing/img_mkt/derila_0.img
53	26	27	33	/soya2/sourcing/img_soya/h3_13_Soya_3.0_Grey_2.png	/soya_prix/imgs/zamatsle_1.img
53	26	27	33	/soya2/sourcing/img_soya/henf_03_KIDSP1_1.png	/soya2/sourcing/img_mkt/derila_0.img
53	26	27	33	/soya2/sourcing/img_soya/v3_28_Soya_3.0_Grey_2_47c0e3de-4c91-48dd-960e-4a36d6b20353.png	/soya2/sourcing/img_mkt/derila_0.img
53	26	27	33	/soya2/sourcing/img_soya/v3_28_Soya_3.0_Grey_2_47c0e3de-4c91-48dd-960e-4a36d6b20353.png	/soya_prix/imgs/zamatsle_1.img
53	26	27	33	/soya2/sourcing/img_soya/v3_31_Firefly_Gemini_Flash_Generate_the_same_image_exactly_as_the_	/soya_prix/imgs/somnilys_1.img
53	26	27	36	/soya2/sourcing/img_soya/enf_11_KIDS_PINK_7.png	/soya2/sourcing/img_mkt/derila_0.img
53	26	27	36	/soya2/sourcing/img_soya/h3_08_15_eb23f129-89f3-4ffc-be96-9e67ce1c745f.png	/soya2/sourcing/img_mkt/comfy_7.img
53	26	27	36	/soya2/sourcing/img_soya/henf_04_KIDS_PINK_7.png	/soya2/sourcing/img_mkt/derila_0.img
53	26	27	36	/soya2/sourcing/img_soya/regl_00_14-Ensemble_Oreillers_Reglables_couverture_HD.webp	/soya2/sourcing/img_mkt/derila_3.img
53	26	27	36	/soya2/sourcing/img_soya/v2_05_Oreiller_position_4.png	/soya_prix/imgs/inphysio_0.img
53	26	27	37	/soya2/sourcing/img_soya/v3_35_SOYA_3.0_Grey_1.jpg	/soya_prix/imgs/htconfort_1.img
53	26	27	38	/soya2/sourcing/img_soya/v3_42_41.1.png	/soya2/sourcing/img_mkt/confal_5.img
53	26	27	39	/soya/gallery/35.jpg	/soya2/sourcing/img_mkt/confal_4.img
53	26	27	42	/soya2/sourcing/img_soya/enf_19_KIDS_YELLOW_3.png	/soya2/sourcing/img_mkt/mic_jty_1.webp
53	26	27	43	/soya2/sourcing/img_soya/henf_02_KIDS_P_1_3.png	/soya2/sourcing/img_mkt/jty_p6036_6.webp
53	26	27	44	/soya2/sourcing/img_soya/v3_12_2_782a3829-4b96-451b-93e4-630d8f06e705.png	/soya_prix/imgs/htconfort_2.img
53	26	27	50	/soya2/sourcing/img_soya/v3_00_18.png	/soya_prix/imgs/comfysle_0.img
53	26	27	50	/soya2/sourcing/img_soya/v3_36_34.png	/soya_prix/imgs/comfysle_0.img
53	26	27	51	/soya/gallery/30.jpg	/soya_prix/imgs/somnilys_0.img
53	28	25	9	/soya2/sourcing/img_soya/voy_02_9-Oreiller-de-Voyage-Ergonomique-Soya_img3.webp	/soya_prix/imgs/inphysio_0.img
53	28	25	10	/soya/gallery/29.jpg	/soya2/sourcing/img_mkt/comfy_1.img
53	28	25	10	/soya/gallery/29.jpg	/soya_prix/imgs/comfysle_1.img
53	28	25	16	/soya/gallery/17.jpg	/soya2/sourcing/img_mkt/mic_jty_3.webp
53	28	25	16	/soya2/sourcing/img_soya/v2_01_1-oreiller-soya-2_0_img2_7d72b6af-35c7-4427-8f15-843f227d977	/soya_prix/imgs/htconfort_0.img
53	28	25	17	/soya/gallery/06.jpg	/soya_prix/imgs/htconfort_1.img
53	28	25	17	/soya/gallery/18.jpg	/soya_prix/imgs/htconfort_1.img
53	28	25	17	/soya/gallery/22.jpg	/soya_prix/imgs/htconfort_1.img
53	28	25	17	/soya/gallery/28.jpg	/soya_prix/imgs/htconfort_1.img
53	28	25	18	/soya2/sourcing/img_soya/v2_01_1-oreiller-soya-2_0_img2_7d72b6af-35c7-4427-8f15-843f227d977	/soya_prix/imgs/zamatsle_1.img
53	28	25	23	/soya2/sourcing/img_soya/v1_01_8-Oreiller_Soya_1.0_img2.webp	/soya2/sourcing/img_mkt/derila_2.img
53	28	25	24	/soya/gallery/36.jpg	/soya2/sourcing/img_mkt/mic_jty_5.webp
53	28	25	24	/soya/gallery/37.jpg	/soya2/sourcing/img_mkt/mic_jty_5.webp
53	28	25	24	/soya2/sourcing/img_soya/enf_03_KIDSP1_5.png	/soya_prix/imgs/inphysio_0.img
53	28	25	24	/soya2/sourcing/img_soya/enf_13_KIDS_PINK_3.png	/soya2/sourcing/img_mkt/derila_3.img
53	28	25	24	/soya2/sourcing/img_soya/v2_02_1-oreiller-soya-2_0_img3_5f834f33-5e47-49e1-a6a1-34e17f3341b	/soya2/sourcing/img_mkt/confal_3.img
53	28	25	24	/soya2/sourcing/img_soya/v3_27_Firefly_Gemini_Flash_Generate_the_same_image_exactly_as_the_	/soya2/sourcing/img_mkt/mic_jty_5.webp
53	28	25	26	/soya2/sourcing/img_soya/enf_12_KIDS_PINK_5.png	/soya2/sourcing/img_mkt/derila_4.img
53	28	25	26	/soya2/sourcing/img_soya/h3_13_Soya_3.0_Grey_2.png	/soya2/sourcing/img_mkt/comfy_1.img
53	28	25	26	/soya2/sourcing/img_soya/h3_13_Soya_3.0_Grey_2.png	/soya_prix/imgs/comfysle_1.img
53	28	25	26	/soya2/sourcing/img_soya/v3_28_Soya_3.0_Grey_2_47c0e3de-4c91-48dd-960e-4a36d6b20353.png	/soya2/sourcing/img_mkt/comfy_1.img
53	28	25	26	/soya2/sourcing/img_soya/v3_28_Soya_3.0_Grey_2_47c0e3de-4c91-48dd-960e-4a36d6b20353.png	/soya_prix/imgs/comfysle_1.img
53	28	25	28	/soya2/sourcing/img_soya/h2_00_2-housse_Oreiller_de_Rechange_Soya_HD.webp	/soya2/sourcing/img_mkt/comfy_4.img
53	28	25	28	/soya2/sourcing/img_soya/v1_00_8-Oreiller_Soya_1.0_couverture_HD.webp	/soya2/sourcing/img_mkt/derila_4.img
53	28	25	29	/soya2/sourcing/img_soya/v2_08_11_bf88b3df-377c-4ddb-b78a-cc7a164e7755.png	/soya2/sourcing/img_mkt/comfy_6.img
53	28	25	31	/soya2/sourcing/img_soya/voy_00_9-Oreiller-de-Voyage-Ergonomique-Soyacouverture_HD.webp	/soya2/sourcing/img_mkt/jty_knee_1.webp
53	28	25	33	/soya2/sourcing/img_soya/v2_05_Oreiller_position_4.png	/soya2/sourcing/img_mkt/confal_1.img
53	28	25	33	/soya2/sourcing/img_soya/v2_05_Oreiller_position_4.png	/soya_prix/imgs/confortalign_1.img
53	28	25	34	/soya/gallery/34.jpg	/soya_prix/imgs/somnilys_0.img
53	28	25	34	/soya2/sourcing/img_soya/v3_35_SOYA_3.0_Grey_1.jpg	/soya2/sourcing/img_mkt/comfy_4.img
53	28	25	35	/soya2/sourcing/img_soya/enf_08_KIDS_PINK_4.png	/soya2/sourcing/img_mkt/jty_p6036_3.webp
53	28	25	36	/soya/gallery/36.jpg	/soya2/sourcing/img_mkt/mic_tnjk_11.webp
53	28	25	36	/soya/gallery/36.jpg	/soya2/sourcing/img_mkt/mic_tnjk_4.webp
53	28	25	36	/soya/gallery/36.jpg	/soya2/sourcing/img_mkt/mic_tnjk_7.webp
53	28	25	36	/soya/gallery/37.jpg	/soya2/sourcing/img_mkt/mic_tnjk_11.webp
53	28	25	36	/soya/gallery/37.jpg	/soya2/sourcing/img_mkt/mic_tnjk_4.webp
53	28	25	36	/soya/gallery/37.jpg	/soya2/sourcing/img_mkt/mic_tnjk_7.webp
53	28	25	37	/soya2/sourcing/img_soya/lomb_02_4-Coussin_Lombaire_Ergonomique_Soya_img3.webp	/soya2/sourcing/img_mkt/comfy_4.img
53	28	25	41	/soya/gallery/16.jpg	/soya2/sourcing/img_mkt/confal_4.img
53	28	25	44	/soya2/sourcing/img_soya/v3_24_SOYA_3.0_Grey-2.jpg	/soya_prix/imgs/htconfort_2.img
53	28	25	55	/soya2/sourcing/img_soya/v3_00_18.png	/soya2/sourcing/img_mkt/comfy_6.img
53	28	25	55	/soya2/sourcing/img_soya/v3_36_34.png	/soya2/sourcing/img_mkt/comfy_6.img
53	30	23	14	/soya2/sourcing/img_soya/voy_04_9-Oreiller-de-Voyage-Ergonomique-Soya_img5.webp	/soya_prix/imgs/inphysio_2.img
53	30	23	14	/soya2/sourcing/img_soya/voy_05_9-Oreiller-de-Voyage-Ergonomique-Soya_img6.webp	/soya_prix/imgs/inphysio_2.img
53	30	23	14	/soya2/sourcing/img_soya/voy_06_9-Oreiller-de-Voyage-Ergonomique-Soya_img7.webp	/soya_prix/imgs/inphysio_2.img
53	30	23	18	/soya2/sourcing/img_soya/regl_01_14-Ensemble_Oreillers_Reglables_img2.webp	/soya_prix/imgs/inphysio_0.img
53	30	23	18	/soya2/sourcing/img_soya/v3_12_2_782a3829-4b96-451b-93e4-630d8f06e705.png	/soya2/sourcing/img_mkt/jty_p6036_3.webp
53	30	23	19	/soya/gallery/19.jpg	/soya2/sourcing/img_mkt/jty_p6036_4.webp
53	30	23	24	/soya2/sourcing/img_soya/enf_15_KIDS_YELLOW_4.png	/soya_prix/imgs/somnilys_0.img
53	30	23	27	/soya2/sourcing/img_soya/enf_19_KIDS_YELLOW_3.png	/soya2/sourcing/img_mkt/derila_4.img
53	30	23	29	/soya2/sourcing/img_soya/enf_01_KIDSP1_4.jpg	/soya2/sourcing/img_mkt/derila_5.img
53	30	23	29	/soya2/sourcing/img_soya/v3_25_Soya_3.0_grey_2_2e59cacb-6ebc-4f36-8a81-44478c9d4589.png	/soya2/sourcing/img_mkt/confal_3.img
53	30	23	30	/soya2/sourcing/img_soya/enf_09_KIDS_PINK_2.png	/soya2/sourcing/img_mkt/jty_knee_4.webp
53	30	23	31	/soya2/sourcing/img_soya/enf_06_KIDSP1_1.jpg	/soya_prix/imgs/somnilys_1.img
53	30	23	33	/soya2/sourcing/img_soya/v1_01_8-Oreiller_Soya_1.0_img2.webp	/soya2/sourcing/img_mkt/confal_3.img
53	30	23	34	/soya/gallery/05.jpg	/soya_prix/imgs/somnilys_0.img
53	30	23	50	/soya2/sourcing/img_soya/v3_30_IMG_9178.png	/soya2/sourcing/img_mkt/comfy_2.img
53	32	21	15	/soya2/sourcing/img_soya/voy_04_9-Oreiller-de-Voyage-Ergonomique-Soya_img5.webp	/soya_prix/imgs/somnilys_0.img
53	32	21	15	/soya2/sourcing/img_soya/voy_05_9-Oreiller-de-Voyage-Ergonomique-Soya_img6.webp	/soya_prix/imgs/somnilys_0.img
53	32	21	15	/soya2/sourcing/img_soya/voy_06_9-Oreiller-de-Voyage-Ergonomique-Soya_img7.webp	/soya_prix/imgs/somnilys_0.img
53	32	21	17	/soya2/sourcing/img_soya/voy_03_9-Oreiller-de-Voyage-Ergonomique-Soya_img4.webp	/soya_prix/imgs/htconfort_0.img
53	32	21	20	/soya2/sourcing/img_soya/enf_04_KIDSP1_1.png	/soya2/sourcing/img_mkt/mic_jty_5.webp
53	32	21	20	/soya2/sourcing/img_soya/henf_03_KIDSP1_1.png	/soya2/sourcing/img_mkt/mic_jty_5.webp
53	32	21	23	/soya2/sourcing/img_soya/enf_11_KIDS_PINK_7.png	/soya2/sourcing/img_mkt/mic_jty_5.webp
53	32	21	23	/soya2/sourcing/img_soya/henf_04_KIDS_PINK_7.png	/soya2/sourcing/img_mkt/mic_jty_5.webp
53	32	21	29	/soya2/sourcing/img_soya/voy_04_9-Oreiller-de-Voyage-Ergonomique-Soya_img5.webp	/soya2/sourcing/img_mkt/comfy_4.img
53	32	21	29	/soya2/sourcing/img_soya/voy_05_9-Oreiller-de-Voyage-Ergonomique-Soya_img6.webp	/soya2/sourcing/img_mkt/comfy_4.img
53	32	21	29	/soya2/sourcing/img_soya/voy_06_9-Oreiller-de-Voyage-Ergonomique-Soya_img7.webp	/soya2/sourcing/img_mkt/comfy_4.img
53	32	21	34	/soya/gallery/31.jpg	/soya2/sourcing/img_mkt/jty_knee_2.webp
53	32	21	40	/soya/gallery/16.jpg	/soya_prix/imgs/comfysle_0.img
53	34	19	38	/soya/gallery/04.jpg	/soya_prix/imgs/somnilys_1.img
54	20	34	21	/soya2/sourcing/img_soya/v3_30_IMG_9178.png	/soya2/sourcing/img_mkt/mic_tnjk_11.webp
54	20	34	21	/soya2/sourcing/img_soya/v3_30_IMG_9178.png	/soya2/sourcing/img_mkt/mic_tnjk_4.webp
54	20	34	21	/soya2/sourcing/img_soya/v3_30_IMG_9178.png	/soya2/sourcing/img_mkt/mic_tnjk_7.webp
54	22	32	33	/soya2/sourcing/img_soya/v1_01_8-Oreiller_Soya_1.0_img2.webp	/soya2/sourcing/img_mkt/mic_jty_1.webp
54	22	32	38	/soya2/sourcing/img_soya/v3_35_SOYA_3.0_Grey_1.jpg	/soya_prix/imgs/zamatsle_0.img
54	22	32	45	/soya2/sourcing/img_soya/enf_12_KIDS_PINK_5.png	/soya2/sourcing/img_mkt/comfy_0.img
54	24	30	14	/soya2/sourcing/img_soya/v1_03_8-Oreiller_Soya_1.0_img4.webp	/soya2/sourcing/img_mkt/jty_knee_2.webp
54	24	30	14	/soya2/sourcing/img_soya/v3_00_18.png	/soya2/sourcing/img_mkt/jty_p6036_5.webp
54	24	30	14	/soya2/sourcing/img_soya/v3_36_34.png	/soya2/sourcing/img_mkt/jty_p6036_5.webp
54	24	30	15	/soya2/sourcing/img_soya/voy_02_9-Oreiller-de-Voyage-Ergonomique-Soya_img3.webp	/soya_prix/imgs/htconfort_0.img
54	24	30	16	/soya2/sourcing/img_soya/v2_01_1-oreiller-soya-2_0_img2_7d72b6af-35c7-4427-8f15-843f227d977	/soya_prix/imgs/inphysio_0.img
54	24	30	19	/soya2/sourcing/img_soya/h3_13_Soya_3.0_Grey_2.png	/soya2/sourcing/img_mkt/confal_4.img
54	24	30	19	/soya2/sourcing/img_soya/v3_28_Soya_3.0_Grey_2_47c0e3de-4c91-48dd-960e-4a36d6b20353.png	/soya2/sourcing/img_mkt/confal_4.img
54	24	30	22	/soya2/sourcing/img_soya/v3_12_2_782a3829-4b96-451b-93e4-630d8f06e705.png	/soya_prix/imgs/inphysio_1.img
54	24	30	24	/soya2/sourcing/img_soya/v1_03_8-Oreiller_Soya_1.0_img4.webp	/soya2/sourcing/img_mkt/jty_p6036_4.webp
54	24	30	25	/soya2/sourcing/img_soya/v2_08_11_bf88b3df-377c-4ddb-b78a-cc7a164e7755.png	/soya2/sourcing/img_mkt/jty_knee_2.webp
54	24	30	26	/soya2/sourcing/img_soya/h2_02_2-housse_Oreiller_de_Rechange_Soya_img3.webp	/soya_prix/imgs/htconfort_1.img
54	24	30	28	/soya2/sourcing/img_soya/v3_12_2_782a3829-4b96-451b-93e4-630d8f06e705.png	/soya_prix/imgs/comfysle_3.img
54	24	30	29	/soya/gallery/09.jpg	/soya2/sourcing/img_mkt/jty_p6036_1.webp
54	24	30	29	/soya2/sourcing/img_soya/v1_01_8-Oreiller_Soya_1.0_img2.webp	/soya2/sourcing/img_mkt/mic_jty_5.webp
54	24	30	30	/soya2/sourcing/img_soya/voy_00_9-Oreiller-de-Voyage-Ergonomique-Soyacouverture_HD.webp	/soya2/sourcing/img_mkt/derila_3.img
54	24	30	31	/soya2/sourcing/img_soya/enf_02_KIDSP1_6.png	/soya2/sourcing/img_mkt/jty_knee_3.webp
54	24	30	31	/soya2/sourcing/img_soya/h3_15_7687678_1.png	/soya_prix/imgs/comfysle_3.img
54	24	30	32	/soya2/sourcing/img_soya/v1_00_8-Oreiller_Soya_1.0_couverture_HD.webp	/soya_prix/imgs/somnilys_1.img
54	24	30	33	/soya/gallery/02.jpg	/soya_prix/imgs/htconfort_0.img
54	24	30	33	/soya/gallery/21.jpg	/soya2/sourcing/img_mkt/jty_p6036_1.webp
54	24	30	33	/soya2/sourcing/img_soya/v3_27_Firefly_Gemini_Flash_Generate_the_same_image_exactly_as_the_	/soya2/sourcing/img_mkt/confal_4.img
54	24	30	36	/soya/gallery/04.jpg	/soya_prix/imgs/zamatsle_0.img
54	24	30	36	/soya/gallery/13.jpg	/soya_prix/imgs/htconfort_0.img
54	24	30	36	/soya2/sourcing/img_soya/enf_19_KIDS_YELLOW_3.png	/soya2/sourcing/img_mkt/confal_2.img
54	24	30	36	/soya2/sourcing/img_soya/enf_19_KIDS_YELLOW_3.png	/soya_prix/imgs/confortalign_2.img
54	24	30	38	/soya2/sourcing/img_soya/regl_00_14-Ensemble_Oreillers_Reglables_couverture_HD.webp	/soya2/sourcing/img_mkt/derila_5.img
54	24	30	39	/soya/gallery/06.jpg	/soya2/sourcing/img_mkt/jty_p6036_5.webp
54	24	30	39	/soya/gallery/18.jpg	/soya2/sourcing/img_mkt/jty_p6036_5.webp
54	24	30	39	/soya/gallery/22.jpg	/soya2/sourcing/img_mkt/jty_p6036_5.webp
54	24	30	39	/soya/gallery/28.jpg	/soya2/sourcing/img_mkt/jty_p6036_5.webp
54	24	30	40	/soya2/sourcing/img_soya/v2_07_1-oreiller-soya-2_0_img7_43909438-1603-4e59-add4-f987f4acd78	/soya2/sourcing/img_mkt/derila_2.img
54	24	30	42	/soya2/sourcing/img_soya/v2_06_1-oreiller-soya-2_0_img6_9601dd3b-66d6-4311-b41e-5fd7712bdc1	/soya_prix/imgs/htconfort_2.img
54	24	30	46	/soya/gallery/02.jpg	/soya2/sourcing/img_mkt/mic_jty_5.webp
54	24	30	46	/soya2/sourcing/img_soya/enf_05_KIDSP1_3.jpg	/soya2/sourcing/img_mkt/comfy_0.img
54	26	28	14	/soya2/sourcing/img_soya/v1_01_8-Oreiller_Soya_1.0_img2.webp	/soya_prix/imgs/zamatsle_0.img
54	26	28	16	/soya2/sourcing/img_soya/v1_01_8-Oreiller_Soya_1.0_img2.webp	/soya_prix/imgs/zamatsle_1.img
54	26	28	18	/soya2/sourcing/img_soya/enf_03_KIDSP1_5.png	/soya2/sourcing/img_mkt/derila_0.img
54	26	28	18	/soya2/sourcing/img_soya/v2_02_1-oreiller-soya-2_0_img3_5f834f33-5e47-49e1-a6a1-34e17f3341b	/soya2/sourcing/img_mkt/jty_p6036_6.webp
54	26	28	18	/soya2/sourcing/img_soya/voy_01_9-Oreiller-de-Voyage-Ergonomique-Soya_img2.webp	/soya2/sourcing/img_mkt/derila_3.img
54	26	28	20	/soya2/sourcing/img_soya/enf_16_KIDS_YELLOW_7.png	/soya_prix/imgs/zamatsle_0.img
54	26	28	21	/soya2/sourcing/img_soya/enf_01_KIDSP1_4.jpg	/soya_prix/imgs/comfysle_2.img
54	26	28	21	/soya2/sourcing/img_soya/h2_00_2-housse_Oreiller_de_Rechange_Soya_HD.webp	/soya2/sourcing/img_mkt/jty_p6036_5.webp
54	26	28	22	/soya2/sourcing/img_soya/regl_01_14-Ensemble_Oreillers_Reglables_img2.webp	/soya_prix/imgs/htconfort_0.img
54	26	28	23	/soya2/sourcing/img_soya/v1_04_8-Oreiller_Soya_1.0_img5.webp	/soya_prix/imgs/htconfort_0.img
54	26	28	25	/soya/gallery/05.jpg	/soya_prix/imgs/somnilys_2.img
54	26	28	25	/soya2/sourcing/img_soya/h2_01_2-housse_Oreiller_de_Rechange_Soya_img4.webp	/soya_prix/imgs/htconfort_1.img
54	26	28	25	/soya2/sourcing/img_soya/h2_02_2-housse_Oreiller_de_Rechange_Soya_img3.webp	/soya2/sourcing/img_mkt/comfy_2.img
54	26	28	25	/soya2/sourcing/img_soya/h2_03_2-housse_Oreiller_de_Rechange_Soya_img5.webp	/soya2/sourcing/img_mkt/confal_2.img
54	26	28	25	/soya2/sourcing/img_soya/h2_03_2-housse_Oreiller_de_Rechange_Soya_img5.webp	/soya_prix/imgs/confortalign_2.img
54	26	28	25	/soya2/sourcing/img_soya/v2_03_1-oreiller-soya-2_0_img4_39d31902-82e0-42b3-a8cb-6b71e2ebfe7	/soya_prix/imgs/htconfort_1.img
54	26	28	26	/soya/gallery/09.jpg	/soya2/sourcing/img_mkt/jty_knee_2.webp
54	26	28	26	/soya/gallery/21.jpg	/soya2/sourcing/img_mkt/jty_knee_2.webp
54	26	28	26	/soya2/sourcing/img_soya/enf_09_KIDS_PINK_2.png	/soya2/sourcing/img_mkt/jty_p6036_2.webp
54	26	28	26	/soya2/sourcing/img_soya/regl_02_14-Ensemble_Oreillers_Reglables_img3.webp	/soya_prix/imgs/comfysle_2.img
54	26	28	26	/soya2/sourcing/img_soya/v2_05_Oreiller_position_4.png	/soya2/sourcing/img_mkt/mic_jty_2.webp
54	26	28	28	/soya2/sourcing/img_soya/v3_42_41.1.png	/soya2/sourcing/img_mkt/mic_jty_2.webp
54	26	28	29	/soya/gallery/01.jpg	/soya2/sourcing/img_mkt/derila_3.img
54	26	28	29	/soya/gallery/12.jpg	/soya2/sourcing/img_mkt/derila_3.img
54	26	28	29	/soya/gallery/24.jpg	/soya2/sourcing/img_mkt/derila_3.img
54	26	28	30	/soya2/sourcing/img_soya/h3_00_13_c9363db8-d780-4903-9a97-df55d0478686.png	/soya2/sourcing/img_mkt/derila_1.img
54	26	28	31	/soya2/sourcing/img_soya/h3_00_13_c9363db8-d780-4903-9a97-df55d0478686.png	/soya_prix/imgs/htconfort_0.img
54	26	28	32	/soya2/sourcing/img_soya/h2_03_2-housse_Oreiller_de_Rechange_Soya_img5.webp	/soya2/sourcing/img_mkt/comfy_4.img
54	26	28	32	/soya2/sourcing/img_soya/h3_00_13_c9363db8-d780-4903-9a97-df55d0478686.png	/soya_prix/imgs/zamatsle_2.img
54	26	28	32	/soya2/sourcing/img_soya/h3_12_7687678_3.png	/soya_prix/imgs/zamatsle_2.img
54	26	28	32	/soya2/sourcing/img_soya/v2_08_11_bf88b3df-377c-4ddb-b78a-cc7a164e7755.png	/soya2/sourcing/img_mkt/mic_jty_5.webp
54	26	28	32	/soya2/sourcing/img_soya/v3_12_2_782a3829-4b96-451b-93e4-630d8f06e705.png	/soya2/sourcing/img_mkt/derila_2.img
54	26	28	33	/soya2/sourcing/img_soya/enf_19_KIDS_YELLOW_3.png	/soya2/sourcing/img_mkt/comfy_4.img
54	26	28	33	/soya2/sourcing/img_soya/h3_12_7687678_3.png	/soya_prix/imgs/htconfort_0.img
54	26	28	34	/soya/gallery/04.jpg	/soya_prix/imgs/zamatsle_1.img
54	26	28	34	/soya2/sourcing/img_soya/v3_27_Firefly_Gemini_Flash_Generate_the_same_image_exactly_as_the_	/soya2/sourcing/img_mkt/jty_knee_4.webp
54	26	28	34	/soya2/sourcing/img_soya/v3_35_SOYA_3.0_Grey_1.jpg	/soya2/sourcing/img_mkt/derila_4.img
54	26	28	36	/soya/gallery/39.jpg	/soya2/sourcing/img_mkt/confal_5.img
54	26	28	42	/soya2/sourcing/img_soya/henf_02_KIDS_P_1_3.png	/soya2/sourcing/img_mkt/comfy_2.img
54	28	26	10	/soya2/sourcing/img_soya/v3_00_18.png	/soya2/sourcing/img_mkt/jty_p6036_3.webp
54	28	26	10	/soya2/sourcing/img_soya/v3_36_34.png	/soya2/sourcing/img_mkt/jty_p6036_3.webp
54	28	26	14	/soya2/sourcing/img_soya/v3_31_Firefly_Gemini_Flash_Generate_the_same_image_exactly_as_the_	/soya2/sourcing/img_mkt/confal_0.img
54	28	26	14	/soya2/sourcing/img_soya/v3_31_Firefly_Gemini_Flash_Generate_the_same_image_exactly_as_the_	/soya_prix/imgs/confortalign_0.img
54	28	26	15	/soya/gallery/16.jpg	/soya2/sourcing/img_mkt/mic_jty_3.webp
54	28	26	16	/soya2/sourcing/img_soya/v2_01_1-oreiller-soya-2_0_img2_7d72b6af-35c7-4427-8f15-843f227d977	/soya2/sourcing/img_mkt/confal_5.img
54	28	26	17	/soya/gallery/19.jpg	/soya_prix/imgs/somnilys_0.img
54	28	26	18	/soya2/sourcing/img_soya/v1_01_8-Oreiller_Soya_1.0_img2.webp	/soya_prix/imgs/htconfort_0.img
54	28	26	20	/soya/gallery/07.jpg	/soya_prix/imgs/somnilys_0.img
54	28	26	21	/soya2/sourcing/img_soya/enf_15_KIDS_YELLOW_4.png	/soya2/sourcing/img_mkt/derila_1.img
54	28	26	21	/soya2/sourcing/img_soya/enf_17_KIDS_YELLOW_1.png	/soya2/sourcing/img_mkt/derila_0.img
54	28	26	22	/soya2/sourcing/img_soya/enf_10_KIDS_PINK_1.png	/soya_prix/imgs/inphysio_2.img
54	28	26	23	/soya2/sourcing/img_soya/h3_12_7687678_3.png	/soya2/sourcing/img_mkt/comfy_3.img
54	28	26	24	/soya2/sourcing/img_soya/voy_00_9-Oreiller-de-Voyage-Ergonomique-Soyacouverture_HD.webp	/soya2/sourcing/img_mkt/comfy_3.img
54	28	26	25	/soya2/sourcing/img_soya/h3_13_Soya_3.0_Grey_2.png	/soya2/sourcing/img_mkt/confal_5.img
54	28	26	25	/soya2/sourcing/img_soya/v3_28_Soya_3.0_Grey_2_47c0e3de-4c91-48dd-960e-4a36d6b20353.png	/soya2/sourcing/img_mkt/confal_5.img
54	28	26	26	/soya2/sourcing/img_soya/h2_03_2-housse_Oreiller_de_Rechange_Soya_img5.webp	/soya_prix/imgs/inphysio_0.img
54	28	26	27	/soya/gallery/08.jpg	/soya2/sourcing/img_mkt/mic_jty_5.webp
54	28	26	27	/soya2/sourcing/img_soya/enf_10_KIDS_PINK_1.png	/soya_prix/imgs/inphysio_0.img
54	28	26	27	/soya2/sourcing/img_soya/h2_02_2-housse_Oreiller_de_Rechange_Soya_img3.webp	/soya2/sourcing/img_mkt/confal_4.img
54	28	26	28	/soya2/sourcing/img_soya/h3_00_13_c9363db8-d780-4903-9a97-df55d0478686.png	/soya2/sourcing/img_mkt/comfy_1.img
54	28	26	28	/soya2/sourcing/img_soya/h3_00_13_c9363db8-d780-4903-9a97-df55d0478686.png	/soya_prix/imgs/comfysle_1.img
54	28	26	28	/soya2/sourcing/img_soya/v3_27_Firefly_Gemini_Flash_Generate_the_same_image_exactly_as_the_	/soya2/sourcing/img_mkt/confal_3.img
54	28	26	29	/soya/gallery/07.jpg	/soya2/sourcing/img_mkt/confal_3.img
54	28	26	31	/soya2/sourcing/img_soya/regl_00_14-Ensemble_Oreillers_Reglables_couverture_HD.webp	/soya2/sourcing/img_mkt/jty_knee_4.webp
54	28	26	31	/soya2/sourcing/img_soya/v3_25_Soya_3.0_grey_2_2e59cacb-6ebc-4f36-8a81-44478c9d4589.png	/soya2/sourcing/img_mkt/mic_jty_5.webp
54	28	26	32	/soya2/sourcing/img_soya/v2_04_1-oreiller-soya-2_0_img5_a8a3199e-0071-4043-a899-f89baff5294	/soya_prix/imgs/inphysio_0.img
54	28	26	32	/soya2/sourcing/img_soya/v2_08_11_bf88b3df-377c-4ddb-b78a-cc7a164e7755.png	/soya2/sourcing/img_mkt/jty_p6036_5.webp
54	28	26	34	/soya/gallery/06.jpg	/soya2/sourcing/img_mkt/mic_jty_3.webp
54	28	26	34	/soya/gallery/18.jpg	/soya2/sourcing/img_mkt/mic_jty_3.webp
54	28	26	34	/soya/gallery/22.jpg	/soya2/sourcing/img_mkt/mic_jty_3.webp
54	28	26	34	/soya/gallery/28.jpg	/soya2/sourcing/img_mkt/mic_jty_3.webp
54	28	26	34	/soya2/sourcing/img_soya/enf_18_KIDS_YELLOW_2.png	/soya2/sourcing/img_mkt/confal_1.img
54	28	26	34	/soya2/sourcing/img_soya/enf_18_KIDS_YELLOW_2.png	/soya_prix/imgs/confortalign_1.img
54	28	26	34	/soya2/sourcing/img_soya/henf_05_KIDS_YELLOW_2.png	/soya2/sourcing/img_mkt/confal_1.img
54	28	26	34	/soya2/sourcing/img_soya/henf_05_KIDS_YELLOW_2.png	/soya_prix/imgs/confortalign_1.img
54	28	26	36	/soya2/sourcing/img_soya/enf_17_KIDS_YELLOW_1.png	/soya2/sourcing/img_mkt/jty_p6036_3.webp
54	28	26	38	/soya2/sourcing/img_soya/h3_04_14_feded688-a4ff-4333-8fba-e9a2e53c877a.png	/soya2/sourcing/img_mkt/confal_4.img
54	28	26	38	/soya2/sourcing/img_soya/h3_08_15_eb23f129-89f3-4ffc-be96-9e67ce1c745f.png	/soya2/sourcing/img_mkt/confal_4.img
54	28	26	39	/soya2/sourcing/img_soya/enf_03_KIDSP1_5.png	/soya2/sourcing/img_mkt/jty_p6036_3.webp
54	28	26	42	/soya/gallery/32.jpg	/soya2/sourcing/img_mkt/jty_knee_3.webp
54	30	24	12	/soya/gallery/29.jpg	/soya_prix/imgs/htconfort_1.img
54	30	24	16	/soya/gallery/05.jpg	/soya2/sourcing/img_mkt/mic_jty_3.webp
54	30	24	17	/soya2/sourcing/img_soya/h2_01_2-housse_Oreiller_de_Rechange_Soya_img4.webp	/soya2/sourcing/img_mkt/comfy_0.img
54	30	24	17	/soya2/sourcing/img_soya/v2_03_1-oreiller-soya-2_0_img4_39d31902-82e0-42b3-a8cb-6b71e2ebfe7	/soya2/sourcing/img_mkt/comfy_0.img
54	30	24	17	/soya2/sourcing/img_soya/v3_42_41.1.png	/soya2/sourcing/img_mkt/confal_0.img
54	30	24	17	/soya2/sourcing/img_soya/v3_42_41.1.png	/soya_prix/imgs/confortalign_0.img
54	30	24	18	/soya2/sourcing/img_soya/v3_27_Firefly_Gemini_Flash_Generate_the_same_image_exactly_as_the_	/soya_prix/imgs/comfysle_0.img
54	30	24	23	/soya2/sourcing/img_soya/enf_03_KIDSP1_5.png	/soya2/sourcing/img_mkt/jty_p6036_6.webp
54	30	24	24	/soya/gallery/33.jpg	/soya2/sourcing/img_mkt/confal_1.img
54	30	24	24	/soya/gallery/33.jpg	/soya_prix/imgs/confortalign_1.img
54	30	24	24	/soya2/sourcing/img_soya/enf_09_KIDS_PINK_2.png	/soya_prix/imgs/zamatsle_2.img
54	30	24	25	/soya2/sourcing/img_soya/enf_08_KIDS_PINK_4.png	/soya_prix/imgs/inphysio_2.img
54	30	24	27	/soya2/sourcing/img_soya/v3_31_Firefly_Gemini_Flash_Generate_the_same_image_exactly_as_the_	/soya2/sourcing/img_mkt/derila_4.img
54	30	24	28	/soya/gallery/20.jpg	/soya_prix/imgs/comfysle_0.img
54	30	24	29	/soya/gallery/20.jpg	/soya_prix/imgs/inphysio_0.img
54	30	24	29	/soya2/sourcing/img_soya/v3_24_SOYA_3.0_Grey-2.jpg	/soya_prix/imgs/somnilys_0.img
54	30	24	30	/soya2/sourcing/img_soya/v1_02_8-Oreiller_Soya_1.0_img3.webp	/soya_prix/imgs/somnilys_1.img
54	30	24	31	/soya2/sourcing/img_soya/enf_02_KIDSP1_6.png	/soya2/sourcing/img_mkt/jty_knee_4.webp
54	30	24	31	/soya2/sourcing/img_soya/enf_16_KIDS_YELLOW_7.png	/soya2/sourcing/img_mkt/jty_p6036_3.webp
54	30	24	32	/soya2/sourcing/img_soya/voy_00_9-Oreiller-de-Voyage-Ergonomique-Soyacouverture_HD.webp	/soya2/sourcing/img_mkt/jty_p6036_4.webp
54	30	24	33	/soya2/sourcing/img_soya/enf_16_KIDS_YELLOW_7.png	/soya2/sourcing/img_mkt/jty_p6036_1.webp
54	30	24	34	/soya/gallery/09.jpg	/soya_prix/imgs/zamatsle_1.img
54	30	24	34	/soya/gallery/21.jpg	/soya_prix/imgs/zamatsle_1.img
54	30	24	34	/soya2/sourcing/img_soya/enf_04_KIDSP1_1.png	/soya2/sourcing/img_mkt/confal_1.img
54	30	24	34	/soya2/sourcing/img_soya/enf_04_KIDSP1_1.png	/soya_prix/imgs/confortalign_1.img
54	30	24	34	/soya2/sourcing/img_soya/henf_03_KIDSP1_1.png	/soya2/sourcing/img_mkt/confal_1.img
54	30	24	34	/soya2/sourcing/img_soya/henf_03_KIDSP1_1.png	/soya_prix/imgs/confortalign_1.img
54	30	24	35	/soya2/sourcing/img_soya/h3_08_15_eb23f129-89f3-4ffc-be96-9e67ce1c745f.png	/soya2/sourcing/img_mkt/confal_1.img
54	30	24	35	/soya2/sourcing/img_soya/h3_08_15_eb23f129-89f3-4ffc-be96-9e67ce1c745f.png	/soya_prix/imgs/confortalign_1.img
54	30	24	36	/soya/gallery/39.jpg	/soya_prix/imgs/somnilys_1.img
54	30	24	42	/soya2/sourcing/img_soya/v3_24_SOYA_3.0_Grey-2.jpg	/soya2/sourcing/img_mkt/comfy_0.img
54	30	24	42	/soya2/sourcing/img_soya/v3_24_SOYA_3.0_Grey-2.jpg	/soya_prix/imgs/comfysle_0.img
54	30	24	45	/soya2/sourcing/img_soya/lomb_04_3_9225ca02-f60c-47d3-b26c-49df6ebba454.png	/soya2/sourcing/img_mkt/comfy_0.img
54	30	24	48	/soya2/sourcing/img_soya/v3_00_18.png	/soya_prix/imgs/htconfort_2.img
54	30	24	48	/soya2/sourcing/img_soya/v3_36_34.png	/soya_prix/imgs/htconfort_2.img
54	30	24	50	/soya2/sourcing/img_soya/v3_30_IMG_9178.png	/soya_prix/imgs/comfysle_2.img
54	32	22	15	/soya2/sourcing/img_soya/voy_03_9-Oreiller-de-Voyage-Ergonomique-Soya_img4.webp	/soya_prix/imgs/somnilys_0.img
54	32	22	21	/soya2/sourcing/img_soya/voy_04_9-Oreiller-de-Voyage-Ergonomique-Soya_img5.webp	/soya2/sourcing/img_mkt/jty_p6036_4.webp
54	32	22	21	/soya2/sourcing/img_soya/voy_05_9-Oreiller-de-Voyage-Ergonomique-Soya_img6.webp	/soya2/sourcing/img_mkt/jty_p6036_4.webp
54	32	22	21	/soya2/sourcing/img_soya/voy_06_9-Oreiller-de-Voyage-Ergonomique-Soya_img7.webp	/soya2/sourcing/img_mkt/jty_p6036_4.webp
54	32	22	29	/soya2/sourcing/img_soya/voy_03_9-Oreiller-de-Voyage-Ergonomique-Soya_img4.webp	/soya2/sourcing/img_mkt/comfy_4.img
54	32	22	31	/soya/gallery/17.jpg	/soya2/sourcing/img_mkt/jty_knee_4.webp
54	34	20	28	/soya2/sourcing/img_soya/voy_04_9-Oreiller-de-Voyage-Ergonomique-Soya_img5.webp	/soya_prix/imgs/htconfort_2.img
54	34	20	28	/soya2/sourcing/img_soya/voy_05_9-Oreiller-de-Voyage-Ergonomique-Soya_img6.webp	/soya_prix/imgs/htconfort_2.img
54	34	20	28	/soya2/sourcing/img_soya/voy_06_9-Oreiller-de-Voyage-Ergonomique-Soya_img7.webp	/soya_prix/imgs/htconfort_2.img
55	18	37	36	/soya/gallery/13.jpg	/soya_prix/imgs/zamatsle_3.img
55	18	37	36	/soya/gallery/25.jpg	/soya_prix/imgs/zamatsle_3.img
55	20	35	36	/soya2/sourcing/img_soya/v3_35_SOYA_3.0_Grey_1.jpg	/soya_prix/imgs/zamatsle_3.img
55	22	33	15	/soya2/sourcing/img_soya/enf_12_KIDS_PINK_5.png	/soya2/sourcing/img_mkt/jty_p6036_5.webp
55	22	33	16	/soya/gallery/07.jpg	/soya2/sourcing/img_mkt/derila_0.img
55	22	33	17	/soya2/sourcing/img_soya/enf_10_KIDS_PINK_1.png	/soya_prix/imgs/zamatsle_0.img
55	22	33	18	/soya/gallery/38.jpg	/soya2/sourcing/img_mkt/comfy_0.img
55	22	33	18	/soya/gallery/38.jpg	/soya_prix/imgs/comfysle_0.img
55	22	33	29	/soya/gallery/32.jpg	/soya2/sourcing/img_mkt/comfy_7.img
55	22	33	38	/soya2/sourcing/img_soya/enf_14_KIDS_YELLOW_6.jpg	/soya2/sourcing/img_mkt/derila_1.img
55	22	33	43	/soya2/sourcing/img_soya/v3_34_Soya_3.0_Grey.png	/soya_prix/imgs/inphysio_0.img
55	24	31	13	/soya/gallery/03.jpg	/soya2/sourcing/img_mkt/mic_jty_2.webp
55	24	31	13	/soya/gallery/14.jpg	/soya2/sourcing/img_mkt/mic_jty_2.webp
55	24	31	13	/soya/gallery/27.jpg	/soya2/sourcing/img_mkt/mic_jty_2.webp
55	24	31	13	/soya/gallery/31.jpg	/soya2/sourcing/img_mkt/confal_0.img
55	24	31	13	/soya/gallery/31.jpg	/soya_prix/imgs/confortalign_0.img
55	24	31	14	/soya/gallery/19.jpg	/soya2/sourcing/img_mkt/derila_1.img
55	24	31	15	/soya/gallery/29.jpg	/soya2/sourcing/img_mkt/jty_knee_2.webp
55	24	31	18	/soya2/sourcing/img_soya/enf_02_KIDSP1_6.png	/soya2/sourcing/img_mkt/comfy_3.img
55	24	31	19	/soya2/sourcing/img_soya/henf_00_KIDS_P_1_2.png	/soya2/sourcing/img_mkt/mic_jty_2.webp
55	24	31	19	/soya2/sourcing/img_soya/v2_02_1-oreiller-soya-2_0_img3_5f834f33-5e47-49e1-a6a1-34e17f3341b	/soya_prix/imgs/somnilys_0.img
55	24	31	20	/soya/gallery/09.jpg	/soya2/sourcing/img_mkt/confal_4.img
55	24	31	20	/soya2/sourcing/img_soya/enf_03_KIDSP1_5.png	/soya_prix/imgs/zamatsle_3.img
55	24	31	21	/soya2/sourcing/img_soya/h2_03_2-housse_Oreiller_de_Rechange_Soya_img5.webp	/soya2/sourcing/img_mkt/jty_p6036_2.webp
55	24	31	22	/soya/gallery/21.jpg	/soya2/sourcing/img_mkt/confal_4.img
55	24	31	23	/soya2/sourcing/img_soya/v3_27_Firefly_Gemini_Flash_Generate_the_same_image_exactly_as_the_	/soya_prix/imgs/zamatsle_0.img
55	24	31	27	/soya2/sourcing/img_soya/regl_02_14-Ensemble_Oreillers_Reglables_img3.webp	/soya_prix/imgs/htconfort_1.img
55	24	31	29	/soya/gallery/30.jpg	/soya_prix/imgs/somnilys_1.img
55	24	31	29	/soya2/sourcing/img_soya/v3_12_2_782a3829-4b96-451b-93e4-630d8f06e705.png	/soya2/sourcing/img_mkt/comfy_3.img
55	24	31	30	/soya2/sourcing/img_soya/h3_15_7687678_1.png	/soya2/sourcing/img_mkt/comfy_3.img
55	24	31	32	/soya2/sourcing/img_soya/voy_01_9-Oreiller-de-Voyage-Ergonomique-Soya_img2.webp	/soya2/sourcing/img_mkt/derila_5.img
55	24	31	33	/soya/gallery/39.jpg	/soya2/sourcing/img_mkt/comfy_1.img
55	24	31	33	/soya/gallery/39.jpg	/soya_prix/imgs/comfysle_1.img
55	24	31	34	/soya2/sourcing/img_soya/enf_06_KIDSP1_1.jpg	/soya2/sourcing/img_mkt/jty_knee_3.webp
55	24	31	35	/soya2/sourcing/img_soya/enf_00_KIDSP2.jpg	/soya2/sourcing/img_mkt/comfy_1.img
55	24	31	35	/soya2/sourcing/img_soya/enf_00_KIDSP2.jpg	/soya_prix/imgs/comfysle_1.img
55	24	31	35	/soya2/sourcing/img_soya/enf_18_KIDS_YELLOW_2.png	/soya2/sourcing/img_mkt/derila_0.img
55	24	31	35	/soya2/sourcing/img_soya/henf_05_KIDS_YELLOW_2.png	/soya2/sourcing/img_mkt/derila_0.img
55	24	31	37	/soya2/sourcing/img_soya/enf_00_KIDSP2.jpg	/soya2/sourcing/img_mkt/derila_1.img
55	24	31	42	/soya2/sourcing/img_soya/enf_07_KIDS_PINK_6.jpg	/soya2/sourcing/img_mkt/jty_p6036_4.webp
55	24	31	45	/soya2/sourcing/img_soya/v3_12_2_782a3829-4b96-451b-93e4-630d8f06e705.png	/soya_prix/imgs/comfysle_2.img
55	24	31	45	/soya2/sourcing/img_soya/v3_24_SOYA_3.0_Grey-2.jpg	/soya_prix/imgs/comfysle_2.img
55	24	31	46	/soya2/sourcing/img_soya/v2_00_1-oreiller-soya-2_0HD.webp	/soya_prix/imgs/htconfort_2.img
55	26	29	13	/soya2/sourcing/img_soya/enf_12_KIDS_PINK_5.png	/soya2/sourcing/img_mkt/jty_p6036_1.webp
55	26	29	15	/soya/gallery/07.jpg	/soya_prix/imgs/zamatsle_2.img
55	26	29	15	/soya/gallery/33.jpg	/soya_prix/imgs/zamatsle_0.img
55	26	29	19	/soya2/sourcing/img_soya/enf_03_KIDSP1_5.png	/soya2/sourcing/img_mkt/derila_2.img
55	26	29	20	/soya2/sourcing/img_soya/enf_01_KIDSP1_4.jpg	/soya2/sourcing/img_mkt/derila_2.img
55	26	29	21	/soya2/sourcing/img_soya/enf_01_KIDSP1_4.jpg	/soya2/sourcing/img_mkt/comfy_2.img
55	26	29	21	/soya2/sourcing/img_soya/v3_27_Firefly_Gemini_Flash_Generate_the_same_image_exactly_as_the_	/soya2/sourcing/img_mkt/jty_p6036_4.webp
55	26	29	22	/soya/gallery/16.jpg	/soya2/sourcing/img_mkt/confal_3.img
55	26	29	22	/soya/gallery/17.jpg	/soya2/sourcing/img_mkt/mic_jty_2.webp
55	26	29	22	/soya2/sourcing/img_soya/v1_01_8-Oreiller_Soya_1.0_img2.webp	/soya_prix/imgs/somnilys_0.img
55	26	29	23	/soya/gallery/36.jpg	/soya2/sourcing/img_mkt/jty_p6036_4.webp
55	26	29	23	/soya/gallery/37.jpg	/soya2/sourcing/img_mkt/jty_p6036_4.webp
55	26	29	23	/soya2/sourcing/img_soya/h2_01_2-housse_Oreiller_de_Rechange_Soya_img4.webp	/soya2/sourcing/img_mkt/mic_jty_5.webp
55	26	29	23	/soya2/sourcing/img_soya/v2_03_1-oreiller-soya-2_0_img4_39d31902-82e0-42b3-a8cb-6b71e2ebfe7	/soya2/sourcing/img_mkt/mic_jty_5.webp
55	26	29	24	/soya/gallery/33.jpg	/soya2/sourcing/img_mkt/mic_jty_5.webp
55	26	29	24	/soya2/sourcing/img_soya/enf_08_KIDS_PINK_4.png	/soya2/sourcing/img_mkt/derila_0.img
55	26	29	24	/soya2/sourcing/img_soya/v2_01_1-oreiller-soya-2_0_img2_7d72b6af-35c7-4427-8f15-843f227d977	/soya2/sourcing/img_mkt/comfy_7.img
55	26	29	25	/soya/gallery/17.jpg	/soya_prix/imgs/somnilys_2.img
55	26	29	25	/soya2/sourcing/img_soya/enf_02_KIDSP1_6.png	/soya2/sourcing/img_mkt/jty_p6036_2.webp
55	26	29	25	/soya2/sourcing/img_soya/h2_02_2-housse_Oreiller_de_Rechange_Soya_img3.webp	/soya_prix/imgs/comfysle_2.img
55	26	29	25	/soya2/sourcing/img_soya/regl_02_14-Ensemble_Oreillers_Reglables_img3.webp	/soya2/sourcing/img_mkt/jty_knee_3.webp
55	26	29	27	/soya/gallery/36.jpg	/soya_prix/imgs/htconfort_0.img
55	26	29	27	/soya/gallery/37.jpg	/soya_prix/imgs/htconfort_0.img
55	26	29	27	/soya2/sourcing/img_soya/enf_16_KIDS_YELLOW_7.png	/soya2/sourcing/img_mkt/mic_jty_12.webp
55	26	29	27	/soya2/sourcing/img_soya/enf_18_KIDS_YELLOW_2.png	/soya2/sourcing/img_mkt/jty_p6036_4.webp
55	26	29	27	/soya2/sourcing/img_soya/henf_05_KIDS_YELLOW_2.png	/soya2/sourcing/img_mkt/jty_p6036_4.webp
55	26	29	30	/soya/gallery/02.jpg	/soya2/sourcing/img_mkt/jty_knee_1.webp
55	26	29	30	/soya/gallery/36.jpg	/soya_prix/imgs/zamatsle_2.img
55	26	29	30	/soya/gallery/37.jpg	/soya_prix/imgs/zamatsle_2.img
55	26	29	30	/soya2/sourcing/img_soya/enf_00_KIDSP2.jpg	/soya2/sourcing/img_mkt/comfy_7.img
55	26	29	31	/soya/gallery/30.jpg	/soya2/sourcing/img_mkt/comfy_4.img
55	26	29	31	/soya2/sourcing/img_soya/enf_02_KIDSP1_6.png	/soya_prix/imgs/htconfort_2.img
55	26	29	31	/soya2/sourcing/img_soya/v3_42_41.1.png	/soya2/sourcing/img_mkt/confal_1.img
55	26	29	31	/soya2/sourcing/img_soya/v3_42_41.1.png	/soya_prix/imgs/confortalign_1.img
55	26	29	32	/soya/gallery/19.jpg	/soya2/sourcing/img_mkt/mic_jty_5.webp
55	26	29	32	/soya2/sourcing/img_soya/h2_03_2-housse_Oreiller_de_Rechange_Soya_img5.webp	/soya_prix/imgs/htconfort_0.img
55	26	29	32	/soya2/sourcing/img_soya/v2_01_1-oreiller-soya-2_0_img2_7d72b6af-35c7-4427-8f15-843f227d977	/soya2/sourcing/img_mkt/mic_jty_8.webp
55	26	29	33	/soya2/sourcing/img_soya/v1_01_8-Oreiller_Soya_1.0_img2.webp	/soya2/sourcing/img_mkt/jty_knee_1.webp
55	26	29	34	/soya2/sourcing/img_soya/v2_07_1-oreiller-soya-2_0_img7_43909438-1603-4e59-add4-f987f4acd78	/soya2/sourcing/img_mkt/jty_p6036_6.webp
55	26	29	35	/soya/gallery/35.jpg	/soya_prix/imgs/somnilys_1.img
55	26	29	35	/soya2/sourcing/img_soya/h3_04_14_feded688-a4ff-4333-8fba-e9a2e53c877a.png	/soya_prix/imgs/zamatsle_2.img
55	26	29	36	/soya2/sourcing/img_soya/enf_00_KIDSP2.jpg	/soya_prix/imgs/zamatsle_1.img
55	26	29	37	/soya/gallery/38.jpg	/soya_prix/imgs/somnilys_1.img
55	26	29	38	/soya/gallery/09.jpg	/soya_prix/imgs/somnilys_0.img
55	26	29	38	/soya/gallery/11.jpg	/soya2/sourcing/img_mkt/confal_5.img
55	26	29	38	/soya/gallery/21.jpg	/soya_prix/imgs/somnilys_0.img
55	26	29	38	/soya2/sourcing/img_soya/lomb_03_4_dc2e6161-802a-4c42-a1d6-b9a0a02ce466.png	/soya2/sourcing/img_mkt/confal_3.img
55	26	29	42	/soya2/sourcing/img_soya/henf_02_KIDS_P_1_3.png	/soya_prix/imgs/comfysle_2.img
55	26	29	44	/soya2/sourcing/img_soya/henf_00_KIDS_P_1_2.png	/soya2/sourcing/img_mkt/jty_p6036_6.webp
55	26	29	44	/soya2/sourcing/img_soya/henf_01_KIDS_P_1_4.png	/soya2/sourcing/img_mkt/jty_p6036_6.webp
55	28	27	15	/soya/gallery/05.jpg	/soya2/sourcing/img_mkt/comfy_5.img
55	28	27	17	/soya2/sourcing/img_soya/v2_04_1-oreiller-soya-2_0_img5_a8a3199e-0071-4043-a899-f89baff5294	/soya2/sourcing/img_mkt/jty_p6036_1.webp
55	28	27	19	/soya2/sourcing/img_soya/h3_04_14_feded688-a4ff-4333-8fba-e9a2e53c877a.png	/soya2/sourcing/img_mkt/jty_p6036_5.webp
55	28	27	19	/soya2/sourcing/img_soya/regl_00_14-Ensemble_Oreillers_Reglables_couverture_HD.webp	/soya2/sourcing/img_mkt/jty_p6036_3.webp
55	28	27	20	/soya2/sourcing/img_soya/h3_08_15_eb23f129-89f3-4ffc-be96-9e67ce1c745f.png	/soya2/sourcing/img_mkt/mic_jty_2.webp
55	28	27	20	/soya2/sourcing/img_soya/v2_01_1-oreiller-soya-2_0_img2_7d72b6af-35c7-4427-8f15-843f227d977	/soya2/sourcing/img_mkt/jty_p6036_4.webp
55	28	27	22	/soya/gallery/23.jpg	/soya2/sourcing/img_mkt/comfy_0.img
55	28	27	22	/soya/gallery/23.jpg	/soya_prix/imgs/comfysle_0.img
55	28	27	22	/soya2/sourcing/img_soya/h3_12_7687678_3.png	/soya_prix/imgs/comfysle_3.img
55	28	27	22	/soya2/sourcing/img_soya/voy_04_9-Oreiller-de-Voyage-Ergonomique-Soya_img5.webp	/soya2/sourcing/img_mkt/confal_1.img
55	28	27	22	/soya2/sourcing/img_soya/voy_04_9-Oreiller-de-Voyage-Ergonomique-Soya_img5.webp	/soya_prix/imgs/confortalign_1.img
55	28	27	22	/soya2/sourcing/img_soya/voy_05_9-Oreiller-de-Voyage-Ergonomique-Soya_img6.webp	/soya2/sourcing/img_mkt/confal_1.img
55	28	27	22	/soya2/sourcing/img_soya/voy_05_9-Oreiller-de-Voyage-Ergonomique-Soya_img6.webp	/soya_prix/imgs/confortalign_1.img
55	28	27	22	/soya2/sourcing/img_soya/voy_06_9-Oreiller-de-Voyage-Ergonomique-Soya_img7.webp	/soya2/sourcing/img_mkt/confal_1.img
55	28	27	22	/soya2/sourcing/img_soya/voy_06_9-Oreiller-de-Voyage-Ergonomique-Soya_img7.webp	/soya_prix/imgs/confortalign_1.img
55	28	27	23	/soya2/sourcing/img_soya/enf_01_KIDSP1_4.jpg	/soya_prix/imgs/somnilys_0.img
55	28	27	23	/soya2/sourcing/img_soya/enf_08_KIDS_PINK_4.png	/soya2/sourcing/img_mkt/derila_1.img
55	28	27	24	/soya2/sourcing/img_soya/enf_17_KIDS_YELLOW_1.png	/soya_prix/imgs/comfysle_3.img
55	28	27	24	/soya2/sourcing/img_soya/enf_19_KIDS_YELLOW_3.png	/soya_prix/imgs/somnilys_2.img
55	28	27	24	/soya2/sourcing/img_soya/h2_00_2-housse_Oreiller_de_Rechange_Soya_HD.webp	/soya2/sourcing/img_mkt/confal_4.img
55	28	27	25	/soya2/sourcing/img_soya/h2_03_2-housse_Oreiller_de_Rechange_Soya_img5.webp	/soya_prix/imgs/somnilys_2.img
55	28	27	25	/soya2/sourcing/img_soya/voy_00_9-Oreiller-de-Voyage-Ergonomique-Soyacouverture_HD.webp	/soya_prix/imgs/comfysle_3.img
55	28	27	26	/soya2/sourcing/img_soya/v1_01_8-Oreiller_Soya_1.0_img2.webp	/soya2/sourcing/img_mkt/comfy_6.img
55	28	27	28	/soya2/sourcing/img_soya/h2_02_2-housse_Oreiller_de_Rechange_Soya_img3.webp	/soya2/sourcing/img_mkt/jty_p6036_3.webp
55	28	27	28	/soya2/sourcing/img_soya/regl_02_14-Ensemble_Oreillers_Reglables_img3.webp	/soya2/sourcing/img_mkt/confal_4.img
55	28	27	29	/soya2/sourcing/img_soya/h2_01_2-housse_Oreiller_de_Rechange_Soya_img4.webp	/soya2/sourcing/img_mkt/jty_p6036_6.webp
55	28	27	29	/soya2/sourcing/img_soya/v2_03_1-oreiller-soya-2_0_img4_39d31902-82e0-42b3-a8cb-6b71e2ebfe7	/soya2/sourcing/img_mkt/jty_p6036_6.webp
55	28	27	29	/soya2/sourcing/img_soya/v3_32_Soya_3.0_Grey_1.png	/soya2/sourcing/img_mkt/jty_knee_1.webp
55	28	27	30	/soya/gallery/38.jpg	/soya2/sourcing/img_mkt/confal_1.img
55	28	27	30	/soya/gallery/38.jpg	/soya_prix/imgs/confortalign_1.img
55	28	27	31	/soya/gallery/01.jpg	/soya_prix/imgs/somnilys_1.img
55	28	27	31	/soya/gallery/12.jpg	/soya_prix/imgs/somnilys_1.img
55	28	27	31	/soya/gallery/24.jpg	/soya_prix/imgs/somnilys_1.img
55	28	27	31	/soya2/sourcing/img_soya/h2_01_2-housse_Oreiller_de_Rechange_Soya_img4.webp	/soya_prix/imgs/htconfort_2.img
55	28	27	31	/soya2/sourcing/img_soya/h3_14_7687678_2.png	/soya2/sourcing/img_mkt/confal_1.img
55	28	27	31	/soya2/sourcing/img_soya/h3_14_7687678_2.png	/soya_prix/imgs/confortalign_1.img
55	28	27	31	/soya2/sourcing/img_soya/v2_03_1-oreiller-soya-2_0_img4_39d31902-82e0-42b3-a8cb-6b71e2ebfe7	/soya_prix/imgs/htconfort_2.img
55	28	27	31	/soya2/sourcing/img_soya/v3_29_7687678_2_0409bb9a-6b40-434d-807f-98da5554945a.png	/soya2/sourcing/img_mkt/confal_1.img
55	28	27	31	/soya2/sourcing/img_soya/v3_29_7687678_2_0409bb9a-6b40-434d-807f-98da5554945a.png	/soya_prix/imgs/confortalign_1.img
55	28	27	32	/soya2/sourcing/img_soya/regl_02_14-Ensemble_Oreillers_Reglables_img3.webp	/soya2/sourcing/img_mkt/derila_5.img
55	28	27	33	/soya2/sourcing/img_soya/enf_16_KIDS_YELLOW_7.png	/soya2/sourcing/img_mkt/jty_knee_3.webp
55	28	27	34	/soya/gallery/05.jpg	/soya2/sourcing/img_mkt/comfy_4.img
55	28	27	34	/soya/gallery/05.jpg	/soya2/sourcing/img_mkt/confal_4.img
55	28	27	34	/soya2/sourcing/img_soya/v2_06_1-oreiller-soya-2_0_img6_9601dd3b-66d6-4311-b41e-5fd7712bdc1	/soya2/sourcing/img_mkt/jty_knee_4.webp
55	28	27	35	/soya2/sourcing/img_soya/h3_00_13_c9363db8-d780-4903-9a97-df55d0478686.png	/soya2/sourcing/img_mkt/comfy_2.img
55	28	27	35	/soya2/sourcing/img_soya/v3_00_18.png	/soya2/sourcing/img_mkt/confal_4.img
55	28	27	35	/soya2/sourcing/img_soya/v3_00_18.png	/soya_prix/imgs/somnilys_0.img
55	28	27	35	/soya2/sourcing/img_soya/v3_36_34.png	/soya2/sourcing/img_mkt/confal_4.img
55	28	27	35	/soya2/sourcing/img_soya/v3_36_34.png	/soya_prix/imgs/somnilys_0.img
55	28	27	37	/soya/gallery/10.jpg	/soya_prix/imgs/zamatsle_0.img
55	28	27	37	/soya2/sourcing/img_soya/v2_08_11_bf88b3df-377c-4ddb-b78a-cc7a164e7755.png	/soya2/sourcing/img_mkt/jty_knee_5.webp
55	28	27	38	/soya2/sourcing/img_soya/enf_18_KIDS_YELLOW_2.png	/soya2/sourcing/img_mkt/jty_p6036_3.webp
55	28	27	38	/soya2/sourcing/img_soya/henf_05_KIDS_YELLOW_2.png	/soya2/sourcing/img_mkt/jty_p6036_3.webp
55	28	27	39	/soya/gallery/20.jpg	/soya2/sourcing/img_mkt/derila_3.img
55	28	27	40	/soya2/sourcing/img_soya/enf_07_KIDS_PINK_6.jpg	/soya2/sourcing/img_mkt/derila_0.img
55	28	27	42	/soya2/sourcing/img_soya/enf_12_KIDS_PINK_5.png	/soya_prix/imgs/htconfort_0.img
55	28	27	42	/soya2/sourcing/img_soya/enf_14_KIDS_YELLOW_6.jpg	/soya2/sourcing/img_mkt/mic_jty_1.webp
55	28	27	43	/soya/gallery/11.jpg	/soya2/sourcing/img_mkt/confal_2.img
55	28	27	43	/soya/gallery/11.jpg	/soya_prix/imgs/confortalign_2.img
55	28	27	50	/soya2/sourcing/img_soya/v3_00_18.png	/soya2/sourcing/img_mkt/comfy_0.img
55	28	27	50	/soya2/sourcing/img_soya/v3_36_34.png	/soya2/sourcing/img_mkt/comfy_0.img
55	30	25	10	/soya2/sourcing/img_soya/v2_00_1-oreiller-soya-2_0HD.webp	/soya2/sourcing/img_mkt/jty_p6036_3.webp
55	30	25	14	/soya2/sourcing/img_soya/v2_02_1-oreiller-soya-2_0_img3_5f834f33-5e47-49e1-a6a1-34e17f3341b	/soya_prix/imgs/htconfort_1.img
55	30	25	16	/soya/gallery/31.jpg	/soya2/sourcing/img_mkt/mic_jty_3.webp
55	30	25	18	/soya/gallery/02.jpg	/soya2/sourcing/img_mkt/comfy_5.img
55	30	25	19	/soya2/sourcing/img_soya/h3_08_15_eb23f129-89f3-4ffc-be96-9e67ce1c745f.png	/soya2/sourcing/img_mkt/jty_p6036_5.webp
55	30	25	20	/soya/gallery/07.jpg	/soya2/sourcing/img_mkt/jty_p6036_4.webp
55	30	25	20	/soya2/sourcing/img_soya/lomb_01_4-Coussin_Lombaire_Ergonomique_Soya_img2.webp	/soya2/sourcing/img_mkt/jty_p6036_4.webp
55	30	25	23	/soya2/sourcing/img_soya/enf_02_KIDSP1_6.png	/soya_prix/imgs/zamatsle_2.img
55	30	25	23	/soya2/sourcing/img_soya/enf_09_KIDS_PINK_2.png	/soya_prix/imgs/zamatsle_3.img
55	30	25	23	/soya2/sourcing/img_soya/v1_01_8-Oreiller_Soya_1.0_img2.webp	/soya_prix/imgs/htconfort_1.img
55	30	25	24	/soya2/sourcing/img_soya/v2_00_1-oreiller-soya-2_0HD.webp	/soya2/sourcing/img_mkt/mic_tnjk_11.webp
55	30	25	24	/soya2/sourcing/img_soya/v2_00_1-oreiller-soya-2_0HD.webp	/soya2/sourcing/img_mkt/mic_tnjk_4.webp
55	30	25	24	/soya2/sourcing/img_soya/v2_00_1-oreiller-soya-2_0HD.webp	/soya2/sourcing/img_mkt/mic_tnjk_7.webp
55	30	25	25	/soya2/sourcing/img_soya/enf_12_KIDS_PINK_5.png	/soya_prix/imgs/somnilys_2.img
55	30	25	25	/soya2/sourcing/img_soya/lomb_01_4-Coussin_Lombaire_Ergonomique_Soya_img2.webp	/soya2/sourcing/img_mkt/jty_p6036_6.webp
55	30	25	26	/soya2/sourcing/img_soya/h2_02_2-housse_Oreiller_de_Rechange_Soya_img3.webp	/soya2/sourcing/img_mkt/confal_0.img
55	30	25	26	/soya2/sourcing/img_soya/h2_02_2-housse_Oreiller_de_Rechange_Soya_img3.webp	/soya_prix/imgs/confortalign_0.img
55	30	25	26	/soya2/sourcing/img_soya/v1_02_8-Oreiller_Soya_1.0_img3.webp	/soya2/sourcing/img_mkt/derila_3.img
55	30	25	27	/soya2/sourcing/img_soya/enf_05_KIDSP1_3.jpg	/soya2/sourcing/img_mkt/derila_4.img
55	30	25	27	/soya2/sourcing/img_soya/enf_16_KIDS_YELLOW_7.png	/soya_prix/imgs/inphysio_1.img
55	30	25	28	/soya/gallery/36.jpg	/soya2/sourcing/img_mkt/jty_p6036_6.webp
55	30	25	28	/soya/gallery/37.jpg	/soya2/sourcing/img_mkt/jty_p6036_6.webp
55	30	25	29	/soya/gallery/08.jpg	/soya2/sourcing/img_mkt/jty_knee_1.webp
55	30	25	31	/soya/gallery/05.jpg	/soya2/sourcing/img_mkt/jty_knee_4.webp
55	30	25	31	/soya2/sourcing/img_soya/enf_16_KIDS_YELLOW_7.png	/soya2/sourcing/img_mkt/jty_knee_4.webp
55	30	25	32	/soya2/sourcing/img_soya/v3_00_18.png	/soya2/sourcing/img_mkt/jty_knee_4.webp
55	30	25	32	/soya2/sourcing/img_soya/v3_36_34.png	/soya2/sourcing/img_mkt/jty_knee_4.webp
55	30	25	33	/soya2/sourcing/img_soya/enf_04_KIDSP1_1.png	/soya_prix/imgs/zamatsle_1.img
55	30	25	33	/soya2/sourcing/img_soya/enf_18_KIDS_YELLOW_2.png	/soya_prix/imgs/zamatsle_1.img
55	30	25	33	/soya2/sourcing/img_soya/henf_03_KIDSP1_1.png	/soya_prix/imgs/zamatsle_1.img
55	30	25	33	/soya2/sourcing/img_soya/henf_05_KIDS_YELLOW_2.png	/soya_prix/imgs/zamatsle_1.img
55	30	25	34	/soya2/sourcing/img_soya/enf_11_KIDS_PINK_7.png	/soya_prix/imgs/zamatsle_1.img
55	30	25	34	/soya2/sourcing/img_soya/henf_04_KIDS_PINK_7.png	/soya_prix/imgs/zamatsle_1.img
55	30	25	35	/soya2/sourcing/img_soya/v2_01_1-oreiller-soya-2_0_img2_7d72b6af-35c7-4427-8f15-843f227d977	/soya2/sourcing/img_mkt/derila_6.img
55	30	25	36	/soya/gallery/16.jpg	/soya2/sourcing/img_mkt/mic_jty_12.webp
55	30	25	37	/soya/gallery/06.jpg	/soya_prix/imgs/inphysio_1.img
55	30	25	37	/soya/gallery/18.jpg	/soya_prix/imgs/inphysio_1.img
55	30	25	37	/soya/gallery/22.jpg	/soya_prix/imgs/inphysio_1.img
55	30	25	37	/soya/gallery/28.jpg	/soya_prix/imgs/inphysio_1.img
55	30	25	38	/soya2/sourcing/img_soya/v3_35_SOYA_3.0_Grey_1.jpg	/soya2/sourcing/img_mkt/confal_4.img
55	30	25	38	/soya2/sourcing/img_soya/voy_04_9-Oreiller-de-Voyage-Ergonomique-Soya_img5.webp	/soya2/sourcing/img_mkt/jty_knee_6.webp
55	30	25	38	/soya2/sourcing/img_soya/voy_05_9-Oreiller-de-Voyage-Ergonomique-Soya_img6.webp	/soya2/sourcing/img_mkt/jty_knee_6.webp
55	30	25	38	/soya2/sourcing/img_soya/voy_06_9-Oreiller-de-Voyage-Ergonomique-Soya_img7.webp	/soya2/sourcing/img_mkt/jty_knee_6.webp
55	30	25	39	/soya2/sourcing/img_soya/v1_02_8-Oreiller_Soya_1.0_img3.webp	/soya2/sourcing/img_mkt/mic_tnjk_11.webp
55	30	25	39	/soya2/sourcing/img_soya/v1_02_8-Oreiller_Soya_1.0_img3.webp	/soya2/sourcing/img_mkt/mic_tnjk_4.webp
55	30	25	39	/soya2/sourcing/img_soya/v1_02_8-Oreiller_Soya_1.0_img3.webp	/soya2/sourcing/img_mkt/mic_tnjk_7.webp
55	30	25	40	/soya/gallery/02.jpg	/soya2/sourcing/img_mkt/mic_jty_12.webp
55	30	25	40	/soya2/sourcing/img_soya/v3_42_41.1.png	/soya_prix/imgs/somnilys_1.img
55	30	25	49	/soya2/sourcing/img_soya/voy_02_9-Oreiller-de-Voyage-Ergonomique-Soya_img3.webp	/soya2/sourcing/img_mkt/jty_knee_5.webp
55	32	23	21	/soya/gallery/33.jpg	/soya2/sourcing/img_mkt/comfy_7.img
55	32	23	21	/soya2/sourcing/img_soya/h3_14_7687678_2.png	/soya2/sourcing/img_mkt/derila_2.img
55	32	23	21	/soya2/sourcing/img_soya/v3_29_7687678_2_0409bb9a-6b40-434d-807f-98da5554945a.png	/soya2/sourcing/img_mkt/derila_2.img
55	32	23	23	/soya2/sourcing/img_soya/regl_01_14-Ensemble_Oreillers_Reglables_img2.webp	/soya2/sourcing/img_mkt/confal_1.img
55	32	23	23	/soya2/sourcing/img_soya/regl_01_14-Ensemble_Oreillers_Reglables_img2.webp	/soya_prix/imgs/confortalign_1.img
55	32	23	26	/soya2/sourcing/img_soya/voy_03_9-Oreiller-de-Voyage-Ergonomique-Soya_img4.webp	/soya2/sourcing/img_mkt/jty_p6036_1.webp
55	32	23	27	/soya2/sourcing/img_soya/v2_02_1-oreiller-soya-2_0_img3_5f834f33-5e47-49e1-a6a1-34e17f3341b	/soya2/sourcing/img_mkt/comfy_4.img
55	32	23	31	/soya/gallery/10.jpg	/soya2/sourcing/img_mkt/mic_jty_2.webp
55	32	23	32	/soya/gallery/08.jpg	/soya2/sourcing/img_mkt/comfy_6.img
55	32	23	33	/soya/gallery/06.jpg	/soya2/sourcing/img_mkt/jty_knee_6.webp
55	32	23	33	/soya/gallery/18.jpg	/soya2/sourcing/img_mkt/jty_knee_6.webp
55	32	23	33	/soya/gallery/22.jpg	/soya2/sourcing/img_mkt/jty_knee_6.webp
55	32	23	33	/soya/gallery/28.jpg	/soya2/sourcing/img_mkt/jty_knee_6.webp
55	32	23	33	/soya2/sourcing/img_soya/voy_03_9-Oreiller-de-Voyage-Ergonomique-Soya_img4.webp	/soya2/sourcing/img_mkt/mic_jty_8.webp
55	32	23	35	/soya/gallery/32.jpg	/soya2/sourcing/img_mkt/jty_knee_2.webp
55	32	23	35	/soya2/sourcing/img_soya/v3_00_18.png	/soya2/sourcing/img_mkt/comfy_4.img
55	32	23	35	/soya2/sourcing/img_soya/v3_36_34.png	/soya2/sourcing/img_mkt/comfy_4.img
55	32	23	38	/soya2/sourcing/img_soya/v3_30_IMG_9178.png	/soya_prix/imgs/somnilys_1.img
55	32	23	40	/soya/gallery/11.jpg	/soya_prix/imgs/somnilys_1.img
55	34	21	21	/soya2/sourcing/img_soya/voy_03_9-Oreiller-de-Voyage-Ergonomique-Soya_img4.webp	/soya2/sourcing/img_mkt/jty_p6036_4.webp
56	20	36	21	/soya2/sourcing/img_soya/v1_02_8-Oreiller_Soya_1.0_img3.webp	/soya2/sourcing/img_mkt/jty_knee_6.webp
56	20	36	36	/soya2/sourcing/img_soya/v3_35_SOYA_3.0_Grey_1.jpg	/soya_prix/imgs/zamatsle_1.img
56	22	34	4	/soya2/sourcing/img_soya/v3_25_Soya_3.0_grey_2_2e59cacb-6ebc-4f36-8a81-44478c9d4589.png	/soya2/sourcing/img_mkt/derila_0.img
56	22	34	16	/soya2/sourcing/img_soya/enf_03_KIDSP1_5.png	/soya_prix/imgs/zamatsle_1.img
56	22	34	20	/soya2/sourcing/img_soya/v2_07_1-oreiller-soya-2_0_img7_43909438-1603-4e59-add4-f987f4acd78	/soya_prix/imgs/inphysio_1.img
56	22	34	22	/soya/gallery/08.jpg	/soya_prix/imgs/zamatsle_0.img
56	22	34	31	/soya2/sourcing/img_soya/v3_35_SOYA_3.0_Grey_1.jpg	/soya2/sourcing/img_mkt/comfy_1.img
56	22	34	31	/soya2/sourcing/img_soya/v3_35_SOYA_3.0_Grey_1.jpg	/soya_prix/imgs/comfysle_1.img
56	22	34	33	/soya2/sourcing/img_soya/v3_35_SOYA_3.0_Grey_1.jpg	/soya2/sourcing/img_mkt/derila_1.img
56	22	34	40	/soya2/sourcing/img_soya/enf_13_KIDS_PINK_3.png	/soya_prix/imgs/inphysio_0.img
56	24	32	8	/soya2/sourcing/img_soya/voy_04_9-Oreiller-de-Voyage-Ergonomique-Soya_img5.webp	/soya2/sourcing/img_mkt/derila_1.img
56	24	32	8	/soya2/sourcing/img_soya/voy_05_9-Oreiller-de-Voyage-Ergonomique-Soya_img6.webp	/soya2/sourcing/img_mkt/derila_1.img
56	24	32	8	/soya2/sourcing/img_soya/voy_06_9-Oreiller-de-Voyage-Ergonomique-Soya_img7.webp	/soya2/sourcing/img_mkt/derila_1.img
56	24	32	11	/soya/gallery/29.jpg	/soya_prix/imgs/somnilys_0.img
56	24	32	14	/soya2/sourcing/img_soya/v1_03_8-Oreiller_Soya_1.0_img4.webp	/soya_prix/imgs/zamatsle_0.img
56	24	32	15	/soya/gallery/13.jpg	/soya2/sourcing/img_mkt/jty_p6036_1.webp
56	24	32	15	/soya/gallery/25.jpg	/soya2/sourcing/img_mkt/jty_p6036_1.webp
56	24	32	17	/soya2/sourcing/img_soya/enf_02_KIDSP1_6.png	/soya_prix/imgs/comfysle_3.img
56	24	32	19	/soya/gallery/13.jpg	/soya2/sourcing/img_mkt/jty_p6036_5.webp
56	24	32	19	/soya/gallery/25.jpg	/soya2/sourcing/img_mkt/jty_p6036_5.webp
56	24	32	26	/soya/gallery/39.jpg	/soya_prix/imgs/zamatsle_3.img
56	24	32	26	/soya2/sourcing/img_soya/v3_00_18.png	/soya2/sourcing/img_mkt/jty_p6036_2.webp
56	24	32	26	/soya2/sourcing/img_soya/v3_24_SOYA_3.0_Grey-2.jpg	/soya_prix/imgs/inphysio_1.img
56	24	32	26	/soya2/sourcing/img_soya/v3_36_34.png	/soya2/sourcing/img_mkt/jty_p6036_2.webp
56	24	32	28	/soya/gallery/20.jpg	/soya2/sourcing/img_mkt/jty_knee_1.webp
56	24	32	29	/soya2/sourcing/img_soya/lomb_00_4-Coussin_Lombaire_Ergonomique_Soya_couverture_HD.webp	/soya2/sourcing/img_mkt/comfy_3.img
56	24	32	30	/soya2/sourcing/img_soya/enf_18_KIDS_YELLOW_2.png	/soya2/sourcing/img_mkt/mic_jty_12.webp
56	24	32	30	/soya2/sourcing/img_soya/henf_05_KIDS_YELLOW_2.png	/soya2/sourcing/img_mkt/mic_jty_12.webp
56	24	32	30	/soya2/sourcing/img_soya/v3_30_IMG_9178.png	/soya2/sourcing/img_mkt/comfy_7.img
56	24	32	30	/soya2/sourcing/img_soya/voy_02_9-Oreiller-de-Voyage-Ergonomique-Soya_img3.webp	/soya2/sourcing/img_mkt/jty_p6036_1.webp
56	24	32	31	/soya2/sourcing/img_soya/v3_31_Firefly_Gemini_Flash_Generate_the_same_image_exactly_as_the_	/soya2/sourcing/img_mkt/derila_3.img
56	24	32	32	/soya2/sourcing/img_soya/v2_04_1-oreiller-soya-2_0_img5_a8a3199e-0071-4043-a899-f89baff5294	/soya_prix/imgs/zamatsle_3.img
56	24	32	33	/soya2/sourcing/img_soya/h2_03_2-housse_Oreiller_de_Rechange_Soya_img5.webp	/soya2/sourcing/img_mkt/comfy_0.img
56	24	32	35	/soya2/sourcing/img_soya/enf_13_KIDS_PINK_3.png	/soya2/sourcing/img_mkt/jty_knee_3.webp
56	24	32	45	/soya2/sourcing/img_soya/enf_12_KIDS_PINK_5.png	/soya_prix/imgs/comfysle_0.img
56	24	32	45	/soya2/sourcing/img_soya/v3_12_2_782a3829-4b96-451b-93e4-630d8f06e705.png	/soya2/sourcing/img_mkt/comfy_2.img
56	24	32	45	/soya2/sourcing/img_soya/v3_24_SOYA_3.0_Grey-2.jpg	/soya2/sourcing/img_mkt/comfy_2.img
56	24	32	46	/soya2/sourcing/img_soya/v3_35_SOYA_3.0_Grey_1.jpg	/soya_prix/imgs/comfysle_2.img
56	26	30	5	/soya2/sourcing/img_soya/v3_25_Soya_3.0_grey_2_2e59cacb-6ebc-4f36-8a81-44478c9d4589.png	/soya_prix/imgs/zamatsle_2.img
56	26	30	16	/soya/gallery/34.jpg	/soya2/sourcing/img_mkt/mic_jty_3.webp
56	26	30	16	/soya2/sourcing/img_soya/v3_31_Firefly_Gemini_Flash_Generate_the_same_image_exactly_as_the_	/soya2/sourcing/img_mkt/jty_p6036_1.webp
56	26	30	19	/soya/gallery/29.jpg	/soya2/sourcing/img_mkt/derila_5.img
56	26	30	19	/soya2/sourcing/img_soya/enf_09_KIDS_PINK_2.png	/soya2/sourcing/img_mkt/comfy_3.img
56	26	30	22	/soya/gallery/01.jpg	/soya_prix/imgs/somnilys_2.img
56	26	30	22	/soya/gallery/03.jpg	/soya2/sourcing/img_mkt/jty_knee_6.webp
56	26	30	22	/soya/gallery/12.jpg	/soya_prix/imgs/somnilys_2.img
56	26	30	22	/soya/gallery/14.jpg	/soya2/sourcing/img_mkt/jty_knee_6.webp
56	26	30	22	/soya/gallery/24.jpg	/soya_prix/imgs/somnilys_2.img
56	26	30	22	/soya/gallery/27.jpg	/soya2/sourcing/img_mkt/jty_knee_6.webp
56	26	30	22	/soya/gallery/33.jpg	/soya_prix/imgs/inphysio_2.img
56	26	30	23	/soya2/sourcing/img_soya/voy_00_9-Oreiller-de-Voyage-Ergonomique-Soyacouverture_HD.webp	/soya2/sourcing/img_mkt/mic_tnjk_11.webp
56	26	30	23	/soya2/sourcing/img_soya/voy_00_9-Oreiller-de-Voyage-Ergonomique-Soyacouverture_HD.webp	/soya2/sourcing/img_mkt/mic_tnjk_4.webp
56	26	30	23	/soya2/sourcing/img_soya/voy_00_9-Oreiller-de-Voyage-Ergonomique-Soyacouverture_HD.webp	/soya2/sourcing/img_mkt/mic_tnjk_7.webp
56	26	30	24	/soya2/sourcing/img_soya/enf_10_KIDS_PINK_1.png	/soya_prix/imgs/comfysle_3.img
56	26	30	24	/soya2/sourcing/img_soya/regl_01_14-Ensemble_Oreillers_Reglables_img2.webp	/soya2/sourcing/img_mkt/comfy_3.img
56	26	30	25	/soya/gallery/03.jpg	/soya2/sourcing/img_mkt/jty_knee_5.webp
56	26	30	25	/soya/gallery/05.jpg	/soya2/sourcing/img_mkt/jty_p6036_2.webp
56	26	30	25	/soya/gallery/14.jpg	/soya2/sourcing/img_mkt/jty_knee_5.webp
56	26	30	25	/soya/gallery/27.jpg	/soya2/sourcing/img_mkt/jty_knee_5.webp
56	26	30	26	/soya2/sourcing/img_soya/enf_09_KIDS_PINK_2.png	/soya2/sourcing/img_mkt/derila_1.img
56	26	30	26	/soya2/sourcing/img_soya/h2_02_2-housse_Oreiller_de_Rechange_Soya_img3.webp	/soya2/sourcing/img_mkt/jty_knee_3.webp
56	26	30	26	/soya2/sourcing/img_soya/v1_04_8-Oreiller_Soya_1.0_img5.webp	/soya_prix/imgs/zamatsle_2.img
56	26	30	26	/soya2/sourcing/img_soya/v3_34_Soya_3.0_Grey.png	/soya2/sourcing/img_mkt/mic_tnjk_11.webp
56	26	30	26	/soya2/sourcing/img_soya/v3_34_Soya_3.0_Grey.png	/soya2/sourcing/img_mkt/mic_tnjk_4.webp
56	26	30	26	/soya2/sourcing/img_soya/v3_34_Soya_3.0_Grey.png	/soya2/sourcing/img_mkt/mic_tnjk_7.webp
56	26	30	28	/soya/gallery/13.jpg	/soya2/sourcing/img_mkt/mic_jty_2.webp
56	26	30	28	/soya/gallery/17.jpg	/soya2/sourcing/img_mkt/jty_knee_5.webp
56	26	30	28	/soya2/sourcing/img_soya/h2_03_2-housse_Oreiller_de_Rechange_Soya_img5.webp	/soya2/sourcing/img_mkt/confal_5.img
56	26	30	28	/soya2/sourcing/img_soya/v3_24_SOYA_3.0_Grey-2.jpg	/soya_prix/imgs/comfysle_3.img
56	26	30	29	/soya/gallery/07.jpg	/soya2/sourcing/img_mkt/mic_jty_12.webp
56	26	30	29	/soya2/sourcing/img_soya/h2_02_2-housse_Oreiller_de_Rechange_Soya_img3.webp	/soya_prix/imgs/zamatsle_3.img
56	26	30	29	/soya2/sourcing/img_soya/voy_04_9-Oreiller-de-Voyage-Ergonomique-Soya_img5.webp	/soya2/sourcing/img_mkt/mic_jty_2.webp
56	26	30	29	/soya2/sourcing/img_soya/voy_05_9-Oreiller-de-Voyage-Ergonomique-Soya_img6.webp	/soya2/sourcing/img_mkt/mic_jty_2.webp
56	26	30	29	/soya2/sourcing/img_soya/voy_06_9-Oreiller-de-Voyage-Ergonomique-Soya_img7.webp	/soya2/sourcing/img_mkt/mic_jty_2.webp
56	26	30	30	/soya2/sourcing/img_soya/enf_04_KIDSP1_1.png	/soya2/sourcing/img_mkt/mic_jty_12.webp
56	26	30	30	/soya2/sourcing/img_soya/henf_03_KIDSP1_1.png	/soya2/sourcing/img_mkt/mic_jty_12.webp
56	26	30	30	/soya2/sourcing/img_soya/v1_04_8-Oreiller_Soya_1.0_img5.webp	/soya2/sourcing/img_mkt/mic_jty_5.webp
56	26	30	30	/soya2/sourcing/img_soya/v2_05_Oreiller_position_4.png	/soya2/sourcing/img_mkt/comfy_7.img
56	26	30	31	/soya/gallery/16.jpg	/soya2/sourcing/img_mkt/mic_jty_2.webp
56	26	30	31	/soya/gallery/39.jpg	/soya2/sourcing/img_mkt/confal_1.img
56	26	30	31	/soya/gallery/39.jpg	/soya_prix/imgs/confortalign_1.img
56	26	30	31	/soya2/sourcing/img_soya/enf_11_KIDS_PINK_7.png	/soya2/sourcing/img_mkt/mic_jty_12.webp
56	26	30	31	/soya2/sourcing/img_soya/enf_19_KIDS_YELLOW_3.png	/soya2/sourcing/img_mkt/jty_knee_5.webp
56	26	30	31	/soya2/sourcing/img_soya/henf_04_KIDS_PINK_7.png	/soya2/sourcing/img_mkt/mic_jty_12.webp
56	26	30	34	/soya/gallery/39.jpg	/soya2/sourcing/img_mkt/derila_5.img
56	26	30	35	/soya/gallery/02.jpg	/soya_prix/imgs/zamatsle_1.img
56	26	30	35	/soya2/sourcing/img_soya/v1_02_8-Oreiller_Soya_1.0_img3.webp	/soya_prix/imgs/comfysle_0.img
56	26	30	36	/soya/gallery/25.jpg	/soya_prix/imgs/htconfort_0.img
56	26	30	36	/soya2/sourcing/img_soya/enf_11_KIDS_PINK_7.png	/soya_prix/imgs/somnilys_0.img
56	26	30	36	/soya2/sourcing/img_soya/enf_12_KIDS_PINK_5.png	/soya_prix/imgs/inphysio_0.img
56	26	30	36	/soya2/sourcing/img_soya/henf_04_KIDS_PINK_7.png	/soya_prix/imgs/somnilys_0.img
56	26	30	36	/soya2/sourcing/img_soya/v1_04_8-Oreiller_Soya_1.0_img5.webp	/soya2/sourcing/img_mkt/jty_p6036_1.webp
56	26	30	37	/soya/gallery/17.jpg	/soya2/sourcing/img_mkt/confal_2.img
56	26	30	37	/soya/gallery/17.jpg	/soya_prix/imgs/confortalign_2.img
56	26	30	38	/soya2/sourcing/img_soya/v3_32_Soya_3.0_Grey_1.png	/soya_prix/imgs/zamatsle_1.img
56	26	30	39	/soya/gallery/13.jpg	/soya2/sourcing/img_mkt/jty_p6036_6.webp
56	26	30	39	/soya2/sourcing/img_soya/v3_27_Firefly_Gemini_Flash_Generate_the_same_image_exactly_as_the_	/soya2/sourcing/img_mkt/jty_knee_5.webp
56	26	30	40	/soya2/sourcing/img_soya/v3_24_SOYA_3.0_Grey-2.jpg	/soya2/sourcing/img_mkt/derila_2.img
56	26	30	41	/soya2/sourcing/img_soya/enf_19_KIDS_YELLOW_3.png	/soya2/sourcing/img_mkt/confal_5.img
56	26	30	42	/soya2/sourcing/img_soya/enf_05_KIDSP1_3.jpg	/soya_prix/imgs/htconfort_1.img
56	26	30	45	/soya/gallery/16.jpg	/soya_prix/imgs/comfysle_2.img
56	26	30	46	/soya2/sourcing/img_soya/enf_05_KIDSP1_3.jpg	/soya_prix/imgs/comfysle_0.img
56	26	30	50	/soya2/sourcing/img_soya/v2_00_1-oreiller-soya-2_0HD.webp	/soya2/sourcing/img_mkt/comfy_0.img
56	26	30	50	/soya2/sourcing/img_soya/v2_00_1-oreiller-soya-2_0HD.webp	/soya_prix/imgs/comfysle_0.img
56	28	28	9	/soya/gallery/34.jpg	/soya2/sourcing/img_mkt/jty_p6036_3.webp
56	28	28	13	/soya2/sourcing/img_soya/v2_05_Oreiller_position_4.png	/soya2/sourcing/img_mkt/jty_p6036_3.webp
56	28	28	14	/soya/gallery/01.jpg	/soya2/sourcing/img_mkt/confal_0.img
56	28	28	14	/soya/gallery/01.jpg	/soya_prix/imgs/confortalign_0.img
56	28	28	14	/soya/gallery/12.jpg	/soya2/sourcing/img_mkt/confal_0.img
56	28	28	14	/soya/gallery/12.jpg	/soya_prix/imgs/confortalign_0.img
56	28	28	14	/soya/gallery/24.jpg	/soya2/sourcing/img_mkt/confal_0.img
56	28	28	14	/soya/gallery/24.jpg	/soya_prix/imgs/confortalign_0.img
56	28	28	14	/soya2/sourcing/img_soya/v3_35_SOYA_3.0_Grey_1.jpg	/soya2/sourcing/img_mkt/mic_jty_3.webp
56	28	28	17	/soya2/sourcing/img_soya/v3_25_Soya_3.0_grey_2_2e59cacb-6ebc-4f36-8a81-44478c9d4589.png	/soya2/sourcing/img_mkt/jty_p6036_6.webp
56	28	28	18	/soya/gallery/06.jpg	/soya_prix/imgs/htconfort_0.img
56	28	28	18	/soya/gallery/18.jpg	/soya_prix/imgs/htconfort_0.img
56	28	28	18	/soya/gallery/22.jpg	/soya_prix/imgs/htconfort_0.img
56	28	28	18	/soya/gallery/28.jpg	/soya_prix/imgs/htconfort_0.img
56	28	28	18	/soya2/sourcing/img_soya/v3_25_Soya_3.0_grey_2_2e59cacb-6ebc-4f36-8a81-44478c9d4589.png	/soya2/sourcing/img_mkt/jty_knee_2.webp
56	28	28	19	/soya2/sourcing/img_soya/h3_00_13_c9363db8-d780-4903-9a97-df55d0478686.png	/soya2/sourcing/img_mkt/mic_jty_3.webp
56	28	28	19	/soya2/sourcing/img_soya/v1_03_8-Oreiller_Soya_1.0_img4.webp	/soya_prix/imgs/zamatsle_2.img
56	28	28	20	/soya2/sourcing/img_soya/enf_14_KIDS_YELLOW_6.jpg	/soya_prix/imgs/inphysio_1.img
56	28	28	23	/soya/gallery/38.jpg	/soya2/sourcing/img_mkt/derila_4.img
56	28	28	23	/soya2/sourcing/img_soya/enf_01_KIDSP1_4.jpg	/soya2/sourcing/img_mkt/jty_p6036_4.webp
56	28	28	23	/soya2/sourcing/img_soya/enf_17_KIDS_YELLOW_1.png	/soya2/sourcing/img_mkt/comfy_3.img
56	28	28	24	/soya2/sourcing/img_soya/h3_14_7687678_2.png	/soya2/sourcing/img_mkt/derila_4.img
56	28	28	24	/soya2/sourcing/img_soya/v3_29_7687678_2_0409bb9a-6b40-434d-807f-98da5554945a.png	/soya2/sourcing/img_mkt/derila_4.img
56	28	28	25	/soya/gallery/01.jpg	/soya2/sourcing/img_mkt/derila_4.img
56	28	28	25	/soya/gallery/12.jpg	/soya2/sourcing/img_mkt/derila_4.img
56	28	28	25	/soya/gallery/24.jpg	/soya2/sourcing/img_mkt/derila_4.img
56	28	28	25	/soya2/sourcing/img_soya/enf_16_KIDS_YELLOW_7.png	/soya2/sourcing/img_mkt/derila_1.img
56	28	28	25	/soya2/sourcing/img_soya/h3_13_Soya_3.0_Grey_2.png	/soya_prix/imgs/inphysio_0.img
56	28	28	25	/soya2/sourcing/img_soya/regl_02_14-Ensemble_Oreillers_Reglables_img3.webp	/soya2/sourcing/img_mkt/derila_1.img
56	28	28	25	/soya2/sourcing/img_soya/v3_28_Soya_3.0_Grey_2_47c0e3de-4c91-48dd-960e-4a36d6b20353.png	/soya_prix/imgs/inphysio_0.img
56	28	28	26	/soya/gallery/03.jpg	/soya2/sourcing/img_mkt/jty_knee_1.webp
56	28	28	26	/soya/gallery/14.jpg	/soya2/sourcing/img_mkt/jty_knee_1.webp
56	28	28	26	/soya/gallery/23.jpg	/soya2/sourcing/img_mkt/mic_jty_5.webp
56	28	28	26	/soya/gallery/27.jpg	/soya2/sourcing/img_mkt/jty_knee_1.webp
56	28	28	26	/soya/gallery/35.jpg	/soya2/sourcing/img_mkt/mic_tnjk_11.webp
56	28	28	26	/soya/gallery/35.jpg	/soya2/sourcing/img_mkt/mic_tnjk_4.webp
56	28	28	26	/soya/gallery/35.jpg	/soya2/sourcing/img_mkt/mic_tnjk_7.webp
56	28	28	26	/soya2/sourcing/img_soya/enf_17_KIDS_YELLOW_1.png	/soya2/sourcing/img_mkt/comfy_1.img
56	28	28	26	/soya2/sourcing/img_soya/enf_17_KIDS_YELLOW_1.png	/soya_prix/imgs/comfysle_1.img
56	28	28	26	/soya2/sourcing/img_soya/h2_01_2-housse_Oreiller_de_Rechange_Soya_img4.webp	/soya2/sourcing/img_mkt/comfy_6.img
56	28	28	26	/soya2/sourcing/img_soya/h3_13_Soya_3.0_Grey_2.png	/soya2/sourcing/img_mkt/derila_2.img
56	28	28	26	/soya2/sourcing/img_soya/v2_03_1-oreiller-soya-2_0_img4_39d31902-82e0-42b3-a8cb-6b71e2ebfe7	/soya2/sourcing/img_mkt/comfy_6.img
56	28	28	26	/soya2/sourcing/img_soya/v3_12_2_782a3829-4b96-451b-93e4-630d8f06e705.png	/soya_prix/imgs/htconfort_1.img
56	28	28	26	/soya2/sourcing/img_soya/v3_28_Soya_3.0_Grey_2_47c0e3de-4c91-48dd-960e-4a36d6b20353.png	/soya2/sourcing/img_mkt/derila_2.img
56	28	28	27	/soya/gallery/20.jpg	/soya2/sourcing/img_mkt/confal_4.img
56	28	28	28	/soya2/sourcing/img_soya/enf_10_KIDS_PINK_1.png	/soya2/sourcing/img_mkt/comfy_0.img
56	28	28	28	/soya2/sourcing/img_soya/enf_10_KIDS_PINK_1.png	/soya_prix/imgs/comfysle_0.img
56	28	28	28	/soya2/sourcing/img_soya/v2_00_1-oreiller-soya-2_0HD.webp	/soya2/sourcing/img_mkt/jty_knee_6.webp
56	28	28	29	/soya2/sourcing/img_soya/regl_02_14-Ensemble_Oreillers_Reglables_img3.webp	/soya2/sourcing/img_mkt/jty_p6036_3.webp
56	28	28	30	/soya/gallery/30.jpg	/soya2/sourcing/img_mkt/confal_0.img
56	28	28	30	/soya/gallery/30.jpg	/soya_prix/imgs/confortalign_0.img
56	28	28	30	/soya2/sourcing/img_soya/enf_09_KIDS_PINK_2.png	/soya_prix/imgs/htconfort_2.img
56	28	28	30	/soya2/sourcing/img_soya/h2_00_2-housse_Oreiller_de_Rechange_Soya_HD.webp	/soya2/sourcing/img_mkt/mic_jty_2.webp
56	28	28	31	/soya/gallery/09.jpg	/soya2/sourcing/img_mkt/jty_p6036_3.webp
56	28	28	31	/soya2/sourcing/img_soya/h2_02_2-housse_Oreiller_de_Rechange_Soya_img3.webp	/soya2/sourcing/img_mkt/derila_5.img
56	28	28	31	/soya2/sourcing/img_soya/v2_04_1-oreiller-soya-2_0_img5_a8a3199e-0071-4043-a899-f89baff5294	/soya2/sourcing/img_mkt/confal_1.img
56	28	28	31	/soya2/sourcing/img_soya/v2_04_1-oreiller-soya-2_0_img5_a8a3199e-0071-4043-a899-f89baff5294	/soya_prix/imgs/confortalign_1.img
56	28	28	31	/soya2/sourcing/img_soya/voy_01_9-Oreiller-de-Voyage-Ergonomique-Soya_img2.webp	/soya2/sourcing/img_mkt/derila_6.img
56	28	28	32	/soya/gallery/30.jpg	/soya2/sourcing/img_mkt/jty_p6036_1.webp
56	28	28	32	/soya2/sourcing/img_soya/v1_00_8-Oreiller_Soya_1.0_couverture_HD.webp	/soya2/sourcing/img_mkt/mic_tnjk_10.webp
56	28	28	32	/soya2/sourcing/img_soya/v1_00_8-Oreiller_Soya_1.0_couverture_HD.webp	/soya2/sourcing/img_mkt/mic_tnjk_6.webp
56	28	28	32	/soya2/sourcing/img_soya/v1_00_8-Oreiller_Soya_1.0_couverture_HD.webp	/soya2/sourcing/img_mkt/mic_tnjk_9.webp
56	28	28	33	/soya2/sourcing/img_soya/enf_16_KIDS_YELLOW_7.png	/soya2/sourcing/img_mkt/mic_jty_5.webp
56	28	28	33	/soya2/sourcing/img_soya/henf_00_KIDS_P_1_2.png	/soya_prix/imgs/zamatsle_3.img
56	28	28	33	/soya2/sourcing/img_soya/henf_01_KIDS_P_1_4.png	/soya_prix/imgs/zamatsle_3.img
56	28	28	33	/soya2/sourcing/img_soya/voy_00_9-Oreiller-de-Voyage-Ergonomique-Soyacouverture_HD.webp	/soya2/sourcing/img_mkt/derila_6.img
56	28	28	34	/soya/gallery/30.jpg	/soya2/sourcing/img_mkt/jty_p6036_2.webp
56	28	28	34	/soya2/sourcing/img_soya/enf_07_KIDS_PINK_6.jpg	/soya_prix/imgs/somnilys_0.img
56	28	28	34	/soya2/sourcing/img_soya/v1_00_8-Oreiller_Soya_1.0_couverture_HD.webp	/soya2/sourcing/img_mkt/confal_4.img
56	28	28	35	/soya/gallery/21.jpg	/soya2/sourcing/img_mkt/jty_p6036_3.webp
56	28	28	35	/soya2/sourcing/img_soya/enf_03_KIDSP1_5.png	/soya2/sourcing/img_mkt/jty_p6036_5.webp
56	28	28	35	/soya2/sourcing/img_soya/enf_19_KIDS_YELLOW_3.png	/soya_prix/imgs/inphysio_0.img
56	28	28	35	/soya2/sourcing/img_soya/h3_00_13_c9363db8-d780-4903-9a97-df55d0478686.png	/soya_prix/imgs/comfysle_2.img
56	28	28	35	/soya2/sourcing/img_soya/v2_02_1-oreiller-soya-2_0_img3_5f834f33-5e47-49e1-a6a1-34e17f3341b	/soya2/sourcing/img_mkt/derila_4.img
56	28	28	35	/soya2/sourcing/img_soya/voy_00_9-Oreiller-de-Voyage-Ergonomique-Soyacouverture_HD.webp	/soya2/sourcing/img_mkt/mic_jty_1.webp
56	28	28	37	/soya/gallery/03.jpg	/soya2/sourcing/img_mkt/confal_4.img
56	28	28	37	/soya/gallery/14.jpg	/soya2/sourcing/img_mkt/confal_4.img
56	28	28	37	/soya/gallery/27.jpg	/soya2/sourcing/img_mkt/confal_4.img
56	28	28	37	/soya2/sourcing/img_soya/h3_04_14_feded688-a4ff-4333-8fba-e9a2e53c877a.png	/soya2/sourcing/img_mkt/jty_knee_3.webp
56	28	28	37	/soya2/sourcing/img_soya/h3_08_15_eb23f129-89f3-4ffc-be96-9e67ce1c745f.png	/soya2/sourcing/img_mkt/jty_knee_3.webp
56	28	28	38	/soya2/sourcing/img_soya/h2_00_2-housse_Oreiller_de_Rechange_Soya_HD.webp	/soya_prix/imgs/zamatsle_1.img
56	28	28	38	/soya2/sourcing/img_soya/v3_30_IMG_9178.png	/soya2/sourcing/img_mkt/jty_p6036_4.webp
56	28	28	39	/soya2/sourcing/img_soya/h3_00_13_c9363db8-d780-4903-9a97-df55d0478686.png	/soya2/sourcing/img_mkt/comfy_7.img
56	28	28	39	/soya2/sourcing/img_soya/h3_12_7687678_3.png	/soya2/sourcing/img_mkt/comfy_7.img
56	28	28	42	/soya/gallery/32.jpg	/soya_prix/imgs/inphysio_2.img
56	28	28	42	/soya2/sourcing/img_soya/h3_00_13_c9363db8-d780-4903-9a97-df55d0478686.png	/soya2/sourcing/img_mkt/derila_6.img
56	28	28	42	/soya2/sourcing/img_soya/h3_12_7687678_3.png	/soya2/sourcing/img_mkt/derila_6.img
56	28	28	42	/soya2/sourcing/img_soya/h3_15_7687678_1.png	/soya2/sourcing/img_mkt/confal_4.img
56	28	28	42	/soya2/sourcing/img_soya/lomb_04_3_9225ca02-f60c-47d3-b26c-49df6ebba454.png	/soya2/sourcing/img_mkt/comfy_6.img
56	28	28	43	/soya2/sourcing/img_soya/enf_12_KIDS_PINK_5.png	/soya_prix/imgs/htconfort_1.img
56	28	28	43	/soya2/sourcing/img_soya/henf_01_KIDS_P_1_4.png	/soya2/sourcing/img_mkt/comfy_2.img
56	28	28	44	/soya2/sourcing/img_soya/lomb_04_3_9225ca02-f60c-47d3-b26c-49df6ebba454.png	/soya2/sourcing/img_mkt/derila_5.img
56	28	28	44	/soya2/sourcing/img_soya/v3_33_Soya_3.0_Grey_4.png	/soya_prix/imgs/comfysle_0.img
56	28	28	48	/soya2/sourcing/img_soya/enf_00_KIDSP2.jpg	/soya2/sourcing/img_mkt/comfy_2.img
56	30	26	12	/soya/gallery/35.jpg	/soya2/sourcing/img_mkt/confal_0.img
56	30	26	12	/soya/gallery/35.jpg	/soya_prix/imgs/confortalign_0.img
56	30	26	12	/soya2/sourcing/img_soya/voy_02_9-Oreiller-de-Voyage-Ergonomique-Soya_img3.webp	/soya2/sourcing/img_mkt/jty_p6036_6.webp
56	30	26	13	/soya/gallery/05.jpg	/soya2/sourcing/img_mkt/jty_p6036_1.webp
56	30	26	13	/soya/gallery/34.jpg	/soya2/sourcing/img_mkt/confal_0.img
56	30	26	13	/soya/gallery/34.jpg	/soya_prix/imgs/confortalign_0.img
56	30	26	17	/soya2/sourcing/img_soya/v3_35_SOYA_3.0_Grey_1.jpg	/soya2/sourcing/img_mkt/jty_p6036_3.webp
56	30	26	18	/soya2/sourcing/img_soya/v1_03_8-Oreiller_Soya_1.0_img4.webp	/soya2/sourcing/img_mkt/derila_0.img
56	30	26	18	/soya2/sourcing/img_soya/v3_24_SOYA_3.0_Grey-2.jpg	/soya2/sourcing/img_mkt/comfy_5.img
56	30	26	20	/soya/gallery/33.jpg	/soya2/sourcing/img_mkt/comfy_0.img
56	30	26	20	/soya/gallery/33.jpg	/soya_prix/imgs/comfysle_0.img
56	30	26	20	/soya2/sourcing/img_soya/enf_01_KIDSP1_4.jpg	/soya2/sourcing/img_mkt/derila_1.img
56	30	26	23	/soya/gallery/26.jpg	/soya2/sourcing/img_mkt/derila_3.img
56	30	26	23	/soya/gallery/26.jpg	/soya2/sourcing/img_mkt/mic_jty_2.webp
56	30	26	23	/soya2/sourcing/img_soya/enf_16_KIDS_YELLOW_7.png	/soya_prix/imgs/zamatsle_2.img
56	30	26	24	/soya/gallery/19.jpg	/soya_prix/imgs/inphysio_2.img
56	30	26	25	/soya2/sourcing/img_soya/h3_00_13_c9363db8-d780-4903-9a97-df55d0478686.png	/soya2/sourcing/img_mkt/comfy_3.img
56	30	26	25	/soya2/sourcing/img_soya/regl_02_14-Ensemble_Oreillers_Reglables_img3.webp	/soya2/sourcing/img_mkt/confal_0.img
56	30	26	25	/soya2/sourcing/img_soya/regl_02_14-Ensemble_Oreillers_Reglables_img3.webp	/soya_prix/imgs/confortalign_0.img
56	30	26	25	/soya2/sourcing/img_soya/v3_12_2_782a3829-4b96-451b-93e4-630d8f06e705.png	/soya_prix/imgs/somnilys_0.img
56	30	26	26	/soya/gallery/23.jpg	/soya2/sourcing/img_mkt/jty_p6036_6.webp
56	30	26	26	/soya2/sourcing/img_soya/enf_06_KIDSP1_1.jpg	/soya2/sourcing/img_mkt/mic_tnjk_11.webp
56	30	26	26	/soya2/sourcing/img_soya/enf_06_KIDSP1_1.jpg	/soya2/sourcing/img_mkt/mic_tnjk_4.webp
56	30	26	26	/soya2/sourcing/img_soya/enf_06_KIDSP1_1.jpg	/soya2/sourcing/img_mkt/mic_tnjk_7.webp
56	30	26	26	/soya2/sourcing/img_soya/enf_10_KIDS_PINK_1.png	/soya2/sourcing/img_mkt/jty_knee_3.webp
56	30	26	26	/soya2/sourcing/img_soya/h3_14_7687678_2.png	/soya2/sourcing/img_mkt/mic_jty_2.webp
56	30	26	26	/soya2/sourcing/img_soya/h3_14_7687678_2.png	/soya_prix/imgs/zamatsle_1.img
56	30	26	26	/soya2/sourcing/img_soya/lomb_01_4-Coussin_Lombaire_Ergonomique_Soya_img2.webp	/soya2/sourcing/img_mkt/derila_5.img
56	30	26	26	/soya2/sourcing/img_soya/regl_01_14-Ensemble_Oreillers_Reglables_img2.webp	/soya_prix/imgs/zamatsle_0.img
56	30	26	26	/soya2/sourcing/img_soya/v2_01_1-oreiller-soya-2_0_img2_7d72b6af-35c7-4427-8f15-843f227d977	/soya2/sourcing/img_mkt/derila_5.img
56	30	26	26	/soya2/sourcing/img_soya/v3_29_7687678_2_0409bb9a-6b40-434d-807f-98da5554945a.png	/soya2/sourcing/img_mkt/mic_jty_2.webp
56	30	26	26	/soya2/sourcing/img_soya/v3_29_7687678_2_0409bb9a-6b40-434d-807f-98da5554945a.png	/soya_prix/imgs/zamatsle_1.img
56	30	26	27	/soya/gallery/36.jpg	/soya_prix/imgs/inphysio_0.img
56	30	26	27	/soya/gallery/37.jpg	/soya_prix/imgs/inphysio_0.img
56	30	26	28	/soya/gallery/19.jpg	/soya2/sourcing/img_mkt/confal_3.img
56	30	26	28	/soya2/sourcing/img_soya/h2_00_2-housse_Oreiller_de_Rechange_Soya_HD.webp	/soya2/sourcing/img_mkt/mic_jty_3.webp
56	30	26	28	/soya2/sourcing/img_soya/v2_07_1-oreiller-soya-2_0_img7_43909438-1603-4e59-add4-f987f4acd78	/soya2/sourcing/img_mkt/jty_knee_1.webp
56	30	26	29	/soya2/sourcing/img_soya/enf_08_KIDS_PINK_4.png	/soya2/sourcing/img_mkt/jty_knee_6.webp
56	30	26	29	/soya2/sourcing/img_soya/h3_14_7687678_2.png	/soya2/sourcing/img_mkt/comfy_1.img
56	30	26	29	/soya2/sourcing/img_soya/h3_14_7687678_2.png	/soya_prix/imgs/comfysle_1.img
56	30	26	29	/soya2/sourcing/img_soya/v3_29_7687678_2_0409bb9a-6b40-434d-807f-98da5554945a.png	/soya2/sourcing/img_mkt/comfy_1.img
56	30	26	29	/soya2/sourcing/img_soya/v3_29_7687678_2_0409bb9a-6b40-434d-807f-98da5554945a.png	/soya_prix/imgs/comfysle_1.img
56	30	26	30	/soya/gallery/30.jpg	/soya2/sourcing/img_mkt/jty_p6036_3.webp
56	30	26	31	/soya2/sourcing/img_soya/h3_00_13_c9363db8-d780-4903-9a97-df55d0478686.png	/soya_prix/imgs/zamatsle_1.img
56	30	26	31	/soya2/sourcing/img_soya/h3_12_7687678_3.png	/soya_prix/imgs/zamatsle_1.img
56	30	26	31	/soya2/sourcing/img_soya/v2_08_11_bf88b3df-377c-4ddb-b78a-cc7a164e7755.png	/soya2/sourcing/img_mkt/derila_3.img
56	30	26	32	/soya/gallery/06.jpg	/soya2/sourcing/img_mkt/derila_4.img
56	30	26	32	/soya/gallery/18.jpg	/soya2/sourcing/img_mkt/derila_4.img
56	30	26	32	/soya/gallery/22.jpg	/soya2/sourcing/img_mkt/derila_4.img
56	30	26	32	/soya/gallery/28.jpg	/soya2/sourcing/img_mkt/derila_4.img
56	30	26	32	/soya2/sourcing/img_soya/henf_02_KIDS_P_1_3.png	/soya_prix/imgs/zamatsle_3.img
56	30	26	33	/soya/gallery/15.jpg	/soya2/sourcing/img_mkt/confal_4.img
56	30	26	34	/soya/gallery/05.jpg	/soya2/sourcing/img_mkt/derila_3.img
56	30	26	34	/soya2/sourcing/img_soya/voy_04_9-Oreiller-de-Voyage-Ergonomique-Soya_img5.webp	/soya2/sourcing/img_mkt/mic_jty_1.webp
56	30	26	34	/soya2/sourcing/img_soya/voy_05_9-Oreiller-de-Voyage-Ergonomique-Soya_img6.webp	/soya2/sourcing/img_mkt/mic_jty_1.webp
56	30	26	34	/soya2/sourcing/img_soya/voy_06_9-Oreiller-de-Voyage-Ergonomique-Soya_img7.webp	/soya2/sourcing/img_mkt/mic_jty_1.webp
56	30	26	35	/soya/gallery/23.jpg	/soya_prix/imgs/zamatsle_0.img
56	30	26	35	/soya/gallery/35.jpg	/soya2/sourcing/img_mkt/derila_3.img
56	30	26	35	/soya2/sourcing/img_soya/h3_04_14_feded688-a4ff-4333-8fba-e9a2e53c877a.png	/soya2/sourcing/img_mkt/confal_1.img
56	30	26	35	/soya2/sourcing/img_soya/h3_04_14_feded688-a4ff-4333-8fba-e9a2e53c877a.png	/soya_prix/imgs/confortalign_1.img
56	30	26	36	/soya/gallery/39.jpg	/soya_prix/imgs/inphysio_0.img
56	30	26	38	/soya2/sourcing/img_soya/enf_01_KIDSP1_4.jpg	/soya_prix/imgs/somnilys_2.img
56	30	26	39	/soya2/sourcing/img_soya/v2_05_Oreiller_position_4.png	/soya2/sourcing/img_mkt/jty_p6036_6.webp
56	30	26	41	/soya/gallery/31.jpg	/soya_prix/imgs/inphysio_2.img
56	30	26	46	/soya2/sourcing/img_soya/lomb_00_4-Coussin_Lombaire_Ergonomique_Soya_couverture_HD.webp	/soya_prix/imgs/htconfort_2.img
56	30	26	48	/soya/gallery/39.jpg	/soya2/sourcing/img_mkt/comfy_2.img
56	32	24	15	/soya2/sourcing/img_soya/v2_01_1-oreiller-soya-2_0_img2_7d72b6af-35c7-4427-8f15-843f227d977	/soya_prix/imgs/htconfort_1.img
56	32	24	20	/soya/gallery/38.jpg	/soya2/sourcing/img_mkt/jty_p6036_6.webp
56	32	24	20	/soya2/sourcing/img_soya/v1_01_8-Oreiller_Soya_1.0_img2.webp	/soya2/sourcing/img_mkt/jty_knee_2.webp
56	32	24	26	/soya2/sourcing/img_soya/h3_14_7687678_2.png	/soya_prix/imgs/htconfort_0.img
56	32	24	26	/soya2/sourcing/img_soya/v3_29_7687678_2_0409bb9a-6b40-434d-807f-98da5554945a.png	/soya_prix/imgs/htconfort_0.img
56	32	24	27	/soya/gallery/38.jpg	/soya_prix/imgs/htconfort_0.img
56	32	24	28	/soya/gallery/20.jpg	/soya2/sourcing/img_mkt/comfy_0.img
56	32	24	29	/soya/gallery/08.jpg	/soya2/sourcing/img_mkt/mic_tnjk_11.webp
56	32	24	29	/soya/gallery/08.jpg	/soya2/sourcing/img_mkt/mic_tnjk_4.webp
56	32	24	29	/soya/gallery/08.jpg	/soya2/sourcing/img_mkt/mic_tnjk_7.webp
56	32	24	30	/soya2/sourcing/img_soya/enf_04_KIDSP1_1.png	/soya2/sourcing/img_mkt/jty_knee_3.webp
56	32	24	30	/soya2/sourcing/img_soya/henf_03_KIDSP1_1.png	/soya2/sourcing/img_mkt/jty_knee_3.webp
56	32	24	31	/soya2/sourcing/img_soya/v3_24_SOYA_3.0_Grey-2.jpg	/soya2/sourcing/img_mkt/comfy_4.img
56	32	24	33	/soya/gallery/39.jpg	/soya_prix/imgs/htconfort_1.img
56	32	24	33	/soya2/sourcing/img_soya/enf_04_KIDSP1_1.png	/soya_prix/imgs/zamatsle_3.img
56	32	24	33	/soya2/sourcing/img_soya/henf_03_KIDSP1_1.png	/soya_prix/imgs/zamatsle_3.img
56	32	24	33	/soya2/sourcing/img_soya/regl_02_14-Ensemble_Oreillers_Reglables_img3.webp	/soya_prix/imgs/somnilys_2.img
56	32	24	33	/soya2/sourcing/img_soya/v3_12_2_782a3829-4b96-451b-93e4-630d8f06e705.png	/soya2/sourcing/img_mkt/comfy_4.img
56	32	24	34	/soya/gallery/17.jpg	/soya2/sourcing/img_mkt/comfy_4.img
56	32	24	34	/soya/gallery/17.jpg	/soya_prix/imgs/somnilys_0.img
56	32	24	35	/soya2/sourcing/img_soya/v2_00_1-oreiller-soya-2_0HD.webp	/soya2/sourcing/img_mkt/confal_4.img
56	32	24	36	/soya2/sourcing/img_soya/enf_12_KIDS_PINK_5.png	/soya_prix/imgs/somnilys_1.img
56	32	24	36	/soya2/sourcing/img_soya/lomb_03_4_dc2e6161-802a-4c42-a1d6-b9a0a02ce466.png	/soya2/sourcing/img_mkt/derila_6.img
56	32	24	40	/soya2/sourcing/img_soya/h2_00_2-housse_Oreiller_de_Rechange_Soya_HD.webp	/soya2/sourcing/img_mkt/derila_0.img
56	32	24	42	/soya2/sourcing/img_soya/v2_04_1-oreiller-soya-2_0_img5_a8a3199e-0071-4043-a899-f89baff5294	/soya_prix/imgs/somnilys_1.img
56	32	24	45	/soya2/sourcing/img_soya/lomb_04_3_9225ca02-f60c-47d3-b26c-49df6ebba454.png	/soya_prix/imgs/comfysle_0.img
56	32	24	50	/soya2/sourcing/img_soya/v2_04_1-oreiller-soya-2_0_img5_a8a3199e-0071-4043-a899-f89baff5294	/soya2/sourcing/img_mkt/comfy_2.img
56	34	22	17	/soya2/sourcing/img_soya/voy_04_9-Oreiller-de-Voyage-Ergonomique-Soya_img5.webp	/soya_prix/imgs/htconfort_0.img
56	34	22	17	/soya2/sourcing/img_soya/voy_05_9-Oreiller-de-Voyage-Ergonomique-Soya_img6.webp	/soya_prix/imgs/htconfort_0.img
56	34	22	17	/soya2/sourcing/img_soya/voy_06_9-Oreiller-de-Voyage-Ergonomique-Soya_img7.webp	/soya_prix/imgs/htconfort_0.img
56	34	22	24	/soya2/sourcing/img_soya/h2_01_2-housse_Oreiller_de_Rechange_Soya_img4.webp	/soya2/sourcing/img_mkt/comfy_4.img
56	34	22	24	/soya2/sourcing/img_soya/v2_03_1-oreiller-soya-2_0_img4_39d31902-82e0-42b3-a8cb-6b71e2ebfe7	/soya2/sourcing/img_mkt/comfy_4.img
56	34	22	31	/soya2/sourcing/img_soya/h2_01_2-housse_Oreiller_de_Rechange_Soya_img4.webp	/soya2/sourcing/img_mkt/confal_1.img
56	34	22	31	/soya2/sourcing/img_soya/h2_01_2-housse_Oreiller_de_Rechange_Soya_img4.webp	/soya_prix/imgs/confortalign_1.img
56	34	22	31	/soya2/sourcing/img_soya/v2_03_1-oreiller-soya-2_0_img4_39d31902-82e0-42b3-a8cb-6b71e2ebfe7	/soya2/sourcing/img_mkt/confal_1.img
56	34	22	31	/soya2/sourcing/img_soya/v2_03_1-oreiller-soya-2_0_img4_39d31902-82e0-42b3-a8cb-6b71e2ebfe7	/soya_prix/imgs/confortalign_1.img
56	34	22	34	/soya2/sourcing/img_soya/v1_04_8-Oreiller_Soya_1.0_img5.webp	/soya2/sourcing/img_mkt/confal_0.img
56	34	22	34	/soya2/sourcing/img_soya/v1_04_8-Oreiller_Soya_1.0_img5.webp	/soya_prix/imgs/confortalign_0.img
57	20	37	27	/soya2/sourcing/img_soya/enf_15_KIDS_YELLOW_4.png	/soya2/sourcing/img_mkt/mic_jty_12.webp
57	22	35	14	/soya2/sourcing/img_soya/enf_19_KIDS_YELLOW_3.png	/soya2/sourcing/img_mkt/jty_p6036_5.webp
57	22	35	25	/soya/gallery/08.jpg	/soya_prix/imgs/inphysio_2.img
57	22	35	25	/soya2/sourcing/img_soya/v2_01_1-oreiller-soya-2_0_img2_7d72b6af-35c7-4427-8f15-843f227d977	/soya2/sourcing/img_mkt/mic_tnjk_11.webp
57	22	35	25	/soya2/sourcing/img_soya/v2_01_1-oreiller-soya-2_0_img2_7d72b6af-35c7-4427-8f15-843f227d977	/soya2/sourcing/img_mkt/mic_tnjk_4.webp
57	22	35	25	/soya2/sourcing/img_soya/v2_01_1-oreiller-soya-2_0_img2_7d72b6af-35c7-4427-8f15-843f227d977	/soya2/sourcing/img_mkt/mic_tnjk_7.webp
57	22	35	28	/soya2/sourcing/img_soya/enf_01_KIDSP1_4.jpg	/soya2/sourcing/img_mkt/mic_jty_12.webp
57	22	35	29	/soya2/sourcing/img_soya/enf_11_KIDS_PINK_7.png	/soya2/sourcing/img_mkt/jty_p6036_2.webp
57	22	35	29	/soya2/sourcing/img_soya/henf_04_KIDS_PINK_7.png	/soya2/sourcing/img_mkt/jty_p6036_2.webp
57	22	35	29	/soya2/sourcing/img_soya/v3_25_Soya_3.0_grey_2_2e59cacb-6ebc-4f36-8a81-44478c9d4589.png	/soya2/sourcing/img_mkt/mic_jty_12.webp
57	22	35	32	/soya2/sourcing/img_soya/regl_00_14-Ensemble_Oreillers_Reglables_couverture_HD.webp	/soya2/sourcing/img_mkt/mic_jty_2.webp
57	22	35	37	/soya/gallery/21.jpg	/soya2/sourcing/img_mkt/mic_jty_12.webp
57	22	35	41	/soya/gallery/09.jpg	/soya2/sourcing/img_mkt/mic_jty_12.webp
57	24	33	17	/soya/gallery/07.jpg	/soya2/sourcing/img_mkt/derila_1.img
57	24	33	18	/soya2/sourcing/img_soya/v3_33_Soya_3.0_Grey_4.png	/soya2/sourcing/img_mkt/confal_0.img
57	24	33	18	/soya2/sourcing/img_soya/v3_33_Soya_3.0_Grey_4.png	/soya_prix/imgs/confortalign_0.img
57	24	33	20	/soya2/sourcing/img_soya/henf_02_KIDS_P_1_3.png	/soya2/sourcing/img_mkt/mic_jty_2.webp
57	24	33	23	/soya/gallery/33.jpg	/soya2/sourcing/img_mkt/derila_4.img
57	24	33	24	/soya2/sourcing/img_soya/enf_05_KIDSP1_3.jpg	/soya2/sourcing/img_mkt/jty_p6036_2.webp
57	24	33	24	/soya2/sourcing/img_soya/enf_19_KIDS_YELLOW_3.png	/soya2/sourcing/img_mkt/jty_p6036_2.webp
57	24	33	26	/soya2/sourcing/img_soya/enf_18_KIDS_YELLOW_2.png	/soya2/sourcing/img_mkt/jty_p6036_2.webp
57	24	33	26	/soya2/sourcing/img_soya/henf_05_KIDS_YELLOW_2.png	/soya2/sourcing/img_mkt/jty_p6036_2.webp
57	24	33	27	/soya/gallery/20.jpg	/soya2/sourcing/img_mkt/comfy_7.img
57	24	33	28	/soya/gallery/16.jpg	/soya_prix/imgs/comfysle_3.img
57	24	33	28	/soya2/sourcing/img_soya/h3_12_7687678_3.png	/soya2/sourcing/img_mkt/mic_jty_12.webp
57	24	33	30	/soya2/sourcing/img_soya/lomb_00_4-Coussin_Lombaire_Ergonomique_Soya_couverture_HD.webp	/soya_prix/imgs/comfysle_3.img
57	24	33	30	/soya2/sourcing/img_soya/v3_30_IMG_9178.png	/soya_prix/imgs/zamatsle_3.img
57	24	33	32	/soya2/sourcing/img_soya/v3_42_41.1.png	/soya_prix/imgs/zamatsle_3.img
57	24	33	33	/soya/gallery/02.jpg	/soya_prix/imgs/zamatsle_3.img
57	24	33	33	/soya2/sourcing/img_soya/v3_24_SOYA_3.0_Grey-2.jpg	/soya_prix/imgs/zamatsle_1.img
57	24	33	36	/soya2/sourcing/img_soya/enf_14_KIDS_YELLOW_6.jpg	/soya2/sourcing/img_mkt/comfy_1.img
57	24	33	36	/soya2/sourcing/img_soya/enf_14_KIDS_YELLOW_6.jpg	/soya_prix/imgs/comfysle_1.img
57	24	33	36	/soya2/sourcing/img_soya/v3_32_Soya_3.0_Grey_1.png	/soya_prix/imgs/zamatsle_3.img
57	24	33	36	/soya2/sourcing/img_soya/voy_02_9-Oreiller-de-Voyage-Ergonomique-Soya_img3.webp	/soya2/sourcing/img_mkt/confal_2.img
57	24	33	36	/soya2/sourcing/img_soya/voy_02_9-Oreiller-de-Voyage-Ergonomique-Soya_img3.webp	/soya_prix/imgs/confortalign_2.img
57	24	33	37	/soya2/sourcing/img_soya/h3_08_15_eb23f129-89f3-4ffc-be96-9e67ce1c745f.png	/soya2/sourcing/img_mkt/derila_1.img
57	24	33	37	/soya2/sourcing/img_soya/lomb_04_3_9225ca02-f60c-47d3-b26c-49df6ebba454.png	/soya2/sourcing/img_mkt/derila_6.img
57	24	33	38	/soya/gallery/04.jpg	/soya_prix/imgs/inphysio_0.img
57	24	33	40	/soya/gallery/01.jpg	/soya2/sourcing/img_mkt/derila_2.img
57	24	33	40	/soya/gallery/12.jpg	/soya2/sourcing/img_mkt/derila_2.img
57	24	33	40	/soya/gallery/24.jpg	/soya2/sourcing/img_mkt/derila_2.img
57	24	33	41	/soya2/sourcing/img_soya/voy_00_9-Oreiller-de-Voyage-Ergonomique-Soyacouverture_HD.webp	/soya2/sourcing/img_mkt/derila_2.img
57	24	33	42	/soya2/sourcing/img_soya/v2_06_1-oreiller-soya-2_0_img6_9601dd3b-66d6-4311-b41e-5fd7712bdc1	/soya_prix/imgs/inphysio_2.img
57	24	33	46	/soya2/sourcing/img_soya/v3_35_SOYA_3.0_Grey_1.jpg	/soya2/sourcing/img_mkt/comfy_2.img
57	24	33	47	/soya/gallery/11.jpg	/soya2/sourcing/img_mkt/comfy_0.img
57	24	33	47	/soya2/sourcing/img_soya/v2_00_1-oreiller-soya-2_0HD.webp	/soya2/sourcing/img_mkt/jty_p6036_4.webp
57	26	31	12	/soya/gallery/29.jpg	/soya2/sourcing/img_mkt/derila_1.img
57	26	31	15	/soya/gallery/33.jpg	/soya2/sourcing/img_mkt/jty_knee_2.webp
57	26	31	18	/soya2/sourcing/img_soya/enf_09_KIDS_PINK_2.png	/soya_prix/imgs/comfysle_3.img
57	26	31	18	/soya2/sourcing/img_soya/v2_01_1-oreiller-soya-2_0_img2_7d72b6af-35c7-4427-8f15-843f227d977	/soya2/sourcing/img_mkt/derila_0.img
57	26	31	19	/soya2/sourcing/img_soya/henf_01_KIDS_P_1_4.png	/soya2/sourcing/img_mkt/mic_jty_2.webp
57	26	31	19	/soya2/sourcing/img_soya/v1_03_8-Oreiller_Soya_1.0_img4.webp	/soya2/sourcing/img_mkt/derila_2.img
57	26	31	19	/soya2/sourcing/img_soya/v2_04_1-oreiller-soya-2_0_img5_a8a3199e-0071-4043-a899-f89baff5294	/soya_prix/imgs/somnilys_2.img
57	26	31	20	/soya2/sourcing/img_soya/h3_04_14_feded688-a4ff-4333-8fba-e9a2e53c877a.png	/soya2/sourcing/img_mkt/mic_jty_2.webp
57	26	31	20	/soya2/sourcing/img_soya/henf_00_KIDS_P_1_2.png	/soya2/sourcing/img_mkt/jty_p6036_3.webp
57	26	31	20	/soya2/sourcing/img_soya/henf_01_KIDS_P_1_4.png	/soya2/sourcing/img_mkt/jty_p6036_3.webp
57	26	31	20	/soya2/sourcing/img_soya/lomb_01_4-Coussin_Lombaire_Ergonomique_Soya_img2.webp	/soya2/sourcing/img_mkt/jty_knee_2.webp
57	26	31	20	/soya2/sourcing/img_soya/lomb_01_4-Coussin_Lombaire_Ergonomique_Soya_img2.webp	/soya_prix/imgs/htconfort_0.img
57	26	31	20	/soya2/sourcing/img_soya/v2_07_1-oreiller-soya-2_0_img7_43909438-1603-4e59-add4-f987f4acd78	/soya2/sourcing/img_mkt/mic_tnjk_11.webp
57	26	31	20	/soya2/sourcing/img_soya/v2_07_1-oreiller-soya-2_0_img7_43909438-1603-4e59-add4-f987f4acd78	/soya2/sourcing/img_mkt/mic_tnjk_4.webp
57	26	31	20	/soya2/sourcing/img_soya/v2_07_1-oreiller-soya-2_0_img7_43909438-1603-4e59-add4-f987f4acd78	/soya2/sourcing/img_mkt/mic_tnjk_7.webp
57	26	31	21	/soya/gallery/20.jpg	/soya_prix/imgs/zamatsle_0.img
57	26	31	23	/soya/gallery/20.jpg	/soya_prix/imgs/zamatsle_1.img
57	26	31	23	/soya2/sourcing/img_soya/enf_10_KIDS_PINK_1.png	/soya2/sourcing/img_mkt/comfy_3.img
57	26	31	23	/soya2/sourcing/img_soya/regl_01_14-Ensemble_Oreillers_Reglables_img2.webp	/soya_prix/imgs/comfysle_3.img
57	26	31	24	/soya2/sourcing/img_soya/enf_03_KIDSP1_5.png	/soya2/sourcing/img_mkt/comfy_6.img
57	26	31	25	/soya/gallery/03.jpg	/soya2/sourcing/img_mkt/derila_3.img
57	26	31	25	/soya/gallery/14.jpg	/soya2/sourcing/img_mkt/derila_3.img
57	26	31	25	/soya/gallery/27.jpg	/soya2/sourcing/img_mkt/derila_3.img
57	26	31	25	/soya2/sourcing/img_soya/enf_17_KIDS_YELLOW_1.png	/soya2/sourcing/img_mkt/comfy_4.img
57	26	31	26	/soya2/sourcing/img_soya/regl_00_14-Ensemble_Oreillers_Reglables_couverture_HD.webp	/soya2/sourcing/img_mkt/mic_jty_3.webp
57	26	31	27	/soya2/sourcing/img_soya/h3_13_Soya_3.0_Grey_2.png	/soya_prix/imgs/htconfort_0.img
57	26	31	27	/soya2/sourcing/img_soya/regl_02_14-Ensemble_Oreillers_Reglables_img3.webp	/soya_prix/imgs/comfysle_3.img
57	26	31	27	/soya2/sourcing/img_soya/v3_24_SOYA_3.0_Grey-2.jpg	/soya2/sourcing/img_mkt/comfy_3.img
57	26	31	27	/soya2/sourcing/img_soya/v3_24_SOYA_3.0_Grey-2.jpg	/soya2/sourcing/img_mkt/mic_jty_2.webp
57	26	31	27	/soya2/sourcing/img_soya/v3_27_Firefly_Gemini_Flash_Generate_the_same_image_exactly_as_the_	/soya2/sourcing/img_mkt/derila_4.img
57	26	31	27	/soya2/sourcing/img_soya/v3_28_Soya_3.0_Grey_2_47c0e3de-4c91-48dd-960e-4a36d6b20353.png	/soya_prix/imgs/htconfort_0.img
57	26	31	27	/soya2/sourcing/img_soya/v3_30_IMG_9178.png	/soya2/sourcing/img_mkt/confal_3.img
57	26	31	28	/soya2/sourcing/img_soya/regl_02_14-Ensemble_Oreillers_Reglables_img3.webp	/soya_prix/imgs/zamatsle_3.img
57	26	31	29	/soya2/sourcing/img_soya/henf_02_KIDS_P_1_3.png	/soya2/sourcing/img_mkt/comfy_1.img
57	26	31	29	/soya2/sourcing/img_soya/henf_02_KIDS_P_1_3.png	/soya_prix/imgs/comfysle_1.img
57	26	31	29	/soya2/sourcing/img_soya/v3_12_2_782a3829-4b96-451b-93e4-630d8f06e705.png	/soya_prix/imgs/zamatsle_0.img
57	26	31	31	/soya/gallery/07.jpg	/soya2/sourcing/img_mkt/mic_jty_5.webp
57	26	31	31	/soya/gallery/11.jpg	/soya2/sourcing/img_mkt/confal_1.img
57	26	31	31	/soya/gallery/11.jpg	/soya_prix/imgs/confortalign_1.img
57	26	31	32	/soya/gallery/39.jpg	/soya_prix/imgs/zamatsle_0.img
57	26	31	32	/soya2/sourcing/img_soya/v3_42_41.1.png	/soya_prix/imgs/inphysio_0.img
57	26	31	33	/soya2/sourcing/img_soya/h2_00_2-housse_Oreiller_de_Rechange_Soya_HD.webp	/soya2/sourcing/img_mkt/confal_2.img
57	26	31	33	/soya2/sourcing/img_soya/h2_00_2-housse_Oreiller_de_Rechange_Soya_HD.webp	/soya_prix/imgs/confortalign_2.img
57	26	31	34	/soya2/sourcing/img_soya/enf_04_KIDSP1_1.png	/soya2/sourcing/img_mkt/jty_p6036_1.webp
57	26	31	34	/soya2/sourcing/img_soya/henf_03_KIDSP1_1.png	/soya2/sourcing/img_mkt/jty_p6036_1.webp
57	26	31	35	/soya2/sourcing/img_soya/h3_08_15_eb23f129-89f3-4ffc-be96-9e67ce1c745f.png	/soya_prix/imgs/zamatsle_2.img
57	26	31	36	/soya/gallery/11.jpg	/soya2/sourcing/img_mkt/comfy_4.img
57	26	31	36	/soya2/sourcing/img_soya/enf_00_KIDSP2.jpg	/soya_prix/imgs/zamatsle_0.img
57	26	31	36	/soya2/sourcing/img_soya/h3_14_7687678_2.png	/soya_prix/imgs/somnilys_1.img
57	26	31	36	/soya2/sourcing/img_soya/v3_25_Soya_3.0_grey_2_2e59cacb-6ebc-4f36-8a81-44478c9d4589.png	/soya_prix/imgs/somnilys_1.img
57	26	31	36	/soya2/sourcing/img_soya/v3_29_7687678_2_0409bb9a-6b40-434d-807f-98da5554945a.png	/soya_prix/imgs/somnilys_1.img
57	26	31	37	/soya2/sourcing/img_soya/enf_06_KIDSP1_1.jpg	/soya2/sourcing/img_mkt/comfy_4.img
57	26	31	37	/soya2/sourcing/img_soya/henf_02_KIDS_P_1_3.png	/soya2/sourcing/img_mkt/derila_1.img
57	26	31	39	/soya/gallery/04.jpg	/soya2/sourcing/img_mkt/mic_jty_12.webp
57	26	31	39	/soya/gallery/15.jpg	/soya2/sourcing/img_mkt/comfy_7.img
57	26	31	39	/soya2/sourcing/img_soya/h3_04_14_feded688-a4ff-4333-8fba-e9a2e53c877a.png	/soya2/sourcing/img_mkt/derila_6.img
57	26	31	45	/soya/gallery/16.jpg	/soya2/sourcing/img_mkt/comfy_2.img
57	28	29	8	/soya2/sourcing/img_soya/voy_03_9-Oreiller-de-Voyage-Ergonomique-Soya_img4.webp	/soya2/sourcing/img_mkt/derila_1.img
57	28	29	14	/soya/gallery/01.jpg	/soya2/sourcing/img_mkt/comfy_5.img
57	28	29	14	/soya/gallery/12.jpg	/soya2/sourcing/img_mkt/comfy_5.img
57	28	29	14	/soya/gallery/24.jpg	/soya2/sourcing/img_mkt/comfy_5.img
57	28	29	14	/soya2/sourcing/img_soya/v3_25_Soya_3.0_grey_2_2e59cacb-6ebc-4f36-8a81-44478c9d4589.png	/soya_prix/imgs/somnilys_0.img
57	28	29	17	/soya2/sourcing/img_soya/v3_12_2_782a3829-4b96-451b-93e4-630d8f06e705.png	/soya2/sourcing/img_mkt/mic_jty_3.webp
57	28	29	18	/soya/gallery/03.jpg	/soya2/sourcing/img_mkt/jty_p6036_3.webp
57	28	29	18	/soya/gallery/14.jpg	/soya2/sourcing/img_mkt/jty_p6036_3.webp
57	28	29	18	/soya/gallery/27.jpg	/soya2/sourcing/img_mkt/jty_p6036_3.webp
57	28	29	19	/soya2/sourcing/img_soya/enf_03_KIDSP1_5.png	/soya_prix/imgs/inphysio_2.img
57	28	29	19	/soya2/sourcing/img_soya/h3_04_14_feded688-a4ff-4333-8fba-e9a2e53c877a.png	/soya2/sourcing/img_mkt/jty_p6036_3.webp
57	28	29	19	/soya2/sourcing/img_soya/v2_01_1-oreiller-soya-2_0_img2_7d72b6af-35c7-4427-8f15-843f227d977	/soya2/sourcing/img_mkt/jty_p6036_6.webp
57	28	29	21	/soya2/sourcing/img_soya/enf_01_KIDSP1_4.jpg	/soya_prix/imgs/zamatsle_3.img
57	28	29	21	/soya2/sourcing/img_soya/enf_15_KIDS_YELLOW_4.png	/soya_prix/imgs/htconfort_1.img
57	28	29	22	/soya2/sourcing/img_soya/enf_08_KIDS_PINK_4.png	/soya_prix/imgs/comfysle_2.img
57	28	29	22	/soya2/sourcing/img_soya/enf_16_KIDS_YELLOW_7.png	/soya_prix/imgs/zamatsle_3.img
57	28	29	22	/soya2/sourcing/img_soya/enf_17_KIDS_YELLOW_1.png	/soya2/sourcing/img_mkt/derila_2.img
57	28	29	22	/soya2/sourcing/img_soya/enf_17_KIDS_YELLOW_1.png	/soya_prix/imgs/inphysio_2.img
57	28	29	22	/soya2/sourcing/img_soya/h2_03_2-housse_Oreiller_de_Rechange_Soya_img5.webp	/soya2/sourcing/img_mkt/mic_jty_3.webp
57	28	29	22	/soya2/sourcing/img_soya/v1_02_8-Oreiller_Soya_1.0_img3.webp	/soya2/sourcing/img_mkt/mic_jty_3.webp
57	28	29	22	/soya2/sourcing/img_soya/v1_03_8-Oreiller_Soya_1.0_img4.webp	/soya_prix/imgs/somnilys_0.img
57	28	29	22	/soya2/sourcing/img_soya/v3_12_2_782a3829-4b96-451b-93e4-630d8f06e705.png	/soya_prix/imgs/zamatsle_2.img
57	28	29	24	/soya2/sourcing/img_soya/enf_02_KIDSP1_6.png	/soya2/sourcing/img_mkt/jty_knee_2.webp
57	28	29	24	/soya2/sourcing/img_soya/v1_00_8-Oreiller_Soya_1.0_couverture_HD.webp	/soya2/sourcing/img_mkt/mic_jty_2.webp
57	28	29	25	/soya/gallery/17.jpg	/soya2/sourcing/img_mkt/jty_p6036_2.webp
57	28	29	25	/soya2/sourcing/img_soya/h3_13_Soya_3.0_Grey_2.png	/soya2/sourcing/img_mkt/jty_p6036_4.webp
57	28	29	25	/soya2/sourcing/img_soya/v3_28_Soya_3.0_Grey_2_47c0e3de-4c91-48dd-960e-4a36d6b20353.png	/soya2/sourcing/img_mkt/jty_p6036_4.webp
57	28	29	26	/soya2/sourcing/img_soya/enf_11_KIDS_PINK_7.png	/soya2/sourcing/img_mkt/jty_p6036_4.webp
57	28	29	26	/soya2/sourcing/img_soya/h2_02_2-housse_Oreiller_de_Rechange_Soya_img3.webp	/soya2/sourcing/img_mkt/derila_1.img
57	28	29	26	/soya2/sourcing/img_soya/h2_02_2-housse_Oreiller_de_Rechange_Soya_img3.webp	/soya_prix/imgs/zamatsle_2.img
57	28	29	26	/soya2/sourcing/img_soya/henf_04_KIDS_PINK_7.png	/soya2/sourcing/img_mkt/jty_p6036_4.webp
57	28	29	27	/soya2/sourcing/img_soya/h2_01_2-housse_Oreiller_de_Rechange_Soya_img4.webp	/soya2/sourcing/img_mkt/derila_1.img
57	28	29	27	/soya2/sourcing/img_soya/v2_03_1-oreiller-soya-2_0_img4_39d31902-82e0-42b3-a8cb-6b71e2ebfe7	/soya2/sourcing/img_mkt/derila_1.img
57	28	29	28	/soya/gallery/32.jpg	/soya2/sourcing/img_mkt/jty_p6036_2.webp
57	28	29	28	/soya/gallery/33.jpg	/soya2/sourcing/img_mkt/derila_6.img
57	28	29	29	/soya2/sourcing/img_soya/enf_14_KIDS_YELLOW_6.jpg	/soya2/sourcing/img_mkt/comfy_7.img
57	28	29	29	/soya2/sourcing/img_soya/v3_12_2_782a3829-4b96-451b-93e4-630d8f06e705.png	/soya2/sourcing/img_mkt/derila_4.img
57	28	29	29	/soya2/sourcing/img_soya/voy_03_9-Oreiller-de-Voyage-Ergonomique-Soya_img4.webp	/soya2/sourcing/img_mkt/mic_jty_2.webp
57	28	29	30	/soya2/sourcing/img_soya/henf_00_KIDS_P_1_2.png	/soya2/sourcing/img_mkt/comfy_1.img
57	28	29	30	/soya2/sourcing/img_soya/henf_00_KIDS_P_1_2.png	/soya_prix/imgs/comfysle_1.img
57	28	29	30	/soya2/sourcing/img_soya/henf_01_KIDS_P_1_4.png	/soya2/sourcing/img_mkt/comfy_1.img
57	28	29	30	/soya2/sourcing/img_soya/henf_01_KIDS_P_1_4.png	/soya_prix/imgs/comfysle_1.img
57	28	29	30	/soya2/sourcing/img_soya/lomb_04_3_9225ca02-f60c-47d3-b26c-49df6ebba454.png	/soya2/sourcing/img_mkt/mic_jty_2.webp
57	28	29	31	/soya/gallery/13.jpg	/soya2/sourcing/img_mkt/confal_1.img
57	28	29	31	/soya/gallery/13.jpg	/soya_prix/imgs/confortalign_1.img
57	28	29	31	/soya/gallery/23.jpg	/soya2/sourcing/img_mkt/jty_knee_5.webp
57	28	29	31	/soya/gallery/32.jpg	/soya2/sourcing/img_mkt/derila_4.img
57	28	29	31	/soya2/sourcing/img_soya/henf_00_KIDS_P_1_2.png	/soya_prix/imgs/zamatsle_1.img
57	28	29	33	/soya2/sourcing/img_soya/voy_00_9-Oreiller-de-Voyage-Ergonomique-Soyacouverture_HD.webp	/soya2/sourcing/img_mkt/jty_knee_6.webp
57	28	29	34	/soya2/sourcing/img_soya/enf_09_KIDS_PINK_2.png	/soya2/sourcing/img_mkt/confal_1.img
57	28	29	34	/soya2/sourcing/img_soya/enf_09_KIDS_PINK_2.png	/soya_prix/imgs/confortalign_1.img
57	28	29	34	/soya2/sourcing/img_soya/enf_10_KIDS_PINK_1.png	/soya2/sourcing/img_mkt/jty_p6036_5.webp
57	28	29	34	/soya2/sourcing/img_soya/regl_00_14-Ensemble_Oreillers_Reglables_couverture_HD.webp	/soya_prix/imgs/htconfort_0.img
57	28	29	35	/soya2/sourcing/img_soya/v3_31_Firefly_Gemini_Flash_Generate_the_same_image_exactly_as_the_	/soya2/sourcing/img_mkt/confal_5.img
57	28	29	36	/soya/gallery/02.jpg	/soya_prix/imgs/htconfort_1.img
57	28	29	36	/soya2/sourcing/img_soya/enf_00_KIDSP2.jpg	/soya_prix/imgs/htconfort_0.img
57	28	29	36	/soya2/sourcing/img_soya/h3_04_14_feded688-a4ff-4333-8fba-e9a2e53c877a.png	/soya2/sourcing/img_mkt/comfy_7.img
57	28	29	36	/soya2/sourcing/img_soya/henf_00_KIDS_P_1_2.png	/soya2/sourcing/img_mkt/derila_1.img
57	28	29	36	/soya2/sourcing/img_soya/henf_01_KIDS_P_1_4.png	/soya2/sourcing/img_mkt/derila_1.img
57	28	29	37	/soya2/sourcing/img_soya/h3_00_13_c9363db8-d780-4903-9a97-df55d0478686.png	/soya2/sourcing/img_mkt/confal_4.img
57	28	29	38	/soya/gallery/31.jpg	/soya2/sourcing/img_mkt/derila_0.img
57	28	29	38	/soya/gallery/31.jpg	/soya_prix/imgs/htconfort_0.img
57	28	29	38	/soya2/sourcing/img_soya/enf_04_KIDSP1_1.png	/soya2/sourcing/img_mkt/jty_p6036_3.webp
57	28	29	38	/soya2/sourcing/img_soya/enf_12_KIDS_PINK_5.png	/soya_prix/imgs/zamatsle_1.img
57	28	29	38	/soya2/sourcing/img_soya/h3_08_15_eb23f129-89f3-4ffc-be96-9e67ce1c745f.png	/soya_prix/imgs/htconfort_0.img
57	28	29	38	/soya2/sourcing/img_soya/henf_03_KIDSP1_1.png	/soya2/sourcing/img_mkt/jty_p6036_3.webp
57	28	29	38	/soya2/sourcing/img_soya/v3_30_IMG_9178.png	/soya2/sourcing/img_mkt/confal_5.img
57	28	29	39	/soya/gallery/31.jpg	/soya2/sourcing/img_mkt/mic_jty_1.webp
57	28	29	41	/soya2/sourcing/img_soya/enf_05_KIDSP1_3.jpg	/soya_prix/imgs/htconfort_0.img
57	28	29	41	/soya2/sourcing/img_soya/v1_01_8-Oreiller_Soya_1.0_img2.webp	/soya2/sourcing/img_mkt/comfy_5.img
57	28	29	42	/soya/gallery/02.jpg	/soya2/sourcing/img_mkt/derila_2.img
57	28	29	42	/soya/gallery/35.jpg	/soya2/sourcing/img_mkt/jty_knee_3.webp
57	28	29	43	/soya2/sourcing/img_soya/enf_07_KIDS_PINK_6.jpg	/soya2/sourcing/img_mkt/mic_jty_1.webp
57	28	29	43	/soya2/sourcing/img_soya/h3_12_7687678_3.png	/soya2/sourcing/img_mkt/confal_5.img
57	28	29	43	/soya2/sourcing/img_soya/henf_01_KIDS_P_1_4.png	/soya_prix/imgs/comfysle_2.img
57	28	29	44	/soya2/sourcing/img_soya/voy_02_9-Oreiller-de-Voyage-Ergonomique-Soya_img3.webp	/soya2/sourcing/img_mkt/jty_knee_1.webp
57	28	29	44	/soya2/sourcing/img_soya/voy_02_9-Oreiller-de-Voyage-Ergonomique-Soya_img3.webp	/soya2/sourcing/img_mkt/jty_knee_4.webp
57	28	29	47	/soya2/sourcing/img_soya/v3_31_Firefly_Gemini_Flash_Generate_the_same_image_exactly_as_the_	/soya2/sourcing/img_mkt/comfy_6.img
57	28	29	48	/soya2/sourcing/img_soya/enf_00_KIDSP2.jpg	/soya_prix/imgs/comfysle_2.img
57	30	27	11	/soya2/sourcing/img_soya/enf_12_KIDS_PINK_5.png	/soya2/sourcing/img_mkt/jty_p6036_3.webp
57	30	27	11	/soya2/sourcing/img_soya/enf_19_KIDS_YELLOW_3.png	/soya2/sourcing/img_mkt/mic_jty_3.webp
57	30	27	16	/soya/gallery/29.jpg	/soya2/sourcing/img_mkt/jty_p6036_6.webp
57	30	27	17	/soya2/sourcing/img_soya/h2_03_2-housse_Oreiller_de_Rechange_Soya_img5.webp	/soya2/sourcing/img_mkt/jty_p6036_1.webp
57	30	27	17	/soya2/sourcing/img_soya/h3_13_Soya_3.0_Grey_2.png	/soya2/sourcing/img_mkt/mic_jty_8.webp
57	30	27	17	/soya2/sourcing/img_soya/v3_28_Soya_3.0_Grey_2_47c0e3de-4c91-48dd-960e-4a36d6b20353.png	/soya2/sourcing/img_mkt/mic_jty_8.webp
57	30	27	18	/soya/gallery/38.jpg	/soya_prix/imgs/htconfort_1.img
57	30	27	19	/soya2/sourcing/img_soya/h3_14_7687678_2.png	/soya_prix/imgs/htconfort_1.img
57	30	27	19	/soya2/sourcing/img_soya/regl_00_14-Ensemble_Oreillers_Reglables_couverture_HD.webp	/soya2/sourcing/img_mkt/confal_0.img
57	30	27	19	/soya2/sourcing/img_soya/regl_00_14-Ensemble_Oreillers_Reglables_couverture_HD.webp	/soya_prix/imgs/confortalign_0.img
57	30	27	19	/soya2/sourcing/img_soya/v3_29_7687678_2_0409bb9a-6b40-434d-807f-98da5554945a.png	/soya_prix/imgs/htconfort_1.img
57	30	27	20	/soya2/sourcing/img_soya/v2_02_1-oreiller-soya-2_0_img3_5f834f33-5e47-49e1-a6a1-34e17f3341b	/soya_prix/imgs/comfysle_0.img
57	30	27	20	/soya2/sourcing/img_soya/v3_12_2_782a3829-4b96-451b-93e4-630d8f06e705.png	/soya2/sourcing/img_mkt/confal_0.img
57	30	27	20	/soya2/sourcing/img_soya/v3_12_2_782a3829-4b96-451b-93e4-630d8f06e705.png	/soya_prix/imgs/confortalign_0.img
57	30	27	22	/soya2/sourcing/img_soya/h3_13_Soya_3.0_Grey_2.png	/soya2/sourcing/img_mkt/mic_jty_5.webp
57	30	27	22	/soya2/sourcing/img_soya/v3_28_Soya_3.0_Grey_2_47c0e3de-4c91-48dd-960e-4a36d6b20353.png	/soya2/sourcing/img_mkt/mic_jty_5.webp
57	30	27	23	/soya2/sourcing/img_soya/v2_07_1-oreiller-soya-2_0_img7_43909438-1603-4e59-add4-f987f4acd78	/soya2/sourcing/img_mkt/derila_4.img
57	30	27	24	/soya2/sourcing/img_soya/h3_00_13_c9363db8-d780-4903-9a97-df55d0478686.png	/soya_prix/imgs/comfysle_3.img
57	30	27	25	/soya2/sourcing/img_soya/enf_05_KIDSP1_3.jpg	/soya2/sourcing/img_mkt/comfy_7.img
57	30	27	25	/soya2/sourcing/img_soya/enf_15_KIDS_YELLOW_4.png	/soya_prix/imgs/inphysio_2.img
57	30	27	25	/soya2/sourcing/img_soya/enf_17_KIDS_YELLOW_1.png	/soya_prix/imgs/inphysio_0.img
57	30	27	25	/soya2/sourcing/img_soya/enf_20_KIDS_YELLOW_5.png	/soya2/sourcing/img_mkt/mic_tnjk_11.webp
57	30	27	25	/soya2/sourcing/img_soya/enf_20_KIDS_YELLOW_5.png	/soya2/sourcing/img_mkt/mic_tnjk_4.webp
57	30	27	25	/soya2/sourcing/img_soya/enf_20_KIDS_YELLOW_5.png	/soya2/sourcing/img_mkt/mic_tnjk_7.webp
57	30	27	26	/soya2/sourcing/img_soya/enf_12_KIDS_PINK_5.png	/soya2/sourcing/img_mkt/comfy_7.img
57	30	27	26	/soya2/sourcing/img_soya/v3_33_Soya_3.0_Grey_4.png	/soya2/sourcing/img_mkt/jty_p6036_2.webp
57	30	27	27	/soya/gallery/36.jpg	/soya2/sourcing/img_mkt/comfy_3.img
57	30	27	27	/soya/gallery/37.jpg	/soya2/sourcing/img_mkt/comfy_3.img
57	30	27	28	/soya/gallery/10.jpg	/soya2/sourcing/img_mkt/mic_jty_5.webp
57	30	27	28	/soya2/sourcing/img_soya/h3_13_Soya_3.0_Grey_2.png	/soya2/sourcing/img_mkt/jty_p6036_6.webp
57	30	27	28	/soya2/sourcing/img_soya/v3_28_Soya_3.0_Grey_2_47c0e3de-4c91-48dd-960e-4a36d6b20353.png	/soya2/sourcing/img_mkt/jty_p6036_6.webp
57	30	27	29	/soya2/sourcing/img_soya/h2_01_2-housse_Oreiller_de_Rechange_Soya_img4.webp	/soya2/sourcing/img_mkt/jty_p6036_1.webp
57	30	27	29	/soya2/sourcing/img_soya/v2_03_1-oreiller-soya-2_0_img4_39d31902-82e0-42b3-a8cb-6b71e2ebfe7	/soya2/sourcing/img_mkt/jty_p6036_1.webp
57	30	27	29	/soya2/sourcing/img_soya/voy_03_9-Oreiller-de-Voyage-Ergonomique-Soya_img4.webp	/soya2/sourcing/img_mkt/mic_jty_3.webp
57	30	27	29	/soya2/sourcing/img_soya/voy_04_9-Oreiller-de-Voyage-Ergonomique-Soya_img5.webp	/soya2/sourcing/img_mkt/derila_5.img
57	30	27	29	/soya2/sourcing/img_soya/voy_05_9-Oreiller-de-Voyage-Ergonomique-Soya_img6.webp	/soya2/sourcing/img_mkt/derila_5.img
57	30	27	29	/soya2/sourcing/img_soya/voy_06_9-Oreiller-de-Voyage-Ergonomique-Soya_img7.webp	/soya2/sourcing/img_mkt/derila_5.img
57	30	27	30	/soya/gallery/17.jpg	/soya2/sourcing/img_mkt/derila_4.img
57	30	27	30	/soya2/sourcing/img_soya/h2_00_2-housse_Oreiller_de_Rechange_Soya_HD.webp	/soya_prix/imgs/somnilys_1.img
57	30	27	30	/soya2/sourcing/img_soya/h3_13_Soya_3.0_Grey_2.png	/soya_prix/imgs/zamatsle_2.img
57	30	27	30	/soya2/sourcing/img_soya/v3_24_SOYA_3.0_Grey-2.jpg	/soya_prix/imgs/zamatsle_2.img
57	30	27	30	/soya2/sourcing/img_soya/v3_28_Soya_3.0_Grey_2_47c0e3de-4c91-48dd-960e-4a36d6b20353.png	/soya_prix/imgs/zamatsle_2.img
57	30	27	31	/soya2/sourcing/img_soya/enf_15_KIDS_YELLOW_4.png	/soya2/sourcing/img_mkt/jty_knee_6.webp
57	30	27	31	/soya2/sourcing/img_soya/h2_00_2-housse_Oreiller_de_Rechange_Soya_HD.webp	/soya2/sourcing/img_mkt/jty_knee_6.webp
57	30	27	31	/soya2/sourcing/img_soya/h3_12_7687678_3.png	/soya_prix/imgs/zamatsle_3.img
57	30	27	31	/soya2/sourcing/img_soya/voy_02_9-Oreiller-de-Voyage-Ergonomique-Soya_img3.webp	/soya2/sourcing/img_mkt/comfy_4.img
57	30	27	32	/soya/gallery/06.jpg	/soya2/sourcing/img_mkt/mic_tnjk_10.webp
57	30	27	32	/soya/gallery/06.jpg	/soya2/sourcing/img_mkt/mic_tnjk_6.webp
57	30	27	32	/soya/gallery/06.jpg	/soya2/sourcing/img_mkt/mic_tnjk_9.webp
57	30	27	32	/soya/gallery/18.jpg	/soya2/sourcing/img_mkt/mic_tnjk_10.webp
57	30	27	32	/soya/gallery/18.jpg	/soya2/sourcing/img_mkt/mic_tnjk_6.webp
57	30	27	32	/soya/gallery/18.jpg	/soya2/sourcing/img_mkt/mic_tnjk_9.webp
57	30	27	32	/soya/gallery/19.jpg	/soya2/sourcing/img_mkt/jty_p6036_1.webp
57	30	27	32	/soya/gallery/19.jpg	/soya_prix/imgs/htconfort_2.img
57	30	27	32	/soya/gallery/22.jpg	/soya2/sourcing/img_mkt/mic_tnjk_10.webp
57	30	27	32	/soya/gallery/22.jpg	/soya2/sourcing/img_mkt/mic_tnjk_6.webp
57	30	27	32	/soya/gallery/22.jpg	/soya2/sourcing/img_mkt/mic_tnjk_9.webp
57	30	27	32	/soya/gallery/28.jpg	/soya2/sourcing/img_mkt/mic_tnjk_10.webp
57	30	27	32	/soya/gallery/28.jpg	/soya2/sourcing/img_mkt/mic_tnjk_6.webp
57	30	27	32	/soya/gallery/28.jpg	/soya2/sourcing/img_mkt/mic_tnjk_9.webp
57	30	27	33	/soya2/sourcing/img_soya/enf_02_KIDSP1_6.png	/soya2/sourcing/img_mkt/mic_jty_5.webp
57	30	27	33	/soya2/sourcing/img_soya/lomb_00_4-Coussin_Lombaire_Ergonomique_Soya_couverture_HD.webp	/soya2/sourcing/img_mkt/mic_tnjk_10.webp
57	30	27	33	/soya2/sourcing/img_soya/lomb_00_4-Coussin_Lombaire_Ergonomique_Soya_couverture_HD.webp	/soya2/sourcing/img_mkt/mic_tnjk_6.webp
57	30	27	33	/soya2/sourcing/img_soya/lomb_00_4-Coussin_Lombaire_Ergonomique_Soya_couverture_HD.webp	/soya2/sourcing/img_mkt/mic_tnjk_9.webp
57	30	27	33	/soya2/sourcing/img_soya/v3_24_SOYA_3.0_Grey-2.jpg	/soya2/sourcing/img_mkt/derila_3.img
57	30	27	33	/soya2/sourcing/img_soya/v3_31_Firefly_Gemini_Flash_Generate_the_same_image_exactly_as_the_	/soya2/sourcing/img_mkt/mic_tnjk_10.webp
57	30	27	33	/soya2/sourcing/img_soya/v3_31_Firefly_Gemini_Flash_Generate_the_same_image_exactly_as_the_	/soya2/sourcing/img_mkt/mic_tnjk_6.webp
57	30	27	33	/soya2/sourcing/img_soya/v3_31_Firefly_Gemini_Flash_Generate_the_same_image_exactly_as_the_	/soya2/sourcing/img_mkt/mic_tnjk_9.webp
57	30	27	34	/soya/gallery/08.jpg	/soya2/sourcing/img_mkt/jty_knee_5.webp
57	30	27	34	/soya2/sourcing/img_soya/enf_02_KIDSP1_6.png	/soya2/sourcing/img_mkt/derila_4.img
57	30	27	34	/soya2/sourcing/img_soya/v2_08_11_bf88b3df-377c-4ddb-b78a-cc7a164e7755.png	/soya2/sourcing/img_mkt/comfy_5.img
57	30	27	34	/soya2/sourcing/img_soya/v3_30_IMG_9178.png	/soya_prix/imgs/inphysio_0.img
57	30	27	34	/soya2/sourcing/img_soya/voy_03_9-Oreiller-de-Voyage-Ergonomique-Soya_img4.webp	/soya2/sourcing/img_mkt/mic_jty_1.webp
57	30	27	35	/soya/gallery/35.jpg	/soya2/sourcing/img_mkt/comfy_4.img
57	30	27	35	/soya/gallery/35.jpg	/soya_prix/imgs/inphysio_0.img
57	30	27	36	/soya/gallery/10.jpg	/soya2/sourcing/img_mkt/jty_p6036_6.webp
57	30	27	36	/soya2/sourcing/img_soya/h3_15_7687678_1.png	/soya_prix/imgs/zamatsle_1.img
57	30	27	36	/soya2/sourcing/img_soya/v3_31_Firefly_Gemini_Flash_Generate_the_same_image_exactly_as_the_	/soya2/sourcing/img_mkt/mic_jty_12.webp
57	30	27	37	/soya/gallery/16.jpg	/soya2/sourcing/img_mkt/comfy_4.img
57	30	27	37	/soya2/sourcing/img_soya/h3_12_7687678_3.png	/soya2/sourcing/img_mkt/comfy_2.img
57	30	27	37	/soya2/sourcing/img_soya/v2_07_1-oreiller-soya-2_0_img7_43909438-1603-4e59-add4-f987f4acd78	/soya2/sourcing/img_mkt/derila_0.img
57	30	27	38	/soya2/sourcing/img_soya/enf_10_KIDS_PINK_1.png	/soya2/sourcing/img_mkt/jty_p6036_3.webp
57	30	27	38	/soya2/sourcing/img_soya/h3_15_7687678_1.png	/soya_prix/imgs/zamatsle_0.img
57	30	27	38	/soya2/sourcing/img_soya/v3_33_Soya_3.0_Grey_4.png	/soya2/sourcing/img_mkt/derila_1.img
57	30	27	39	/soya2/sourcing/img_soya/v2_05_Oreiller_position_4.png	/soya_prix/imgs/htconfort_1.img
57	30	27	40	/soya/gallery/13.jpg	/soya2/sourcing/img_mkt/confal_4.img
57	30	27	40	/soya2/sourcing/img_soya/v3_27_Firefly_Gemini_Flash_Generate_the_same_image_exactly_as_the_	/soya2/sourcing/img_mkt/jty_p6036_5.webp
57	30	27	41	/soya/gallery/17.jpg	/soya2/sourcing/img_mkt/mic_jty_1.webp
57	30	27	41	/soya2/sourcing/img_soya/enf_03_KIDSP1_5.png	/soya2/sourcing/img_mkt/jty_knee_1.webp
57	30	27	42	/soya2/sourcing/img_soya/v3_31_Firefly_Gemini_Flash_Generate_the_same_image_exactly_as_the_	/soya2/sourcing/img_mkt/comfy_0.img
57	30	27	43	/soya/gallery/34.jpg	/soya_prix/imgs/htconfort_1.img
57	30	27	48	/soya/gallery/39.jpg	/soya_prix/imgs/comfysle_2.img
57	32	25	13	/soya/gallery/29.jpg	/soya_prix/imgs/htconfort_0.img
57	32	25	13	/soya/gallery/32.jpg	/soya2/sourcing/img_mkt/mic_jty_3.webp
57	32	25	16	/soya/gallery/16.jpg	/soya2/sourcing/img_mkt/comfy_5.img
57	32	25	22	/soya/gallery/38.jpg	/soya2/sourcing/img_mkt/derila_2.img
57	32	25	22	/soya2/sourcing/img_soya/enf_15_KIDS_YELLOW_4.png	/soya_prix/imgs/zamatsle_3.img
57	32	25	22	/soya2/sourcing/img_soya/enf_18_KIDS_YELLOW_2.png	/soya2/sourcing/img_mkt/mic_jty_5.webp
57	32	25	22	/soya2/sourcing/img_soya/h3_15_7687678_1.png	/soya2/sourcing/img_mkt/mic_jty_3.webp
57	32	25	22	/soya2/sourcing/img_soya/henf_05_KIDS_YELLOW_2.png	/soya2/sourcing/img_mkt/mic_jty_5.webp
57	32	25	22	/soya2/sourcing/img_soya/v2_02_1-oreiller-soya-2_0_img3_5f834f33-5e47-49e1-a6a1-34e17f3341b	/soya_prix/imgs/comfysle_3.img
57	32	25	24	/soya2/sourcing/img_soya/enf_10_KIDS_PINK_1.png	/soya2/sourcing/img_mkt/jty_p6036_6.webp
57	32	25	24	/soya2/sourcing/img_soya/regl_01_14-Ensemble_Oreillers_Reglables_img2.webp	/soya_prix/imgs/zamatsle_3.img
57	32	25	25	/soya/gallery/03.jpg	/soya2/sourcing/img_mkt/comfy_7.img
57	32	25	25	/soya/gallery/14.jpg	/soya2/sourcing/img_mkt/comfy_7.img
57	32	25	25	/soya/gallery/27.jpg	/soya2/sourcing/img_mkt/comfy_7.img
57	32	25	25	/soya2/sourcing/img_soya/enf_19_KIDS_YELLOW_3.png	/soya2/sourcing/img_mkt/comfy_7.img
57	32	25	26	/soya2/sourcing/img_soya/h3_14_7687678_2.png	/soya2/sourcing/img_mkt/comfy_4.img
57	32	25	26	/soya2/sourcing/img_soya/v3_29_7687678_2_0409bb9a-6b40-434d-807f-98da5554945a.png	/soya2/sourcing/img_mkt/comfy_4.img
57	32	25	27	/soya/gallery/06.jpg	/soya2/sourcing/img_mkt/confal_1.img
57	32	25	27	/soya/gallery/06.jpg	/soya_prix/imgs/confortalign_1.img
57	32	25	27	/soya/gallery/18.jpg	/soya2/sourcing/img_mkt/confal_1.img
57	32	25	27	/soya/gallery/18.jpg	/soya_prix/imgs/confortalign_1.img
57	32	25	27	/soya/gallery/22.jpg	/soya2/sourcing/img_mkt/confal_1.img
57	32	25	27	/soya/gallery/22.jpg	/soya_prix/imgs/confortalign_1.img
57	32	25	27	/soya/gallery/28.jpg	/soya2/sourcing/img_mkt/confal_1.img
57	32	25	27	/soya/gallery/28.jpg	/soya_prix/imgs/confortalign_1.img
57	32	25	28	/soya2/sourcing/img_soya/voy_04_9-Oreiller-de-Voyage-Ergonomique-Soya_img5.webp	/soya_prix/imgs/inphysio_1.img
57	32	25	28	/soya2/sourcing/img_soya/voy_05_9-Oreiller-de-Voyage-Ergonomique-Soya_img6.webp	/soya_prix/imgs/inphysio_1.img
57	32	25	28	/soya2/sourcing/img_soya/voy_06_9-Oreiller-de-Voyage-Ergonomique-Soya_img7.webp	/soya_prix/imgs/inphysio_1.img
57	32	25	29	/soya2/sourcing/img_soya/enf_16_KIDS_YELLOW_7.png	/soya2/sourcing/img_mkt/derila_2.img
57	32	25	30	/soya/gallery/29.jpg	/soya2/sourcing/img_mkt/mic_jty_5.webp
57	32	25	30	/soya2/sourcing/img_soya/enf_04_KIDSP1_1.png	/soya_prix/imgs/zamatsle_2.img
57	32	25	30	/soya2/sourcing/img_soya/enf_15_KIDS_YELLOW_4.png	/soya2/sourcing/img_mkt/derila_5.img
57	32	25	30	/soya2/sourcing/img_soya/henf_03_KIDSP1_1.png	/soya_prix/imgs/zamatsle_2.img
57	32	25	30	/soya2/sourcing/img_soya/v1_01_8-Oreiller_Soya_1.0_img2.webp	/soya2/sourcing/img_mkt/comfy_4.img
57	32	25	30	/soya2/sourcing/img_soya/voy_02_9-Oreiller-de-Voyage-Ergonomique-Soya_img3.webp	/soya2/sourcing/img_mkt/jty_knee_3.webp
57	32	25	31	/soya2/sourcing/img_soya/lomb_00_4-Coussin_Lombaire_Ergonomique_Soya_couverture_HD.webp	/soya2/sourcing/img_mkt/confal_4.img
57	32	25	31	/soya2/sourcing/img_soya/v1_03_8-Oreiller_Soya_1.0_img4.webp	/soya_prix/imgs/inphysio_1.img
57	32	25	31	/soya2/sourcing/img_soya/v2_06_1-oreiller-soya-2_0_img6_9601dd3b-66d6-4311-b41e-5fd7712bdc1	/soya_prix/imgs/somnilys_1.img
57	32	25	32	/soya2/sourcing/img_soya/h2_02_2-housse_Oreiller_de_Rechange_Soya_img3.webp	/soya_prix/imgs/somnilys_2.img
57	32	25	32	/soya2/sourcing/img_soya/voy_01_9-Oreiller-de-Voyage-Ergonomique-Soya_img2.webp	/soya2/sourcing/img_mkt/comfy_2.img
57	32	25	33	/soya/gallery/21.jpg	/soya_prix/imgs/htconfort_1.img
57	32	25	33	/soya/gallery/26.jpg	/soya2/sourcing/img_mkt/confal_4.img
57	32	25	33	/soya2/sourcing/img_soya/enf_11_KIDS_PINK_7.png	/soya_prix/imgs/zamatsle_2.img
57	32	25	33	/soya2/sourcing/img_soya/henf_04_KIDS_PINK_7.png	/soya_prix/imgs/zamatsle_2.img
57	32	25	35	/soya/gallery/09.jpg	/soya_prix/imgs/htconfort_1.img
57	32	25	35	/soya/gallery/19.jpg	/soya2/sourcing/img_mkt/mic_jty_2.webp
57	32	25	36	/soya/gallery/07.jpg	/soya2/sourcing/img_mkt/mic_jty_2.webp
57	32	25	36	/soya2/sourcing/img_soya/h3_15_7687678_1.png	/soya2/sourcing/img_mkt/jty_knee_2.webp
57	32	25	37	/soya2/sourcing/img_soya/v2_01_1-oreiller-soya-2_0_img2_7d72b6af-35c7-4427-8f15-843f227d977	/soya2/sourcing/img_mkt/jty_p6036_1.webp
57	32	25	39	/soya2/sourcing/img_soya/enf_20_KIDS_YELLOW_5.png	/soya2/sourcing/img_mkt/derila_6.img
57	32	25	40	/soya/gallery/25.jpg	/soya2/sourcing/img_mkt/confal_4.img
57	32	25	50	/soya2/sourcing/img_soya/v2_04_1-oreiller-soya-2_0_img5_a8a3199e-0071-4043-a899-f89baff5294	/soya_prix/imgs/comfysle_2.img
57	32	25	52	/soya2/sourcing/img_soya/v3_42_41.1.png	/soya2/sourcing/img_mkt/comfy_2.img
57	34	23	28	/soya2/sourcing/img_soya/voy_01_9-Oreiller-de-Voyage-Ergonomique-Soya_img2.webp	/soya_prix/imgs/somnilys_1.img
57	34	23	32	/soya2/sourcing/img_soya/enf_10_KIDS_PINK_1.png	/soya2/sourcing/img_mkt/mic_jty_5.webp
57	34	23	34	/soya/gallery/11.jpg	/soya2/sourcing/img_mkt/mic_tnjk_10.webp
57	34	23	34	/soya/gallery/11.jpg	/soya2/sourcing/img_mkt/mic_tnjk_6.webp
57	34	23	34	/soya/gallery/11.jpg	/soya2/sourcing/img_mkt/mic_tnjk_9.webp
57	34	23	35	/soya/gallery/11.jpg	/soya_prix/imgs/htconfort_1.img
57	34	23	45	/soya/gallery/11.jpg	/soya2/sourcing/img_mkt/mic_jty_12.webp
57	34	23	47	/soya2/sourcing/img_soya/lomb_02_4-Coussin_Lombaire_Ergonomique_Soya_img3.webp	/soya2/sourcing/img_mkt/confal_4.img
57	36	21	22	/soya/gallery/09.jpg	/soya2/sourcing/img_mkt/derila_5.img
57	36	21	26	/soya/gallery/21.jpg	/soya2/sourcing/img_mkt/derila_5.img
57	36	21	35	/soya2/sourcing/img_soya/v3_42_41.1.png	/soya_prix/imgs/htconfort_1.img
57	36	21	37	/soya/gallery/35.jpg	/soya_prix/imgs/zamatsle_3.img
57	38	19	31	/soya2/sourcing/img_soya/v3_34_Soya_3.0_Grey.png	/soya_prix/imgs/somnilys_1.img
58	20	38	25	/soya2/sourcing/img_soya/enf_08_KIDS_PINK_4.png	/soya2/sourcing/img_mkt/mic_jty_12.webp
58	20	38	36	/soya/gallery/25.jpg	/soya_prix/imgs/zamatsle_0.img
58	24	34	14	/soya2/sourcing/img_soya/voy_04_9-Oreiller-de-Voyage-Ergonomique-Soya_img5.webp	/soya2/sourcing/img_mkt/comfy_1.img
58	24	34	14	/soya2/sourcing/img_soya/voy_04_9-Oreiller-de-Voyage-Ergonomique-Soya_img5.webp	/soya_prix/imgs/comfysle_1.img
58	24	34	14	/soya2/sourcing/img_soya/voy_05_9-Oreiller-de-Voyage-Ergonomique-Soya_img6.webp	/soya2/sourcing/img_mkt/comfy_1.img
58	24	34	14	/soya2/sourcing/img_soya/voy_05_9-Oreiller-de-Voyage-Ergonomique-Soya_img6.webp	/soya_prix/imgs/comfysle_1.img
58	24	34	14	/soya2/sourcing/img_soya/voy_06_9-Oreiller-de-Voyage-Ergonomique-Soya_img7.webp	/soya2/sourcing/img_mkt/comfy_1.img
58	24	34	14	/soya2/sourcing/img_soya/voy_06_9-Oreiller-de-Voyage-Ergonomique-Soya_img7.webp	/soya_prix/imgs/comfysle_1.img
58	24	34	19	/soya2/sourcing/img_soya/enf_17_KIDS_YELLOW_1.png	/soya_prix/imgs/zamatsle_0.img
58	24	34	27	/soya/gallery/16.jpg	/soya2/sourcing/img_mkt/comfy_3.img
58	24	34	30	/soya/gallery/19.jpg	/soya2/sourcing/img_mkt/mic_jty_12.webp
58	24	34	30	/soya/gallery/34.jpg	/soya2/sourcing/img_mkt/comfy_7.img
58	24	34	33	/soya2/sourcing/img_soya/v3_33_Soya_3.0_Grey_4.png	/soya_prix/imgs/inphysio_0.img
58	24	34	34	/soya2/sourcing/img_soya/v3_35_SOYA_3.0_Grey_1.jpg	/soya2/sourcing/img_mkt/derila_0.img
58	24	34	35	/soya2/sourcing/img_soya/enf_20_KIDS_YELLOW_5.png	/soya2/sourcing/img_mkt/jty_knee_3.webp
58	24	34	39	/soya2/sourcing/img_soya/lomb_02_4-Coussin_Lombaire_Ergonomique_Soya_img3.webp	/soya2/sourcing/img_mkt/jty_p6036_4.webp
58	26	32	12	/soya2/sourcing/img_soya/v3_00_18.png	/soya2/sourcing/img_mkt/confal_0.img
58	26	32	12	/soya2/sourcing/img_soya/v3_00_18.png	/soya_prix/imgs/confortalign_0.img
58	26	32	12	/soya2/sourcing/img_soya/v3_36_34.png	/soya2/sourcing/img_mkt/confal_0.img
58	26	32	12	/soya2/sourcing/img_soya/v3_36_34.png	/soya_prix/imgs/confortalign_0.img
58	26	32	19	/soya2/sourcing/img_soya/v2_05_Oreiller_position_4.png	/soya2/sourcing/img_mkt/jty_p6036_5.webp
58	26	32	20	/soya/gallery/06.jpg	/soya_prix/imgs/zamatsle_1.img
58	26	32	20	/soya/gallery/18.jpg	/soya_prix/imgs/zamatsle_1.img
58	26	32	20	/soya/gallery/22.jpg	/soya_prix/imgs/zamatsle_1.img
58	26	32	20	/soya/gallery/28.jpg	/soya_prix/imgs/zamatsle_1.img
58	26	32	20	/soya2/sourcing/img_soya/v1_03_8-Oreiller_Soya_1.0_img4.webp	/soya_prix/imgs/htconfort_0.img
58	26	32	21	/soya2/sourcing/img_soya/v1_03_8-Oreiller_Soya_1.0_img4.webp	/soya2/sourcing/img_mkt/comfy_1.img
58	26	32	21	/soya2/sourcing/img_soya/v1_03_8-Oreiller_Soya_1.0_img4.webp	/soya_prix/imgs/comfysle_1.img
58	26	32	22	/soya2/sourcing/img_soya/enf_15_KIDS_YELLOW_4.png	/soya2/sourcing/img_mkt/derila_0.img
58	26	32	22	/soya2/sourcing/img_soya/enf_17_KIDS_YELLOW_1.png	/soya2/sourcing/img_mkt/derila_1.img
58	26	32	23	/soya2/sourcing/img_soya/enf_08_KIDS_PINK_4.png	/soya2/sourcing/img_mkt/derila_2.img
58	26	32	24	/soya/gallery/08.jpg	/soya_prix/imgs/zamatsle_1.img
58	26	32	25	/soya2/sourcing/img_soya/enf_10_KIDS_PINK_1.png	/soya2/sourcing/img_mkt/comfy_4.img
58	26	32	27	/soya/gallery/16.jpg	/soya2/sourcing/img_mkt/jty_knee_2.webp
58	26	32	27	/soya/gallery/20.jpg	/soya_prix/imgs/somnilys_0.img
58	26	32	27	/soya2/sourcing/img_soya/lomb_02_4-Coussin_Lombaire_Ergonomique_Soya_img3.webp	/soya2/sourcing/img_mkt/mic_jty_2.webp
58	26	32	27	/soya2/sourcing/img_soya/v1_00_8-Oreiller_Soya_1.0_couverture_HD.webp	/soya2/sourcing/img_mkt/jty_knee_6.webp
58	26	32	28	/soya/gallery/20.jpg	/soya_prix/imgs/inphysio_2.img
58	26	32	28	/soya2/sourcing/img_soya/regl_02_14-Ensemble_Oreillers_Reglables_img3.webp	/soya2/sourcing/img_mkt/comfy_3.img
58	26	32	29	/soya/gallery/13.jpg	/soya2/sourcing/img_mkt/jty_p6036_2.webp
58	26	32	29	/soya2/sourcing/img_soya/voy_04_9-Oreiller-de-Voyage-Ergonomique-Soya_img5.webp	/soya2/sourcing/img_mkt/mic_jty_3.webp
58	26	32	29	/soya2/sourcing/img_soya/voy_05_9-Oreiller-de-Voyage-Ergonomique-Soya_img6.webp	/soya2/sourcing/img_mkt/mic_jty_3.webp
58	26	32	29	/soya2/sourcing/img_soya/voy_06_9-Oreiller-de-Voyage-Ergonomique-Soya_img7.webp	/soya2/sourcing/img_mkt/mic_jty_3.webp
58	26	32	30	/soya/gallery/05.jpg	/soya2/sourcing/img_mkt/comfy_7.img
58	26	32	30	/soya2/sourcing/img_soya/enf_06_KIDSP1_1.jpg	/soya2/sourcing/img_mkt/jty_p6036_2.webp
58	26	32	30	/soya2/sourcing/img_soya/enf_12_KIDS_PINK_5.png	/soya2/sourcing/img_mkt/jty_knee_5.webp
58	26	32	30	/soya2/sourcing/img_soya/h2_02_2-housse_Oreiller_de_Rechange_Soya_img3.webp	/soya_prix/imgs/comfysle_3.img
58	26	32	31	/soya2/sourcing/img_soya/voy_02_9-Oreiller-de-Voyage-Ergonomique-Soya_img3.webp	/soya2/sourcing/img_mkt/derila_4.img
58	26	32	33	/soya/gallery/13.jpg	/soya_prix/imgs/zamatsle_2.img
58	26	32	33	/soya/gallery/25.jpg	/soya_prix/imgs/zamatsle_2.img
58	26	32	33	/soya2/sourcing/img_soya/h2_03_2-housse_Oreiller_de_Rechange_Soya_img5.webp	/soya_prix/imgs/comfysle_0.img
58	26	32	34	/soya2/sourcing/img_soya/h2_01_2-housse_Oreiller_de_Rechange_Soya_img4.webp	/soya2/sourcing/img_mkt/jty_knee_5.webp
58	26	32	34	/soya2/sourcing/img_soya/v2_03_1-oreiller-soya-2_0_img4_39d31902-82e0-42b3-a8cb-6b71e2ebfe7	/soya2/sourcing/img_mkt/jty_knee_5.webp
58	26	32	35	/soya2/sourcing/img_soya/enf_04_KIDSP1_1.png	/soya_prix/imgs/somnilys_0.img
58	26	32	35	/soya2/sourcing/img_soya/henf_03_KIDSP1_1.png	/soya_prix/imgs/somnilys_0.img
58	26	32	36	/soya2/sourcing/img_soya/voy_02_9-Oreiller-de-Voyage-Ergonomique-Soya_img3.webp	/soya2/sourcing/img_mkt/jty_p6036_5.webp
58	26	32	38	/soya2/sourcing/img_soya/enf_20_KIDS_YELLOW_5.png	/soya2/sourcing/img_mkt/comfy_4.img
58	26	32	38	/soya2/sourcing/img_soya/v3_32_Soya_3.0_Grey_1.png	/soya_prix/imgs/htconfort_0.img
58	26	32	39	/soya/gallery/25.jpg	/soya2/sourcing/img_mkt/jty_p6036_6.webp
58	26	32	42	/soya/gallery/29.jpg	/soya2/sourcing/img_mkt/jty_knee_1.webp
58	26	32	42	/soya2/sourcing/img_soya/enf_12_KIDS_PINK_5.png	/soya2/sourcing/img_mkt/confal_5.img
58	26	32	42	/soya2/sourcing/img_soya/v1_02_8-Oreiller_Soya_1.0_img3.webp	/soya_prix/imgs/inphysio_0.img
58	26	32	43	/soya/gallery/25.jpg	/soya2/sourcing/img_mkt/mic_jty_5.webp
58	26	32	43	/soya2/sourcing/img_soya/enf_13_KIDS_PINK_3.png	/soya_prix/imgs/inphysio_2.img
58	26	32	45	/soya/gallery/17.jpg	/soya_prix/imgs/htconfort_1.img
58	26	32	47	/soya2/sourcing/img_soya/enf_00_KIDSP2.jpg	/soya2/sourcing/img_mkt/comfy_0.img
58	26	32	47	/soya2/sourcing/img_soya/enf_00_KIDSP2.jpg	/soya_prix/imgs/comfysle_0.img
58	26	32	48	/soya2/sourcing/img_soya/enf_14_KIDS_YELLOW_6.jpg	/soya2/sourcing/img_mkt/comfy_0.img
58	28	30	12	/soya/gallery/32.jpg	/soya2/sourcing/img_mkt/comfy_5.img
58	28	30	15	/soya/gallery/11.jpg	/soya2/sourcing/img_mkt/jty_p6036_1.webp
58	28	30	15	/soya/gallery/13.jpg	/soya2/sourcing/img_mkt/jty_p6036_3.webp
58	28	30	15	/soya/gallery/25.jpg	/soya2/sourcing/img_mkt/jty_p6036_3.webp
58	28	30	16	/soya2/sourcing/img_soya/v2_06_1-oreiller-soya-2_0_img6_9601dd3b-66d6-4311-b41e-5fd7712bdc1	/soya2/sourcing/img_mkt/confal_0.img
58	28	30	16	/soya2/sourcing/img_soya/v2_06_1-oreiller-soya-2_0_img6_9601dd3b-66d6-4311-b41e-5fd7712bdc1	/soya2/sourcing/img_mkt/jty_p6036_5.webp
58	28	30	16	/soya2/sourcing/img_soya/v2_06_1-oreiller-soya-2_0_img6_9601dd3b-66d6-4311-b41e-5fd7712bdc1	/soya_prix/imgs/confortalign_0.img
58	28	30	17	/soya2/sourcing/img_soya/v3_30_IMG_9178.png	/soya2/sourcing/img_mkt/jty_p6036_1.webp
58	28	30	18	/soya2/sourcing/img_soya/lomb_00_4-Coussin_Lombaire_Ergonomique_Soya_couverture_HD.webp	/soya2/sourcing/img_mkt/jty_p6036_5.webp
58	28	30	20	/soya2/sourcing/img_soya/lomb_01_4-Coussin_Lombaire_Ergonomique_Soya_img2.webp	/soya_prix/imgs/inphysio_0.img
58	28	30	21	/soya/gallery/10.jpg	/soya2/sourcing/img_mkt/jty_knee_5.webp
58	28	30	21	/soya2/sourcing/img_soya/enf_03_KIDSP1_5.png	/soya2/sourcing/img_mkt/comfy_1.img
58	28	30	21	/soya2/sourcing/img_soya/enf_03_KIDSP1_5.png	/soya_prix/imgs/comfysle_1.img
58	28	30	22	/soya/gallery/05.jpg	/soya2/sourcing/img_mkt/mic_jty_2.webp
58	28	30	22	/soya2/sourcing/img_soya/enf_08_KIDS_PINK_4.png	/soya2/sourcing/img_mkt/comfy_2.img
58	28	30	22	/soya2/sourcing/img_soya/enf_15_KIDS_YELLOW_4.png	/soya_prix/imgs/comfysle_2.img
58	28	30	23	/soya2/sourcing/img_soya/v1_04_8-Oreiller_Soya_1.0_img5.webp	/soya_prix/imgs/zamatsle_0.img
58	28	30	23	/soya2/sourcing/img_soya/v1_04_8-Oreiller_Soya_1.0_img5.webp	/soya_prix/imgs/zamatsle_1.img
58	28	30	24	/soya2/sourcing/img_soya/v3_33_Soya_3.0_Grey_4.png	/soya2/sourcing/img_mkt/jty_knee_6.webp
58	28	30	25	/soya/gallery/06.jpg	/soya_prix/imgs/htconfort_2.img
58	28	30	25	/soya/gallery/18.jpg	/soya_prix/imgs/htconfort_2.img
58	28	30	25	/soya/gallery/22.jpg	/soya_prix/imgs/htconfort_2.img
58	28	30	25	/soya/gallery/28.jpg	/soya_prix/imgs/htconfort_2.img
58	28	30	26	/soya/gallery/35.jpg	/soya2/sourcing/img_mkt/jty_p6036_2.webp
58	28	30	26	/soya2/sourcing/img_soya/v2_02_1-oreiller-soya-2_0_img3_5f834f33-5e47-49e1-a6a1-34e17f3341b	/soya_prix/imgs/htconfort_2.img
58	28	30	27	/soya2/sourcing/img_soya/regl_02_14-Ensemble_Oreillers_Reglables_img3.webp	/soya_prix/imgs/zamatsle_2.img
58	28	30	28	/soya/gallery/25.jpg	/soya2/sourcing/img_mkt/mic_jty_2.webp
58	28	30	28	/soya/gallery/30.jpg	/soya2/sourcing/img_mkt/mic_jty_1.webp
58	28	30	29	/soya/gallery/36.jpg	/soya2/sourcing/img_mkt/jty_knee_5.webp
58	28	30	29	/soya/gallery/37.jpg	/soya2/sourcing/img_mkt/jty_knee_5.webp
58	28	30	29	/soya2/sourcing/img_soya/h3_15_7687678_1.png	/soya_prix/imgs/inphysio_1.img
58	28	30	30	/soya2/sourcing/img_soya/voy_02_9-Oreiller-de-Voyage-Ergonomique-Soya_img3.webp	/soya2/sourcing/img_mkt/jty_p6036_3.webp
58	28	30	32	/soya/gallery/13.jpg	/soya2/sourcing/img_mkt/comfy_7.img
58	28	30	33	/soya2/sourcing/img_soya/v2_07_1-oreiller-soya-2_0_img7_43909438-1603-4e59-add4-f987f4acd78	/soya_prix/imgs/somnilys_1.img
58	28	30	34	/soya2/sourcing/img_soya/enf_12_KIDS_PINK_5.png	/soya2/sourcing/img_mkt/comfy_4.img
58	28	30	34	/soya2/sourcing/img_soya/enf_17_KIDS_YELLOW_1.png	/soya2/sourcing/img_mkt/mic_tnjk_11.webp
58	28	30	34	/soya2/sourcing/img_soya/enf_17_KIDS_YELLOW_1.png	/soya2/sourcing/img_mkt/mic_tnjk_4.webp
58	28	30	34	/soya2/sourcing/img_soya/enf_17_KIDS_YELLOW_1.png	/soya2/sourcing/img_mkt/mic_tnjk_7.webp
58	28	30	34	/soya2/sourcing/img_soya/henf_00_KIDS_P_1_2.png	/soya2/sourcing/img_mkt/mic_jty_12.webp
58	28	30	34	/soya2/sourcing/img_soya/henf_01_KIDS_P_1_4.png	/soya2/sourcing/img_mkt/mic_jty_12.webp
58	28	30	34	/soya2/sourcing/img_soya/v3_24_SOYA_3.0_Grey-2.jpg	/soya_prix/imgs/htconfort_1.img
58	28	30	34	/soya2/sourcing/img_soya/voy_00_9-Oreiller-de-Voyage-Ergonomique-Soyacouverture_HD.webp	/soya2/sourcing/img_mkt/derila_0.img
58	28	30	35	/soya2/sourcing/img_soya/v1_02_8-Oreiller_Soya_1.0_img3.webp	/soya2/sourcing/img_mkt/comfy_0.img
58	28	30	35	/soya2/sourcing/img_soya/v2_00_1-oreiller-soya-2_0HD.webp	/soya_prix/imgs/somnilys_0.img
58	28	30	35	/soya2/sourcing/img_soya/v2_02_1-oreiller-soya-2_0_img3_5f834f33-5e47-49e1-a6a1-34e17f3341b	/soya2/sourcing/img_mkt/mic_jty_3.webp
58	28	30	36	/soya/gallery/30.jpg	/soya_prix/imgs/somnilys_2.img
58	28	30	36	/soya2/sourcing/img_soya/enf_05_KIDSP1_3.jpg	/soya2/sourcing/img_mkt/confal_2.img
58	28	30	36	/soya2/sourcing/img_soya/enf_05_KIDSP1_3.jpg	/soya_prix/imgs/confortalign_2.img
58	28	30	36	/soya2/sourcing/img_soya/lomb_03_4_dc2e6161-802a-4c42-a1d6-b9a0a02ce466.png	/soya_prix/imgs/somnilys_2.img
58	28	30	36	/soya2/sourcing/img_soya/v2_05_Oreiller_position_4.png	/soya_prix/imgs/htconfort_0.img
58	28	30	36	/soya2/sourcing/img_soya/v3_42_41.1.png	/soya2/sourcing/img_mkt/derila_4.img
58	28	30	37	/soya/gallery/07.jpg	/soya2/sourcing/img_mkt/jty_knee_1.webp
58	28	30	37	/soya2/sourcing/img_soya/enf_19_KIDS_YELLOW_3.png	/soya_prix/imgs/somnilys_1.img
58	28	30	37	/soya2/sourcing/img_soya/lomb_03_4_dc2e6161-802a-4c42-a1d6-b9a0a02ce466.png	/soya2/sourcing/img_mkt/mic_jty_8.webp
58	28	30	38	/soya/gallery/05.jpg	/soya_prix/imgs/htconfort_0.img
58	28	30	38	/soya/gallery/08.jpg	/soya2/sourcing/img_mkt/mic_jty_3.webp
58	28	30	38	/soya/gallery/32.jpg	/soya2/sourcing/img_mkt/confal_1.img
58	28	30	38	/soya/gallery/32.jpg	/soya_prix/imgs/confortalign_1.img
58	28	30	38	/soya2/sourcing/img_soya/enf_13_KIDS_PINK_3.png	/soya2/sourcing/img_mkt/comfy_4.img
58	28	30	39	/soya/gallery/19.jpg	/soya_prix/imgs/somnilys_1.img
58	28	30	39	/soya/gallery/35.jpg	/soya_prix/imgs/htconfort_0.img
58	28	30	39	/soya2/sourcing/img_soya/enf_00_KIDSP2.jpg	/soya_prix/imgs/htconfort_1.img
58	28	30	39	/soya2/sourcing/img_soya/v3_33_Soya_3.0_Grey_4.png	/soya2/sourcing/img_mkt/confal_4.img
58	28	30	40	/soya/gallery/03.jpg	/soya_prix/imgs/comfysle_0.img
58	28	30	40	/soya/gallery/14.jpg	/soya_prix/imgs/comfysle_0.img
58	28	30	40	/soya/gallery/27.jpg	/soya_prix/imgs/comfysle_0.img
58	28	30	41	/soya2/sourcing/img_soya/v3_32_Soya_3.0_Grey_1.png	/soya2/sourcing/img_mkt/jty_p6036_6.webp
58	28	30	42	/soya2/sourcing/img_soya/enf_19_KIDS_YELLOW_3.png	/soya_prix/imgs/htconfort_1.img
58	28	30	45	/soya2/sourcing/img_soya/lomb_00_4-Coussin_Lombaire_Ergonomique_Soya_couverture_HD.webp	/soya2/sourcing/img_mkt/mic_jty_8.webp
58	28	30	46	/soya2/sourcing/img_soya/enf_19_KIDS_YELLOW_3.png	/soya2/sourcing/img_mkt/comfy_0.img
58	28	30	48	/soya2/sourcing/img_soya/enf_07_KIDS_PINK_6.jpg	/soya2/sourcing/img_mkt/comfy_2.img
58	28	30	52	/soya2/sourcing/img_soya/regl_00_14-Ensemble_Oreillers_Reglables_couverture_HD.webp	/soya2/sourcing/img_mkt/comfy_6.img
58	30	28	13	/soya2/sourcing/img_soya/v2_05_Oreiller_position_4.png	/soya2/sourcing/img_mkt/jty_p6036_1.webp
58	30	28	14	/soya2/sourcing/img_soya/lomb_00_4-Coussin_Lombaire_Ergonomique_Soya_couverture_HD.webp	/soya2/sourcing/img_mkt/jty_p6036_3.webp
58	30	28	15	/soya2/sourcing/img_soya/voy_03_9-Oreiller-de-Voyage-Ergonomique-Soya_img4.webp	/soya2/sourcing/img_mkt/confal_5.img
58	30	28	19	/soya2/sourcing/img_soya/h3_12_7687678_3.png	/soya2/sourcing/img_mkt/mic_jty_3.webp
58	30	28	19	/soya2/sourcing/img_soya/v2_02_1-oreiller-soya-2_0_img3_5f834f33-5e47-49e1-a6a1-34e17f3341b	/soya2/sourcing/img_mkt/derila_0.img
58	30	28	20	/soya2/sourcing/img_soya/v2_01_1-oreiller-soya-2_0_img2_7d72b6af-35c7-4427-8f15-843f227d977	/soya_prix/imgs/somnilys_0.img
58	30	28	20	/soya2/sourcing/img_soya/v3_12_2_782a3829-4b96-451b-93e4-630d8f06e705.png	/soya2/sourcing/img_mkt/comfy_5.img
58	30	28	21	/soya2/sourcing/img_soya/h3_08_15_eb23f129-89f3-4ffc-be96-9e67ce1c745f.png	/soya2/sourcing/img_mkt/comfy_5.img
58	30	28	22	/soya/gallery/06.jpg	/soya2/sourcing/img_mkt/jty_p6036_4.webp
58	30	28	22	/soya/gallery/16.jpg	/soya_prix/imgs/somnilys_2.img
58	30	28	22	/soya/gallery/18.jpg	/soya2/sourcing/img_mkt/jty_p6036_4.webp
58	30	28	22	/soya/gallery/22.jpg	/soya2/sourcing/img_mkt/jty_p6036_4.webp
58	30	28	22	/soya/gallery/28.jpg	/soya2/sourcing/img_mkt/jty_p6036_4.webp
58	30	28	22	/soya2/sourcing/img_soya/h2_01_2-housse_Oreiller_de_Rechange_Soya_img4.webp	/soya_prix/imgs/inphysio_0.img
58	30	28	22	/soya2/sourcing/img_soya/v2_03_1-oreiller-soya-2_0_img4_39d31902-82e0-42b3-a8cb-6b71e2ebfe7	/soya_prix/imgs/inphysio_0.img
58	30	28	23	/soya/gallery/07.jpg	/soya_prix/imgs/inphysio_2.img
58	30	28	23	/soya2/sourcing/img_soya/lomb_01_4-Coussin_Lombaire_Ergonomique_Soya_img2.webp	/soya2/sourcing/img_mkt/derila_2.img
58	30	28	24	/soya2/sourcing/img_soya/v2_01_1-oreiller-soya-2_0_img2_7d72b6af-35c7-4427-8f15-843f227d977	/soya2/sourcing/img_mkt/comfy_6.img
58	30	28	25	/soya/gallery/38.jpg	/soya2/sourcing/img_mkt/mic_jty_2.webp
58	30	28	25	/soya2/sourcing/img_soya/h2_00_2-housse_Oreiller_de_Rechange_Soya_HD.webp	/soya2/sourcing/img_mkt/mic_jty_1.webp
58	30	28	26	/soya/gallery/36.jpg	/soya_prix/imgs/comfysle_3.img
58	30	28	26	/soya/gallery/37.jpg	/soya_prix/imgs/comfysle_3.img
58	30	28	26	/soya2/sourcing/img_soya/enf_08_KIDS_PINK_4.png	/soya_prix/imgs/somnilys_0.img
58	30	28	26	/soya2/sourcing/img_soya/h3_14_7687678_2.png	/soya_prix/imgs/zamatsle_0.img
58	30	28	26	/soya2/sourcing/img_soya/v2_08_11_bf88b3df-377c-4ddb-b78a-cc7a164e7755.png	/soya2/sourcing/img_mkt/derila_6.img
58	30	28	26	/soya2/sourcing/img_soya/v3_29_7687678_2_0409bb9a-6b40-434d-807f-98da5554945a.png	/soya_prix/imgs/zamatsle_0.img
58	30	28	27	/soya/gallery/38.jpg	/soya_prix/imgs/zamatsle_0.img
58	30	28	27	/soya/gallery/38.jpg	/soya_prix/imgs/zamatsle_1.img
58	30	28	27	/soya2/sourcing/img_soya/v1_01_8-Oreiller_Soya_1.0_img2.webp	/soya_prix/imgs/htconfort_2.img
58	30	28	28	/soya2/sourcing/img_soya/h3_00_13_c9363db8-d780-4903-9a97-df55d0478686.png	/soya2/sourcing/img_mkt/jty_p6036_3.webp
58	30	28	28	/soya2/sourcing/img_soya/h3_12_7687678_3.png	/soya2/sourcing/img_mkt/jty_p6036_3.webp
58	30	28	28	/soya2/sourcing/img_soya/regl_01_14-Ensemble_Oreillers_Reglables_img2.webp	/soya2/sourcing/img_mkt/jty_knee_2.webp
58	30	28	28	/soya2/sourcing/img_soya/v3_33_Soya_3.0_Grey_4.png	/soya2/sourcing/img_mkt/jty_knee_1.webp
58	30	28	29	/soya/gallery/23.jpg	/soya2/sourcing/img_mkt/comfy_7.img
58	30	28	29	/soya2/sourcing/img_soya/enf_11_KIDS_PINK_7.png	/soya_prix/imgs/htconfort_1.img
58	30	28	29	/soya2/sourcing/img_soya/henf_04_KIDS_PINK_7.png	/soya_prix/imgs/htconfort_1.img
58	30	28	30	/soya/gallery/05.jpg	/soya2/sourcing/img_mkt/derila_4.img
58	30	28	30	/soya/gallery/38.jpg	/soya2/sourcing/img_mkt/comfy_1.img
58	30	28	30	/soya/gallery/38.jpg	/soya2/sourcing/img_mkt/jty_p6036_3.webp
58	30	28	30	/soya/gallery/38.jpg	/soya_prix/imgs/comfysle_1.img
58	30	28	30	/soya2/sourcing/img_soya/enf_11_KIDS_PINK_7.png	/soya2/sourcing/img_mkt/comfy_4.img
58	30	28	30	/soya2/sourcing/img_soya/henf_04_KIDS_PINK_7.png	/soya2/sourcing/img_mkt/comfy_4.img
58	30	28	30	/soya2/sourcing/img_soya/v2_07_1-oreiller-soya-2_0_img7_43909438-1603-4e59-add4-f987f4acd78	/soya2/sourcing/img_mkt/mic_jty_12.webp
58	30	28	31	/soya2/sourcing/img_soya/h2_01_2-housse_Oreiller_de_Rechange_Soya_img4.webp	/soya_prix/imgs/inphysio_1.img
58	30	28	31	/soya2/sourcing/img_soya/h2_03_2-housse_Oreiller_de_Rechange_Soya_img5.webp	/soya_prix/imgs/htconfort_1.img
58	30	28	31	/soya2/sourcing/img_soya/h3_14_7687678_2.png	/soya2/sourcing/img_mkt/jty_p6036_3.webp
58	30	28	31	/soya2/sourcing/img_soya/lomb_02_4-Coussin_Lombaire_Ergonomique_Soya_img3.webp	/soya2/sourcing/img_mkt/derila_3.img
58	30	28	31	/soya2/sourcing/img_soya/regl_00_14-Ensemble_Oreillers_Reglables_couverture_HD.webp	/soya2/sourcing/img_mkt/jty_knee_1.webp
58	30	28	31	/soya2/sourcing/img_soya/v2_03_1-oreiller-soya-2_0_img4_39d31902-82e0-42b3-a8cb-6b71e2ebfe7	/soya_prix/imgs/inphysio_1.img
58	30	28	31	/soya2/sourcing/img_soya/v3_29_7687678_2_0409bb9a-6b40-434d-807f-98da5554945a.png	/soya2/sourcing/img_mkt/jty_p6036_3.webp
58	30	28	32	/soya2/sourcing/img_soya/enf_09_KIDS_PINK_2.png	/soya2/sourcing/img_mkt/mic_jty_5.webp
58	30	28	32	/soya2/sourcing/img_soya/lomb_03_4_dc2e6161-802a-4c42-a1d6-b9a0a02ce466.png	/soya2/sourcing/img_mkt/mic_tnjk_11.webp
58	30	28	32	/soya2/sourcing/img_soya/lomb_03_4_dc2e6161-802a-4c42-a1d6-b9a0a02ce466.png	/soya2/sourcing/img_mkt/mic_tnjk_4.webp
58	30	28	32	/soya2/sourcing/img_soya/lomb_03_4_dc2e6161-802a-4c42-a1d6-b9a0a02ce466.png	/soya2/sourcing/img_mkt/mic_tnjk_7.webp
58	30	28	32	/soya2/sourcing/img_soya/regl_00_14-Ensemble_Oreillers_Reglables_couverture_HD.webp	/soya_prix/imgs/somnilys_0.img
58	30	28	32	/soya2/sourcing/img_soya/v2_02_1-oreiller-soya-2_0_img3_5f834f33-5e47-49e1-a6a1-34e17f3341b	/soya2/sourcing/img_mkt/jty_p6036_3.webp
58	30	28	32	/soya2/sourcing/img_soya/v3_12_2_782a3829-4b96-451b-93e4-630d8f06e705.png	/soya2/sourcing/img_mkt/mic_jty_12.webp
58	30	28	33	/soya2/sourcing/img_soya/enf_02_KIDSP1_6.png	/soya2/sourcing/img_mkt/confal_1.img
58	30	28	33	/soya2/sourcing/img_soya/enf_02_KIDSP1_6.png	/soya_prix/imgs/confortalign_1.img
58	30	28	33	/soya2/sourcing/img_soya/enf_03_KIDSP1_5.png	/soya2/sourcing/img_mkt/mic_tnjk_11.webp
58	30	28	33	/soya2/sourcing/img_soya/enf_03_KIDSP1_5.png	/soya2/sourcing/img_mkt/mic_tnjk_4.webp
58	30	28	33	/soya2/sourcing/img_soya/enf_03_KIDSP1_5.png	/soya2/sourcing/img_mkt/mic_tnjk_7.webp
58	30	28	33	/soya2/sourcing/img_soya/h3_00_13_c9363db8-d780-4903-9a97-df55d0478686.png	/soya2/sourcing/img_mkt/derila_4.img
58	30	28	33	/soya2/sourcing/img_soya/h3_12_7687678_3.png	/soya2/sourcing/img_mkt/derila_4.img
58	30	28	33	/soya2/sourcing/img_soya/henf_02_KIDS_P_1_3.png	/soya2/sourcing/img_mkt/mic_jty_12.webp
58	30	28	34	/soya/gallery/29.jpg	/soya2/sourcing/img_mkt/comfy_5.img
58	30	28	34	/soya/gallery/30.jpg	/soya2/sourcing/img_mkt/derila_6.img
58	30	28	34	/soya2/sourcing/img_soya/enf_20_KIDS_YELLOW_5.png	/soya2/sourcing/img_mkt/confal_4.img
58	30	28	34	/soya2/sourcing/img_soya/v2_05_Oreiller_position_4.png	/soya_prix/imgs/zamatsle_1.img
58	30	28	34	/soya2/sourcing/img_soya/v3_24_SOYA_3.0_Grey-2.jpg	/soya2/sourcing/img_mkt/mic_jty_12.webp
58	30	28	35	/soya/gallery/06.jpg	/soya2/sourcing/img_mkt/confal_0.img
58	30	28	35	/soya/gallery/06.jpg	/soya_prix/imgs/confortalign_0.img
58	30	28	35	/soya/gallery/18.jpg	/soya2/sourcing/img_mkt/confal_0.img
58	30	28	35	/soya/gallery/18.jpg	/soya_prix/imgs/confortalign_0.img
58	30	28	35	/soya/gallery/22.jpg	/soya2/sourcing/img_mkt/confal_0.img
58	30	28	35	/soya/gallery/22.jpg	/soya_prix/imgs/confortalign_0.img
58	30	28	35	/soya/gallery/23.jpg	/soya_prix/imgs/zamatsle_1.img
58	30	28	35	/soya/gallery/28.jpg	/soya2/sourcing/img_mkt/confal_0.img
58	30	28	35	/soya/gallery/28.jpg	/soya_prix/imgs/confortalign_0.img
58	30	28	35	/soya/gallery/39.jpg	/soya2/sourcing/img_mkt/jty_knee_6.webp
58	30	28	35	/soya2/sourcing/img_soya/h3_15_7687678_1.png	/soya_prix/imgs/htconfort_1.img
58	30	28	36	/soya2/sourcing/img_soya/enf_08_KIDS_PINK_4.png	/soya2/sourcing/img_mkt/jty_knee_5.webp
58	30	28	36	/soya2/sourcing/img_soya/enf_12_KIDS_PINK_5.png	/soya2/sourcing/img_mkt/confal_4.img
58	30	28	36	/soya2/sourcing/img_soya/h2_03_2-housse_Oreiller_de_Rechange_Soya_img5.webp	/soya2/sourcing/img_mkt/comfy_6.img
58	30	28	36	/soya2/sourcing/img_soya/h3_12_7687678_3.png	/soya_prix/imgs/htconfort_2.img
58	30	28	36	/soya2/sourcing/img_soya/lomb_02_4-Coussin_Lombaire_Ergonomique_Soya_img3.webp	/soya2/sourcing/img_mkt/comfy_1.img
58	30	28	36	/soya2/sourcing/img_soya/lomb_02_4-Coussin_Lombaire_Ergonomique_Soya_img3.webp	/soya_prix/imgs/comfysle_1.img
58	30	28	37	/soya/gallery/34.jpg	/soya2/sourcing/img_mkt/derila_1.img
58	30	28	37	/soya2/sourcing/img_soya/h3_12_7687678_3.png	/soya_prix/imgs/comfysle_2.img
58	30	28	37	/soya2/sourcing/img_soya/v2_07_1-oreiller-soya-2_0_img7_43909438-1603-4e59-add4-f987f4acd78	/soya2/sourcing/img_mkt/confal_4.img
58	30	28	37	/soya2/sourcing/img_soya/voy_01_9-Oreiller-de-Voyage-Ergonomique-Soya_img2.webp	/soya_prix/imgs/zamatsle_2.img
58	30	28	39	/soya/gallery/06.jpg	/soya_prix/imgs/somnilys_2.img
58	30	28	39	/soya/gallery/18.jpg	/soya_prix/imgs/somnilys_2.img
58	30	28	39	/soya/gallery/22.jpg	/soya_prix/imgs/somnilys_2.img
58	30	28	39	/soya/gallery/28.jpg	/soya_prix/imgs/somnilys_2.img
58	30	28	39	/soya2/sourcing/img_soya/lomb_00_4-Coussin_Lombaire_Ergonomique_Soya_couverture_HD.webp	/soya_prix/imgs/htconfort_0.img
58	30	28	39	/soya2/sourcing/img_soya/regl_00_14-Ensemble_Oreillers_Reglables_couverture_HD.webp	/soya2/sourcing/img_mkt/confal_2.img
58	30	28	39	/soya2/sourcing/img_soya/regl_00_14-Ensemble_Oreillers_Reglables_couverture_HD.webp	/soya_prix/imgs/confortalign_2.img
58	30	28	39	/soya2/sourcing/img_soya/v3_24_SOYA_3.0_Grey-2.jpg	/soya2/sourcing/img_mkt/confal_4.img
58	30	28	41	/soya2/sourcing/img_soya/h2_02_2-housse_Oreiller_de_Rechange_Soya_img3.webp	/soya2/sourcing/img_mkt/mic_tnjk_10.webp
58	30	28	41	/soya2/sourcing/img_soya/h2_02_2-housse_Oreiller_de_Rechange_Soya_img3.webp	/soya2/sourcing/img_mkt/mic_tnjk_6.webp
58	30	28	41	/soya2/sourcing/img_soya/h2_02_2-housse_Oreiller_de_Rechange_Soya_img3.webp	/soya2/sourcing/img_mkt/mic_tnjk_9.webp
58	30	28	41	/soya2/sourcing/img_soya/v3_12_2_782a3829-4b96-451b-93e4-630d8f06e705.png	/soya2/sourcing/img_mkt/confal_4.img
58	30	28	43	/soya2/sourcing/img_soya/enf_00_KIDSP2.jpg	/soya2/sourcing/img_mkt/confal_2.img
58	30	28	43	/soya2/sourcing/img_soya/enf_00_KIDSP2.jpg	/soya_prix/imgs/confortalign_2.img
58	30	28	43	/soya2/sourcing/img_soya/henf_00_KIDS_P_1_2.png	/soya2/sourcing/img_mkt/comfy_2.img
58	30	28	43	/soya2/sourcing/img_soya/v2_07_1-oreiller-soya-2_0_img7_43909438-1603-4e59-add4-f987f4acd78	/soya2/sourcing/img_mkt/comfy_2.img
58	30	28	43	/soya2/sourcing/img_soya/v3_32_Soya_3.0_Grey_1.png	/soya2/sourcing/img_mkt/mic_jty_5.webp
58	30	28	44	/soya2/sourcing/img_soya/v3_33_Soya_3.0_Grey_4.png	/soya2/sourcing/img_mkt/comfy_0.img
58	30	28	45	/soya/gallery/33.jpg	/soya2/sourcing/img_mkt/jty_knee_5.webp
58	30	28	45	/soya2/sourcing/img_soya/v3_31_Firefly_Gemini_Flash_Generate_the_same_image_exactly_as_the_	/soya2/sourcing/img_mkt/mic_jty_8.webp
58	30	28	47	/soya2/sourcing/img_soya/enf_14_KIDS_YELLOW_6.jpg	/soya2/sourcing/img_mkt/comfy_2.img
58	30	28	55	/soya2/sourcing/img_soya/voy_03_9-Oreiller-de-Voyage-Ergonomique-Soya_img4.webp	/soya2/sourcing/img_mkt/jty_knee_5.webp
58	32	26	17	/soya/gallery/11.jpg	/soya2/sourcing/img_mkt/confal_0.img
58	32	26	17	/soya/gallery/11.jpg	/soya_prix/imgs/confortalign_0.img
58	32	26	17	/soya2/sourcing/img_soya/v2_02_1-oreiller-soya-2_0_img3_5f834f33-5e47-49e1-a6a1-34e17f3341b	/soya_prix/imgs/htconfort_0.img
58	32	26	17	/soya2/sourcing/img_soya/v3_30_IMG_9178.png	/soya2/sourcing/img_mkt/jty_p6036_3.webp
58	32	26	19	/soya2/sourcing/img_soya/enf_17_KIDS_YELLOW_1.png	/soya2/sourcing/img_mkt/jty_knee_2.webp
58	32	26	21	/soya/gallery/35.jpg	/soya2/sourcing/img_mkt/mic_jty_2.webp
58	32	26	21	/soya2/sourcing/img_soya/h3_14_7687678_2.png	/soya2/sourcing/img_mkt/jty_p6036_6.webp
58	32	26	21	/soya2/sourcing/img_soya/v2_02_1-oreiller-soya-2_0_img3_5f834f33-5e47-49e1-a6a1-34e17f3341b	/soya2/sourcing/img_mkt/comfy_3.img
58	32	26	21	/soya2/sourcing/img_soya/v3_29_7687678_2_0409bb9a-6b40-434d-807f-98da5554945a.png	/soya2/sourcing/img_mkt/jty_p6036_6.webp
58	32	26	25	/soya2/sourcing/img_soya/v3_34_Soya_3.0_Grey.png	/soya2/sourcing/img_mkt/derila_3.img
58	32	26	26	/soya2/sourcing/img_soya/lomb_01_4-Coussin_Lombaire_Ergonomique_Soya_img2.webp	/soya2/sourcing/img_mkt/comfy_2.img
58	32	26	27	/soya2/sourcing/img_soya/enf_02_KIDSP1_6.png	/soya_prix/imgs/inphysio_1.img
58	32	26	28	/soya2/sourcing/img_soya/enf_18_KIDS_YELLOW_2.png	/soya_prix/imgs/htconfort_1.img
58	32	26	28	/soya2/sourcing/img_soya/henf_05_KIDS_YELLOW_2.png	/soya_prix/imgs/htconfort_1.img
58	32	26	29	/soya/gallery/23.jpg	/soya2/sourcing/img_mkt/jty_knee_2.webp
58	32	26	30	/soya2/sourcing/img_soya/h2_00_2-housse_Oreiller_de_Rechange_Soya_HD.webp	/soya2/sourcing/img_mkt/derila_3.img
58	32	26	30	/soya2/sourcing/img_soya/regl_01_14-Ensemble_Oreillers_Reglables_img2.webp	/soya2/sourcing/img_mkt/mic_jty_8.webp
58	32	26	30	/soya2/sourcing/img_soya/v1_04_8-Oreiller_Soya_1.0_img5.webp	/soya2/sourcing/img_mkt/jty_p6036_2.webp
58	32	26	31	/soya2/sourcing/img_soya/enf_18_KIDS_YELLOW_2.png	/soya2/sourcing/img_mkt/confal_5.img
58	32	26	31	/soya2/sourcing/img_soya/henf_05_KIDS_YELLOW_2.png	/soya2/sourcing/img_mkt/confal_5.img
58	32	26	32	/soya2/sourcing/img_soya/voy_01_9-Oreiller-de-Voyage-Ergonomique-Soya_img2.webp	/soya_prix/imgs/comfysle_2.img
58	32	26	33	/soya2/sourcing/img_soya/regl_01_14-Ensemble_Oreillers_Reglables_img2.webp	/soya2/sourcing/img_mkt/confal_0.img
58	32	26	33	/soya2/sourcing/img_soya/regl_01_14-Ensemble_Oreillers_Reglables_img2.webp	/soya_prix/imgs/confortalign_0.img
58	32	26	34	/soya2/sourcing/img_soya/henf_00_KIDS_P_1_2.png	/soya2/sourcing/img_mkt/confal_1.img
58	32	26	34	/soya2/sourcing/img_soya/henf_00_KIDS_P_1_2.png	/soya_prix/imgs/confortalign_1.img
58	32	26	34	/soya2/sourcing/img_soya/regl_01_14-Ensemble_Oreillers_Reglables_img2.webp	/soya2/sourcing/img_mkt/mic_jty_2.webp
58	32	26	35	/soya2/sourcing/img_soya/enf_19_KIDS_YELLOW_3.png	/soya2/sourcing/img_mkt/confal_4.img
58	32	26	35	/soya2/sourcing/img_soya/h3_04_14_feded688-a4ff-4333-8fba-e9a2e53c877a.png	/soya2/sourcing/img_mkt/mic_jty_12.webp
58	32	26	35	/soya2/sourcing/img_soya/v1_01_8-Oreiller_Soya_1.0_img2.webp	/soya2/sourcing/img_mkt/jty_p6036_5.webp
58	32	26	36	/soya/gallery/35.jpg	/soya_prix/imgs/zamatsle_2.img
58	32	26	37	/soya2/sourcing/img_soya/v2_04_1-oreiller-soya-2_0_img5_a8a3199e-0071-4043-a899-f89baff5294	/soya2/sourcing/img_mkt/jty_knee_6.webp
58	32	26	37	/soya2/sourcing/img_soya/v2_07_1-oreiller-soya-2_0_img7_43909438-1603-4e59-add4-f987f4acd78	/soya_prix/imgs/zamatsle_3.img
58	32	26	38	/soya/gallery/26.jpg	/soya2/sourcing/img_mkt/derila_6.img
58	32	26	38	/soya2/sourcing/img_soya/v3_25_Soya_3.0_grey_2_2e59cacb-6ebc-4f36-8a81-44478c9d4589.png	/soya2/sourcing/img_mkt/mic_jty_3.webp
58	32	26	39	/soya2/sourcing/img_soya/v2_01_1-oreiller-soya-2_0_img2_7d72b6af-35c7-4427-8f15-843f227d977	/soya2/sourcing/img_mkt/comfy_5.img
58	32	26	42	/soya2/sourcing/img_soya/lomb_01_4-Coussin_Lombaire_Ergonomique_Soya_img2.webp	/soya2/sourcing/img_mkt/jty_knee_5.webp
58	32	26	45	/soya2/sourcing/img_soya/v2_04_1-oreiller-soya-2_0_img5_a8a3199e-0071-4043-a899-f89baff5294	/soya2/sourcing/img_mkt/mic_jty_12.webp
58	32	26	47	/soya2/sourcing/img_soya/v2_06_1-oreiller-soya-2_0_img6_9601dd3b-66d6-4311-b41e-5fd7712bdc1	/soya_prix/imgs/comfysle_2.img
58	32	26	52	/soya2/sourcing/img_soya/v3_42_41.1.png	/soya_prix/imgs/comfysle_2.img
58	32	26	55	/soya/gallery/30.jpg	/soya_prix/imgs/zamatsle_1.img
58	32	26	57	/soya/gallery/30.jpg	/soya_prix/imgs/zamatsle_0.img
58	34	24	24	/soya2/sourcing/img_soya/enf_17_KIDS_YELLOW_1.png	/soya2/sourcing/img_mkt/jty_p6036_6.webp
58	34	24	28	/soya2/sourcing/img_soya/voy_00_9-Oreiller-de-Voyage-Ergonomique-Soyacouverture_HD.webp	/soya_prix/imgs/zamatsle_1.img
58	34	24	29	/soya/gallery/36.jpg	/soya2/sourcing/img_mkt/derila_5.img
58	34	24	29	/soya/gallery/37.jpg	/soya2/sourcing/img_mkt/derila_5.img
58	34	24	29	/soya2/sourcing/img_soya/voy_00_9-Oreiller-de-Voyage-Ergonomique-Soyacouverture_HD.webp	/soya2/sourcing/img_mkt/comfy_1.img
58	34	24	29	/soya2/sourcing/img_soya/voy_00_9-Oreiller-de-Voyage-Ergonomique-Soyacouverture_HD.webp	/soya_prix/imgs/comfysle_1.img
58	34	24	30	/soya2/sourcing/img_soya/enf_11_KIDS_PINK_7.png	/soya2/sourcing/img_mkt/confal_5.img
58	34	24	30	/soya2/sourcing/img_soya/enf_15_KIDS_YELLOW_4.png	/soya2/sourcing/img_mkt/mic_jty_3.webp
58	34	24	30	/soya2/sourcing/img_soya/henf_04_KIDS_PINK_7.png	/soya2/sourcing/img_mkt/confal_5.img
58	34	24	31	/soya2/sourcing/img_soya/enf_01_KIDSP1_4.jpg	/soya2/sourcing/img_mkt/mic_jty_3.webp
58	34	24	34	/soya2/sourcing/img_soya/v2_04_1-oreiller-soya-2_0_img5_a8a3199e-0071-4043-a899-f89baff5294	/soya2/sourcing/img_mkt/mic_tnjk_10.webp
58	34	24	34	/soya2/sourcing/img_soya/v2_04_1-oreiller-soya-2_0_img5_a8a3199e-0071-4043-a899-f89baff5294	/soya2/sourcing/img_mkt/mic_tnjk_6.webp
58	34	24	34	/soya2/sourcing/img_soya/v2_04_1-oreiller-soya-2_0_img5_a8a3199e-0071-4043-a899-f89baff5294	/soya2/sourcing/img_mkt/mic_tnjk_9.webp
58	34	24	34	/soya2/sourcing/img_soya/v3_35_SOYA_3.0_Grey_1.jpg	/soya2/sourcing/img_mkt/derila_3.img
58	34	24	35	/soya2/sourcing/img_soya/v2_04_1-oreiller-soya-2_0_img5_a8a3199e-0071-4043-a899-f89baff5294	/soya_prix/imgs/htconfort_1.img
58	34	24	36	/soya2/sourcing/img_soya/enf_11_KIDS_PINK_7.png	/soya_prix/imgs/zamatsle_3.img
58	34	24	36	/soya2/sourcing/img_soya/henf_04_KIDS_PINK_7.png	/soya_prix/imgs/zamatsle_3.img
58	34	24	41	/soya/gallery/05.jpg	/soya2/sourcing/img_mkt/mic_jty_1.webp
58	36	22	31	/soya/gallery/20.jpg	/soya2/sourcing/img_mkt/comfy_6.img
59	22	37	21	/soya/gallery/39.jpg	/soya2/sourcing/img_mkt/mic_tnjk_11.webp
59	22	37	21	/soya/gallery/39.jpg	/soya2/sourcing/img_mkt/mic_tnjk_4.webp
59	22	37	21	/soya/gallery/39.jpg	/soya2/sourcing/img_mkt/mic_tnjk_7.webp
59	24	35	10	/soya/gallery/35.jpg	/soya2/sourcing/img_mkt/comfy_5.img
59	24	35	14	/soya2/sourcing/img_soya/h2_03_2-housse_Oreiller_de_Rechange_Soya_img5.webp	/soya2/sourcing/img_mkt/comfy_7.img
59	24	35	17	/soya2/sourcing/img_soya/lomb_03_4_dc2e6161-802a-4c42-a1d6-b9a0a02ce466.png	/soya2/sourcing/img_mkt/jty_knee_5.webp
59	24	35	25	/soya2/sourcing/img_soya/v3_30_IMG_9178.png	/soya_prix/imgs/inphysio_1.img
59	24	35	29	/soya2/sourcing/img_soya/v3_12_2_782a3829-4b96-451b-93e4-630d8f06e705.png	/soya_prix/imgs/zamatsle_1.img
59	24	35	37	/soya2/sourcing/img_soya/v1_03_8-Oreiller_Soya_1.0_img4.webp	/soya2/sourcing/img_mkt/jty_knee_4.webp
59	24	35	39	/soya2/sourcing/img_soya/enf_13_KIDS_PINK_3.png	/soya2/sourcing/img_mkt/jty_p6036_6.webp
59	24	35	47	/soya2/sourcing/img_soya/v3_42_41.1.png	/soya2/sourcing/img_mkt/comfy_0.img
59	26	33	9	/soya/gallery/31.jpg	/soya2/sourcing/img_mkt/jty_p6036_3.webp
59	26	33	12	/soya2/sourcing/img_soya/v1_00_8-Oreiller_Soya_1.0_couverture_HD.webp	/soya2/sourcing/img_mkt/mic_jty_3.webp
59	26	33	14	/soya2/sourcing/img_soya/v2_00_1-oreiller-soya-2_0HD.webp	/soya2/sourcing/img_mkt/jty_p6036_1.webp
59	26	33	20	/soya2/sourcing/img_soya/h3_14_7687678_2.png	/soya2/sourcing/img_mkt/confal_5.img
59	26	33	20	/soya2/sourcing/img_soya/v3_29_7687678_2_0409bb9a-6b40-434d-807f-98da5554945a.png	/soya2/sourcing/img_mkt/confal_5.img
59	26	33	21	/soya/gallery/38.jpg	/soya2/sourcing/img_mkt/confal_5.img
59	26	33	21	/soya2/sourcing/img_soya/lomb_04_3_9225ca02-f60c-47d3-b26c-49df6ebba454.png	/soya2/sourcing/img_mkt/jty_p6036_2.webp
59	26	33	21	/soya2/sourcing/img_soya/v2_05_Oreiller_position_4.png	/soya_prix/imgs/inphysio_1.img
59	26	33	22	/soya/gallery/03.jpg	/soya2/sourcing/img_mkt/confal_0.img
59	26	33	22	/soya/gallery/03.jpg	/soya_prix/imgs/confortalign_0.img
59	26	33	22	/soya/gallery/14.jpg	/soya2/sourcing/img_mkt/confal_0.img
59	26	33	22	/soya/gallery/14.jpg	/soya_prix/imgs/confortalign_0.img
59	26	33	22	/soya/gallery/27.jpg	/soya2/sourcing/img_mkt/confal_0.img
59	26	33	22	/soya/gallery/27.jpg	/soya_prix/imgs/confortalign_0.img
59	26	33	23	/soya2/sourcing/img_soya/v3_42_41.1.png	/soya_prix/imgs/inphysio_1.img
59	26	33	24	/soya/gallery/29.jpg	/soya2/sourcing/img_mkt/mic_tnjk_11.webp
59	26	33	24	/soya/gallery/29.jpg	/soya2/sourcing/img_mkt/mic_tnjk_4.webp
59	26	33	24	/soya/gallery/29.jpg	/soya2/sourcing/img_mkt/mic_tnjk_7.webp
59	26	33	24	/soya2/sourcing/img_soya/enf_10_KIDS_PINK_1.png	/soya2/sourcing/img_mkt/derila_1.img
59	26	33	25	/soya2/sourcing/img_soya/v2_08_11_bf88b3df-377c-4ddb-b78a-cc7a164e7755.png	/soya2/sourcing/img_mkt/confal_5.img
59	26	33	25	/soya2/sourcing/img_soya/v3_42_41.1.png	/soya2/sourcing/img_mkt/confal_3.img
59	26	33	26	/soya2/sourcing/img_soya/lomb_01_4-Coussin_Lombaire_Ergonomique_Soya_img2.webp	/soya2/sourcing/img_mkt/comfy_7.img
59	26	33	27	/soya/gallery/29.jpg	/soya_prix/imgs/comfysle_2.img
59	26	33	28	/soya2/sourcing/img_soya/enf_01_KIDSP1_4.jpg	/soya2/sourcing/img_mkt/jty_knee_3.webp
59	26	33	28	/soya2/sourcing/img_soya/h3_00_13_c9363db8-d780-4903-9a97-df55d0478686.png	/soya2/sourcing/img_mkt/mic_jty_12.webp
59	26	33	29	/soya2/sourcing/img_soya/enf_14_KIDS_YELLOW_6.jpg	/soya2/sourcing/img_mkt/comfy_3.img
59	26	33	29	/soya2/sourcing/img_soya/enf_20_KIDS_YELLOW_5.png	/soya2/sourcing/img_mkt/jty_p6036_2.webp
59	26	33	30	/soya2/sourcing/img_soya/henf_02_KIDS_P_1_3.png	/soya2/sourcing/img_mkt/comfy_3.img
59	26	33	30	/soya2/sourcing/img_soya/v1_04_8-Oreiller_Soya_1.0_img5.webp	/soya2/sourcing/img_mkt/mic_jty_12.webp
59	26	33	30	/soya2/sourcing/img_soya/voy_02_9-Oreiller-de-Voyage-Ergonomique-Soya_img3.webp	/soya_prix/imgs/inphysio_1.img
59	26	33	31	/soya2/sourcing/img_soya/h2_02_2-housse_Oreiller_de_Rechange_Soya_img3.webp	/soya2/sourcing/img_mkt/comfy_3.img
59	26	33	32	/soya/gallery/11.jpg	/soya_prix/imgs/zamatsle_3.img
59	26	33	33	/soya/gallery/19.jpg	/soya2/sourcing/img_mkt/mic_jty_8.webp
59	26	33	33	/soya2/sourcing/img_soya/enf_18_KIDS_YELLOW_2.png	/soya2/sourcing/img_mkt/comfy_7.img
59	26	33	33	/soya2/sourcing/img_soya/henf_05_KIDS_YELLOW_2.png	/soya2/sourcing/img_mkt/comfy_7.img
59	26	33	34	/soya2/sourcing/img_soya/enf_11_KIDS_PINK_7.png	/soya2/sourcing/img_mkt/comfy_7.img
59	26	33	34	/soya2/sourcing/img_soya/henf_04_KIDS_PINK_7.png	/soya2/sourcing/img_mkt/comfy_7.img
59	26	33	34	/soya2/sourcing/img_soya/v2_05_Oreiller_position_4.png	/soya_prix/imgs/zamatsle_3.img
59	26	33	35	/soya2/sourcing/img_soya/v3_24_SOYA_3.0_Grey-2.jpg	/soya_prix/imgs/zamatsle_0.img
59	26	33	36	/soya2/sourcing/img_soya/v3_42_41.1.png	/soya2/sourcing/img_mkt/comfy_4.img
59	26	33	37	/soya/gallery/05.jpg	/soya2/sourcing/img_mkt/confal_2.img
59	26	33	37	/soya/gallery/05.jpg	/soya_prix/imgs/confortalign_2.img
59	26	33	37	/soya2/sourcing/img_soya/lomb_00_4-Coussin_Lombaire_Ergonomique_Soya_couverture_HD.webp	/soya_prix/imgs/inphysio_0.img
59	26	33	37	/soya2/sourcing/img_soya/lomb_02_4-Coussin_Lombaire_Ergonomique_Soya_img3.webp	/soya2/sourcing/img_mkt/jty_knee_5.webp
59	26	33	39	/soya/gallery/34.jpg	/soya2/sourcing/img_mkt/confal_2.img
59	26	33	39	/soya/gallery/34.jpg	/soya_prix/imgs/confortalign_2.img
59	26	33	39	/soya2/sourcing/img_soya/v2_07_1-oreiller-soya-2_0_img7_43909438-1603-4e59-add4-f987f4acd78	/soya_prix/imgs/zamatsle_1.img
59	26	33	40	/soya2/sourcing/img_soya/v2_06_1-oreiller-soya-2_0_img6_9601dd3b-66d6-4311-b41e-5fd7712bdc1	/soya2/sourcing/img_mkt/mic_jty_12.webp
59	26	33	41	/soya/gallery/26.jpg	/soya_prix/imgs/inphysio_0.img
59	26	33	42	/soya2/sourcing/img_soya/v2_02_1-oreiller-soya-2_0_img3_5f834f33-5e47-49e1-a6a1-34e17f3341b	/soya2/sourcing/img_mkt/jty_knee_1.webp
59	26	33	44	/soya2/sourcing/img_soya/h3_13_Soya_3.0_Grey_2.png	/soya2/sourcing/img_mkt/jty_p6036_5.webp
59	26	33	44	/soya2/sourcing/img_soya/v3_28_Soya_3.0_Grey_2_47c0e3de-4c91-48dd-960e-4a36d6b20353.png	/soya2/sourcing/img_mkt/jty_p6036_5.webp
59	26	33	44	/soya2/sourcing/img_soya/v3_34_Soya_3.0_Grey.png	/soya2/sourcing/img_mkt/derila_2.img
59	26	33	47	/soya/gallery/11.jpg	/soya_prix/imgs/comfysle_0.img
59	26	33	49	/soya2/sourcing/img_soya/v2_05_Oreiller_position_4.png	/soya2/sourcing/img_mkt/comfy_0.img
59	26	33	49	/soya2/sourcing/img_soya/v2_05_Oreiller_position_4.png	/soya_prix/imgs/comfysle_0.img
59	28	31	13	/soya2/sourcing/img_soya/v3_33_Soya_3.0_Grey_4.png	/soya2/sourcing/img_mkt/mic_jty_2.webp
59	28	31	14	/soya2/sourcing/img_soya/enf_14_KIDS_YELLOW_6.jpg	/soya2/sourcing/img_mkt/jty_p6036_3.webp
59	28	31	15	/soya2/sourcing/img_soya/v1_00_8-Oreiller_Soya_1.0_couverture_HD.webp	/soya2/sourcing/img_mkt/confal_0.img
59	28	31	15	/soya2/sourcing/img_soya/v1_00_8-Oreiller_Soya_1.0_couverture_HD.webp	/soya_prix/imgs/confortalign_0.img
59	28	31	21	/soya2/sourcing/img_soya/henf_02_KIDS_P_1_3.png	/soya2/sourcing/img_mkt/jty_p6036_3.webp
59	28	31	21	/soya2/sourcing/img_soya/v1_03_8-Oreiller_Soya_1.0_img4.webp	/soya_prix/imgs/comfysle_3.img
59	28	31	22	/soya2/sourcing/img_soya/enf_15_KIDS_YELLOW_4.png	/soya2/sourcing/img_mkt/comfy_2.img
59	28	31	22	/soya2/sourcing/img_soya/henf_02_KIDS_P_1_3.png	/soya2/sourcing/img_mkt/mic_jty_3.webp
59	28	31	23	/soya/gallery/04.jpg	/soya2/sourcing/img_mkt/comfy_5.img
59	28	31	23	/soya2/sourcing/img_soya/v1_04_8-Oreiller_Soya_1.0_img5.webp	/soya2/sourcing/img_mkt/confal_5.img
59	28	31	24	/soya/gallery/33.jpg	/soya2/sourcing/img_mkt/jty_p6036_2.webp
59	28	31	25	/soya2/sourcing/img_soya/enf_02_KIDSP1_6.png	/soya2/sourcing/img_mkt/derila_1.img
59	28	31	25	/soya2/sourcing/img_soya/enf_17_KIDS_YELLOW_1.png	/soya2/sourcing/img_mkt/comfy_6.img
59	28	31	25	/soya2/sourcing/img_soya/v3_35_SOYA_3.0_Grey_1.jpg	/soya_prix/imgs/inphysio_1.img
59	28	31	27	/soya2/sourcing/img_soya/enf_08_KIDS_PINK_4.png	/soya2/sourcing/img_mkt/mic_jty_5.webp
59	28	31	27	/soya2/sourcing/img_soya/v1_04_8-Oreiller_Soya_1.0_img5.webp	/soya2/sourcing/img_mkt/confal_4.img
59	28	31	28	/soya/gallery/05.jpg	/soya2/sourcing/img_mkt/jty_knee_5.webp
59	28	31	28	/soya2/sourcing/img_soya/enf_00_KIDSP2.jpg	/soya2/sourcing/img_mkt/comfy_3.img
59	28	31	28	/soya2/sourcing/img_soya/enf_16_KIDS_YELLOW_7.png	/soya2/sourcing/img_mkt/comfy_2.img
59	28	31	29	/soya2/sourcing/img_soya/enf_04_KIDSP1_1.png	/soya2/sourcing/img_mkt/jty_p6036_4.webp
59	28	31	29	/soya2/sourcing/img_soya/h2_03_2-housse_Oreiller_de_Rechange_Soya_img5.webp	/soya2/sourcing/img_mkt/jty_p6036_6.webp
59	28	31	29	/soya2/sourcing/img_soya/henf_01_KIDS_P_1_4.png	/soya2/sourcing/img_mkt/comfy_3.img
59	28	31	29	/soya2/sourcing/img_soya/henf_03_KIDSP1_1.png	/soya2/sourcing/img_mkt/jty_p6036_4.webp
59	28	31	29	/soya2/sourcing/img_soya/v3_12_2_782a3829-4b96-451b-93e4-630d8f06e705.png	/soya2/sourcing/img_mkt/mic_jty_2.webp
59	28	31	30	/soya2/sourcing/img_soya/h3_15_7687678_1.png	/soya2/sourcing/img_mkt/jty_p6036_4.webp
59	28	31	31	/soya/gallery/21.jpg	/soya2/sourcing/img_mkt/confal_1.img
59	28	31	31	/soya/gallery/21.jpg	/soya_prix/imgs/confortalign_1.img
59	28	31	31	/soya2/sourcing/img_soya/h2_00_2-housse_Oreiller_de_Rechange_Soya_HD.webp	/soya2/sourcing/img_mkt/jty_knee_3.webp
59	28	31	31	/soya2/sourcing/img_soya/v1_01_8-Oreiller_Soya_1.0_img2.webp	/soya2/sourcing/img_mkt/confal_1.img
59	28	31	31	/soya2/sourcing/img_soya/v1_01_8-Oreiller_Soya_1.0_img2.webp	/soya_prix/imgs/confortalign_1.img
59	28	31	31	/soya2/sourcing/img_soya/v1_02_8-Oreiller_Soya_1.0_img3.webp	/soya2/sourcing/img_mkt/jty_p6036_2.webp
59	28	31	32	/soya2/sourcing/img_soya/enf_01_KIDSP1_4.jpg	/soya2/sourcing/img_mkt/jty_knee_4.webp
59	28	31	32	/soya2/sourcing/img_soya/v1_00_8-Oreiller_Soya_1.0_couverture_HD.webp	/soya2/sourcing/img_mkt/derila_3.img
59	28	31	32	/soya2/sourcing/img_soya/voy_02_9-Oreiller-de-Voyage-Ergonomique-Soya_img3.webp	/soya2/sourcing/img_mkt/mic_jty_12.webp
59	28	31	33	/soya/gallery/09.jpg	/soya2/sourcing/img_mkt/confal_1.img
59	28	31	33	/soya/gallery/09.jpg	/soya_prix/imgs/confortalign_1.img
59	28	31	33	/soya2/sourcing/img_soya/enf_00_KIDSP2.jpg	/soya_prix/imgs/zamatsle_2.img
59	28	31	33	/soya2/sourcing/img_soya/enf_13_KIDS_PINK_3.png	/soya_prix/imgs/somnilys_2.img
59	28	31	33	/soya2/sourcing/img_soya/enf_19_KIDS_YELLOW_3.png	/soya2/sourcing/img_mkt/derila_3.img
59	28	31	33	/soya2/sourcing/img_soya/v3_24_SOYA_3.0_Grey-2.jpg	/soya2/sourcing/img_mkt/derila_4.img
59	28	31	34	/soya/gallery/31.jpg	/soya2/sourcing/img_mkt/comfy_3.img
59	28	31	34	/soya2/sourcing/img_soya/enf_14_KIDS_YELLOW_6.jpg	/soya_prix/imgs/zamatsle_2.img
59	28	31	35	/soya/gallery/33.jpg	/soya2/sourcing/img_mkt/mic_jty_3.webp
59	28	31	36	/soya2/sourcing/img_soya/h3_15_7687678_1.png	/soya2/sourcing/img_mkt/derila_4.img
59	28	31	36	/soya2/sourcing/img_soya/v2_07_1-oreiller-soya-2_0_img7_43909438-1603-4e59-add4-f987f4acd78	/soya2/sourcing/img_mkt/mic_jty_5.webp
59	28	31	37	/soya/gallery/39.jpg	/soya2/sourcing/img_mkt/mic_jty_1.webp
59	28	31	37	/soya2/sourcing/img_soya/enf_14_KIDS_YELLOW_6.jpg	/soya_prix/imgs/zamatsle_1.img
59	28	31	37	/soya2/sourcing/img_soya/h3_00_13_c9363db8-d780-4903-9a97-df55d0478686.png	/soya2/sourcing/img_mkt/comfy_4.img
59	28	31	37	/soya2/sourcing/img_soya/h3_12_7687678_3.png	/soya2/sourcing/img_mkt/comfy_4.img
59	28	31	37	/soya2/sourcing/img_soya/v3_27_Firefly_Gemini_Flash_Generate_the_same_image_exactly_as_the_	/soya2/sourcing/img_mkt/mic_jty_3.webp
59	28	31	38	/soya/gallery/17.jpg	/soya_prix/imgs/htconfort_0.img
59	28	31	38	/soya/gallery/35.jpg	/soya2/sourcing/img_mkt/confal_2.img
59	28	31	38	/soya/gallery/35.jpg	/soya_prix/imgs/confortalign_2.img
59	28	31	38	/soya2/sourcing/img_soya/h2_01_2-housse_Oreiller_de_Rechange_Soya_img4.webp	/soya2/sourcing/img_mkt/derila_4.img
59	28	31	38	/soya2/sourcing/img_soya/h3_04_14_feded688-a4ff-4333-8fba-e9a2e53c877a.png	/soya_prix/imgs/htconfort_0.img
59	28	31	38	/soya2/sourcing/img_soya/lomb_02_4-Coussin_Lombaire_Ergonomique_Soya_img3.webp	/soya2/sourcing/img_mkt/jty_knee_3.webp
59	28	31	38	/soya2/sourcing/img_soya/v2_03_1-oreiller-soya-2_0_img4_39d31902-82e0-42b3-a8cb-6b71e2ebfe7	/soya2/sourcing/img_mkt/derila_4.img
59	28	31	38	/soya2/sourcing/img_soya/v3_24_SOYA_3.0_Grey-2.jpg	/soya2/sourcing/img_mkt/jty_p6036_6.webp
59	28	31	39	/soya/gallery/13.jpg	/soya_prix/imgs/htconfort_1.img
59	28	31	39	/soya2/sourcing/img_soya/enf_14_KIDS_YELLOW_6.jpg	/soya2/sourcing/img_mkt/derila_0.img
59	28	31	39	/soya2/sourcing/img_soya/v2_07_1-oreiller-soya-2_0_img7_43909438-1603-4e59-add4-f987f4acd78	/soya_prix/imgs/zamatsle_0.img
59	28	31	39	/soya2/sourcing/img_soya/voy_01_9-Oreiller-de-Voyage-Ergonomique-Soya_img2.webp	/soya2/sourcing/img_mkt/confal_3.img
59	28	31	40	/soya2/sourcing/img_soya/lomb_00_4-Coussin_Lombaire_Ergonomique_Soya_couverture_HD.webp	/soya_prix/imgs/inphysio_2.img
59	28	31	41	/soya2/sourcing/img_soya/enf_11_KIDS_PINK_7.png	/soya2/sourcing/img_mkt/jty_p6036_3.webp
59	28	31	41	/soya2/sourcing/img_soya/enf_12_KIDS_PINK_5.png	/soya2/sourcing/img_mkt/mic_jty_1.webp
59	28	31	41	/soya2/sourcing/img_soya/henf_04_KIDS_PINK_7.png	/soya2/sourcing/img_mkt/jty_p6036_3.webp
59	28	31	43	/soya2/sourcing/img_soya/v1_00_8-Oreiller_Soya_1.0_couverture_HD.webp	/soya2/sourcing/img_mkt/mic_jty_1.webp
59	28	31	45	/soya/gallery/02.jpg	/soya2/sourcing/img_mkt/comfy_2.img
59	28	31	45	/soya/gallery/05.jpg	/soya_prix/imgs/htconfort_1.img
59	28	31	45	/soya2/sourcing/img_soya/v3_32_Soya_3.0_Grey_1.png	/soya2/sourcing/img_mkt/derila_2.img
59	28	31	46	/soya/gallery/32.jpg	/soya_prix/imgs/htconfort_2.img
59	28	31	48	/soya2/sourcing/img_soya/enf_07_KIDS_PINK_6.jpg	/soya_prix/imgs/comfysle_2.img
59	28	31	50	/soya2/sourcing/img_soya/henf_00_KIDS_P_1_2.png	/soya2/sourcing/img_mkt/mic_jty_5.webp
59	28	31	55	/soya2/sourcing/img_soya/voy_04_9-Oreiller-de-Voyage-Ergonomique-Soya_img5.webp	/soya2/sourcing/img_mkt/jty_knee_5.webp
59	28	31	55	/soya2/sourcing/img_soya/voy_05_9-Oreiller-de-Voyage-Ergonomique-Soya_img6.webp	/soya2/sourcing/img_mkt/jty_knee_5.webp
59	28	31	55	/soya2/sourcing/img_soya/voy_06_9-Oreiller-de-Voyage-Ergonomique-Soya_img7.webp	/soya2/sourcing/img_mkt/jty_knee_5.webp
59	30	29	12	/soya2/sourcing/img_soya/voy_03_9-Oreiller-de-Voyage-Ergonomique-Soya_img4.webp	/soya_prix/imgs/zamatsle_2.img
59	30	29	13	/soya/gallery/17.jpg	/soya2/sourcing/img_mkt/confal_0.img
59	30	29	13	/soya/gallery/17.jpg	/soya2/sourcing/img_mkt/jty_p6036_1.webp
59	30	29	13	/soya/gallery/17.jpg	/soya_prix/imgs/confortalign_0.img
59	30	29	13	/soya2/sourcing/img_soya/enf_07_KIDS_PINK_6.jpg	/soya2/sourcing/img_mkt/jty_p6036_3.webp
59	30	29	15	/soya/gallery/06.jpg	/soya_prix/imgs/comfysle_3.img
59	30	29	15	/soya/gallery/18.jpg	/soya_prix/imgs/comfysle_3.img
59	30	29	15	/soya/gallery/22.jpg	/soya_prix/imgs/comfysle_3.img
59	30	29	15	/soya/gallery/28.jpg	/soya_prix/imgs/comfysle_3.img
59	30	29	16	/soya2/sourcing/img_soya/enf_05_KIDSP1_3.jpg	/soya2/sourcing/img_mkt/confal_0.img
59	30	29	16	/soya2/sourcing/img_soya/enf_05_KIDSP1_3.jpg	/soya_prix/imgs/confortalign_0.img
59	30	29	16	/soya2/sourcing/img_soya/v3_24_SOYA_3.0_Grey-2.jpg	/soya2/sourcing/img_mkt/confal_0.img
59	30	29	16	/soya2/sourcing/img_soya/v3_24_SOYA_3.0_Grey-2.jpg	/soya_prix/imgs/confortalign_0.img
59	30	29	17	/soya/gallery/36.jpg	/soya2/sourcing/img_mkt/mic_jty_8.webp
59	30	29	17	/soya/gallery/37.jpg	/soya2/sourcing/img_mkt/mic_jty_8.webp
59	30	29	17	/soya/gallery/39.jpg	/soya_prix/imgs/somnilys_2.img
59	30	29	19	/soya2/sourcing/img_soya/h3_08_15_eb23f129-89f3-4ffc-be96-9e67ce1c745f.png	/soya2/sourcing/img_mkt/jty_p6036_3.webp
59	30	29	20	/soya2/sourcing/img_soya/h3_08_15_eb23f129-89f3-4ffc-be96-9e67ce1c745f.png	/soya2/sourcing/img_mkt/mic_jty_3.webp
59	30	29	20	/soya2/sourcing/img_soya/v3_27_Firefly_Gemini_Flash_Generate_the_same_image_exactly_as_the_	/soya2/sourcing/img_mkt/jty_p6036_6.webp
59	30	29	21	/soya/gallery/32.jpg	/soya2/sourcing/img_mkt/mic_jty_2.webp
59	30	29	21	/soya2/sourcing/img_soya/enf_03_KIDSP1_5.png	/soya_prix/imgs/comfysle_3.img
59	30	29	21	/soya2/sourcing/img_soya/lomb_01_4-Coussin_Lombaire_Ergonomique_Soya_img2.webp	/soya2/sourcing/img_mkt/derila_1.img
59	30	29	21	/soya2/sourcing/img_soya/v1_00_8-Oreiller_Soya_1.0_couverture_HD.webp	/soya2/sourcing/img_mkt/mic_tnjk_11.webp
59	30	29	21	/soya2/sourcing/img_soya/v1_00_8-Oreiller_Soya_1.0_couverture_HD.webp	/soya2/sourcing/img_mkt/mic_tnjk_4.webp
59	30	29	21	/soya2/sourcing/img_soya/v1_00_8-Oreiller_Soya_1.0_couverture_HD.webp	/soya2/sourcing/img_mkt/mic_tnjk_7.webp
59	30	29	22	/soya2/sourcing/img_soya/enf_15_KIDS_YELLOW_4.png	/soya_prix/imgs/inphysio_0.img
59	30	29	22	/soya2/sourcing/img_soya/h3_13_Soya_3.0_Grey_2.png	/soya2/sourcing/img_mkt/derila_6.img
59	30	29	22	/soya2/sourcing/img_soya/v3_28_Soya_3.0_Grey_2_47c0e3de-4c91-48dd-960e-4a36d6b20353.png	/soya2/sourcing/img_mkt/derila_6.img
59	30	29	23	/soya2/sourcing/img_soya/enf_10_KIDS_PINK_1.png	/soya2/sourcing/img_mkt/jty_knee_2.webp
59	30	29	23	/soya2/sourcing/img_soya/h3_08_15_eb23f129-89f3-4ffc-be96-9e67ce1c745f.png	/soya2/sourcing/img_mkt/jty_p6036_1.webp
59	30	29	23	/soya2/sourcing/img_soya/lomb_01_4-Coussin_Lombaire_Ergonomique_Soya_img2.webp	/soya2/sourcing/img_mkt/mic_tnjk_11.webp
59	30	29	23	/soya2/sourcing/img_soya/lomb_01_4-Coussin_Lombaire_Ergonomique_Soya_img2.webp	/soya2/sourcing/img_mkt/mic_tnjk_4.webp
59	30	29	23	/soya2/sourcing/img_soya/lomb_01_4-Coussin_Lombaire_Ergonomique_Soya_img2.webp	/soya2/sourcing/img_mkt/mic_tnjk_7.webp
59	30	29	24	/soya2/sourcing/img_soya/enf_13_KIDS_PINK_3.png	/soya2/sourcing/img_mkt/mic_jty_2.webp
59	30	29	24	/soya2/sourcing/img_soya/v2_07_1-oreiller-soya-2_0_img7_43909438-1603-4e59-add4-f987f4acd78	/soya2/sourcing/img_mkt/jty_p6036_5.webp
59	30	29	25	/soya/gallery/20.jpg	/soya_prix/imgs/htconfort_0.img
59	30	29	25	/soya2/sourcing/img_soya/enf_00_KIDSP2.jpg	/soya2/sourcing/img_mkt/jty_p6036_2.webp
59	30	29	26	/soya/gallery/08.jpg	/soya_prix/imgs/inphysio_0.img
59	30	29	26	/soya/gallery/30.jpg	/soya2/sourcing/img_mkt/comfy_5.img
59	30	29	26	/soya2/sourcing/img_soya/lomb_03_4_dc2e6161-802a-4c42-a1d6-b9a0a02ce466.png	/soya_prix/imgs/inphysio_1.img
59	30	29	27	/soya/gallery/10.jpg	/soya2/sourcing/img_mkt/comfy_3.img
59	30	29	27	/soya/gallery/15.jpg	/soya2/sourcing/img_mkt/derila_3.img
59	30	29	27	/soya2/sourcing/img_soya/h2_03_2-housse_Oreiller_de_Rechange_Soya_img5.webp	/soya2/sourcing/img_mkt/comfy_1.img
59	30	29	27	/soya2/sourcing/img_soya/h2_03_2-housse_Oreiller_de_Rechange_Soya_img5.webp	/soya_prix/imgs/comfysle_1.img
59	30	29	29	/soya/gallery/02.jpg	/soya_prix/imgs/somnilys_1.img
59	30	29	30	/soya2/sourcing/img_soya/enf_01_KIDSP1_4.jpg	/soya2/sourcing/img_mkt/jty_knee_6.webp
59	30	29	30	/soya2/sourcing/img_soya/v1_02_8-Oreiller_Soya_1.0_img3.webp	/soya2/sourcing/img_mkt/mic_jty_2.webp
59	30	29	30	/soya2/sourcing/img_soya/v3_12_2_782a3829-4b96-451b-93e4-630d8f06e705.png	/soya2/sourcing/img_mkt/jty_p6036_6.webp
59	30	29	31	/soya/gallery/07.jpg	/soya_prix/imgs/htconfort_2.img
59	30	29	31	/soya/gallery/25.jpg	/soya2/sourcing/img_mkt/confal_1.img
59	30	29	31	/soya/gallery/25.jpg	/soya_prix/imgs/confortalign_1.img
59	30	29	31	/soya2/sourcing/img_soya/h2_03_2-housse_Oreiller_de_Rechange_Soya_img5.webp	/soya2/sourcing/img_mkt/mic_jty_5.webp
59	30	29	31	/soya2/sourcing/img_soya/henf_01_KIDS_P_1_4.png	/soya_prix/imgs/zamatsle_1.img
59	30	29	31	/soya2/sourcing/img_soya/v2_05_Oreiller_position_4.png	/soya2/sourcing/img_mkt/jty_knee_6.webp
59	30	29	32	/soya2/sourcing/img_soya/h2_01_2-housse_Oreiller_de_Rechange_Soya_img4.webp	/soya_prix/imgs/htconfort_0.img
59	30	29	32	/soya2/sourcing/img_soya/h3_08_15_eb23f129-89f3-4ffc-be96-9e67ce1c745f.png	/soya2/sourcing/img_mkt/derila_4.img
59	30	29	32	/soya2/sourcing/img_soya/h3_08_15_eb23f129-89f3-4ffc-be96-9e67ce1c745f.png	/soya_prix/imgs/zamatsle_1.img
59	30	29	32	/soya2/sourcing/img_soya/v2_03_1-oreiller-soya-2_0_img4_39d31902-82e0-42b3-a8cb-6b71e2ebfe7	/soya_prix/imgs/htconfort_0.img
59	30	29	32	/soya2/sourcing/img_soya/v3_35_SOYA_3.0_Grey_1.jpg	/soya2/sourcing/img_mkt/jty_knee_5.webp
59	30	29	33	/soya/gallery/10.jpg	/soya2/sourcing/img_mkt/jty_knee_2.webp
59	30	29	33	/soya/gallery/25.jpg	/soya2/sourcing/img_mkt/jty_knee_6.webp
59	30	29	33	/soya/gallery/35.jpg	/soya_prix/imgs/somnilys_0.img
59	30	29	33	/soya/gallery/36.jpg	/soya2/sourcing/img_mkt/jty_knee_2.webp
59	30	29	33	/soya/gallery/37.jpg	/soya2/sourcing/img_mkt/jty_knee_2.webp
59	30	29	33	/soya2/sourcing/img_soya/enf_02_KIDSP1_6.png	/soya2/sourcing/img_mkt/confal_0.img
59	30	29	33	/soya2/sourcing/img_soya/enf_02_KIDSP1_6.png	/soya_prix/imgs/confortalign_0.img
59	30	29	33	/soya2/sourcing/img_soya/h3_13_Soya_3.0_Grey_2.png	/soya2/sourcing/img_mkt/jty_knee_2.webp
59	30	29	33	/soya2/sourcing/img_soya/v3_12_2_782a3829-4b96-451b-93e4-630d8f06e705.png	/soya2/sourcing/img_mkt/derila_3.img
59	30	29	33	/soya2/sourcing/img_soya/v3_28_Soya_3.0_Grey_2_47c0e3de-4c91-48dd-960e-4a36d6b20353.png	/soya2/sourcing/img_mkt/jty_knee_2.webp
59	30	29	34	/soya/gallery/30.jpg	/soya2/sourcing/img_mkt/confal_3.img
59	30	29	34	/soya/gallery/33.jpg	/soya2/sourcing/img_mkt/jty_p6036_1.webp
59	30	29	34	/soya/gallery/34.jpg	/soya2/sourcing/img_mkt/comfy_4.img
59	30	29	34	/soya2/sourcing/img_soya/v3_30_IMG_9178.png	/soya2/sourcing/img_mkt/derila_5.img
59	30	29	35	/soya/gallery/07.jpg	/soya2/sourcing/img_mkt/jty_p6036_1.webp
59	30	29	35	/soya2/sourcing/img_soya/enf_06_KIDSP1_1.jpg	/soya2/sourcing/img_mkt/confal_4.img
59	30	29	35	/soya2/sourcing/img_soya/enf_07_KIDS_PINK_6.jpg	/soya_prix/imgs/zamatsle_2.img
59	30	29	35	/soya2/sourcing/img_soya/h3_15_7687678_1.png	/soya_prix/imgs/zamatsle_2.img
59	30	29	35	/soya2/sourcing/img_soya/v3_30_IMG_9178.png	/soya2/sourcing/img_mkt/jty_knee_6.webp
59	30	29	35	/soya2/sourcing/img_soya/v3_35_SOYA_3.0_Grey_1.jpg	/soya2/sourcing/img_mkt/mic_jty_12.webp
59	30	29	35	/soya2/sourcing/img_soya/voy_02_9-Oreiller-de-Voyage-Ergonomique-Soya_img3.webp	/soya2/sourcing/img_mkt/confal_4.img
59	30	29	36	/soya/gallery/25.jpg	/soya_prix/imgs/inphysio_0.img
59	30	29	36	/soya/gallery/34.jpg	/soya2/sourcing/img_mkt/confal_4.img
59	30	29	36	/soya2/sourcing/img_soya/enf_18_KIDS_YELLOW_2.png	/soya2/sourcing/img_mkt/derila_1.img
59	30	29	36	/soya2/sourcing/img_soya/henf_05_KIDS_YELLOW_2.png	/soya2/sourcing/img_mkt/derila_1.img
59	30	29	37	/soya2/sourcing/img_soya/enf_14_KIDS_YELLOW_6.jpg	/soya_prix/imgs/htconfort_0.img
59	30	29	38	/soya2/sourcing/img_soya/regl_02_14-Ensemble_Oreillers_Reglables_img3.webp	/soya2/sourcing/img_mkt/mic_tnjk_10.webp
59	30	29	38	/soya2/sourcing/img_soya/regl_02_14-Ensemble_Oreillers_Reglables_img3.webp	/soya2/sourcing/img_mkt/mic_tnjk_6.webp
59	30	29	38	/soya2/sourcing/img_soya/regl_02_14-Ensemble_Oreillers_Reglables_img3.webp	/soya2/sourcing/img_mkt/mic_tnjk_9.webp
59	30	29	38	/soya2/sourcing/img_soya/v2_04_1-oreiller-soya-2_0_img5_a8a3199e-0071-4043-a899-f89baff5294	/soya2/sourcing/img_mkt/derila_4.img
59	30	29	38	/soya2/sourcing/img_soya/v2_04_1-oreiller-soya-2_0_img5_a8a3199e-0071-4043-a899-f89baff5294	/soya2/sourcing/img_mkt/jty_p6036_4.webp
59	30	29	39	/soya/gallery/10.jpg	/soya_prix/imgs/zamatsle_1.img
59	30	29	39	/soya2/sourcing/img_soya/h3_12_7687678_3.png	/soya2/sourcing/img_mkt/confal_4.img
59	30	29	40	/soya/gallery/01.jpg	/soya2/sourcing/img_mkt/jty_knee_3.webp
59	30	29	40	/soya/gallery/12.jpg	/soya2/sourcing/img_mkt/jty_knee_3.webp
59	30	29	40	/soya/gallery/24.jpg	/soya2/sourcing/img_mkt/jty_knee_3.webp
59	30	29	40	/soya/gallery/32.jpg	/soya2/sourcing/img_mkt/jty_p6036_6.webp
59	30	29	40	/soya2/sourcing/img_soya/v1_01_8-Oreiller_Soya_1.0_img2.webp	/soya2/sourcing/img_mkt/jty_knee_5.webp
59	30	29	41	/soya/gallery/13.jpg	/soya2/sourcing/img_mkt/confal_2.img
59	30	29	41	/soya/gallery/13.jpg	/soya_prix/imgs/confortalign_2.img
59	30	29	41	/soya/gallery/23.jpg	/soya_prix/imgs/somnilys_1.img
59	30	29	41	/soya2/sourcing/img_soya/enf_08_KIDS_PINK_4.png	/soya_prix/imgs/somnilys_2.img
59	30	29	41	/soya2/sourcing/img_soya/enf_19_KIDS_YELLOW_3.png	/soya_prix/imgs/htconfort_0.img
59	30	29	41	/soya2/sourcing/img_soya/h3_00_13_c9363db8-d780-4903-9a97-df55d0478686.png	/soya2/sourcing/img_mkt/confal_5.img
59	30	29	43	/soya2/sourcing/img_soya/enf_00_KIDSP2.jpg	/soya2/sourcing/img_mkt/mic_jty_1.webp
59	30	29	43	/soya2/sourcing/img_soya/henf_00_KIDS_P_1_2.png	/soya_prix/imgs/comfysle_2.img
59	30	29	43	/soya2/sourcing/img_soya/v1_02_8-Oreiller_Soya_1.0_img3.webp	/soya2/sourcing/img_mkt/jty_p6036_6.webp
59	30	29	43	/soya2/sourcing/img_soya/v2_07_1-oreiller-soya-2_0_img7_43909438-1603-4e59-add4-f987f4acd78	/soya_prix/imgs/comfysle_2.img
59	30	29	43	/soya2/sourcing/img_soya/v3_42_41.1.png	/soya2/sourcing/img_mkt/confal_2.img
59	30	29	43	/soya2/sourcing/img_soya/v3_42_41.1.png	/soya_prix/imgs/confortalign_2.img
59	30	29	43	/soya2/sourcing/img_soya/voy_01_9-Oreiller-de-Voyage-Ergonomique-Soya_img2.webp	/soya2/sourcing/img_mkt/comfy_0.img
59	30	29	47	/soya2/sourcing/img_soya/enf_14_KIDS_YELLOW_6.jpg	/soya_prix/imgs/comfysle_2.img
59	30	29	49	/soya2/sourcing/img_soya/lomb_00_4-Coussin_Lombaire_Ergonomique_Soya_couverture_HD.webp	/soya2/sourcing/img_mkt/comfy_2.img
59	30	29	51	/soya2/sourcing/img_soya/henf_02_KIDS_P_1_3.png	/soya2/sourcing/img_mkt/mic_jty_5.webp
59	32	27	17	/soya2/sourcing/img_soya/enf_12_KIDS_PINK_5.png	/soya2/sourcing/img_mkt/confal_0.img
59	32	27	17	/soya2/sourcing/img_soya/enf_12_KIDS_PINK_5.png	/soya_prix/imgs/confortalign_0.img
59	32	27	17	/soya2/sourcing/img_soya/h2_03_2-housse_Oreiller_de_Rechange_Soya_img5.webp	/soya2/sourcing/img_mkt/jty_p6036_3.webp
59	32	27	20	/soya2/sourcing/img_soya/v2_02_1-oreiller-soya-2_0_img3_5f834f33-5e47-49e1-a6a1-34e17f3341b	/soya2/sourcing/img_mkt/comfy_0.img
59	32	27	24	/soya2/sourcing/img_soya/enf_01_KIDSP1_4.jpg	/soya_prix/imgs/inphysio_2.img
59	32	27	26	/soya/gallery/15.jpg	/soya2/sourcing/img_mkt/confal_0.img
59	32	27	26	/soya/gallery/15.jpg	/soya_prix/imgs/confortalign_0.img
59	32	27	26	/soya/gallery/23.jpg	/soya2/sourcing/img_mkt/derila_2.img
59	32	27	26	/soya2/sourcing/img_soya/enf_09_KIDS_PINK_2.png	/soya2/sourcing/img_mkt/jty_knee_1.webp
59	32	27	26	/soya2/sourcing/img_soya/h3_14_7687678_2.png	/soya_prix/imgs/zamatsle_3.img
59	32	27	26	/soya2/sourcing/img_soya/lomb_01_4-Coussin_Lombaire_Ergonomique_Soya_img2.webp	/soya_prix/imgs/comfysle_2.img
59	32	27	26	/soya2/sourcing/img_soya/v3_29_7687678_2_0409bb9a-6b40-434d-807f-98da5554945a.png	/soya_prix/imgs/zamatsle_3.img
59	32	27	27	/soya/gallery/15.jpg	/soya2/sourcing/img_mkt/mic_jty_2.webp
59	32	27	27	/soya/gallery/38.jpg	/soya2/sourcing/img_mkt/comfy_4.img
59	32	27	27	/soya/gallery/38.jpg	/soya_prix/imgs/zamatsle_3.img
59	32	27	27	/soya2/sourcing/img_soya/enf_16_KIDS_YELLOW_7.png	/soya2/sourcing/img_mkt/jty_knee_1.webp
59	32	27	27	/soya2/sourcing/img_soya/v2_01_1-oreiller-soya-2_0_img2_7d72b6af-35c7-4427-8f15-843f227d977	/soya2/sourcing/img_mkt/mic_jty_5.webp
59	32	27	27	/soya2/sourcing/img_soya/v3_27_Firefly_Gemini_Flash_Generate_the_same_image_exactly_as_the_	/soya2/sourcing/img_mkt/comfy_7.img
59	32	27	28	/soya2/sourcing/img_soya/enf_09_KIDS_PINK_2.png	/soya_prix/imgs/inphysio_1.img
59	32	27	29	/soya/gallery/25.jpg	/soya2/sourcing/img_mkt/jty_knee_1.webp
59	32	27	30	/soya2/sourcing/img_soya/enf_11_KIDS_PINK_7.png	/soya_prix/imgs/htconfort_0.img
59	32	27	30	/soya2/sourcing/img_soya/henf_04_KIDS_PINK_7.png	/soya_prix/imgs/htconfort_0.img
59	32	27	30	/soya2/sourcing/img_soya/v1_03_8-Oreiller_Soya_1.0_img4.webp	/soya2/sourcing/img_mkt/derila_5.img
59	32	27	30	/soya2/sourcing/img_soya/v1_04_8-Oreiller_Soya_1.0_img5.webp	/soya2/sourcing/img_mkt/jty_knee_6.webp
59	32	27	30	/soya2/sourcing/img_soya/voy_00_9-Oreiller-de-Voyage-Ergonomique-Soyacouverture_HD.webp	/soya_prix/imgs/zamatsle_3.img
59	32	27	31	/soya2/sourcing/img_soya/h2_01_2-housse_Oreiller_de_Rechange_Soya_img4.webp	/soya_prix/imgs/zamatsle_2.img
59	32	27	31	/soya2/sourcing/img_soya/h3_00_13_c9363db8-d780-4903-9a97-df55d0478686.png	/soya_prix/imgs/zamatsle_3.img
59	32	27	31	/soya2/sourcing/img_soya/v2_03_1-oreiller-soya-2_0_img4_39d31902-82e0-42b3-a8cb-6b71e2ebfe7	/soya_prix/imgs/zamatsle_2.img
59	32	27	32	/soya2/sourcing/img_soya/h3_15_7687678_1.png	/soya2/sourcing/img_mkt/derila_3.img
59	32	27	33	/soya2/sourcing/img_soya/voy_01_9-Oreiller-de-Voyage-Ergonomique-Soya_img2.webp	/soya2/sourcing/img_mkt/mic_jty_12.webp
59	32	27	34	/soya/gallery/17.jpg	/soya2/sourcing/img_mkt/derila_3.img
59	32	27	34	/soya2/sourcing/img_soya/h3_00_13_c9363db8-d780-4903-9a97-df55d0478686.png	/soya2/sourcing/img_mkt/jty_knee_4.webp
59	32	27	34	/soya2/sourcing/img_soya/v2_07_1-oreiller-soya-2_0_img7_43909438-1603-4e59-add4-f987f4acd78	/soya_prix/imgs/zamatsle_2.img
59	32	27	36	/soya2/sourcing/img_soya/regl_02_14-Ensemble_Oreillers_Reglables_img3.webp	/soya2/sourcing/img_mkt/jty_knee_5.webp
59	32	27	37	/soya2/sourcing/img_soya/h2_00_2-housse_Oreiller_de_Rechange_Soya_HD.webp	/soya_prix/imgs/inphysio_2.img
59	32	27	37	/soya2/sourcing/img_soya/lomb_01_4-Coussin_Lombaire_Ergonomique_Soya_img2.webp	/soya2/sourcing/img_mkt/jty_p6036_5.webp
59	32	27	38	/soya/gallery/15.jpg	/soya2/sourcing/img_mkt/derila_6.img
59	32	27	39	/soya/gallery/04.jpg	/soya2/sourcing/img_mkt/confal_2.img
59	32	27	39	/soya/gallery/04.jpg	/soya_prix/imgs/confortalign_2.img
59	32	27	39	/soya2/sourcing/img_soya/v2_00_1-oreiller-soya-2_0HD.webp	/soya_prix/imgs/zamatsle_1.img
59	32	27	42	/soya/gallery/01.jpg	/soya2/sourcing/img_mkt/comfy_0.img
59	32	27	42	/soya/gallery/01.jpg	/soya_prix/imgs/comfysle_0.img
59	32	27	42	/soya/gallery/12.jpg	/soya2/sourcing/img_mkt/comfy_0.img
59	32	27	42	/soya/gallery/12.jpg	/soya_prix/imgs/comfysle_0.img
59	32	27	42	/soya/gallery/24.jpg	/soya2/sourcing/img_mkt/comfy_0.img
59	32	27	42	/soya/gallery/24.jpg	/soya_prix/imgs/comfysle_0.img
59	32	27	42	/soya2/sourcing/img_soya/v3_31_Firefly_Gemini_Flash_Generate_the_same_image_exactly_as_the_	/soya_prix/imgs/comfysle_0.img
59	32	27	43	/soya/gallery/10.jpg	/soya2/sourcing/img_mkt/derila_0.img
59	32	27	44	/soya2/sourcing/img_soya/lomb_00_4-Coussin_Lombaire_Ergonomique_Soya_couverture_HD.webp	/soya_prix/imgs/htconfort_1.img
59	32	27	45	/soya2/sourcing/img_soya/h3_04_14_feded688-a4ff-4333-8fba-e9a2e53c877a.png	/soya2/sourcing/img_mkt/jty_p6036_6.webp
59	32	27	46	/soya2/sourcing/img_soya/enf_13_KIDS_PINK_3.png	/soya2/sourcing/img_mkt/mic_jty_8.webp
59	32	27	47	/soya/gallery/17.jpg	/soya_prix/imgs/htconfort_2.img
59	32	27	47	/soya2/sourcing/img_soya/v2_06_1-oreiller-soya-2_0_img6_9601dd3b-66d6-4311-b41e-5fd7712bdc1	/soya2/sourcing/img_mkt/comfy_2.img
59	32	27	48	/soya2/sourcing/img_soya/v3_33_Soya_3.0_Grey_4.png	/soya2/sourcing/img_mkt/derila_6.img
59	32	27	50	/soya/gallery/36.jpg	/soya2/sourcing/img_mkt/jty_p6036_3.webp
59	32	27	50	/soya/gallery/37.jpg	/soya2/sourcing/img_mkt/jty_p6036_3.webp
59	32	27	52	/soya/gallery/11.jpg	/soya2/sourcing/img_mkt/comfy_2.img
59	34	25	19	/soya2/sourcing/img_soya/h3_15_7687678_1.png	/soya2/sourcing/img_mkt/confal_0.img
59	34	25	19	/soya2/sourcing/img_soya/h3_15_7687678_1.png	/soya_prix/imgs/confortalign_0.img
59	34	25	25	/soya/gallery/23.jpg	/soya2/sourcing/img_mkt/comfy_4.img
59	34	25	25	/soya/gallery/23.jpg	/soya2/sourcing/img_mkt/confal_5.img
59	34	25	27	/soya2/sourcing/img_soya/h2_03_2-housse_Oreiller_de_Rechange_Soya_img5.webp	/soya2/sourcing/img_mkt/confal_0.img
59	34	25	27	/soya2/sourcing/img_soya/h2_03_2-housse_Oreiller_de_Rechange_Soya_img5.webp	/soya_prix/imgs/confortalign_0.img
59	34	25	28	/soya2/sourcing/img_soya/v1_03_8-Oreiller_Soya_1.0_img4.webp	/soya2/sourcing/img_mkt/comfy_4.img
59	34	25	34	/soya2/sourcing/img_soya/v3_42_41.1.png	/soya2/sourcing/img_mkt/mic_tnjk_10.webp
59	34	25	34	/soya2/sourcing/img_soya/v3_42_41.1.png	/soya2/sourcing/img_mkt/mic_tnjk_6.webp
59	34	25	34	/soya2/sourcing/img_soya/v3_42_41.1.png	/soya2/sourcing/img_mkt/mic_tnjk_9.webp
59	34	25	39	/soya/gallery/38.jpg	/soya2/sourcing/img_mkt/jty_knee_5.webp
59	34	25	39	/soya2/sourcing/img_soya/enf_01_KIDSP1_4.jpg	/soya2/sourcing/img_mkt/jty_knee_5.webp
59	34	25	40	/soya/gallery/06.jpg	/soya2/sourcing/img_mkt/jty_knee_5.webp
59	34	25	40	/soya/gallery/18.jpg	/soya2/sourcing/img_mkt/jty_knee_5.webp
59	34	25	40	/soya/gallery/22.jpg	/soya2/sourcing/img_mkt/jty_knee_5.webp
59	34	25	40	/soya/gallery/28.jpg	/soya2/sourcing/img_mkt/jty_knee_5.webp
59	34	25	40	/soya2/sourcing/img_soya/h3_14_7687678_2.png	/soya2/sourcing/img_mkt/jty_knee_5.webp
59	34	25	40	/soya2/sourcing/img_soya/v3_29_7687678_2_0409bb9a-6b40-434d-807f-98da5554945a.png	/soya2/sourcing/img_mkt/jty_knee_5.webp
59	34	25	41	/soya/gallery/31.jpg	/soya2/sourcing/img_mkt/comfy_1.img
59	34	25	41	/soya/gallery/31.jpg	/soya_prix/imgs/comfysle_1.img
59	34	25	41	/soya2/sourcing/img_soya/v3_32_Soya_3.0_Grey_1.png	/soya2/sourcing/img_mkt/confal_2.img
59	34	25	41	/soya2/sourcing/img_soya/v3_32_Soya_3.0_Grey_1.png	/soya_prix/imgs/confortalign_2.img
59	34	25	42	/soya2/sourcing/img_soya/lomb_03_4_dc2e6161-802a-4c42-a1d6-b9a0a02ce466.png	/soya2/sourcing/img_mkt/comfy_0.img
59	34	25	42	/soya2/sourcing/img_soya/lomb_03_4_dc2e6161-802a-4c42-a1d6-b9a0a02ce466.png	/soya_prix/imgs/comfysle_0.img
59	34	25	42	/soya2/sourcing/img_soya/v2_05_Oreiller_position_4.png	/soya2/sourcing/img_mkt/confal_4.img
59	34	25	42	/soya2/sourcing/img_soya/v3_32_Soya_3.0_Grey_1.png	/soya2/sourcing/img_mkt/confal_4.img
59	34	25	43	/soya/gallery/02.jpg	/soya2/sourcing/img_mkt/confal_4.img
59	34	25	44	/soya/gallery/02.jpg	/soya2/sourcing/img_mkt/confal_2.img
59	34	25	44	/soya/gallery/02.jpg	/soya_prix/imgs/confortalign_2.img
59	34	25	47	/soya/gallery/34.jpg	/soya2/sourcing/img_mkt/derila_2.img
59	36	23	26	/soya/gallery/23.jpg	/soya_prix/imgs/htconfort_1.img
59	36	23	38	/soya/gallery/34.jpg	/soya_prix/imgs/inphysio_0.img
59	36	23	45	/soya2/sourcing/img_soya/v3_42_41.1.png	/soya2/sourcing/img_mkt/mic_jty_12.webp
60	22	38	27	/soya/gallery/16.jpg	/soya2/sourcing/img_mkt/derila_0.img
60	22	38	29	/soya/gallery/16.jpg	/soya_prix/imgs/zamatsle_1.img
60	22	38	36	/soya/gallery/13.jpg	/soya_prix/imgs/zamatsle_0.img
60	22	38	38	/soya/gallery/32.jpg	/soya2/sourcing/img_mkt/confal_2.img
60	22	38	38	/soya/gallery/32.jpg	/soya_prix/imgs/confortalign_2.img
60	24	36	20	/soya/gallery/06.jpg	/soya2/sourcing/img_mkt/derila_0.img
60	24	36	20	/soya/gallery/18.jpg	/soya2/sourcing/img_mkt/derila_0.img
60	24	36	20	/soya/gallery/22.jpg	/soya2/sourcing/img_mkt/derila_0.img
60	24	36	20	/soya/gallery/28.jpg	/soya2/sourcing/img_mkt/derila_0.img
60	24	36	29	/soya2/sourcing/img_soya/v2_05_Oreiller_position_4.png	/soya2/sourcing/img_mkt/jty_p6036_2.webp
60	24	36	30	/soya2/sourcing/img_soya/v1_02_8-Oreiller_Soya_1.0_img3.webp	/soya2/sourcing/img_mkt/mic_tnjk_10.webp
60	24	36	30	/soya2/sourcing/img_soya/v1_02_8-Oreiller_Soya_1.0_img3.webp	/soya2/sourcing/img_mkt/mic_tnjk_6.webp
60	24	36	30	/soya2/sourcing/img_soya/v1_02_8-Oreiller_Soya_1.0_img3.webp	/soya2/sourcing/img_mkt/mic_tnjk_9.webp
60	24	36	31	/soya/gallery/16.jpg	/soya_prix/imgs/zamatsle_0.img
60	24	36	34	/soya/gallery/04.jpg	/soya2/sourcing/img_mkt/jty_knee_2.webp
60	24	36	37	/soya2/sourcing/img_soya/enf_16_KIDS_YELLOW_7.png	/soya2/sourcing/img_mkt/mic_jty_1.webp
60	24	36	38	/soya2/sourcing/img_soya/enf_06_KIDSP1_1.jpg	/soya2/sourcing/img_mkt/jty_p6036_6.webp
60	24	36	38	/soya2/sourcing/img_soya/voy_02_9-Oreiller-de-Voyage-Ergonomique-Soya_img3.webp	/soya2/sourcing/img_mkt/derila_6.img
60	24	36	40	/soya2/sourcing/img_soya/v3_34_Soya_3.0_Grey.png	/soya2/sourcing/img_mkt/jty_p6036_6.webp
60	26	34	14	/soya2/sourcing/img_soya/enf_11_KIDS_PINK_7.png	/soya2/sourcing/img_mkt/confal_4.img
60	26	34	14	/soya2/sourcing/img_soya/henf_04_KIDS_PINK_7.png	/soya2/sourcing/img_mkt/confal_4.img
60	26	34	16	/soya2/sourcing/img_soya/enf_03_KIDSP1_5.png	/soya_prix/imgs/zamatsle_0.img
60	26	34	16	/soya2/sourcing/img_soya/v1_03_8-Oreiller_Soya_1.0_img4.webp	/soya_prix/imgs/zamatsle_1.img
60	26	34	16	/soya2/sourcing/img_soya/v2_06_1-oreiller-soya-2_0_img6_9601dd3b-66d6-4311-b41e-5fd7712bdc1	/soya2/sourcing/img_mkt/jty_p6036_1.webp
60	26	34	17	/soya/gallery/06.jpg	/soya2/sourcing/img_mkt/comfy_1.img
60	26	34	17	/soya/gallery/06.jpg	/soya_prix/imgs/comfysle_1.img
60	26	34	17	/soya/gallery/18.jpg	/soya2/sourcing/img_mkt/comfy_1.img
60	26	34	17	/soya/gallery/18.jpg	/soya_prix/imgs/comfysle_1.img
60	26	34	17	/soya/gallery/22.jpg	/soya2/sourcing/img_mkt/comfy_1.img
60	26	34	17	/soya/gallery/22.jpg	/soya_prix/imgs/comfysle_1.img
60	26	34	17	/soya/gallery/28.jpg	/soya2/sourcing/img_mkt/comfy_1.img
60	26	34	17	/soya/gallery/28.jpg	/soya_prix/imgs/comfysle_1.img
60	26	34	20	/soya2/sourcing/img_soya/enf_13_KIDS_PINK_3.png	/soya2/sourcing/img_mkt/jty_knee_5.webp
60	26	34	24	/soya2/sourcing/img_soya/enf_16_KIDS_YELLOW_7.png	/soya2/sourcing/img_mkt/derila_0.img
60	26	34	24	/soya2/sourcing/img_soya/h3_13_Soya_3.0_Grey_2.png	/soya2/sourcing/img_mkt/mic_jty_12.webp
60	26	34	24	/soya2/sourcing/img_soya/v3_28_Soya_3.0_Grey_2_47c0e3de-4c91-48dd-960e-4a36d6b20353.png	/soya2/sourcing/img_mkt/mic_jty_12.webp
60	26	34	25	/soya2/sourcing/img_soya/enf_10_KIDS_PINK_1.png	/soya2/sourcing/img_mkt/comfy_6.img
60	26	34	27	/soya/gallery/29.jpg	/soya2/sourcing/img_mkt/comfy_2.img
60	26	34	27	/soya2/sourcing/img_soya/voy_00_9-Oreiller-de-Voyage-Ergonomique-Soyacouverture_HD.webp	/soya_prix/imgs/somnilys_2.img
60	26	34	29	/soya2/sourcing/img_soya/enf_04_KIDSP1_1.png	/soya_prix/imgs/somnilys_1.img
60	26	34	29	/soya2/sourcing/img_soya/enf_08_KIDS_PINK_4.png	/soya2/sourcing/img_mkt/jty_knee_3.webp
60	26	34	29	/soya2/sourcing/img_soya/henf_02_KIDS_P_1_3.png	/soya_prix/imgs/comfysle_3.img
60	26	34	29	/soya2/sourcing/img_soya/henf_03_KIDSP1_1.png	/soya_prix/imgs/somnilys_1.img
60	26	34	30	/soya2/sourcing/img_soya/enf_14_KIDS_YELLOW_6.jpg	/soya_prix/imgs/comfysle_3.img
60	26	34	31	/soya2/sourcing/img_soya/henf_00_KIDS_P_1_2.png	/soya_prix/imgs/somnilys_0.img
60	26	34	32	/soya/gallery/11.jpg	/soya2/sourcing/img_mkt/derila_0.img
60	26	34	32	/soya/gallery/17.jpg	/soya_prix/imgs/somnilys_1.img
60	26	34	32	/soya/gallery/23.jpg	/soya2/sourcing/img_mkt/jty_p6036_5.webp
60	26	34	32	/soya2/sourcing/img_soya/h3_08_15_eb23f129-89f3-4ffc-be96-9e67ce1c745f.png	/soya_prix/imgs/somnilys_0.img
60	26	34	33	/soya2/sourcing/img_soya/enf_15_KIDS_YELLOW_4.png	/soya2/sourcing/img_mkt/mic_jty_1.webp
60	26	34	34	/soya2/sourcing/img_soya/v2_01_1-oreiller-soya-2_0_img2_7d72b6af-35c7-4427-8f15-843f227d977	/soya2/sourcing/img_mkt/confal_4.img
60	26	34	35	/soya2/sourcing/img_soya/enf_05_KIDSP1_3.jpg	/soya2/sourcing/img_mkt/derila_5.img
60	26	34	35	/soya2/sourcing/img_soya/henf_00_KIDS_P_1_2.png	/soya2/sourcing/img_mkt/derila_5.img
60	26	34	36	/soya/gallery/01.jpg	/soya2/sourcing/img_mkt/mic_jty_1.webp
60	26	34	36	/soya/gallery/12.jpg	/soya2/sourcing/img_mkt/mic_jty_1.webp
60	26	34	36	/soya/gallery/24.jpg	/soya2/sourcing/img_mkt/mic_jty_1.webp
60	26	34	37	/soya/gallery/03.jpg	/soya_prix/imgs/inphysio_0.img
60	26	34	37	/soya/gallery/14.jpg	/soya_prix/imgs/inphysio_0.img
60	26	34	37	/soya/gallery/27.jpg	/soya_prix/imgs/inphysio_0.img
60	26	34	38	/soya2/sourcing/img_soya/v3_31_Firefly_Gemini_Flash_Generate_the_same_image_exactly_as_the_	/soya2/sourcing/img_mkt/mic_jty_5.webp
60	26	34	43	/soya/gallery/33.jpg	/soya2/sourcing/img_mkt/confal_4.img
60	26	34	45	/soya2/sourcing/img_soya/v3_24_SOYA_3.0_Grey-2.jpg	/soya2/sourcing/img_mkt/comfy_6.img
60	26	34	46	/soya2/sourcing/img_soya/lomb_04_3_9225ca02-f60c-47d3-b26c-49df6ebba454.png	/soya2/sourcing/img_mkt/confal_5.img
60	26	34	47	/soya2/sourcing/img_soya/v1_02_8-Oreiller_Soya_1.0_img3.webp	/soya_prix/imgs/htconfort_1.img
60	26	34	47	/soya2/sourcing/img_soya/v2_04_1-oreiller-soya-2_0_img5_a8a3199e-0071-4043-a899-f89baff5294	/soya2/sourcing/img_mkt/comfy_0.img
60	26	34	50	/soya/gallery/11.jpg	/soya2/sourcing/img_mkt/mic_jty_8.webp
60	28	32	14	/soya2/sourcing/img_soya/enf_05_KIDSP1_3.jpg	/soya2/sourcing/img_mkt/comfy_5.img
60	28	32	17	/soya/gallery/11.jpg	/soya_prix/imgs/somnilys_2.img
60	28	32	19	/soya2/sourcing/img_soya/v3_32_Soya_3.0_Grey_1.png	/soya2/sourcing/img_mkt/jty_p6036_5.webp
60	28	32	21	/soya2/sourcing/img_soya/enf_03_KIDSP1_5.png	/soya2/sourcing/img_mkt/derila_1.img
60	28	32	21	/soya2/sourcing/img_soya/h2_01_2-housse_Oreiller_de_Rechange_Soya_img4.webp	/soya_prix/imgs/comfysle_3.img
60	28	32	21	/soya2/sourcing/img_soya/v2_03_1-oreiller-soya-2_0_img4_39d31902-82e0-42b3-a8cb-6b71e2ebfe7	/soya_prix/imgs/comfysle_3.img
60	28	32	22	/soya/gallery/16.jpg	/soya2/sourcing/img_mkt/mic_tnjk_11.webp
60	28	32	22	/soya/gallery/16.jpg	/soya2/sourcing/img_mkt/mic_tnjk_4.webp
60	28	32	22	/soya/gallery/16.jpg	/soya2/sourcing/img_mkt/mic_tnjk_7.webp
60	28	32	22	/soya2/sourcing/img_soya/v1_03_8-Oreiller_Soya_1.0_img4.webp	/soya2/sourcing/img_mkt/comfy_3.img
60	28	32	22	/soya2/sourcing/img_soya/v3_27_Firefly_Gemini_Flash_Generate_the_same_image_exactly_as_the_	/soya_prix/imgs/comfysle_3.img
60	28	32	23	/soya2/sourcing/img_soya/enf_08_KIDS_PINK_4.png	/soya_prix/imgs/htconfort_1.img
60	28	32	25	/soya2/sourcing/img_soya/h3_04_14_feded688-a4ff-4333-8fba-e9a2e53c877a.png	/soya2/sourcing/img_mkt/jty_knee_1.webp
60	28	32	25	/soya2/sourcing/img_soya/regl_02_14-Ensemble_Oreillers_Reglables_img3.webp	/soya_prix/imgs/htconfort_2.img
60	28	32	25	/soya2/sourcing/img_soya/v2_04_1-oreiller-soya-2_0_img5_a8a3199e-0071-4043-a899-f89baff5294	/soya_prix/imgs/inphysio_1.img
60	28	32	26	/soya/gallery/16.jpg	/soya_prix/imgs/zamatsle_2.img
60	28	32	27	/soya2/sourcing/img_soya/enf_09_KIDS_PINK_2.png	/soya2/sourcing/img_mkt/comfy_7.img
60	28	32	28	/soya2/sourcing/img_soya/enf_16_KIDS_YELLOW_7.png	/soya_prix/imgs/comfysle_2.img
60	28	32	28	/soya2/sourcing/img_soya/henf_01_KIDS_P_1_4.png	/soya_prix/imgs/comfysle_3.img
60	28	32	29	/soya/gallery/25.jpg	/soya2/sourcing/img_mkt/jty_p6036_2.webp
60	28	32	29	/soya2/sourcing/img_soya/enf_00_KIDSP2.jpg	/soya_prix/imgs/comfysle_3.img
60	28	32	29	/soya2/sourcing/img_soya/enf_15_KIDS_YELLOW_4.png	/soya2/sourcing/img_mkt/mic_jty_5.webp
60	28	32	30	/soya/gallery/02.jpg	/soya2/sourcing/img_mkt/jty_p6036_2.webp
60	28	32	30	/soya/gallery/02.jpg	/soya_prix/imgs/zamatsle_2.img
60	28	32	30	/soya/gallery/11.jpg	/soya2/sourcing/img_mkt/comfy_7.img
60	28	32	30	/soya2/sourcing/img_soya/v1_04_8-Oreiller_Soya_1.0_img5.webp	/soya2/sourcing/img_mkt/jty_p6036_5.webp
60	28	32	30	/soya2/sourcing/img_soya/v3_42_41.1.png	/soya2/sourcing/img_mkt/comfy_7.img
60	28	32	31	/soya2/sourcing/img_soya/h3_12_7687678_3.png	/soya2/sourcing/img_mkt/derila_0.img
60	28	32	31	/soya2/sourcing/img_soya/lomb_01_4-Coussin_Lombaire_Ergonomique_Soya_img2.webp	/soya2/sourcing/img_mkt/mic_jty_12.webp
60	28	32	31	/soya2/sourcing/img_soya/v2_06_1-oreiller-soya-2_0_img6_9601dd3b-66d6-4311-b41e-5fd7712bdc1	/soya2/sourcing/img_mkt/derila_3.img
60	28	32	31	/soya2/sourcing/img_soya/v3_30_IMG_9178.png	/soya2/sourcing/img_mkt/derila_1.img
60	28	32	32	/soya/gallery/16.jpg	/soya2/sourcing/img_mkt/jty_p6036_6.webp
60	28	32	33	/soya/gallery/21.jpg	/soya2/sourcing/img_mkt/derila_1.img
60	28	32	33	/soya2/sourcing/img_soya/enf_05_KIDSP1_3.jpg	/soya2/sourcing/img_mkt/comfy_4.img
60	28	32	33	/soya2/sourcing/img_soya/lomb_03_4_dc2e6161-802a-4c42-a1d6-b9a0a02ce466.png	/soya2/sourcing/img_mkt/derila_4.img
60	28	32	33	/soya2/sourcing/img_soya/v1_03_8-Oreiller_Soya_1.0_img4.webp	/soya2/sourcing/img_mkt/mic_jty_1.webp
60	28	32	34	/soya2/sourcing/img_soya/enf_13_KIDS_PINK_3.png	/soya2/sourcing/img_mkt/confal_4.img
60	28	32	34	/soya2/sourcing/img_soya/enf_18_KIDS_YELLOW_2.png	/soya2/sourcing/img_mkt/jty_knee_6.webp
60	28	32	34	/soya2/sourcing/img_soya/h3_04_14_feded688-a4ff-4333-8fba-e9a2e53c877a.png	/soya_prix/imgs/zamatsle_3.img
60	28	32	34	/soya2/sourcing/img_soya/henf_05_KIDS_YELLOW_2.png	/soya2/sourcing/img_mkt/jty_knee_6.webp
60	28	32	35	/soya/gallery/09.jpg	/soya2/sourcing/img_mkt/derila_1.img
60	28	32	35	/soya/gallery/31.jpg	/soya_prix/imgs/comfysle_3.img
60	28	32	35	/soya2/sourcing/img_soya/enf_05_KIDSP1_3.jpg	/soya_prix/imgs/inphysio_0.img
60	28	32	35	/soya2/sourcing/img_soya/enf_18_KIDS_YELLOW_2.png	/soya_prix/imgs/somnilys_0.img
60	28	32	35	/soya2/sourcing/img_soya/henf_05_KIDS_YELLOW_2.png	/soya_prix/imgs/somnilys_0.img
60	28	32	36	/soya2/sourcing/img_soya/enf_12_KIDS_PINK_5.png	/soya2/sourcing/img_mkt/derila_5.img
60	28	32	36	/soya2/sourcing/img_soya/regl_00_14-Ensemble_Oreillers_Reglables_couverture_HD.webp	/soya2/sourcing/img_mkt/confal_4.img
60	28	32	36	/soya2/sourcing/img_soya/v2_07_1-oreiller-soya-2_0_img7_43909438-1603-4e59-add4-f987f4acd78	/soya_prix/imgs/htconfort_1.img
60	28	32	37	/soya/gallery/17.jpg	/soya2/sourcing/img_mkt/mic_jty_12.webp
60	28	32	38	/soya2/sourcing/img_soya/h3_04_14_feded688-a4ff-4333-8fba-e9a2e53c877a.png	/soya2/sourcing/img_mkt/comfy_4.img
60	28	32	38	/soya2/sourcing/img_soya/lomb_01_4-Coussin_Lombaire_Ergonomique_Soya_img2.webp	/soya2/sourcing/img_mkt/confal_4.img
60	28	32	39	/soya/gallery/19.jpg	/soya2/sourcing/img_mkt/confal_4.img
60	28	32	39	/soya2/sourcing/img_soya/h3_15_7687678_1.png	/soya2/sourcing/img_mkt/comfy_0.img
60	28	32	39	/soya2/sourcing/img_soya/h3_15_7687678_1.png	/soya_prix/imgs/comfysle_0.img
60	28	32	39	/soya2/sourcing/img_soya/v3_12_2_782a3829-4b96-451b-93e4-630d8f06e705.png	/soya2/sourcing/img_mkt/comfy_6.img
60	28	32	41	/soya/gallery/15.jpg	/soya_prix/imgs/inphysio_0.img
60	28	32	43	/soya/gallery/13.jpg	/soya2/sourcing/img_mkt/mic_jty_5.webp
60	28	32	43	/soya2/sourcing/img_soya/voy_00_9-Oreiller-de-Voyage-Ergonomique-Soyacouverture_HD.webp	/soya2/sourcing/img_mkt/mic_jty_5.webp
60	28	32	44	/soya/gallery/07.jpg	/soya2/sourcing/img_mkt/jty_knee_5.webp
60	28	32	44	/soya/gallery/15.jpg	/soya_prix/imgs/inphysio_2.img
60	28	32	45	/soya/gallery/02.jpg	/soya_prix/imgs/comfysle_2.img
60	28	32	48	/soya2/sourcing/img_soya/enf_14_KIDS_YELLOW_6.jpg	/soya_prix/imgs/comfysle_0.img
60	28	32	50	/soya2/sourcing/img_soya/v2_05_Oreiller_position_4.png	/soya2/sourcing/img_mkt/mic_jty_8.webp
60	28	32	50	/soya2/sourcing/img_soya/v3_42_41.1.png	/soya2/sourcing/img_mkt/mic_jty_8.webp
60	28	32	54	/soya/gallery/17.jpg	/soya2/sourcing/img_mkt/comfy_6.img
60	30	30	14	/soya/gallery/06.jpg	/soya2/sourcing/img_mkt/comfy_3.img
60	30	30	14	/soya/gallery/18.jpg	/soya2/sourcing/img_mkt/comfy_3.img
60	30	30	14	/soya/gallery/22.jpg	/soya2/sourcing/img_mkt/comfy_3.img
60	30	30	14	/soya/gallery/28.jpg	/soya2/sourcing/img_mkt/comfy_3.img
60	30	30	14	/soya2/sourcing/img_soya/v2_00_1-oreiller-soya-2_0HD.webp	/soya2/sourcing/img_mkt/comfy_5.img
60	30	30	14	/soya2/sourcing/img_soya/voy_04_9-Oreiller-de-Voyage-Ergonomique-Soya_img5.webp	/soya2/sourcing/img_mkt/jty_p6036_6.webp
60	30	30	14	/soya2/sourcing/img_soya/voy_05_9-Oreiller-de-Voyage-Ergonomique-Soya_img6.webp	/soya2/sourcing/img_mkt/jty_p6036_6.webp
60	30	30	14	/soya2/sourcing/img_soya/voy_06_9-Oreiller-de-Voyage-Ergonomique-Soya_img7.webp	/soya2/sourcing/img_mkt/jty_p6036_6.webp
60	30	30	15	/soya/gallery/36.jpg	/soya2/sourcing/img_mkt/comfy_6.img
60	30	30	15	/soya/gallery/37.jpg	/soya2/sourcing/img_mkt/comfy_6.img
60	30	30	15	/soya2/sourcing/img_soya/enf_12_KIDS_PINK_5.png	/soya2/sourcing/img_mkt/comfy_5.img
60	30	30	17	/soya2/sourcing/img_soya/v3_35_SOYA_3.0_Grey_1.jpg	/soya2/sourcing/img_mkt/confal_0.img
60	30	30	17	/soya2/sourcing/img_soya/v3_35_SOYA_3.0_Grey_1.jpg	/soya_prix/imgs/confortalign_0.img
60	30	30	18	/soya/gallery/02.jpg	/soya2/sourcing/img_mkt/jty_p6036_3.webp
60	30	30	19	/soya2/sourcing/img_soya/v1_00_8-Oreiller_Soya_1.0_couverture_HD.webp	/soya_prix/imgs/inphysio_1.img
60	30	30	19	/soya2/sourcing/img_soya/voy_02_9-Oreiller-de-Voyage-Ergonomique-Soya_img3.webp	/soya2/sourcing/img_mkt/jty_knee_2.webp
60	30	30	20	/soya2/sourcing/img_soya/enf_10_KIDS_PINK_1.png	/soya2/sourcing/img_mkt/derila_2.img
60	30	30	21	/soya2/sourcing/img_soya/enf_00_KIDSP2.jpg	/soya_prix/imgs/inphysio_1.img
60	30	30	22	/soya2/sourcing/img_soya/enf_03_KIDSP1_5.png	/soya2/sourcing/img_mkt/comfy_3.img
60	30	30	22	/soya2/sourcing/img_soya/v2_00_1-oreiller-soya-2_0HD.webp	/soya_prix/imgs/inphysio_1.img
60	30	30	23	/soya2/sourcing/img_soya/lomb_01_4-Coussin_Lombaire_Ergonomique_Soya_img2.webp	/soya_prix/imgs/inphysio_2.img
60	30	30	23	/soya2/sourcing/img_soya/v1_04_8-Oreiller_Soya_1.0_img5.webp	/soya2/sourcing/img_mkt/jty_knee_2.webp
60	30	30	23	/soya2/sourcing/img_soya/v2_04_1-oreiller-soya-2_0_img5_a8a3199e-0071-4043-a899-f89baff5294	/soya2/sourcing/img_mkt/confal_3.img
60	30	30	23	/soya2/sourcing/img_soya/v3_35_SOYA_3.0_Grey_1.jpg	/soya2/sourcing/img_mkt/mic_tnjk_11.webp
60	30	30	23	/soya2/sourcing/img_soya/v3_35_SOYA_3.0_Grey_1.jpg	/soya2/sourcing/img_mkt/mic_tnjk_4.webp
60	30	30	23	/soya2/sourcing/img_soya/v3_35_SOYA_3.0_Grey_1.jpg	/soya2/sourcing/img_mkt/mic_tnjk_7.webp
60	30	30	24	/soya2/sourcing/img_soya/enf_08_KIDS_PINK_4.png	/soya_prix/imgs/inphysio_0.img
60	30	30	24	/soya2/sourcing/img_soya/enf_16_KIDS_YELLOW_7.png	/soya2/sourcing/img_mkt/jty_knee_2.webp
60	30	30	24	/soya2/sourcing/img_soya/v3_27_Firefly_Gemini_Flash_Generate_the_same_image_exactly_as_the_	/soya2/sourcing/img_mkt/jty_knee_3.webp
60	30	30	25	/soya2/sourcing/img_soya/enf_09_KIDS_PINK_2.png	/soya2/sourcing/img_mkt/jty_knee_2.webp
60	30	30	25	/soya2/sourcing/img_soya/enf_16_KIDS_YELLOW_7.png	/soya2/sourcing/img_mkt/jty_p6036_2.webp
60	30	30	25	/soya2/sourcing/img_soya/h2_03_2-housse_Oreiller_de_Rechange_Soya_img5.webp	/soya2/sourcing/img_mkt/comfy_5.img
60	30	30	26	/soya2/sourcing/img_soya/regl_01_14-Ensemble_Oreillers_Reglables_img2.webp	/soya_prix/imgs/zamatsle_1.img
60	30	30	27	/soya2/sourcing/img_soya/henf_02_KIDS_P_1_3.png	/soya2/sourcing/img_mkt/jty_knee_1.webp
60	30	30	27	/soya2/sourcing/img_soya/v3_31_Firefly_Gemini_Flash_Generate_the_same_image_exactly_as_the_	/soya2/sourcing/img_mkt/comfy_7.img
60	30	30	28	/soya/gallery/10.jpg	/soya_prix/imgs/comfysle_3.img
60	30	30	29	/soya2/sourcing/img_soya/enf_02_KIDSP1_6.png	/soya2/sourcing/img_mkt/comfy_0.img
60	30	30	29	/soya2/sourcing/img_soya/v2_06_1-oreiller-soya-2_0_img6_9601dd3b-66d6-4311-b41e-5fd7712bdc1	/soya2/sourcing/img_mkt/derila_4.img
60	30	30	30	/soya/gallery/21.jpg	/soya_prix/imgs/htconfort_0.img
60	30	30	30	/soya2/sourcing/img_soya/h2_02_2-housse_Oreiller_de_Rechange_Soya_img3.webp	/soya2/sourcing/img_mkt/comfy_0.img
60	30	30	30	/soya2/sourcing/img_soya/h2_02_2-housse_Oreiller_de_Rechange_Soya_img3.webp	/soya_prix/imgs/comfysle_0.img
60	30	30	30	/soya2/sourcing/img_soya/h3_14_7687678_2.png	/soya2/sourcing/img_mkt/comfy_3.img
60	30	30	30	/soya2/sourcing/img_soya/lomb_04_3_9225ca02-f60c-47d3-b26c-49df6ebba454.png	/soya2/sourcing/img_mkt/confal_4.img
60	30	30	30	/soya2/sourcing/img_soya/v2_01_1-oreiller-soya-2_0_img2_7d72b6af-35c7-4427-8f15-843f227d977	/soya2/sourcing/img_mkt/mic_tnjk_10.webp
60	30	30	30	/soya2/sourcing/img_soya/v2_01_1-oreiller-soya-2_0_img2_7d72b6af-35c7-4427-8f15-843f227d977	/soya2/sourcing/img_mkt/mic_tnjk_6.webp
60	30	30	30	/soya2/sourcing/img_soya/v2_01_1-oreiller-soya-2_0_img2_7d72b6af-35c7-4427-8f15-843f227d977	/soya2/sourcing/img_mkt/mic_tnjk_9.webp
60	30	30	30	/soya2/sourcing/img_soya/v3_29_7687678_2_0409bb9a-6b40-434d-807f-98da5554945a.png	/soya2/sourcing/img_mkt/comfy_3.img
60	30	30	31	/soya/gallery/09.jpg	/soya2/sourcing/img_mkt/mic_jty_1.webp
60	30	30	31	/soya/gallery/21.jpg	/soya2/sourcing/img_mkt/mic_jty_1.webp
60	30	30	31	/soya2/sourcing/img_soya/enf_18_KIDS_YELLOW_2.png	/soya2/sourcing/img_mkt/jty_knee_5.webp
60	30	30	31	/soya2/sourcing/img_soya/henf_05_KIDS_YELLOW_2.png	/soya2/sourcing/img_mkt/jty_knee_5.webp
60	30	30	31	/soya2/sourcing/img_soya/lomb_00_4-Coussin_Lombaire_Ergonomique_Soya_couverture_HD.webp	/soya2/sourcing/img_mkt/comfy_7.img
60	30	30	31	/soya2/sourcing/img_soya/v2_00_1-oreiller-soya-2_0HD.webp	/soya_prix/imgs/somnilys_1.img
60	30	30	31	/soya2/sourcing/img_soya/v3_00_18.png	/soya2/sourcing/img_mkt/comfy_7.img
60	30	30	31	/soya2/sourcing/img_soya/v3_36_34.png	/soya2/sourcing/img_mkt/comfy_7.img
60	30	30	32	/soya/gallery/09.jpg	/soya_prix/imgs/htconfort_0.img
60	30	30	32	/soya/gallery/25.jpg	/soya2/sourcing/img_mkt/comfy_7.img
60	30	30	32	/soya/gallery/26.jpg	/soya_prix/imgs/somnilys_2.img
60	30	30	32	/soya2/sourcing/img_soya/enf_15_KIDS_YELLOW_4.png	/soya2/sourcing/img_mkt/derila_4.img
60	30	30	33	/soya2/sourcing/img_soya/enf_14_KIDS_YELLOW_6.jpg	/soya_prix/imgs/somnilys_1.img
60	30	30	33	/soya2/sourcing/img_soya/v2_05_Oreiller_position_4.png	/soya2/sourcing/img_mkt/derila_1.img
60	30	30	34	/soya2/sourcing/img_soya/enf_07_KIDS_PINK_6.jpg	/soya_prix/imgs/somnilys_1.img
60	30	30	34	/soya2/sourcing/img_soya/enf_09_KIDS_PINK_2.png	/soya2/sourcing/img_mkt/confal_0.img
60	30	30	34	/soya2/sourcing/img_soya/enf_09_KIDS_PINK_2.png	/soya_prix/imgs/confortalign_0.img
60	30	30	34	/soya2/sourcing/img_soya/v2_06_1-oreiller-soya-2_0_img6_9601dd3b-66d6-4311-b41e-5fd7712bdc1	/soya2/sourcing/img_mkt/mic_jty_1.webp
60	30	30	35	/soya/gallery/23.jpg	/soya2/sourcing/img_mkt/derila_4.img
60	30	30	35	/soya2/sourcing/img_soya/enf_11_KIDS_PINK_7.png	/soya2/sourcing/img_mkt/jty_knee_6.webp
60	30	30	35	/soya2/sourcing/img_soya/enf_14_KIDS_YELLOW_6.jpg	/soya2/sourcing/img_mkt/derila_5.img
60	30	30	35	/soya2/sourcing/img_soya/henf_04_KIDS_PINK_7.png	/soya2/sourcing/img_mkt/jty_knee_6.webp
60	30	30	35	/soya2/sourcing/img_soya/lomb_04_3_9225ca02-f60c-47d3-b26c-49df6ebba454.png	/soya2/sourcing/img_mkt/mic_jty_12.webp
60	30	30	35	/soya2/sourcing/img_soya/v1_02_8-Oreiller_Soya_1.0_img3.webp	/soya2/sourcing/img_mkt/jty_knee_3.webp
60	30	30	35	/soya2/sourcing/img_soya/v3_25_Soya_3.0_grey_2_2e59cacb-6ebc-4f36-8a81-44478c9d4589.png	/soya2/sourcing/img_mkt/jty_p6036_3.webp
60	30	30	35	/soya2/sourcing/img_soya/v3_32_Soya_3.0_Grey_1.png	/soya2/sourcing/img_mkt/derila_1.img
60	30	30	36	/soya/gallery/03.jpg	/soya2/sourcing/img_mkt/jty_knee_3.webp
60	30	30	36	/soya/gallery/14.jpg	/soya2/sourcing/img_mkt/jty_knee_3.webp
60	30	30	36	/soya/gallery/27.jpg	/soya2/sourcing/img_mkt/jty_knee_3.webp
60	30	30	36	/soya2/sourcing/img_soya/v2_06_1-oreiller-soya-2_0_img6_9601dd3b-66d6-4311-b41e-5fd7712bdc1	/soya2/sourcing/img_mkt/comfy_1.img
60	30	30	36	/soya2/sourcing/img_soya/v2_06_1-oreiller-soya-2_0_img6_9601dd3b-66d6-4311-b41e-5fd7712bdc1	/soya_prix/imgs/comfysle_1.img
60	30	30	37	/soya2/sourcing/img_soya/enf_05_KIDSP1_3.jpg	/soya_prix/imgs/somnilys_1.img
60	30	30	37	/soya2/sourcing/img_soya/enf_15_KIDS_YELLOW_4.png	/soya2/sourcing/img_mkt/jty_p6036_5.webp
60	30	30	38	/soya/gallery/07.jpg	/soya_prix/imgs/somnilys_1.img
60	30	30	38	/soya/gallery/10.jpg	/soya2/sourcing/img_mkt/derila_2.img
60	30	30	38	/soya2/sourcing/img_soya/enf_07_KIDS_PINK_6.jpg	/soya_prix/imgs/zamatsle_3.img
60	30	30	38	/soya2/sourcing/img_soya/enf_19_KIDS_YELLOW_3.png	/soya2/sourcing/img_mkt/mic_jty_12.webp
60	30	30	38	/soya2/sourcing/img_soya/v3_42_41.1.png	/soya2/sourcing/img_mkt/jty_p6036_4.webp
60	30	30	39	/soya2/sourcing/img_soya/enf_15_KIDS_YELLOW_4.png	/soya_prix/imgs/somnilys_2.img
60	30	30	39	/soya2/sourcing/img_soya/lomb_03_4_dc2e6161-802a-4c42-a1d6-b9a0a02ce466.png	/soya2/sourcing/img_mkt/jty_p6036_4.webp
60	30	30	39	/soya2/sourcing/img_soya/v2_04_1-oreiller-soya-2_0_img5_a8a3199e-0071-4043-a899-f89baff5294	/soya_prix/imgs/inphysio_2.img
60	30	30	40	/soya/gallery/03.jpg	/soya2/sourcing/img_mkt/comfy_0.img
60	30	30	40	/soya/gallery/14.jpg	/soya2/sourcing/img_mkt/comfy_0.img
60	30	30	40	/soya/gallery/27.jpg	/soya2/sourcing/img_mkt/comfy_0.img
60	30	30	41	/soya2/sourcing/img_soya/lomb_04_3_9225ca02-f60c-47d3-b26c-49df6ebba454.png	/soya2/sourcing/img_mkt/jty_knee_3.webp
60	30	30	42	/soya/gallery/01.jpg	/soya_prix/imgs/htconfort_2.img
60	30	30	42	/soya/gallery/12.jpg	/soya_prix/imgs/htconfort_2.img
60	30	30	42	/soya/gallery/16.jpg	/soya2/sourcing/img_mkt/mic_jty_1.webp
60	30	30	42	/soya/gallery/24.jpg	/soya_prix/imgs/htconfort_2.img
60	30	30	42	/soya/gallery/33.jpg	/soya2/sourcing/img_mkt/comfy_5.img
60	30	30	43	/soya/gallery/26.jpg	/soya_prix/imgs/comfysle_2.img
60	30	30	43	/soya2/sourcing/img_soya/v3_34_Soya_3.0_Grey.png	/soya_prix/imgs/zamatsle_0.img
60	30	30	46	/soya/gallery/01.jpg	/soya2/sourcing/img_mkt/derila_6.img
60	30	30	46	/soya/gallery/12.jpg	/soya2/sourcing/img_mkt/derila_6.img
60	30	30	46	/soya/gallery/24.jpg	/soya2/sourcing/img_mkt/derila_6.img
60	30	30	46	/soya2/sourcing/img_soya/enf_19_KIDS_YELLOW_3.png	/soya_prix/imgs/comfysle_0.img
60	30	30	48	/soya2/sourcing/img_soya/enf_00_KIDSP2.jpg	/soya2/sourcing/img_mkt/comfy_6.img
60	30	30	49	/soya2/sourcing/img_soya/lomb_00_4-Coussin_Lombaire_Ergonomique_Soya_couverture_HD.webp	/soya_prix/imgs/comfysle_2.img
60	32	28	15	/soya2/sourcing/img_soya/voy_04_9-Oreiller-de-Voyage-Ergonomique-Soya_img5.webp	/soya_prix/imgs/zamatsle_0.img
60	32	28	15	/soya2/sourcing/img_soya/voy_05_9-Oreiller-de-Voyage-Ergonomique-Soya_img6.webp	/soya_prix/imgs/zamatsle_0.img
60	32	28	15	/soya2/sourcing/img_soya/voy_06_9-Oreiller-de-Voyage-Ergonomique-Soya_img7.webp	/soya_prix/imgs/zamatsle_0.img
60	32	28	17	/soya2/sourcing/img_soya/v3_27_Firefly_Gemini_Flash_Generate_the_same_image_exactly_as_the_	/soya2/sourcing/img_mkt/confal_5.img
60	32	28	23	/soya2/sourcing/img_soya/v3_00_18.png	/soya2/sourcing/img_mkt/mic_jty_2.webp
60	32	28	23	/soya2/sourcing/img_soya/v3_36_34.png	/soya2/sourcing/img_mkt/mic_jty_2.webp
60	32	28	24	/soya2/sourcing/img_soya/enf_08_KIDS_PINK_4.png	/soya_prix/imgs/zamatsle_3.img
60	32	28	26	/soya/gallery/23.jpg	/soya_prix/imgs/htconfort_2.img
60	32	28	26	/soya2/sourcing/img_soya/enf_02_KIDSP1_6.png	/soya_prix/imgs/inphysio_0.img
60	32	28	26	/soya2/sourcing/img_soya/enf_04_KIDSP1_1.png	/soya_prix/imgs/htconfort_1.img
60	32	28	26	/soya2/sourcing/img_soya/henf_03_KIDSP1_1.png	/soya_prix/imgs/htconfort_1.img
60	32	28	27	/soya2/sourcing/img_soya/enf_02_KIDSP1_6.png	/soya2/sourcing/img_mkt/jty_knee_1.webp
60	32	28	27	/soya2/sourcing/img_soya/regl_01_14-Ensemble_Oreillers_Reglables_img2.webp	/soya_prix/imgs/htconfort_2.img
60	32	28	27	/soya2/sourcing/img_soya/v1_03_8-Oreiller_Soya_1.0_img4.webp	/soya2/sourcing/img_mkt/mic_jty_5.webp
60	32	28	27	/soya2/sourcing/img_soya/v3_35_SOYA_3.0_Grey_1.jpg	/soya_prix/imgs/somnilys_2.img
60	32	28	28	/soya2/sourcing/img_soya/h2_01_2-housse_Oreiller_de_Rechange_Soya_img4.webp	/soya_prix/imgs/zamatsle_3.img
60	32	28	28	/soya2/sourcing/img_soya/v2_03_1-oreiller-soya-2_0_img4_39d31902-82e0-42b3-a8cb-6b71e2ebfe7	/soya_prix/imgs/zamatsle_3.img
60	32	28	29	/soya/gallery/01.jpg	/soya2/sourcing/img_mkt/comfy_7.img
60	32	28	29	/soya/gallery/04.jpg	/soya2/sourcing/img_mkt/confal_0.img
60	32	28	29	/soya/gallery/04.jpg	/soya_prix/imgs/confortalign_0.img
60	32	28	29	/soya/gallery/08.jpg	/soya2/sourcing/img_mkt/jty_p6036_5.webp
60	32	28	29	/soya/gallery/10.jpg	/soya2/sourcing/img_mkt/mic_tnjk_10.webp
60	32	28	29	/soya/gallery/10.jpg	/soya2/sourcing/img_mkt/mic_tnjk_6.webp
60	32	28	29	/soya/gallery/10.jpg	/soya2/sourcing/img_mkt/mic_tnjk_9.webp
60	32	28	29	/soya/gallery/12.jpg	/soya2/sourcing/img_mkt/comfy_7.img
60	32	28	29	/soya/gallery/16.jpg	/soya2/sourcing/img_mkt/comfy_7.img
60	32	28	29	/soya/gallery/21.jpg	/soya_prix/imgs/zamatsle_2.img
60	32	28	29	/soya/gallery/24.jpg	/soya2/sourcing/img_mkt/comfy_7.img
60	32	28	29	/soya2/sourcing/img_soya/enf_08_KIDS_PINK_4.png	/soya2/sourcing/img_mkt/jty_knee_4.webp
60	32	28	29	/soya2/sourcing/img_soya/v3_12_2_782a3829-4b96-451b-93e4-630d8f06e705.png	/soya2/sourcing/img_mkt/confal_5.img
60	32	28	29	/soya2/sourcing/img_soya/voy_03_9-Oreiller-de-Voyage-Ergonomique-Soya_img4.webp	/soya2/sourcing/img_mkt/derila_5.img
60	32	28	30	/soya/gallery/04.jpg	/soya2/sourcing/img_mkt/derila_3.img
60	32	28	30	/soya2/sourcing/img_soya/enf_16_KIDS_YELLOW_7.png	/soya2/sourcing/img_mkt/mic_jty_8.webp
60	32	28	30	/soya2/sourcing/img_soya/h3_00_13_c9363db8-d780-4903-9a97-df55d0478686.png	/soya_prix/imgs/somnilys_2.img
60	32	28	30	/soya2/sourcing/img_soya/h3_12_7687678_3.png	/soya2/sourcing/img_mkt/jty_p6036_1.webp
60	32	28	30	/soya2/sourcing/img_soya/h3_12_7687678_3.png	/soya_prix/imgs/somnilys_2.img
60	32	28	30	/soya2/sourcing/img_soya/v3_31_Firefly_Gemini_Flash_Generate_the_same_image_exactly_as_the_	/soya2/sourcing/img_mkt/jty_p6036_2.webp
60	32	28	30	/soya2/sourcing/img_soya/voy_04_9-Oreiller-de-Voyage-Ergonomique-Soya_img5.webp	/soya2/sourcing/img_mkt/jty_p6036_3.webp
60	32	28	30	/soya2/sourcing/img_soya/voy_05_9-Oreiller-de-Voyage-Ergonomique-Soya_img6.webp	/soya2/sourcing/img_mkt/jty_p6036_3.webp
60	32	28	30	/soya2/sourcing/img_soya/voy_06_9-Oreiller-de-Voyage-Ergonomique-Soya_img7.webp	/soya2/sourcing/img_mkt/jty_p6036_3.webp
60	32	28	31	/soya/gallery/09.jpg	/soya_prix/imgs/zamatsle_2.img
60	32	28	31	/soya/gallery/38.jpg	/soya2/sourcing/img_mkt/mic_jty_3.webp
60	32	28	31	/soya2/sourcing/img_soya/v3_42_41.1.png	/soya2/sourcing/img_mkt/derila_1.img
60	32	28	32	/soya/gallery/02.jpg	/soya2/sourcing/img_mkt/derila_1.img
60	32	28	32	/soya2/sourcing/img_soya/enf_08_KIDS_PINK_4.png	/soya2/sourcing/img_mkt/derila_5.img
60	32	28	32	/soya2/sourcing/img_soya/h3_00_13_c9363db8-d780-4903-9a97-df55d0478686.png	/soya2/sourcing/img_mkt/jty_p6036_1.webp
60	32	28	32	/soya2/sourcing/img_soya/h3_14_7687678_2.png	/soya2/sourcing/img_mkt/mic_jty_3.webp
60	32	28	32	/soya2/sourcing/img_soya/v3_29_7687678_2_0409bb9a-6b40-434d-807f-98da5554945a.png	/soya2/sourcing/img_mkt/mic_jty_3.webp
60	32	28	33	/soya2/sourcing/img_soya/enf_04_KIDSP1_1.png	/soya2/sourcing/img_mkt/comfy_4.img
60	32	28	33	/soya2/sourcing/img_soya/h3_00_13_c9363db8-d780-4903-9a97-df55d0478686.png	/soya2/sourcing/img_mkt/jty_p6036_4.webp
60	32	28	33	/soya2/sourcing/img_soya/henf_03_KIDSP1_1.png	/soya2/sourcing/img_mkt/comfy_4.img
60	32	28	33	/soya2/sourcing/img_soya/v1_00_8-Oreiller_Soya_1.0_couverture_HD.webp	/soya2/sourcing/img_mkt/mic_jty_12.webp
60	32	28	34	/soya2/sourcing/img_soya/enf_16_KIDS_YELLOW_7.png	/soya2/sourcing/img_mkt/derila_4.img
60	32	28	35	/soya/gallery/10.jpg	/soya_prix/imgs/somnilys_1.img
60	32	28	35	/soya/gallery/13.jpg	/soya2/sourcing/img_mkt/derila_1.img
60	32	28	35	/soya2/sourcing/img_soya/enf_09_KIDS_PINK_2.png	/soya2/sourcing/img_mkt/derila_4.img
60	32	28	35	/soya2/sourcing/img_soya/h2_02_2-housse_Oreiller_de_Rechange_Soya_img3.webp	/soya2/sourcing/img_mkt/jty_knee_5.webp
60	32	28	35	/soya2/sourcing/img_soya/h3_08_15_eb23f129-89f3-4ffc-be96-9e67ce1c745f.png	/soya2/sourcing/img_mkt/mic_jty_12.webp
60	32	28	35	/soya2/sourcing/img_soya/h3_12_7687678_3.png	/soya2/sourcing/img_mkt/jty_p6036_4.webp
60	32	28	35	/soya2/sourcing/img_soya/h3_13_Soya_3.0_Grey_2.png	/soya_prix/imgs/somnilys_0.img
60	32	28	35	/soya2/sourcing/img_soya/v3_28_Soya_3.0_Grey_2_47c0e3de-4c91-48dd-960e-4a36d6b20353.png	/soya_prix/imgs/somnilys_0.img
60	32	28	36	/soya/gallery/23.jpg	/soya2/sourcing/img_mkt/comfy_1.img
60	32	28	36	/soya/gallery/23.jpg	/soya_prix/imgs/comfysle_1.img
60	32	28	36	/soya/gallery/31.jpg	/soya2/sourcing/img_mkt/confal_4.img
60	32	28	36	/soya/gallery/34.jpg	/soya2/sourcing/img_mkt/derila_3.img
60	32	28	36	/soya2/sourcing/img_soya/h3_00_13_c9363db8-d780-4903-9a97-df55d0478686.png	/soya_prix/imgs/htconfort_2.img
60	32	28	37	/soya2/sourcing/img_soya/lomb_03_4_dc2e6161-802a-4c42-a1d6-b9a0a02ce466.png	/soya2/sourcing/img_mkt/comfy_7.img
60	32	28	37	/soya2/sourcing/img_soya/v1_04_8-Oreiller_Soya_1.0_img5.webp	/soya2/sourcing/img_mkt/derila_4.img
60	32	28	38	/soya2/sourcing/img_soya/enf_06_KIDSP1_1.jpg	/soya2/sourcing/img_mkt/derila_6.img
60	32	28	39	/soya/gallery/09.jpg	/soya2/sourcing/img_mkt/mic_tnjk_11.webp
60	32	28	39	/soya/gallery/09.jpg	/soya2/sourcing/img_mkt/mic_tnjk_4.webp
60	32	28	39	/soya/gallery/09.jpg	/soya2/sourcing/img_mkt/mic_tnjk_7.webp
60	32	28	39	/soya/gallery/21.jpg	/soya2/sourcing/img_mkt/mic_tnjk_11.webp
60	32	28	39	/soya/gallery/21.jpg	/soya2/sourcing/img_mkt/mic_tnjk_4.webp
60	32	28	39	/soya/gallery/21.jpg	/soya2/sourcing/img_mkt/mic_tnjk_7.webp
60	32	28	39	/soya2/sourcing/img_soya/henf_00_KIDS_P_1_2.png	/soya2/sourcing/img_mkt/confal_4.img
60	32	28	40	/soya2/sourcing/img_soya/h2_03_2-housse_Oreiller_de_Rechange_Soya_img5.webp	/soya2/sourcing/img_mkt/comfy_2.img
60	32	28	40	/soya2/sourcing/img_soya/lomb_00_4-Coussin_Lombaire_Ergonomique_Soya_couverture_HD.webp	/soya2/sourcing/img_mkt/mic_jty_1.webp
60	32	28	41	/soya/gallery/34.jpg	/soya2/sourcing/img_mkt/jty_p6036_6.webp
60	32	28	41	/soya2/sourcing/img_soya/regl_00_14-Ensemble_Oreillers_Reglables_couverture_HD.webp	/soya2/sourcing/img_mkt/derila_2.img
60	32	28	41	/soya2/sourcing/img_soya/v3_34_Soya_3.0_Grey.png	/soya_prix/imgs/zamatsle_1.img
60	32	28	42	/soya2/sourcing/img_soya/enf_14_KIDS_YELLOW_6.jpg	/soya2/sourcing/img_mkt/confal_2.img
60	32	28	42	/soya2/sourcing/img_soya/enf_14_KIDS_YELLOW_6.jpg	/soya_prix/imgs/confortalign_2.img
60	32	28	42	/soya2/sourcing/img_soya/h2_03_2-housse_Oreiller_de_Rechange_Soya_img5.webp	/soya2/sourcing/img_mkt/jty_knee_5.webp
60	32	28	43	/soya2/sourcing/img_soya/v2_05_Oreiller_position_4.png	/soya2/sourcing/img_mkt/mic_jty_5.webp
60	32	28	44	/soya2/sourcing/img_soya/h3_08_15_eb23f129-89f3-4ffc-be96-9e67ce1c745f.png	/soya2/sourcing/img_mkt/comfy_2.img
60	32	28	44	/soya2/sourcing/img_soya/v3_33_Soya_3.0_Grey_4.png	/soya2/sourcing/img_mkt/derila_2.img
60	32	28	45	/soya2/sourcing/img_soya/henf_00_KIDS_P_1_2.png	/soya2/sourcing/img_mkt/confal_5.img
60	32	28	51	/soya2/sourcing/img_soya/enf_05_KIDSP1_3.jpg	/soya2/sourcing/img_mkt/comfy_6.img
60	32	28	51	/soya2/sourcing/img_soya/enf_19_KIDS_YELLOW_3.png	/soya2/sourcing/img_mkt/comfy_6.img
60	32	28	52	/soya/gallery/11.jpg	/soya_prix/imgs/comfysle_2.img
60	34	26	11	/soya2/sourcing/img_soya/voy_03_9-Oreiller-de-Voyage-Ergonomique-Soya_img4.webp	/soya_prix/imgs/zamatsle_3.img
60	34	26	13	/soya/gallery/34.jpg	/soya2/sourcing/img_mkt/jty_p6036_5.webp
60	34	26	15	/soya/gallery/33.jpg	/soya2/sourcing/img_mkt/confal_5.img
60	34	26	16	/soya/gallery/16.jpg	/soya2/sourcing/img_mkt/confal_0.img
60	34	26	16	/soya/gallery/16.jpg	/soya_prix/imgs/confortalign_0.img
60	34	26	17	/soya2/sourcing/img_soya/v2_01_1-oreiller-soya-2_0_img2_7d72b6af-35c7-4427-8f15-843f227d977	/soya2/sourcing/img_mkt/derila_2.img
60	34	26	22	/soya2/sourcing/img_soya/enf_03_KIDSP1_5.png	/soya2/sourcing/img_mkt/jty_knee_2.webp
60	34	26	24	/soya2/sourcing/img_soya/enf_17_KIDS_YELLOW_1.png	/soya_prix/imgs/zamatsle_2.img
60	34	26	24	/soya2/sourcing/img_soya/h3_14_7687678_2.png	/soya2/sourcing/img_mkt/jty_knee_2.webp
60	34	26	24	/soya2/sourcing/img_soya/h3_14_7687678_2.png	/soya2/sourcing/img_mkt/mic_jty_8.webp
60	34	26	24	/soya2/sourcing/img_soya/v3_29_7687678_2_0409bb9a-6b40-434d-807f-98da5554945a.png	/soya2/sourcing/img_mkt/jty_knee_2.webp
60	34	26	24	/soya2/sourcing/img_soya/v3_29_7687678_2_0409bb9a-6b40-434d-807f-98da5554945a.png	/soya2/sourcing/img_mkt/mic_jty_8.webp
60	34	26	25	/soya/gallery/21.jpg	/soya2/sourcing/img_mkt/mic_jty_5.webp
60	34	26	25	/soya/gallery/38.jpg	/soya2/sourcing/img_mkt/jty_knee_2.webp
60	34	26	25	/soya/gallery/38.jpg	/soya2/sourcing/img_mkt/mic_jty_8.webp
60	34	26	26	/soya2/sourcing/img_soya/v3_27_Firefly_Gemini_Flash_Generate_the_same_image_exactly_as_the_	/soya2/sourcing/img_mkt/confal_1.img
60	34	26	26	/soya2/sourcing/img_soya/v3_27_Firefly_Gemini_Flash_Generate_the_same_image_exactly_as_the_	/soya_prix/imgs/confortalign_1.img
60	34	26	27	/soya/gallery/09.jpg	/soya2/sourcing/img_mkt/mic_jty_5.webp
60	34	26	28	/soya/gallery/38.jpg	/soya_prix/imgs/zamatsle_2.img
60	34	26	29	/soya/gallery/30.jpg	/soya2/sourcing/img_mkt/mic_jty_3.webp
60	34	26	29	/soya2/sourcing/img_soya/enf_11_KIDS_PINK_7.png	/soya2/sourcing/img_mkt/jty_knee_3.webp
60	34	26	29	/soya2/sourcing/img_soya/henf_04_KIDS_PINK_7.png	/soya2/sourcing/img_mkt/jty_knee_3.webp
60	34	26	31	/soya2/sourcing/img_soya/h3_13_Soya_3.0_Grey_2.png	/soya2/sourcing/img_mkt/derila_5.img
60	34	26	31	/soya2/sourcing/img_soya/regl_02_14-Ensemble_Oreillers_Reglables_img3.webp	/soya2/sourcing/img_mkt/mic_jty_1.webp
60	34	26	31	/soya2/sourcing/img_soya/v3_28_Soya_3.0_Grey_2_47c0e3de-4c91-48dd-960e-4a36d6b20353.png	/soya2/sourcing/img_mkt/derila_5.img
60	34	26	32	/soya2/sourcing/img_soya/lomb_04_3_9225ca02-f60c-47d3-b26c-49df6ebba454.png	/soya_prix/imgs/somnilys_1.img
60	34	26	33	/soya/gallery/23.jpg	/soya2/sourcing/img_mkt/mic_jty_3.webp
60	34	26	33	/soya/gallery/23.jpg	/soya_prix/imgs/htconfort_0.img
60	34	26	33	/soya2/sourcing/img_soya/v2_00_1-oreiller-soya-2_0HD.webp	/soya2/sourcing/img_mkt/mic_tnjk_10.webp
60	34	26	33	/soya2/sourcing/img_soya/v2_00_1-oreiller-soya-2_0HD.webp	/soya2/sourcing/img_mkt/mic_tnjk_6.webp
60	34	26	33	/soya2/sourcing/img_soya/v2_00_1-oreiller-soya-2_0HD.webp	/soya2/sourcing/img_mkt/mic_tnjk_9.webp
60	34	26	34	/soya/gallery/21.jpg	/soya2/sourcing/img_mkt/comfy_3.img
60	34	26	34	/soya2/sourcing/img_soya/henf_01_KIDS_P_1_4.png	/soya2/sourcing/img_mkt/confal_1.img
60	34	26	34	/soya2/sourcing/img_soya/henf_01_KIDS_P_1_4.png	/soya_prix/imgs/confortalign_1.img
60	34	26	35	/soya/gallery/23.jpg	/soya2/sourcing/img_mkt/derila_0.img
60	34	26	35	/soya2/sourcing/img_soya/henf_02_KIDS_P_1_3.png	/soya2/sourcing/img_mkt/confal_1.img
60	34	26	35	/soya2/sourcing/img_soya/henf_02_KIDS_P_1_3.png	/soya_prix/imgs/confortalign_1.img
60	34	26	36	/soya/gallery/09.jpg	/soya2/sourcing/img_mkt/comfy_3.img
60	34	26	38	/soya/gallery/19.jpg	/soya2/sourcing/img_mkt/comfy_5.img
60	34	26	38	/soya2/sourcing/img_soya/henf_02_KIDS_P_1_3.png	/soya2/sourcing/img_mkt/confal_4.img
60	34	26	38	/soya2/sourcing/img_soya/v2_00_1-oreiller-soya-2_0HD.webp	/soya2/sourcing/img_mkt/mic_jty_12.webp
60	34	26	41	/soya/gallery/07.jpg	/soya2/sourcing/img_mkt/comfy_5.img
60	34	26	42	/soya/gallery/32.jpg	/soya_prix/imgs/htconfort_1.img
60	34	26	44	/soya2/sourcing/img_soya/henf_02_KIDS_P_1_3.png	/soya2/sourcing/img_mkt/confal_5.img
60	34	26	46	/soya2/sourcing/img_soya/h3_04_14_feded688-a4ff-4333-8fba-e9a2e53c877a.png	/soya2/sourcing/img_mkt/confal_5.img
60	36	24	27	/soya2/sourcing/img_soya/enf_02_KIDSP1_6.png	/soya2/sourcing/img_mkt/derila_2.img
60	36	24	27	/soya2/sourcing/img_soya/v1_03_8-Oreiller_Soya_1.0_img4.webp	/soya_prix/imgs/htconfort_2.img
60	36	24	28	/soya2/sourcing/img_soya/enf_04_KIDSP1_1.png	/soya2/sourcing/img_mkt/derila_2.img
60	36	24	28	/soya2/sourcing/img_soya/enf_11_KIDS_PINK_7.png	/soya2/sourcing/img_mkt/derila_5.img
60	36	24	28	/soya2/sourcing/img_soya/henf_03_KIDSP1_1.png	/soya2/sourcing/img_mkt/derila_2.img
60	36	24	28	/soya2/sourcing/img_soya/henf_04_KIDS_PINK_7.png	/soya2/sourcing/img_mkt/derila_5.img
60	36	24	30	/soya2/sourcing/img_soya/regl_00_14-Ensemble_Oreillers_Reglables_couverture_HD.webp	/soya2/sourcing/img_mkt/jty_knee_5.webp
60	36	24	31	/soya2/sourcing/img_soya/enf_04_KIDSP1_1.png	/soya2/sourcing/img_mkt/confal_5.img
60	36	24	31	/soya2/sourcing/img_soya/henf_03_KIDSP1_1.png	/soya2/sourcing/img_mkt/confal_5.img
60	36	24	38	/soya2/sourcing/img_soya/voy_03_9-Oreiller-de-Voyage-Ergonomique-Soya_img4.webp	/soya2/sourcing/img_mkt/jty_knee_6.webp
60	36	24	39	/soya2/sourcing/img_soya/h3_04_14_feded688-a4ff-4333-8fba-e9a2e53c877a.png	/soya2/sourcing/img_mkt/confal_2.img
60	36	24	39	/soya2/sourcing/img_soya/h3_04_14_feded688-a4ff-4333-8fba-e9a2e53c877a.png	/soya_prix/imgs/confortalign_2.img
60	38	22	23	/soya2/sourcing/img_soya/h2_01_2-housse_Oreiller_de_Rechange_Soya_img4.webp	/soya2/sourcing/img_mkt/confal_3.img
60	38	22	23	/soya2/sourcing/img_soya/v2_03_1-oreiller-soya-2_0_img4_39d31902-82e0-42b3-a8cb-6b71e2ebfe7	/soya2/sourcing/img_mkt/confal_3.img
60	38	22	31	/soya2/sourcing/img_soya/enf_11_KIDS_PINK_7.png	/soya2/sourcing/img_mkt/derila_2.img
60	38	22	31	/soya2/sourcing/img_soya/henf_04_KIDS_PINK_7.png	/soya2/sourcing/img_mkt/derila_2.img
60	38	22	38	/soya/gallery/31.jpg	/soya2/sourcing/img_mkt/derila_5.img
61	24	37	28	/soya/gallery/33.jpg	/soya_prix/imgs/htconfort_2.img
61	24	37	28	/soya2/sourcing/img_soya/enf_04_KIDSP1_1.png	/soya2/sourcing/img_mkt/jty_p6036_2.webp
61	24	37	28	/soya2/sourcing/img_soya/henf_03_KIDSP1_1.png	/soya2/sourcing/img_mkt/jty_p6036_2.webp
61	24	37	41	/soya2/sourcing/img_soya/enf_06_KIDSP1_1.jpg	/soya_prix/imgs/inphysio_0.img
61	26	35	14	/soya2/sourcing/img_soya/v2_00_1-oreiller-soya-2_0HD.webp	/soya2/sourcing/img_mkt/jty_p6036_5.webp
61	26	35	16	/soya2/sourcing/img_soya/lomb_01_4-Coussin_Lombaire_Ergonomique_Soya_img2.webp	/soya_prix/imgs/zamatsle_0.img
61	26	35	23	/soya/gallery/33.jpg	/soya2/sourcing/img_mkt/jty_p6036_4.webp
61	26	35	23	/soya2/sourcing/img_soya/enf_12_KIDS_PINK_5.png	/soya2/sourcing/img_mkt/jty_p6036_2.webp
61	26	35	23	/soya2/sourcing/img_soya/v2_04_1-oreiller-soya-2_0_img5_a8a3199e-0071-4043-a899-f89baff5294	/soya2/sourcing/img_mkt/mic_tnjk_11.webp
61	26	35	23	/soya2/sourcing/img_soya/v2_04_1-oreiller-soya-2_0_img5_a8a3199e-0071-4043-a899-f89baff5294	/soya2/sourcing/img_mkt/mic_tnjk_4.webp
61	26	35	23	/soya2/sourcing/img_soya/v2_04_1-oreiller-soya-2_0_img5_a8a3199e-0071-4043-a899-f89baff5294	/soya2/sourcing/img_mkt/mic_tnjk_7.webp
61	26	35	24	/soya2/sourcing/img_soya/enf_02_KIDSP1_6.png	/soya2/sourcing/img_mkt/derila_0.img
61	26	35	24	/soya2/sourcing/img_soya/v3_12_2_782a3829-4b96-451b-93e4-630d8f06e705.png	/soya2/sourcing/img_mkt/derila_1.img
61	26	35	24	/soya2/sourcing/img_soya/v3_12_2_782a3829-4b96-451b-93e4-630d8f06e705.png	/soya2/sourcing/img_mkt/mic_tnjk_11.webp
61	26	35	24	/soya2/sourcing/img_soya/v3_12_2_782a3829-4b96-451b-93e4-630d8f06e705.png	/soya2/sourcing/img_mkt/mic_tnjk_4.webp
61	26	35	24	/soya2/sourcing/img_soya/v3_12_2_782a3829-4b96-451b-93e4-630d8f06e705.png	/soya2/sourcing/img_mkt/mic_tnjk_7.webp
61	26	35	25	/soya2/sourcing/img_soya/v3_12_2_782a3829-4b96-451b-93e4-630d8f06e705.png	/soya2/sourcing/img_mkt/derila_0.img
61	26	35	25	/soya2/sourcing/img_soya/v3_27_Firefly_Gemini_Flash_Generate_the_same_image_exactly_as_the_	/soya_prix/imgs/zamatsle_1.img
61	26	35	29	/soya/gallery/04.jpg	/soya2/sourcing/img_mkt/confal_3.img
61	26	35	29	/soya2/sourcing/img_soya/enf_15_KIDS_YELLOW_4.png	/soya2/sourcing/img_mkt/jty_knee_3.webp
61	26	35	30	/soya2/sourcing/img_soya/v3_24_SOYA_3.0_Grey-2.jpg	/soya2/sourcing/img_mkt/derila_1.img
61	26	35	31	/soya2/sourcing/img_soya/enf_03_KIDSP1_5.png	/soya2/sourcing/img_mkt/confal_1.img
61	26	35	31	/soya2/sourcing/img_soya/enf_03_KIDSP1_5.png	/soya_prix/imgs/confortalign_1.img
61	26	35	31	/soya2/sourcing/img_soya/v3_24_SOYA_3.0_Grey-2.jpg	/soya2/sourcing/img_mkt/derila_0.img
61	26	35	32	/soya/gallery/07.jpg	/soya2/sourcing/img_mkt/mic_jty_8.webp
61	26	35	35	/soya2/sourcing/img_soya/lomb_00_4-Coussin_Lombaire_Ergonomique_Soya_couverture_HD.webp	/soya2/sourcing/img_mkt/derila_5.img
61	26	35	36	/soya/gallery/03.jpg	/soya_prix/imgs/htconfort_2.img
61	26	35	36	/soya/gallery/14.jpg	/soya_prix/imgs/htconfort_2.img
61	26	35	36	/soya/gallery/27.jpg	/soya_prix/imgs/htconfort_2.img
61	26	35	36	/soya2/sourcing/img_soya/enf_13_KIDS_PINK_3.png	/soya2/sourcing/img_mkt/comfy_7.img
61	26	35	36	/soya2/sourcing/img_soya/enf_20_KIDS_YELLOW_5.png	/soya2/sourcing/img_mkt/comfy_7.img
61	26	35	37	/soya2/sourcing/img_soya/h3_04_14_feded688-a4ff-4333-8fba-e9a2e53c877a.png	/soya2/sourcing/img_mkt/derila_1.img
61	26	35	37	/soya2/sourcing/img_soya/v2_02_1-oreiller-soya-2_0_img3_5f834f33-5e47-49e1-a6a1-34e17f3341b	/soya2/sourcing/img_mkt/confal_4.img
61	26	35	38	/soya/gallery/15.jpg	/soya2/sourcing/img_mkt/jty_p6036_6.webp
61	26	35	39	/soya2/sourcing/img_soya/v1_03_8-Oreiller_Soya_1.0_img4.webp	/soya2/sourcing/img_mkt/jty_knee_1.webp
61	26	35	47	/soya2/sourcing/img_soya/v3_42_41.1.png	/soya_prix/imgs/comfysle_0.img
61	28	33	14	/soya2/sourcing/img_soya/v2_00_1-oreiller-soya-2_0HD.webp	/soya2/sourcing/img_mkt/confal_0.img
61	28	33	14	/soya2/sourcing/img_soya/v2_00_1-oreiller-soya-2_0HD.webp	/soya_prix/imgs/confortalign_0.img
61	28	33	17	/soya/gallery/33.jpg	/soya_prix/imgs/zamatsle_1.img
61	28	33	18	/soya2/sourcing/img_soya/v2_01_1-oreiller-soya-2_0_img2_7d72b6af-35c7-4427-8f15-843f227d977	/soya2/sourcing/img_mkt/comfy_3.img
61	28	33	20	/soya/gallery/07.jpg	/soya2/sourcing/img_mkt/jty_knee_2.webp
61	28	33	20	/soya2/sourcing/img_soya/h2_01_2-housse_Oreiller_de_Rechange_Soya_img4.webp	/soya2/sourcing/img_mkt/comfy_3.img
61	28	33	20	/soya2/sourcing/img_soya/h2_03_2-housse_Oreiller_de_Rechange_Soya_img5.webp	/soya2/sourcing/img_mkt/jty_knee_2.webp
61	28	33	20	/soya2/sourcing/img_soya/lomb_03_4_dc2e6161-802a-4c42-a1d6-b9a0a02ce466.png	/soya2/sourcing/img_mkt/jty_knee_6.webp
61	28	33	20	/soya2/sourcing/img_soya/v2_03_1-oreiller-soya-2_0_img4_39d31902-82e0-42b3-a8cb-6b71e2ebfe7	/soya2/sourcing/img_mkt/comfy_3.img
61	28	33	21	/soya2/sourcing/img_soya/enf_10_KIDS_PINK_1.png	/soya_prix/imgs/comfysle_2.img
61	28	33	21	/soya2/sourcing/img_soya/v3_27_Firefly_Gemini_Flash_Generate_the_same_image_exactly_as_the_	/soya2/sourcing/img_mkt/comfy_3.img
61	28	33	22	/soya/gallery/38.jpg	/soya2/sourcing/img_mkt/confal_2.img
61	28	33	22	/soya/gallery/38.jpg	/soya_prix/imgs/confortalign_2.img
61	28	33	22	/soya2/sourcing/img_soya/enf_03_KIDSP1_5.png	/soya2/sourcing/img_mkt/comfy_4.img
61	28	33	23	/soya/gallery/11.jpg	/soya_prix/imgs/inphysio_1.img
61	28	33	24	/soya2/sourcing/img_soya/h2_02_2-housse_Oreiller_de_Rechange_Soya_img3.webp	/soya_prix/imgs/htconfort_2.img
61	28	33	25	/soya/gallery/11.jpg	/soya2/sourcing/img_mkt/confal_3.img
61	28	33	26	/soya/gallery/15.jpg	/soya2/sourcing/img_mkt/mic_jty_1.webp
61	28	33	26	/soya2/sourcing/img_soya/v2_07_1-oreiller-soya-2_0_img7_43909438-1603-4e59-add4-f987f4acd78	/soya_prix/imgs/somnilys_2.img
61	28	33	26	/soya2/sourcing/img_soya/v3_24_SOYA_3.0_Grey-2.jpg	/soya2/sourcing/img_mkt/mic_tnjk_11.webp
61	28	33	26	/soya2/sourcing/img_soya/v3_24_SOYA_3.0_Grey-2.jpg	/soya2/sourcing/img_mkt/mic_tnjk_4.webp
61	28	33	26	/soya2/sourcing/img_soya/v3_24_SOYA_3.0_Grey-2.jpg	/soya2/sourcing/img_mkt/mic_tnjk_7.webp
61	28	33	27	/soya2/sourcing/img_soya/lomb_03_4_dc2e6161-802a-4c42-a1d6-b9a0a02ce466.png	/soya2/sourcing/img_mkt/comfy_4.img
61	28	33	27	/soya2/sourcing/img_soya/v3_35_SOYA_3.0_Grey_1.jpg	/soya2/sourcing/img_mkt/confal_3.img
61	28	33	28	/soya/gallery/36.jpg	/soya2/sourcing/img_mkt/mic_jty_1.webp
61	28	33	28	/soya/gallery/37.jpg	/soya2/sourcing/img_mkt/mic_jty_1.webp
61	28	33	28	/soya/gallery/39.jpg	/soya2/sourcing/img_mkt/comfy_7.img
61	28	33	29	/soya2/sourcing/img_soya/lomb_02_4-Coussin_Lombaire_Ergonomique_Soya_img3.webp	/soya_prix/imgs/somnilys_0.img
61	28	33	29	/soya2/sourcing/img_soya/v3_25_Soya_3.0_grey_2_2e59cacb-6ebc-4f36-8a81-44478c9d4589.png	/soya2/sourcing/img_mkt/jty_knee_3.webp
61	28	33	29	/soya2/sourcing/img_soya/voy_00_9-Oreiller-de-Voyage-Ergonomique-Soyacouverture_HD.webp	/soya2/sourcing/img_mkt/confal_3.img
61	28	33	30	/soya/gallery/09.jpg	/soya2/sourcing/img_mkt/jty_knee_5.webp
61	28	33	30	/soya/gallery/17.jpg	/soya2/sourcing/img_mkt/comfy_7.img
61	28	33	30	/soya/gallery/21.jpg	/soya2/sourcing/img_mkt/jty_knee_5.webp
61	28	33	31	/soya2/sourcing/img_soya/regl_02_14-Ensemble_Oreillers_Reglables_img3.webp	/soya2/sourcing/img_mkt/confal_2.img
61	28	33	31	/soya2/sourcing/img_soya/regl_02_14-Ensemble_Oreillers_Reglables_img3.webp	/soya_prix/imgs/confortalign_2.img
61	28	33	31	/soya2/sourcing/img_soya/v1_03_8-Oreiller_Soya_1.0_img4.webp	/soya2/sourcing/img_mkt/confal_3.img
61	28	33	31	/soya2/sourcing/img_soya/v2_04_1-oreiller-soya-2_0_img5_a8a3199e-0071-4043-a899-f89baff5294	/soya2/sourcing/img_mkt/derila_1.img
61	28	33	32	/soya/gallery/05.jpg	/soya_prix/imgs/somnilys_1.img
61	28	33	32	/soya2/sourcing/img_soya/enf_15_KIDS_YELLOW_4.png	/soya2/sourcing/img_mkt/confal_4.img
61	28	33	32	/soya2/sourcing/img_soya/voy_02_9-Oreiller-de-Voyage-Ergonomique-Soya_img3.webp	/soya2/sourcing/img_mkt/comfy_5.img
61	28	33	32	/soya2/sourcing/img_soya/voy_04_9-Oreiller-de-Voyage-Ergonomique-Soya_img5.webp	/soya2/sourcing/img_mkt/mic_jty_12.webp
61	28	33	32	/soya2/sourcing/img_soya/voy_05_9-Oreiller-de-Voyage-Ergonomique-Soya_img6.webp	/soya2/sourcing/img_mkt/mic_jty_12.webp
61	28	33	32	/soya2/sourcing/img_soya/voy_06_9-Oreiller-de-Voyage-Ergonomique-Soya_img7.webp	/soya2/sourcing/img_mkt/mic_jty_12.webp
61	28	33	33	/soya/gallery/32.jpg	/soya2/sourcing/img_mkt/derila_3.img
61	28	33	33	/soya2/sourcing/img_soya/enf_04_KIDSP1_1.png	/soya2/sourcing/img_mkt/comfy_7.img
61	28	33	33	/soya2/sourcing/img_soya/henf_03_KIDSP1_1.png	/soya2/sourcing/img_mkt/comfy_7.img
61	28	33	33	/soya2/sourcing/img_soya/v2_06_1-oreiller-soya-2_0_img6_9601dd3b-66d6-4311-b41e-5fd7712bdc1	/soya_prix/imgs/somnilys_0.img
61	28	33	34	/soya/gallery/38.jpg	/soya2/sourcing/img_mkt/jty_knee_4.webp
61	28	33	34	/soya2/sourcing/img_soya/enf_10_KIDS_PINK_1.png	/soya2/sourcing/img_mkt/mic_tnjk_11.webp
61	28	33	34	/soya2/sourcing/img_soya/enf_10_KIDS_PINK_1.png	/soya2/sourcing/img_mkt/mic_tnjk_4.webp
61	28	33	34	/soya2/sourcing/img_soya/enf_10_KIDS_PINK_1.png	/soya2/sourcing/img_mkt/mic_tnjk_7.webp
61	28	33	34	/soya2/sourcing/img_soya/henf_02_KIDS_P_1_3.png	/soya2/sourcing/img_mkt/derila_0.img
61	28	33	34	/soya2/sourcing/img_soya/regl_00_14-Ensemble_Oreillers_Reglables_couverture_HD.webp	/soya_prix/imgs/zamatsle_1.img
61	28	33	34	/soya2/sourcing/img_soya/v2_05_Oreiller_position_4.png	/soya2/sourcing/img_mkt/comfy_4.img
61	28	33	35	/soya2/sourcing/img_soya/h2_01_2-housse_Oreiller_de_Rechange_Soya_img4.webp	/soya2/sourcing/img_mkt/confal_0.img
61	28	33	35	/soya2/sourcing/img_soya/h2_01_2-housse_Oreiller_de_Rechange_Soya_img4.webp	/soya_prix/imgs/confortalign_0.img
61	28	33	35	/soya2/sourcing/img_soya/v2_03_1-oreiller-soya-2_0_img4_39d31902-82e0-42b3-a8cb-6b71e2ebfe7	/soya2/sourcing/img_mkt/confal_0.img
61	28	33	35	/soya2/sourcing/img_soya/v2_03_1-oreiller-soya-2_0_img4_39d31902-82e0-42b3-a8cb-6b71e2ebfe7	/soya_prix/imgs/confortalign_0.img
61	28	33	37	/soya2/sourcing/img_soya/enf_14_KIDS_YELLOW_6.jpg	/soya_prix/imgs/zamatsle_0.img
61	28	33	37	/soya2/sourcing/img_soya/h2_01_2-housse_Oreiller_de_Rechange_Soya_img4.webp	/soya2/sourcing/img_mkt/mic_jty_1.webp
61	28	33	37	/soya2/sourcing/img_soya/v2_03_1-oreiller-soya-2_0_img4_39d31902-82e0-42b3-a8cb-6b71e2ebfe7	/soya2/sourcing/img_mkt/mic_jty_1.webp
61	28	33	37	/soya2/sourcing/img_soya/v2_04_1-oreiller-soya-2_0_img5_a8a3199e-0071-4043-a899-f89baff5294	/soya2/sourcing/img_mkt/jty_p6036_6.webp
61	28	33	38	/soya2/sourcing/img_soya/enf_04_KIDSP1_1.png	/soya2/sourcing/img_mkt/confal_0.img
61	28	33	38	/soya2/sourcing/img_soya/enf_04_KIDSP1_1.png	/soya_prix/imgs/confortalign_0.img
61	28	33	38	/soya2/sourcing/img_soya/henf_03_KIDSP1_1.png	/soya2/sourcing/img_mkt/confal_0.img
61	28	33	38	/soya2/sourcing/img_soya/henf_03_KIDSP1_1.png	/soya_prix/imgs/confortalign_0.img
61	28	33	38	/soya2/sourcing/img_soya/v1_00_8-Oreiller_Soya_1.0_couverture_HD.webp	/soya_prix/imgs/htconfort_0.img
61	28	33	38	/soya2/sourcing/img_soya/v3_31_Firefly_Gemini_Flash_Generate_the_same_image_exactly_as_the_	/soya2/sourcing/img_mkt/derila_2.img
61	28	33	39	/soya2/sourcing/img_soya/regl_00_14-Ensemble_Oreillers_Reglables_couverture_HD.webp	/soya2/sourcing/img_mkt/mic_jty_5.webp
61	28	33	40	/soya2/sourcing/img_soya/lomb_04_3_9225ca02-f60c-47d3-b26c-49df6ebba454.png	/soya_prix/imgs/zamatsle_0.img
61	28	33	41	/soya/gallery/06.jpg	/soya2/sourcing/img_mkt/comfy_5.img
61	28	33	41	/soya/gallery/18.jpg	/soya2/sourcing/img_mkt/comfy_5.img
61	28	33	41	/soya/gallery/22.jpg	/soya2/sourcing/img_mkt/comfy_5.img
61	28	33	41	/soya/gallery/28.jpg	/soya2/sourcing/img_mkt/comfy_5.img
61	28	33	41	/soya2/sourcing/img_soya/enf_11_KIDS_PINK_7.png	/soya2/sourcing/img_mkt/confal_0.img
61	28	33	41	/soya2/sourcing/img_soya/enf_11_KIDS_PINK_7.png	/soya_prix/imgs/confortalign_0.img
61	28	33	41	/soya2/sourcing/img_soya/h2_00_2-housse_Oreiller_de_Rechange_Soya_HD.webp	/soya2/sourcing/img_mkt/derila_2.img
61	28	33	41	/soya2/sourcing/img_soya/henf_04_KIDS_PINK_7.png	/soya2/sourcing/img_mkt/confal_0.img
61	28	33	41	/soya2/sourcing/img_soya/henf_04_KIDS_PINK_7.png	/soya_prix/imgs/confortalign_0.img
61	28	33	41	/soya2/sourcing/img_soya/v2_05_Oreiller_position_4.png	/soya2/sourcing/img_mkt/confal_2.img
61	28	33	41	/soya2/sourcing/img_soya/v2_05_Oreiller_position_4.png	/soya_prix/imgs/confortalign_2.img
61	28	33	41	/soya2/sourcing/img_soya/v3_33_Soya_3.0_Grey_4.png	/soya_prix/imgs/htconfort_0.img
61	28	33	42	/soya2/sourcing/img_soya/h3_08_15_eb23f129-89f3-4ffc-be96-9e67ce1c745f.png	/soya2/sourcing/img_mkt/jty_p6036_4.webp
61	28	33	45	/soya/gallery/03.jpg	/soya2/sourcing/img_mkt/mic_jty_8.webp
61	28	33	45	/soya/gallery/14.jpg	/soya2/sourcing/img_mkt/mic_jty_8.webp
61	28	33	45	/soya/gallery/27.jpg	/soya2/sourcing/img_mkt/mic_jty_8.webp
61	28	33	46	/soya/gallery/16.jpg	/soya2/sourcing/img_mkt/jty_knee_3.webp
61	28	33	48	/soya/gallery/11.jpg	/soya2/sourcing/img_mkt/comfy_6.img
61	28	33	48	/soya2/sourcing/img_soya/v3_42_41.1.png	/soya2/sourcing/img_mkt/comfy_6.img
61	28	33	49	/soya2/sourcing/img_soya/v3_35_SOYA_3.0_Grey_1.jpg	/soya2/sourcing/img_mkt/jty_knee_3.webp
61	28	33	51	/soya/gallery/13.jpg	/soya2/sourcing/img_mkt/comfy_0.img
61	28	33	51	/soya/gallery/13.jpg	/soya_prix/imgs/comfysle_0.img
61	28	33	51	/soya/gallery/25.jpg	/soya2/sourcing/img_mkt/comfy_0.img
61	28	33	51	/soya/gallery/25.jpg	/soya_prix/imgs/comfysle_0.img
61	30	31	10	/soya2/sourcing/img_soya/voy_04_9-Oreiller-de-Voyage-Ergonomique-Soya_img5.webp	/soya_prix/imgs/htconfort_1.img
61	30	31	10	/soya2/sourcing/img_soya/voy_05_9-Oreiller-de-Voyage-Ergonomique-Soya_img6.webp	/soya_prix/imgs/htconfort_1.img
61	30	31	10	/soya2/sourcing/img_soya/voy_06_9-Oreiller-de-Voyage-Ergonomique-Soya_img7.webp	/soya_prix/imgs/htconfort_1.img
61	30	31	11	/soya2/sourcing/img_soya/v3_42_41.1.png	/soya2/sourcing/img_mkt/comfy_5.img
61	30	31	14	/soya/gallery/32.jpg	/soya2/sourcing/img_mkt/jty_p6036_5.webp
61	30	31	14	/soya2/sourcing/img_soya/enf_14_KIDS_YELLOW_6.jpg	/soya2/sourcing/img_mkt/confal_0.img
61	30	31	14	/soya2/sourcing/img_soya/enf_14_KIDS_YELLOW_6.jpg	/soya_prix/imgs/confortalign_0.img
61	30	31	14	/soya2/sourcing/img_soya/v3_00_18.png	/soya2/sourcing/img_mkt/comfy_5.img
61	30	31	14	/soya2/sourcing/img_soya/v3_36_34.png	/soya2/sourcing/img_mkt/comfy_5.img
61	30	31	14	/soya2/sourcing/img_soya/voy_03_9-Oreiller-de-Voyage-Ergonomique-Soya_img4.webp	/soya2/sourcing/img_mkt/jty_p6036_6.webp
61	30	31	15	/soya2/sourcing/img_soya/enf_00_KIDSP2.jpg	/soya2/sourcing/img_mkt/confal_0.img
61	30	31	15	/soya2/sourcing/img_soya/enf_00_KIDSP2.jpg	/soya2/sourcing/img_mkt/jty_p6036_3.webp
61	30	31	15	/soya2/sourcing/img_soya/enf_00_KIDSP2.jpg	/soya_prix/imgs/confortalign_0.img
61	30	31	15	/soya2/sourcing/img_soya/enf_07_KIDS_PINK_6.jpg	/soya2/sourcing/img_mkt/confal_0.img
61	30	31	15	/soya2/sourcing/img_soya/enf_07_KIDS_PINK_6.jpg	/soya_prix/imgs/confortalign_0.img
61	30	31	15	/soya2/sourcing/img_soya/voy_02_9-Oreiller-de-Voyage-Ergonomique-Soya_img3.webp	/soya2/sourcing/img_mkt/confal_5.img
61	30	31	16	/soya2/sourcing/img_soya/enf_19_KIDS_YELLOW_3.png	/soya2/sourcing/img_mkt/confal_0.img
61	30	31	16	/soya2/sourcing/img_soya/enf_19_KIDS_YELLOW_3.png	/soya_prix/imgs/confortalign_0.img
61	30	31	19	/soya/gallery/19.jpg	/soya2/sourcing/img_mkt/jty_knee_2.webp
61	30	31	20	/soya/gallery/23.jpg	/soya2/sourcing/img_mkt/jty_knee_3.webp
61	30	31	20	/soya2/sourcing/img_soya/henf_00_KIDS_P_1_2.png	/soya2/sourcing/img_mkt/jty_p6036_5.webp
61	30	31	20	/soya2/sourcing/img_soya/henf_01_KIDS_P_1_4.png	/soya2/sourcing/img_mkt/jty_p6036_5.webp
61	30	31	21	/soya2/sourcing/img_soya/henf_00_KIDS_P_1_2.png	/soya2/sourcing/img_mkt/mic_jty_3.webp
61	30	31	21	/soya2/sourcing/img_soya/henf_01_KIDS_P_1_4.png	/soya2/sourcing/img_mkt/mic_jty_3.webp
61	30	31	22	/soya/gallery/06.jpg	/soya2/sourcing/img_mkt/comfy_2.img
61	30	31	22	/soya/gallery/18.jpg	/soya2/sourcing/img_mkt/comfy_2.img
61	30	31	22	/soya/gallery/22.jpg	/soya2/sourcing/img_mkt/comfy_2.img
61	30	31	22	/soya/gallery/28.jpg	/soya2/sourcing/img_mkt/comfy_2.img
61	30	31	23	/soya2/sourcing/img_soya/h3_04_14_feded688-a4ff-4333-8fba-e9a2e53c877a.png	/soya_prix/imgs/somnilys_2.img
61	30	31	23	/soya2/sourcing/img_soya/h3_08_15_eb23f129-89f3-4ffc-be96-9e67ce1c745f.png	/soya_prix/imgs/somnilys_2.img
61	30	31	24	/soya2/sourcing/img_soya/enf_10_KIDS_PINK_1.png	/soya2/sourcing/img_mkt/comfy_1.img
61	30	31	24	/soya2/sourcing/img_soya/enf_10_KIDS_PINK_1.png	/soya_prix/imgs/comfysle_1.img
61	30	31	24	/soya2/sourcing/img_soya/v1_04_8-Oreiller_Soya_1.0_img5.webp	/soya_prix/imgs/comfysle_3.img
61	30	31	25	/soya2/sourcing/img_soya/h2_00_2-housse_Oreiller_de_Rechange_Soya_HD.webp	/soya2/sourcing/img_mkt/jty_knee_4.webp
61	30	31	25	/soya2/sourcing/img_soya/regl_00_14-Ensemble_Oreillers_Reglables_couverture_HD.webp	/soya_prix/imgs/somnilys_2.img
61	30	31	26	/soya2/sourcing/img_soya/enf_02_KIDSP1_6.png	/soya2/sourcing/img_mkt/comfy_7.img
61	30	31	26	/soya2/sourcing/img_soya/enf_17_KIDS_YELLOW_1.png	/soya2/sourcing/img_mkt/comfy_0.img
61	30	31	26	/soya2/sourcing/img_soya/enf_17_KIDS_YELLOW_1.png	/soya_prix/imgs/comfysle_0.img
61	30	31	26	/soya2/sourcing/img_soya/regl_01_14-Ensemble_Oreillers_Reglables_img2.webp	/soya_prix/imgs/somnilys_0.img
61	30	31	26	/soya2/sourcing/img_soya/v3_24_SOYA_3.0_Grey-2.jpg	/soya_prix/imgs/somnilys_2.img
61	30	31	27	/soya2/sourcing/img_soya/enf_03_KIDSP1_5.png	/soya2/sourcing/img_mkt/comfy_0.img
61	30	31	27	/soya2/sourcing/img_soya/v1_00_8-Oreiller_Soya_1.0_couverture_HD.webp	/soya2/sourcing/img_mkt/jty_p6036_2.webp
61	30	31	28	/soya/gallery/35.jpg	/soya2/sourcing/img_mkt/confal_3.img
61	30	31	29	/soya2/sourcing/img_soya/h2_00_2-housse_Oreiller_de_Rechange_Soya_HD.webp	/soya_prix/imgs/inphysio_1.img
61	30	31	29	/soya2/sourcing/img_soya/h3_14_7687678_2.png	/soya_prix/imgs/comfysle_3.img
61	30	31	29	/soya2/sourcing/img_soya/henf_00_KIDS_P_1_2.png	/soya2/sourcing/img_mkt/comfy_3.img
61	30	31	29	/soya2/sourcing/img_soya/regl_02_14-Ensemble_Oreillers_Reglables_img3.webp	/soya2/sourcing/img_mkt/comfy_0.img
61	30	31	29	/soya2/sourcing/img_soya/regl_02_14-Ensemble_Oreillers_Reglables_img3.webp	/soya_prix/imgs/comfysle_0.img
61	30	31	29	/soya2/sourcing/img_soya/v3_29_7687678_2_0409bb9a-6b40-434d-807f-98da5554945a.png	/soya_prix/imgs/comfysle_3.img
61	30	31	30	/soya/gallery/38.jpg	/soya_prix/imgs/inphysio_1.img
61	30	31	30	/soya2/sourcing/img_soya/enf_09_KIDS_PINK_2.png	/soya2/sourcing/img_mkt/comfy_0.img
61	30	31	30	/soya2/sourcing/img_soya/h3_13_Soya_3.0_Grey_2.png	/soya2/sourcing/img_mkt/mic_jty_1.webp
61	30	31	30	/soya2/sourcing/img_soya/v3_28_Soya_3.0_Grey_2_47c0e3de-4c91-48dd-960e-4a36d6b20353.png	/soya2/sourcing/img_mkt/mic_jty_1.webp
61	30	31	31	/soya/gallery/09.jpg	/soya2/sourcing/img_mkt/jty_knee_3.webp
61	30	31	31	/soya2/sourcing/img_soya/v3_00_18.png	/soya_prix/imgs/somnilys_1.img
61	30	31	31	/soya2/sourcing/img_soya/v3_36_34.png	/soya_prix/imgs/somnilys_1.img
61	30	31	32	/soya/gallery/19.jpg	/soya2/sourcing/img_mkt/confal_0.img
61	30	31	32	/soya/gallery/19.jpg	/soya_prix/imgs/confortalign_0.img
61	30	31	32	/soya/gallery/36.jpg	/soya2/sourcing/img_mkt/derila_1.img
61	30	31	32	/soya/gallery/37.jpg	/soya2/sourcing/img_mkt/derila_1.img
61	30	31	32	/soya2/sourcing/img_soya/h3_15_7687678_1.png	/soya2/sourcing/img_mkt/derila_0.img
61	30	31	32	/soya2/sourcing/img_soya/henf_02_KIDS_P_1_3.png	/soya2/sourcing/img_mkt/derila_4.img
61	30	31	33	/soya/gallery/19.jpg	/soya2/sourcing/img_mkt/derila_4.img
61	30	31	33	/soya2/sourcing/img_soya/enf_01_KIDSP1_4.jpg	/soya2/sourcing/img_mkt/mic_tnjk_10.webp
61	30	31	33	/soya2/sourcing/img_soya/enf_01_KIDSP1_4.jpg	/soya2/sourcing/img_mkt/mic_tnjk_6.webp
61	30	31	33	/soya2/sourcing/img_soya/enf_01_KIDSP1_4.jpg	/soya2/sourcing/img_mkt/mic_tnjk_9.webp
61	30	31	33	/soya2/sourcing/img_soya/h2_01_2-housse_Oreiller_de_Rechange_Soya_img4.webp	/soya2/sourcing/img_mkt/jty_p6036_5.webp
61	30	31	33	/soya2/sourcing/img_soya/v2_03_1-oreiller-soya-2_0_img4_39d31902-82e0-42b3-a8cb-6b71e2ebfe7	/soya2/sourcing/img_mkt/jty_p6036_5.webp
61	30	31	34	/soya/gallery/07.jpg	/soya2/sourcing/img_mkt/derila_4.img
61	30	31	34	/soya/gallery/16.jpg	/soya2/sourcing/img_mkt/derila_2.img
61	30	31	34	/soya2/sourcing/img_soya/enf_06_KIDSP1_1.jpg	/soya2/sourcing/img_mkt/confal_3.img
61	30	31	34	/soya2/sourcing/img_soya/v1_01_8-Oreiller_Soya_1.0_img2.webp	/soya2/sourcing/img_mkt/confal_4.img
61	30	31	35	/soya/gallery/21.jpg	/soya2/sourcing/img_mkt/jty_knee_3.webp
61	30	31	35	/soya/gallery/23.jpg	/soya_prix/imgs/somnilys_0.img
61	30	31	35	/soya2/sourcing/img_soya/henf_00_KIDS_P_1_2.png	/soya2/sourcing/img_mkt/derila_0.img
61	30	31	35	/soya2/sourcing/img_soya/henf_01_KIDS_P_1_4.png	/soya2/sourcing/img_mkt/derila_0.img
61	30	31	35	/soya2/sourcing/img_soya/lomb_04_3_9225ca02-f60c-47d3-b26c-49df6ebba454.png	/soya2/sourcing/img_mkt/mic_jty_1.webp
61	30	31	36	/soya/gallery/13.jpg	/soya_prix/imgs/inphysio_0.img
61	30	31	36	/soya2/sourcing/img_soya/lomb_02_4-Coussin_Lombaire_Ergonomique_Soya_img3.webp	/soya2/sourcing/img_mkt/jty_knee_6.webp
61	30	31	36	/soya2/sourcing/img_soya/lomb_03_4_dc2e6161-802a-4c42-a1d6-b9a0a02ce466.png	/soya2/sourcing/img_mkt/confal_2.img
61	30	31	36	/soya2/sourcing/img_soya/lomb_03_4_dc2e6161-802a-4c42-a1d6-b9a0a02ce466.png	/soya_prix/imgs/confortalign_2.img
61	30	31	36	/soya2/sourcing/img_soya/v1_04_8-Oreiller_Soya_1.0_img5.webp	/soya2/sourcing/img_mkt/confal_3.img
61	30	31	38	/soya/gallery/10.jpg	/soya2/sourcing/img_mkt/comfy_1.img
61	30	31	38	/soya/gallery/10.jpg	/soya_prix/imgs/comfysle_1.img
61	30	31	38	/soya2/sourcing/img_soya/enf_10_KIDS_PINK_1.png	/soya_prix/imgs/somnilys_2.img
61	30	31	38	/soya2/sourcing/img_soya/enf_15_KIDS_YELLOW_4.png	/soya2/sourcing/img_mkt/jty_knee_5.webp
61	30	31	38	/soya2/sourcing/img_soya/h3_00_13_c9363db8-d780-4903-9a97-df55d0478686.png	/soya2/sourcing/img_mkt/derila_2.img
61	30	31	38	/soya2/sourcing/img_soya/v3_33_Soya_3.0_Grey_4.png	/soya2/sourcing/img_mkt/mic_jty_5.webp
61	30	31	39	/soya/gallery/11.jpg	/soya_prix/imgs/inphysio_2.img
61	30	31	39	/soya/gallery/17.jpg	/soya_prix/imgs/zamatsle_2.img
61	30	31	39	/soya/gallery/25.jpg	/soya_prix/imgs/htconfort_1.img
61	30	31	39	/soya2/sourcing/img_soya/enf_00_KIDSP2.jpg	/soya2/sourcing/img_mkt/jty_p6036_6.webp
61	30	31	39	/soya2/sourcing/img_soya/v3_42_41.1.png	/soya_prix/imgs/inphysio_2.img
61	30	31	41	/soya/gallery/16.jpg	/soya2/sourcing/img_mkt/comfy_6.img
61	30	31	41	/soya2/sourcing/img_soya/henf_01_KIDS_P_1_4.png	/soya2/sourcing/img_mkt/jty_p6036_4.webp
61	30	31	42	/soya2/sourcing/img_soya/enf_05_KIDSP1_3.jpg	/soya2/sourcing/img_mkt/mic_jty_1.webp
61	30	31	42	/soya2/sourcing/img_soya/enf_10_KIDS_PINK_1.png	/soya2/sourcing/img_mkt/jty_p6036_1.webp
61	30	31	43	/soya/gallery/25.jpg	/soya2/sourcing/img_mkt/derila_2.img
61	30	31	43	/soya/gallery/26.jpg	/soya2/sourcing/img_mkt/comfy_2.img
61	30	31	43	/soya2/sourcing/img_soya/v3_25_Soya_3.0_grey_2_2e59cacb-6ebc-4f36-8a81-44478c9d4589.png	/soya2/sourcing/img_mkt/jty_knee_1.webp
61	30	31	45	/soya/gallery/39.jpg	/soya2/sourcing/img_mkt/mic_jty_5.webp
61	30	31	45	/soya2/sourcing/img_soya/h3_08_15_eb23f129-89f3-4ffc-be96-9e67ce1c745f.png	/soya2/sourcing/img_mkt/jty_p6036_6.webp
61	30	31	46	/soya/gallery/36.jpg	/soya2/sourcing/img_mkt/jty_p6036_5.webp
61	30	31	46	/soya/gallery/37.jpg	/soya2/sourcing/img_mkt/jty_p6036_5.webp
61	30	31	48	/soya2/sourcing/img_soya/v3_35_SOYA_3.0_Grey_1.jpg	/soya2/sourcing/img_mkt/comfy_6.img
61	30	31	49	/soya/gallery/32.jpg	/soya2/sourcing/img_mkt/mic_jty_8.webp
61	30	31	50	/soya2/sourcing/img_soya/henf_01_KIDS_P_1_4.png	/soya2/sourcing/img_mkt/mic_jty_5.webp
61	30	31	54	/soya/gallery/05.jpg	/soya2/sourcing/img_mkt/comfy_6.img
61	32	29	11	/soya2/sourcing/img_soya/voy_04_9-Oreiller-de-Voyage-Ergonomique-Soya_img5.webp	/soya_prix/imgs/zamatsle_3.img
61	32	29	11	/soya2/sourcing/img_soya/voy_05_9-Oreiller-de-Voyage-Ergonomique-Soya_img6.webp	/soya_prix/imgs/zamatsle_3.img
61	32	29	11	/soya2/sourcing/img_soya/voy_06_9-Oreiller-de-Voyage-Ergonomique-Soya_img7.webp	/soya_prix/imgs/zamatsle_3.img
61	32	29	13	/soya2/sourcing/img_soya/voy_04_9-Oreiller-de-Voyage-Ergonomique-Soya_img5.webp	/soya_prix/imgs/inphysio_0.img
61	32	29	13	/soya2/sourcing/img_soya/voy_05_9-Oreiller-de-Voyage-Ergonomique-Soya_img6.webp	/soya_prix/imgs/inphysio_0.img
61	32	29	13	/soya2/sourcing/img_soya/voy_06_9-Oreiller-de-Voyage-Ergonomique-Soya_img7.webp	/soya_prix/imgs/inphysio_0.img
61	32	29	14	/soya/gallery/32.jpg	/soya2/sourcing/img_mkt/confal_0.img
61	32	29	14	/soya/gallery/32.jpg	/soya_prix/imgs/confortalign_0.img
61	32	29	16	/soya2/sourcing/img_soya/v2_06_1-oreiller-soya-2_0_img6_9601dd3b-66d6-4311-b41e-5fd7712bdc1	/soya2/sourcing/img_mkt/comfy_5.img
61	32	29	16	/soya2/sourcing/img_soya/voy_02_9-Oreiller-de-Voyage-Ergonomique-Soya_img3.webp	/soya_prix/imgs/inphysio_2.img
61	32	29	17	/soya2/sourcing/img_soya/lomb_01_4-Coussin_Lombaire_Ergonomique_Soya_img2.webp	/soya2/sourcing/img_mkt/comfy_1.img
61	32	29	17	/soya2/sourcing/img_soya/lomb_01_4-Coussin_Lombaire_Ergonomique_Soya_img2.webp	/soya_prix/imgs/comfysle_1.img
61	32	29	19	/soya/gallery/39.jpg	/soya2/sourcing/img_mkt/jty_p6036_3.webp
61	32	29	20	/soya2/sourcing/img_soya/v3_00_18.png	/soya_prix/imgs/inphysio_1.img
61	32	29	20	/soya2/sourcing/img_soya/v3_36_34.png	/soya_prix/imgs/inphysio_1.img
61	32	29	21	/soya2/sourcing/img_soya/v1_03_8-Oreiller_Soya_1.0_img4.webp	/soya_prix/imgs/inphysio_2.img
61	32	29	21	/soya2/sourcing/img_soya/v2_07_1-oreiller-soya-2_0_img7_43909438-1603-4e59-add4-f987f4acd78	/soya2/sourcing/img_mkt/mic_jty_2.webp
61	32	29	21	/soya2/sourcing/img_soya/voy_03_9-Oreiller-de-Voyage-Ergonomique-Soya_img4.webp	/soya2/sourcing/img_mkt/comfy_7.img
61	32	29	22	/soya/gallery/16.jpg	/soya_prix/imgs/inphysio_1.img
61	32	29	24	/soya/gallery/31.jpg	/soya2/sourcing/img_mkt/mic_jty_2.webp
61	32	29	25	/soya2/sourcing/img_soya/v2_01_1-oreiller-soya-2_0_img2_7d72b6af-35c7-4427-8f15-843f227d977	/soya_prix/imgs/htconfort_2.img
61	32	29	26	/soya2/sourcing/img_soya/enf_16_KIDS_YELLOW_7.png	/soya_prix/imgs/inphysio_0.img
61	32	29	27	/soya2/sourcing/img_soya/enf_09_KIDS_PINK_2.png	/soya2/sourcing/img_mkt/derila_5.img
61	32	29	27	/soya2/sourcing/img_soya/enf_09_KIDS_PINK_2.png	/soya_prix/imgs/inphysio_0.img
61	32	29	27	/soya2/sourcing/img_soya/enf_16_KIDS_YELLOW_7.png	/soya2/sourcing/img_mkt/jty_knee_6.webp
61	32	29	27	/soya2/sourcing/img_soya/voy_03_9-Oreiller-de-Voyage-Ergonomique-Soya_img4.webp	/soya2/sourcing/img_mkt/derila_4.img
61	32	29	28	/soya/gallery/20.jpg	/soya2/sourcing/img_mkt/jty_p6036_6.webp
61	32	29	28	/soya/gallery/21.jpg	/soya2/sourcing/img_mkt/confal_5.img
61	32	29	28	/soya/gallery/34.jpg	/soya2/sourcing/img_mkt/jty_knee_5.webp
61	32	29	28	/soya/gallery/38.jpg	/soya2/sourcing/img_mkt/jty_knee_3.webp
61	32	29	28	/soya2/sourcing/img_soya/enf_02_KIDSP1_6.png	/soya2/sourcing/img_mkt/mic_jty_3.webp
61	32	29	28	/soya2/sourcing/img_soya/enf_16_KIDS_YELLOW_7.png	/soya2/sourcing/img_mkt/derila_5.img
61	32	29	28	/soya2/sourcing/img_soya/v3_00_18.png	/soya2/sourcing/img_mkt/jty_knee_6.webp
61	32	29	28	/soya2/sourcing/img_soya/v3_36_34.png	/soya2/sourcing/img_mkt/jty_knee_6.webp
61	32	29	29	/soya2/sourcing/img_soya/enf_18_KIDS_YELLOW_2.png	/soya2/sourcing/img_mkt/jty_knee_2.webp
61	32	29	29	/soya2/sourcing/img_soya/enf_18_KIDS_YELLOW_2.png	/soya_prix/imgs/htconfort_0.img
61	32	29	29	/soya2/sourcing/img_soya/henf_05_KIDS_YELLOW_2.png	/soya2/sourcing/img_mkt/jty_knee_2.webp
61	32	29	29	/soya2/sourcing/img_soya/henf_05_KIDS_YELLOW_2.png	/soya_prix/imgs/htconfort_0.img
61	32	29	29	/soya2/sourcing/img_soya/v2_05_Oreiller_position_4.png	/soya2/sourcing/img_mkt/jty_knee_1.webp
61	32	29	30	/soya/gallery/09.jpg	/soya2/sourcing/img_mkt/confal_5.img
61	32	29	30	/soya/gallery/20.jpg	/soya2/sourcing/img_mkt/jty_p6036_5.webp
61	32	29	30	/soya2/sourcing/img_soya/henf_02_KIDS_P_1_3.png	/soya_prix/imgs/zamatsle_1.img
61	32	29	31	/soya/gallery/06.jpg	/soya2/sourcing/img_mkt/confal_3.img
61	32	29	31	/soya/gallery/18.jpg	/soya2/sourcing/img_mkt/confal_3.img
61	32	29	31	/soya/gallery/22.jpg	/soya2/sourcing/img_mkt/confal_3.img
61	32	29	31	/soya/gallery/28.jpg	/soya2/sourcing/img_mkt/confal_3.img
61	32	29	32	/soya/gallery/03.jpg	/soya_prix/imgs/somnilys_2.img
61	32	29	32	/soya/gallery/09.jpg	/soya2/sourcing/img_mkt/comfy_4.img
61	32	29	32	/soya/gallery/14.jpg	/soya_prix/imgs/somnilys_2.img
61	32	29	32	/soya/gallery/21.jpg	/soya2/sourcing/img_mkt/comfy_4.img
61	32	29	32	/soya/gallery/27.jpg	/soya_prix/imgs/somnilys_2.img
61	32	29	32	/soya2/sourcing/img_soya/enf_18_KIDS_YELLOW_2.png	/soya2/sourcing/img_mkt/comfy_1.img
61	32	29	32	/soya2/sourcing/img_soya/enf_18_KIDS_YELLOW_2.png	/soya_prix/imgs/comfysle_1.img
61	32	29	32	/soya2/sourcing/img_soya/enf_18_KIDS_YELLOW_2.png	/soya_prix/imgs/zamatsle_2.img
61	32	29	32	/soya2/sourcing/img_soya/h3_04_14_feded688-a4ff-4333-8fba-e9a2e53c877a.png	/soya_prix/imgs/zamatsle_1.img
61	32	29	32	/soya2/sourcing/img_soya/henf_05_KIDS_YELLOW_2.png	/soya2/sourcing/img_mkt/comfy_1.img
61	32	29	32	/soya2/sourcing/img_soya/henf_05_KIDS_YELLOW_2.png	/soya_prix/imgs/comfysle_1.img
61	32	29	32	/soya2/sourcing/img_soya/henf_05_KIDS_YELLOW_2.png	/soya_prix/imgs/zamatsle_2.img
61	32	29	32	/soya2/sourcing/img_soya/v2_01_1-oreiller-soya-2_0_img2_7d72b6af-35c7-4427-8f15-843f227d977	/soya2/sourcing/img_mkt/mic_jty_2.webp
61	32	29	32	/soya2/sourcing/img_soya/v3_32_Soya_3.0_Grey_1.png	/soya_prix/imgs/somnilys_1.img
61	32	29	33	/soya/gallery/01.jpg	/soya2/sourcing/img_mkt/mic_tnjk_10.webp
61	32	29	33	/soya/gallery/01.jpg	/soya2/sourcing/img_mkt/mic_tnjk_6.webp
61	32	29	33	/soya/gallery/01.jpg	/soya2/sourcing/img_mkt/mic_tnjk_9.webp
61	32	29	33	/soya/gallery/12.jpg	/soya2/sourcing/img_mkt/mic_tnjk_10.webp
61	32	29	33	/soya/gallery/12.jpg	/soya2/sourcing/img_mkt/mic_tnjk_6.webp
61	32	29	33	/soya/gallery/12.jpg	/soya2/sourcing/img_mkt/mic_tnjk_9.webp
61	32	29	33	/soya/gallery/24.jpg	/soya2/sourcing/img_mkt/mic_tnjk_10.webp
61	32	29	33	/soya/gallery/24.jpg	/soya2/sourcing/img_mkt/mic_tnjk_6.webp
61	32	29	33	/soya/gallery/24.jpg	/soya2/sourcing/img_mkt/mic_tnjk_9.webp
61	32	29	33	/soya2/sourcing/img_soya/v3_35_SOYA_3.0_Grey_1.jpg	/soya2/sourcing/img_mkt/confal_1.img
61	32	29	33	/soya2/sourcing/img_soya/v3_35_SOYA_3.0_Grey_1.jpg	/soya_prix/imgs/confortalign_1.img
61	32	29	34	/soya/gallery/04.jpg	/soya2/sourcing/img_mkt/mic_tnjk_10.webp
61	32	29	34	/soya/gallery/04.jpg	/soya2/sourcing/img_mkt/mic_tnjk_6.webp
61	32	29	34	/soya/gallery/04.jpg	/soya2/sourcing/img_mkt/mic_tnjk_9.webp
61	32	29	34	/soya/gallery/19.jpg	/soya2/sourcing/img_mkt/jty_p6036_3.webp
61	32	29	34	/soya2/sourcing/img_soya/lomb_02_4-Coussin_Lombaire_Ergonomique_Soya_img3.webp	/soya_prix/imgs/comfysle_3.img
61	32	29	35	/soya2/sourcing/img_soya/enf_16_KIDS_YELLOW_7.png	/soya2/sourcing/img_mkt/confal_1.img
61	32	29	35	/soya2/sourcing/img_soya/enf_16_KIDS_YELLOW_7.png	/soya_prix/imgs/confortalign_1.img
61	32	29	35	/soya2/sourcing/img_soya/henf_00_KIDS_P_1_2.png	/soya2/sourcing/img_mkt/comfy_7.img
61	32	29	35	/soya2/sourcing/img_soya/v2_01_1-oreiller-soya-2_0_img2_7d72b6af-35c7-4427-8f15-843f227d977	/soya2/sourcing/img_mkt/jty_p6036_3.webp
61	32	29	36	/soya2/sourcing/img_soya/v1_02_8-Oreiller_Soya_1.0_img3.webp	/soya2/sourcing/img_mkt/mic_jty_8.webp
61	32	29	37	/soya2/sourcing/img_soya/enf_19_KIDS_YELLOW_3.png	/soya_prix/imgs/zamatsle_1.img
61	32	29	37	/soya2/sourcing/img_soya/v1_04_8-Oreiller_Soya_1.0_img5.webp	/soya2/sourcing/img_mkt/jty_knee_5.webp
61	32	29	38	/soya/gallery/38.jpg	/soya2/sourcing/img_mkt/comfy_5.img
61	32	29	38	/soya2/sourcing/img_soya/enf_17_KIDS_YELLOW_1.png	/soya2/sourcing/img_mkt/jty_knee_1.webp
61	32	29	38	/soya2/sourcing/img_soya/voy_01_9-Oreiller-de-Voyage-Ergonomique-Soya_img2.webp	/soya2/sourcing/img_mkt/mic_tnjk_10.webp
61	32	29	38	/soya2/sourcing/img_soya/voy_01_9-Oreiller-de-Voyage-Ergonomique-Soya_img2.webp	/soya2/sourcing/img_mkt/mic_tnjk_6.webp
61	32	29	38	/soya2/sourcing/img_soya/voy_01_9-Oreiller-de-Voyage-Ergonomique-Soya_img2.webp	/soya2/sourcing/img_mkt/mic_tnjk_9.webp
61	32	29	39	/soya/gallery/10.jpg	/soya2/sourcing/img_mkt/mic_jty_3.webp
61	32	29	39	/soya2/sourcing/img_soya/enf_07_KIDS_PINK_6.jpg	/soya2/sourcing/img_mkt/jty_p6036_6.webp
61	32	29	39	/soya2/sourcing/img_soya/enf_13_KIDS_PINK_3.png	/soya2/sourcing/img_mkt/derila_6.img
61	32	29	39	/soya2/sourcing/img_soya/h3_14_7687678_2.png	/soya2/sourcing/img_mkt/comfy_5.img
61	32	29	39	/soya2/sourcing/img_soya/v3_00_18.png	/soya_prix/imgs/inphysio_0.img
61	32	29	39	/soya2/sourcing/img_soya/v3_29_7687678_2_0409bb9a-6b40-434d-807f-98da5554945a.png	/soya2/sourcing/img_mkt/comfy_5.img
61	32	29	39	/soya2/sourcing/img_soya/v3_36_34.png	/soya_prix/imgs/inphysio_0.img
61	32	29	40	/soya/gallery/03.jpg	/soya2/sourcing/img_mkt/derila_1.img
61	32	29	40	/soya/gallery/14.jpg	/soya2/sourcing/img_mkt/derila_1.img
61	32	29	40	/soya/gallery/27.jpg	/soya2/sourcing/img_mkt/derila_1.img
61	32	29	40	/soya/gallery/35.jpg	/soya_prix/imgs/inphysio_2.img
61	32	29	40	/soya2/sourcing/img_soya/h2_03_2-housse_Oreiller_de_Rechange_Soya_img5.webp	/soya_prix/imgs/comfysle_2.img
61	32	29	41	/soya/gallery/25.jpg	/soya2/sourcing/img_mkt/confal_2.img
61	32	29	41	/soya/gallery/25.jpg	/soya_prix/imgs/confortalign_2.img
61	32	29	41	/soya2/sourcing/img_soya/v2_01_1-oreiller-soya-2_0_img2_7d72b6af-35c7-4427-8f15-843f227d977	/soya2/sourcing/img_mkt/jty_p6036_5.webp
61	32	29	43	/soya2/sourcing/img_soya/enf_00_KIDSP2.jpg	/soya_prix/imgs/htconfort_2.img
61	32	29	43	/soya2/sourcing/img_soya/voy_01_9-Oreiller-de-Voyage-Ergonomique-Soya_img2.webp	/soya_prix/imgs/comfysle_0.img
61	32	29	44	/soya2/sourcing/img_soya/h3_08_15_eb23f129-89f3-4ffc-be96-9e67ce1c745f.png	/soya_prix/imgs/comfysle_2.img
61	32	29	44	/soya2/sourcing/img_soya/henf_00_KIDS_P_1_2.png	/soya_prix/imgs/htconfort_2.img
61	32	29	44	/soya2/sourcing/img_soya/henf_01_KIDS_P_1_4.png	/soya_prix/imgs/htconfort_2.img
61	32	29	45	/soya/gallery/30.jpg	/soya_prix/imgs/inphysio_0.img
61	32	29	45	/soya2/sourcing/img_soya/v2_02_1-oreiller-soya-2_0_img3_5f834f33-5e47-49e1-a6a1-34e17f3341b	/soya2/sourcing/img_mkt/jty_knee_5.webp
61	34	27	12	/soya2/sourcing/img_soya/voy_04_9-Oreiller-de-Voyage-Ergonomique-Soya_img5.webp	/soya2/sourcing/img_mkt/derila_2.img
61	34	27	12	/soya2/sourcing/img_soya/voy_05_9-Oreiller-de-Voyage-Ergonomique-Soya_img6.webp	/soya2/sourcing/img_mkt/derila_2.img
61	34	27	12	/soya2/sourcing/img_soya/voy_06_9-Oreiller-de-Voyage-Ergonomique-Soya_img7.webp	/soya2/sourcing/img_mkt/derila_2.img
61	34	27	14	/soya2/sourcing/img_soya/lomb_01_4-Coussin_Lombaire_Ergonomique_Soya_img2.webp	/soya2/sourcing/img_mkt/comfy_3.img
61	34	27	15	/soya2/sourcing/img_soya/voy_03_9-Oreiller-de-Voyage-Ergonomique-Soya_img4.webp	/soya_prix/imgs/zamatsle_0.img
61	34	27	19	/soya2/sourcing/img_soya/v2_04_1-oreiller-soya-2_0_img5_a8a3199e-0071-4043-a899-f89baff5294	/soya2/sourcing/img_mkt/confal_0.img
61	34	27	19	/soya2/sourcing/img_soya/v2_04_1-oreiller-soya-2_0_img5_a8a3199e-0071-4043-a899-f89baff5294	/soya_prix/imgs/confortalign_0.img
61	34	27	22	/soya2/sourcing/img_soya/h3_12_7687678_3.png	/soya2/sourcing/img_mkt/comfy_5.img
61	34	27	22	/soya2/sourcing/img_soya/henf_00_KIDS_P_1_2.png	/soya2/sourcing/img_mkt/confal_0.img
61	34	27	22	/soya2/sourcing/img_soya/henf_00_KIDS_P_1_2.png	/soya_prix/imgs/confortalign_0.img
61	34	27	22	/soya2/sourcing/img_soya/henf_01_KIDS_P_1_4.png	/soya2/sourcing/img_mkt/confal_0.img
61	34	27	22	/soya2/sourcing/img_soya/henf_01_KIDS_P_1_4.png	/soya_prix/imgs/confortalign_0.img
61	34	27	24	/soya2/sourcing/img_soya/h3_00_13_c9363db8-d780-4903-9a97-df55d0478686.png	/soya2/sourcing/img_mkt/comfy_5.img
61	34	27	24	/soya2/sourcing/img_soya/lomb_00_4-Coussin_Lombaire_Ergonomique_Soya_couverture_HD.webp	/soya2/sourcing/img_mkt/jty_knee_6.webp
61	34	27	25	/soya2/sourcing/img_soya/enf_13_KIDS_PINK_3.png	/soya2/sourcing/img_mkt/mic_tnjk_11.webp
61	34	27	25	/soya2/sourcing/img_soya/enf_13_KIDS_PINK_3.png	/soya2/sourcing/img_mkt/mic_tnjk_4.webp
61	34	27	25	/soya2/sourcing/img_soya/enf_13_KIDS_PINK_3.png	/soya2/sourcing/img_mkt/mic_tnjk_7.webp
61	34	27	26	/soya/gallery/01.jpg	/soya2/sourcing/img_mkt/jty_knee_6.webp
61	34	27	26	/soya/gallery/12.jpg	/soya2/sourcing/img_mkt/jty_knee_6.webp
61	34	27	26	/soya/gallery/20.jpg	/soya2/sourcing/img_mkt/mic_tnjk_11.webp
61	34	27	26	/soya/gallery/20.jpg	/soya2/sourcing/img_mkt/mic_tnjk_4.webp
61	34	27	26	/soya/gallery/20.jpg	/soya2/sourcing/img_mkt/mic_tnjk_7.webp
61	34	27	26	/soya/gallery/23.jpg	/soya2/sourcing/img_mkt/confal_3.img
61	34	27	26	/soya/gallery/24.jpg	/soya2/sourcing/img_mkt/jty_knee_6.webp
61	34	27	27	/soya2/sourcing/img_soya/lomb_03_4_dc2e6161-802a-4c42-a1d6-b9a0a02ce466.png	/soya_prix/imgs/somnilys_1.img
61	34	27	27	/soya2/sourcing/img_soya/v3_33_Soya_3.0_Grey_4.png	/soya2/sourcing/img_mkt/comfy_7.img
61	34	27	28	/soya2/sourcing/img_soya/h2_01_2-housse_Oreiller_de_Rechange_Soya_img4.webp	/soya_prix/imgs/zamatsle_0.img
61	34	27	28	/soya2/sourcing/img_soya/h2_02_2-housse_Oreiller_de_Rechange_Soya_img3.webp	/soya2/sourcing/img_mkt/mic_jty_1.webp
61	34	27	28	/soya2/sourcing/img_soya/v2_03_1-oreiller-soya-2_0_img4_39d31902-82e0-42b3-a8cb-6b71e2ebfe7	/soya_prix/imgs/zamatsle_0.img
61	34	27	28	/soya2/sourcing/img_soya/v3_27_Firefly_Gemini_Flash_Generate_the_same_image_exactly_as_the_	/soya2/sourcing/img_mkt/mic_tnjk_11.webp
61	34	27	28	/soya2/sourcing/img_soya/v3_27_Firefly_Gemini_Flash_Generate_the_same_image_exactly_as_the_	/soya2/sourcing/img_mkt/mic_tnjk_4.webp
61	34	27	28	/soya2/sourcing/img_soya/v3_27_Firefly_Gemini_Flash_Generate_the_same_image_exactly_as_the_	/soya2/sourcing/img_mkt/mic_tnjk_7.webp
61	34	27	28	/soya2/sourcing/img_soya/v3_33_Soya_3.0_Grey_4.png	/soya_prix/imgs/somnilys_2.img
61	34	27	29	/soya/gallery/13.jpg	/soya2/sourcing/img_mkt/jty_knee_1.webp
61	34	27	29	/soya2/sourcing/img_soya/h3_13_Soya_3.0_Grey_2.png	/soya2/sourcing/img_mkt/comfy_3.img
61	34	27	29	/soya2/sourcing/img_soya/v3_25_Soya_3.0_grey_2_2e59cacb-6ebc-4f36-8a81-44478c9d4589.png	/soya2/sourcing/img_mkt/comfy_0.img
61	34	27	29	/soya2/sourcing/img_soya/v3_25_Soya_3.0_grey_2_2e59cacb-6ebc-4f36-8a81-44478c9d4589.png	/soya_prix/imgs/comfysle_0.img
61	34	27	29	/soya2/sourcing/img_soya/v3_28_Soya_3.0_Grey_2_47c0e3de-4c91-48dd-960e-4a36d6b20353.png	/soya2/sourcing/img_mkt/comfy_3.img
61	34	27	30	/soya/gallery/38.jpg	/soya2/sourcing/img_mkt/confal_3.img
61	34	27	31	/soya2/sourcing/img_soya/h3_14_7687678_2.png	/soya2/sourcing/img_mkt/confal_3.img
61	34	27	31	/soya2/sourcing/img_soya/v3_29_7687678_2_0409bb9a-6b40-434d-807f-98da5554945a.png	/soya2/sourcing/img_mkt/confal_3.img
61	34	27	32	/soya2/sourcing/img_soya/enf_08_KIDS_PINK_4.png	/soya2/sourcing/img_mkt/mic_jty_3.webp
61	34	27	33	/soya/gallery/21.jpg	/soya2/sourcing/img_mkt/derila_2.img
61	34	27	33	/soya/gallery/21.jpg	/soya_prix/imgs/comfysle_3.img
61	34	27	33	/soya2/sourcing/img_soya/v3_34_Soya_3.0_Grey.png	/soya2/sourcing/img_mkt/confal_4.img
61	34	27	34	/soya/gallery/31.jpg	/soya2/sourcing/img_mkt/derila_3.img
61	34	27	34	/soya2/sourcing/img_soya/h3_12_7687678_3.png	/soya2/sourcing/img_mkt/confal_1.img
61	34	27	34	/soya2/sourcing/img_soya/h3_12_7687678_3.png	/soya2/sourcing/img_mkt/jty_knee_4.webp
61	34	27	34	/soya2/sourcing/img_soya/h3_12_7687678_3.png	/soya_prix/imgs/confortalign_1.img
61	34	27	34	/soya2/sourcing/img_soya/v3_31_Firefly_Gemini_Flash_Generate_the_same_image_exactly_as_the_	/soya2/sourcing/img_mkt/confal_1.img
61	34	27	34	/soya2/sourcing/img_soya/v3_31_Firefly_Gemini_Flash_Generate_the_same_image_exactly_as_the_	/soya_prix/imgs/confortalign_1.img
61	34	27	35	/soya/gallery/09.jpg	/soya2/sourcing/img_mkt/derila_2.img
61	34	27	35	/soya/gallery/11.jpg	/soya2/sourcing/img_mkt/jty_knee_6.webp
61	34	27	35	/soya/gallery/16.jpg	/soya2/sourcing/img_mkt/mic_tnjk_10.webp
61	34	27	35	/soya/gallery/16.jpg	/soya2/sourcing/img_mkt/mic_tnjk_6.webp
61	34	27	35	/soya/gallery/16.jpg	/soya2/sourcing/img_mkt/mic_tnjk_9.webp
61	34	27	36	/soya2/sourcing/img_soya/h2_01_2-housse_Oreiller_de_Rechange_Soya_img4.webp	/soya2/sourcing/img_mkt/mic_jty_2.webp
61	34	27	36	/soya2/sourcing/img_soya/h3_15_7687678_1.png	/soya2/sourcing/img_mkt/mic_jty_2.webp
61	34	27	36	/soya2/sourcing/img_soya/v2_03_1-oreiller-soya-2_0_img4_39d31902-82e0-42b3-a8cb-6b71e2ebfe7	/soya2/sourcing/img_mkt/mic_jty_2.webp
61	34	27	36	/soya2/sourcing/img_soya/v2_04_1-oreiller-soya-2_0_img5_a8a3199e-0071-4043-a899-f89baff5294	/soya_prix/imgs/htconfort_0.img
61	34	27	37	/soya/gallery/09.jpg	/soya_prix/imgs/comfysle_3.img
61	34	27	37	/soya/gallery/19.jpg	/soya2/sourcing/img_mkt/mic_jty_3.webp
61	34	27	37	/soya2/sourcing/img_soya/lomb_00_4-Coussin_Lombaire_Ergonomique_Soya_couverture_HD.webp	/soya_prix/imgs/somnilys_0.img
61	34	27	38	/soya/gallery/34.jpg	/soya2/sourcing/img_mkt/derila_5.img
61	34	27	41	/soya/gallery/32.jpg	/soya_prix/imgs/htconfort_0.img
61	34	27	43	/soya2/sourcing/img_soya/v2_05_Oreiller_position_4.png	/soya2/sourcing/img_mkt/derila_2.img
61	34	27	43	/soya2/sourcing/img_soya/v3_32_Soya_3.0_Grey_1.png	/soya2/sourcing/img_mkt/mic_jty_12.webp
61	34	27	44	/soya2/sourcing/img_soya/v2_00_1-oreiller-soya-2_0HD.webp	/soya2/sourcing/img_mkt/derila_6.img
61	34	27	45	/soya/gallery/13.jpg	/soya2/sourcing/img_mkt/mic_jty_12.webp
61	34	27	45	/soya/gallery/25.jpg	/soya2/sourcing/img_mkt/mic_jty_12.webp
61	34	27	45	/soya2/sourcing/img_soya/enf_10_KIDS_PINK_1.png	/soya2/sourcing/img_mkt/mic_jty_3.webp
61	34	27	45	/soya2/sourcing/img_soya/v2_05_Oreiller_position_4.png	/soya2/sourcing/img_mkt/mic_jty_12.webp
61	34	27	47	/soya/gallery/36.jpg	/soya2/sourcing/img_mkt/mic_jty_3.webp
61	34	27	47	/soya/gallery/37.jpg	/soya2/sourcing/img_mkt/mic_jty_3.webp
61	34	27	49	/soya/gallery/31.jpg	/soya_prix/imgs/htconfort_2.img
61	36	25	17	/soya/gallery/39.jpg	/soya2/sourcing/img_mkt/confal_0.img
61	36	25	17	/soya/gallery/39.jpg	/soya_prix/imgs/confortalign_0.img
61	36	25	17	/soya2/sourcing/img_soya/v2_04_1-oreiller-soya-2_0_img5_a8a3199e-0071-4043-a899-f89baff5294	/soya2/sourcing/img_mkt/jty_p6036_3.webp
61	36	25	27	/soya2/sourcing/img_soya/regl_01_14-Ensemble_Oreillers_Reglables_img2.webp	/soya2/sourcing/img_mkt/confal_3.img
61	36	25	28	/soya2/sourcing/img_soya/enf_09_KIDS_PINK_2.png	/soya2/sourcing/img_mkt/derila_2.img
61	36	25	28	/soya2/sourcing/img_soya/regl_01_14-Ensemble_Oreillers_Reglables_img2.webp	/soya2/sourcing/img_mkt/comfy_4.img
61	36	25	29	/soya2/sourcing/img_soya/h2_03_2-housse_Oreiller_de_Rechange_Soya_img5.webp	/soya2/sourcing/img_mkt/derila_1.img
61	36	25	32	/soya/gallery/25.jpg	/soya2/sourcing/img_mkt/mic_tnjk_10.webp
61	36	25	32	/soya/gallery/25.jpg	/soya2/sourcing/img_mkt/mic_tnjk_6.webp
61	36	25	32	/soya/gallery/25.jpg	/soya2/sourcing/img_mkt/mic_tnjk_9.webp
61	36	25	32	/soya2/sourcing/img_soya/v2_05_Oreiller_position_4.png	/soya2/sourcing/img_mkt/mic_tnjk_10.webp
61	36	25	32	/soya2/sourcing/img_soya/v2_05_Oreiller_position_4.png	/soya2/sourcing/img_mkt/mic_tnjk_6.webp
61	36	25	32	/soya2/sourcing/img_soya/v2_05_Oreiller_position_4.png	/soya2/sourcing/img_mkt/mic_tnjk_9.webp
61	36	25	35	/soya/gallery/29.jpg	/soya2/sourcing/img_mkt/mic_jty_3.webp
61	36	25	35	/soya2/sourcing/img_soya/lomb_00_4-Coussin_Lombaire_Ergonomique_Soya_couverture_HD.webp	/soya2/sourcing/img_mkt/comfy_4.img
61	36	25	37	/soya/gallery/32.jpg	/soya2/sourcing/img_mkt/derila_0.img
61	38	23	32	/soya2/sourcing/img_soya/voy_01_9-Oreiller-de-Voyage-Ergonomique-Soya_img2.webp	/soya2/sourcing/img_mkt/confal_4.img
62	24	38	26	/soya/gallery/16.jpg	/soya2/sourcing/img_mkt/derila_1.img
62	24	38	27	/soya/gallery/35.jpg	/soya2/sourcing/img_mkt/comfy_7.img
62	24	38	40	/soya2/sourcing/img_soya/enf_20_KIDS_YELLOW_5.png	/soya_prix/imgs/inphysio_0.img
62	26	36	17	/soya/gallery/06.jpg	/soya_prix/imgs/zamatsle_2.img
62	26	36	17	/soya/gallery/18.jpg	/soya_prix/imgs/zamatsle_2.img
62	26	36	17	/soya/gallery/22.jpg	/soya_prix/imgs/zamatsle_2.img
62	26	36	17	/soya/gallery/28.jpg	/soya_prix/imgs/zamatsle_2.img
62	26	36	17	/soya2/sourcing/img_soya/v3_27_Firefly_Gemini_Flash_Generate_the_same_image_exactly_as_the_	/soya2/sourcing/img_mkt/comfy_2.img
62	26	36	17	/soya2/sourcing/img_soya/v3_42_41.1.png	/soya_prix/imgs/somnilys_2.img
62	26	36	18	/soya2/sourcing/img_soya/lomb_01_4-Coussin_Lombaire_Ergonomique_Soya_img2.webp	/soya_prix/imgs/zamatsle_3.img
62	26	36	19	/soya/gallery/26.jpg	/soya2/sourcing/img_mkt/mic_jty_3.webp
62	26	36	22	/soya/gallery/36.jpg	/soya2/sourcing/img_mkt/mic_jty_12.webp
62	26	36	22	/soya/gallery/37.jpg	/soya2/sourcing/img_mkt/mic_jty_12.webp
62	26	36	27	/soya/gallery/11.jpg	/soya2/sourcing/img_mkt/jty_p6036_2.webp
62	26	36	27	/soya2/sourcing/img_soya/v3_42_41.1.png	/soya2/sourcing/img_mkt/jty_p6036_2.webp
62	26	36	35	/soya/gallery/03.jpg	/soya2/sourcing/img_mkt/comfy_4.img
62	26	36	35	/soya/gallery/14.jpg	/soya2/sourcing/img_mkt/comfy_4.img
62	26	36	35	/soya/gallery/27.jpg	/soya2/sourcing/img_mkt/comfy_4.img
62	26	36	37	/soya2/sourcing/img_soya/enf_06_KIDSP1_1.jpg	/soya2/sourcing/img_mkt/comfy_7.img
62	26	36	43	/soya/gallery/30.jpg	/soya2/sourcing/img_mkt/comfy_7.img
62	28	34	8	/soya/gallery/35.jpg	/soya2/sourcing/img_mkt/jty_p6036_3.webp
62	28	34	17	/soya2/sourcing/img_soya/enf_04_KIDSP1_1.png	/soya2/sourcing/img_mkt/confal_4.img
62	28	34	17	/soya2/sourcing/img_soya/henf_03_KIDSP1_1.png	/soya2/sourcing/img_mkt/confal_4.img
62	28	34	19	/soya2/sourcing/img_soya/v2_01_1-oreiller-soya-2_0_img2_7d72b6af-35c7-4427-8f15-843f227d977	/soya_prix/imgs/comfysle_3.img
62	28	34	20	/soya2/sourcing/img_soya/v3_31_Firefly_Gemini_Flash_Generate_the_same_image_exactly_as_the_	/soya_prix/imgs/somnilys_2.img
62	28	34	21	/soya/gallery/36.jpg	/soya2/sourcing/img_mkt/confal_4.img
62	28	34	21	/soya/gallery/37.jpg	/soya2/sourcing/img_mkt/confal_4.img
62	28	34	21	/soya2/sourcing/img_soya/enf_10_KIDS_PINK_1.png	/soya2/sourcing/img_mkt/comfy_2.img
62	28	34	21	/soya2/sourcing/img_soya/v1_00_8-Oreiller_Soya_1.0_couverture_HD.webp	/soya2/sourcing/img_mkt/jty_knee_1.webp
62	28	34	21	/soya2/sourcing/img_soya/v1_03_8-Oreiller_Soya_1.0_img4.webp	/soya2/sourcing/img_mkt/derila_1.img
62	28	34	22	/soya/gallery/02.jpg	/soya2/sourcing/img_mkt/jty_p6036_5.webp
62	28	34	23	/soya2/sourcing/img_soya/enf_01_KIDSP1_4.jpg	/soya2/sourcing/img_mkt/jty_knee_2.webp
62	28	34	23	/soya2/sourcing/img_soya/regl_01_14-Ensemble_Oreillers_Reglables_img2.webp	/soya2/sourcing/img_mkt/comfy_1.img
62	28	34	23	/soya2/sourcing/img_soya/regl_01_14-Ensemble_Oreillers_Reglables_img2.webp	/soya_prix/imgs/comfysle_1.img
62	28	34	23	/soya2/sourcing/img_soya/v3_27_Firefly_Gemini_Flash_Generate_the_same_image_exactly_as_the_	/soya_prix/imgs/zamatsle_3.img
62	28	34	24	/soya2/sourcing/img_soya/enf_15_KIDS_YELLOW_4.png	/soya2/sourcing/img_mkt/jty_knee_2.webp
62	28	34	25	/soya2/sourcing/img_soya/v1_02_8-Oreiller_Soya_1.0_img3.webp	/soya_prix/imgs/inphysio_1.img
62	28	34	26	/soya2/sourcing/img_soya/v3_12_2_782a3829-4b96-451b-93e4-630d8f06e705.png	/soya2/sourcing/img_mkt/confal_3.img
62	28	34	28	/soya/gallery/31.jpg	/soya2/sourcing/img_mkt/jty_knee_5.webp
62	28	34	28	/soya2/sourcing/img_soya/enf_01_KIDSP1_4.jpg	/soya2/sourcing/img_mkt/mic_jty_5.webp
62	28	34	28	/soya2/sourcing/img_soya/lomb_00_4-Coussin_Lombaire_Ergonomique_Soya_couverture_HD.webp	/soya_prix/imgs/somnilys_2.img
62	28	34	29	/soya/gallery/02.jpg	/soya2/sourcing/img_mkt/comfy_3.img
62	28	34	29	/soya/gallery/35.jpg	/soya2/sourcing/img_mkt/derila_4.img
62	28	34	29	/soya2/sourcing/img_soya/h3_13_Soya_3.0_Grey_2.png	/soya2/sourcing/img_mkt/jty_knee_5.webp
62	28	34	29	/soya2/sourcing/img_soya/v3_28_Soya_3.0_Grey_2_47c0e3de-4c91-48dd-960e-4a36d6b20353.png	/soya2/sourcing/img_mkt/jty_knee_5.webp
62	28	34	29	/soya2/sourcing/img_soya/voy_01_9-Oreiller-de-Voyage-Ergonomique-Soya_img2.webp	/soya_prix/imgs/somnilys_2.img
62	28	34	30	/soya2/sourcing/img_soya/h2_02_2-housse_Oreiller_de_Rechange_Soya_img3.webp	/soya2/sourcing/img_mkt/confal_2.img
62	28	34	30	/soya2/sourcing/img_soya/h2_02_2-housse_Oreiller_de_Rechange_Soya_img3.webp	/soya_prix/imgs/confortalign_2.img
62	28	34	30	/soya2/sourcing/img_soya/lomb_02_4-Coussin_Lombaire_Ergonomique_Soya_img3.webp	/soya2/sourcing/img_mkt/derila_1.img
62	28	34	31	/soya2/sourcing/img_soya/enf_01_KIDSP1_4.jpg	/soya2/sourcing/img_mkt/derila_4.img
62	28	34	31	/soya2/sourcing/img_soya/henf_01_KIDS_P_1_4.png	/soya_prix/imgs/somnilys_0.img
62	28	34	32	/soya/gallery/20.jpg	/soya2/sourcing/img_mkt/confal_2.img
62	28	34	32	/soya/gallery/20.jpg	/soya_prix/imgs/confortalign_2.img
62	28	34	32	/soya2/sourcing/img_soya/h3_04_14_feded688-a4ff-4333-8fba-e9a2e53c877a.png	/soya_prix/imgs/somnilys_0.img
62	28	34	32	/soya2/sourcing/img_soya/h3_15_7687678_1.png	/soya2/sourcing/img_mkt/comfy_4.img
62	28	34	32	/soya2/sourcing/img_soya/v3_24_SOYA_3.0_Grey-2.jpg	/soya2/sourcing/img_mkt/jty_knee_6.webp
62	28	34	32	/soya2/sourcing/img_soya/v3_25_Soya_3.0_grey_2_2e59cacb-6ebc-4f36-8a81-44478c9d4589.png	/soya2/sourcing/img_mkt/mic_jty_8.webp
62	28	34	32	/soya2/sourcing/img_soya/v3_42_41.1.png	/soya2/sourcing/img_mkt/derila_0.img
62	28	34	34	/soya2/sourcing/img_soya/h3_08_15_eb23f129-89f3-4ffc-be96-9e67ce1c745f.png	/soya_prix/imgs/zamatsle_3.img
62	28	34	34	/soya2/sourcing/img_soya/henf_02_KIDS_P_1_3.png	/soya2/sourcing/img_mkt/derila_5.img
62	28	34	34	/soya2/sourcing/img_soya/v3_12_2_782a3829-4b96-451b-93e4-630d8f06e705.png	/soya2/sourcing/img_mkt/jty_knee_6.webp
62	28	34	34	/soya2/sourcing/img_soya/v3_35_SOYA_3.0_Grey_1.jpg	/soya2/sourcing/img_mkt/jty_knee_2.webp
62	28	34	35	/soya2/sourcing/img_soya/henf_01_KIDS_P_1_4.png	/soya2/sourcing/img_mkt/derila_5.img
62	28	34	36	/soya2/sourcing/img_soya/enf_07_KIDS_PINK_6.jpg	/soya2/sourcing/img_mkt/derila_5.img
62	28	34	36	/soya2/sourcing/img_soya/lomb_00_4-Coussin_Lombaire_Ergonomique_Soya_couverture_HD.webp	/soya2/sourcing/img_mkt/comfy_1.img
62	28	34	36	/soya2/sourcing/img_soya/lomb_00_4-Coussin_Lombaire_Ergonomique_Soya_couverture_HD.webp	/soya_prix/imgs/comfysle_1.img
62	28	34	37	/soya/gallery/11.jpg	/soya2/sourcing/img_mkt/jty_p6036_6.webp
62	28	34	37	/soya2/sourcing/img_soya/h2_00_2-housse_Oreiller_de_Rechange_Soya_HD.webp	/soya2/sourcing/img_mkt/mic_jty_5.webp
62	28	34	38	/soya2/sourcing/img_soya/v1_04_8-Oreiller_Soya_1.0_img5.webp	/soya2/sourcing/img_mkt/mic_jty_1.webp
62	28	34	38	/soya2/sourcing/img_soya/v3_31_Firefly_Gemini_Flash_Generate_the_same_image_exactly_as_the_	/soya2/sourcing/img_mkt/mic_jty_1.webp
62	28	34	39	/soya2/sourcing/img_soya/v3_00_18.png	/soya_prix/imgs/htconfort_0.img
62	28	34	39	/soya2/sourcing/img_soya/v3_36_34.png	/soya_prix/imgs/htconfort_0.img
62	28	34	41	/soya2/sourcing/img_soya/enf_05_KIDSP1_3.jpg	/soya2/sourcing/img_mkt/confal_5.img
62	28	34	41	/soya2/sourcing/img_soya/v3_35_SOYA_3.0_Grey_1.jpg	/soya2/sourcing/img_mkt/jty_p6036_6.webp
62	28	34	43	/soya/gallery/31.jpg	/soya2/sourcing/img_mkt/jty_knee_3.webp
62	28	34	45	/soya/gallery/17.jpg	/soya2/sourcing/img_mkt/jty_knee_3.webp
62	28	34	46	/soya2/sourcing/img_soya/v2_04_1-oreiller-soya-2_0_img5_a8a3199e-0071-4043-a899-f89baff5294	/soya2/sourcing/img_mkt/comfy_6.img
62	28	34	47	/soya2/sourcing/img_soya/v2_04_1-oreiller-soya-2_0_img5_a8a3199e-0071-4043-a899-f89baff5294	/soya_prix/imgs/comfysle_0.img
62	30	32	14	/soya2/sourcing/img_soya/enf_19_KIDS_YELLOW_3.png	/soya2/sourcing/img_mkt/comfy_5.img
62	30	32	16	/soya/gallery/01.jpg	/soya2/sourcing/img_mkt/jty_p6036_1.webp
62	30	32	16	/soya/gallery/02.jpg	/soya2/sourcing/img_mkt/confal_0.img
62	30	32	16	/soya/gallery/02.jpg	/soya_prix/imgs/confortalign_0.img
62	30	32	16	/soya/gallery/12.jpg	/soya2/sourcing/img_mkt/jty_p6036_1.webp
62	30	32	16	/soya/gallery/24.jpg	/soya2/sourcing/img_mkt/jty_p6036_1.webp
62	30	32	17	/soya2/sourcing/img_soya/lomb_00_4-Coussin_Lombaire_Ergonomique_Soya_couverture_HD.webp	/soya2/sourcing/img_mkt/mic_jty_3.webp
62	30	32	19	/soya/gallery/10.jpg	/soya2/sourcing/img_mkt/confal_4.img
62	30	32	20	/soya/gallery/32.jpg	/soya_prix/imgs/inphysio_1.img
62	30	32	21	/soya2/sourcing/img_soya/h3_04_14_feded688-a4ff-4333-8fba-e9a2e53c877a.png	/soya2/sourcing/img_mkt/comfy_5.img
62	30	32	21	/soya2/sourcing/img_soya/v2_08_11_bf88b3df-377c-4ddb-b78a-cc7a164e7755.png	/soya_prix/imgs/zamatsle_1.img
62	30	32	22	/soya/gallery/06.jpg	/soya_prix/imgs/comfysle_2.img
62	30	32	22	/soya/gallery/18.jpg	/soya_prix/imgs/comfysle_2.img
62	30	32	22	/soya/gallery/22.jpg	/soya_prix/imgs/comfysle_2.img
62	30	32	22	/soya/gallery/28.jpg	/soya_prix/imgs/comfysle_2.img
62	30	32	23	/soya2/sourcing/img_soya/v1_04_8-Oreiller_Soya_1.0_img5.webp	/soya2/sourcing/img_mkt/comfy_3.img
62	30	32	24	/soya2/sourcing/img_soya/v1_04_8-Oreiller_Soya_1.0_img5.webp	/soya2/sourcing/img_mkt/comfy_1.img
62	30	32	24	/soya2/sourcing/img_soya/v1_04_8-Oreiller_Soya_1.0_img5.webp	/soya_prix/imgs/comfysle_1.img
62	30	32	25	/soya2/sourcing/img_soya/h3_08_15_eb23f129-89f3-4ffc-be96-9e67ce1c745f.png	/soya2/sourcing/img_mkt/jty_knee_1.webp
62	30	32	25	/soya2/sourcing/img_soya/lomb_04_3_9225ca02-f60c-47d3-b26c-49df6ebba454.png	/soya2/sourcing/img_mkt/comfy_5.img
62	30	32	26	/soya/gallery/10.jpg	/soya2/sourcing/img_mkt/comfy_0.img
62	30	32	26	/soya/gallery/10.jpg	/soya_prix/imgs/comfysle_0.img
62	30	32	26	/soya2/sourcing/img_soya/henf_00_KIDS_P_1_2.png	/soya2/sourcing/img_mkt/jty_knee_1.webp
62	30	32	26	/soya2/sourcing/img_soya/v3_35_SOYA_3.0_Grey_1.jpg	/soya2/sourcing/img_mkt/mic_jty_2.webp
62	30	32	26	/soya2/sourcing/img_soya/voy_04_9-Oreiller-de-Voyage-Ergonomique-Soya_img5.webp	/soya2/sourcing/img_mkt/mic_tnjk_11.webp
62	30	32	26	/soya2/sourcing/img_soya/voy_04_9-Oreiller-de-Voyage-Ergonomique-Soya_img5.webp	/soya2/sourcing/img_mkt/mic_tnjk_4.webp
62	30	32	26	/soya2/sourcing/img_soya/voy_04_9-Oreiller-de-Voyage-Ergonomique-Soya_img5.webp	/soya2/sourcing/img_mkt/mic_tnjk_7.webp
62	30	32	26	/soya2/sourcing/img_soya/voy_05_9-Oreiller-de-Voyage-Ergonomique-Soya_img6.webp	/soya2/sourcing/img_mkt/mic_tnjk_11.webp
62	30	32	26	/soya2/sourcing/img_soya/voy_05_9-Oreiller-de-Voyage-Ergonomique-Soya_img6.webp	/soya2/sourcing/img_mkt/mic_tnjk_4.webp
62	30	32	26	/soya2/sourcing/img_soya/voy_05_9-Oreiller-de-Voyage-Ergonomique-Soya_img6.webp	/soya2/sourcing/img_mkt/mic_tnjk_7.webp
62	30	32	26	/soya2/sourcing/img_soya/voy_06_9-Oreiller-de-Voyage-Ergonomique-Soya_img7.webp	/soya2/sourcing/img_mkt/mic_tnjk_11.webp
62	30	32	26	/soya2/sourcing/img_soya/voy_06_9-Oreiller-de-Voyage-Ergonomique-Soya_img7.webp	/soya2/sourcing/img_mkt/mic_tnjk_4.webp
62	30	32	26	/soya2/sourcing/img_soya/voy_06_9-Oreiller-de-Voyage-Ergonomique-Soya_img7.webp	/soya2/sourcing/img_mkt/mic_tnjk_7.webp
62	30	32	27	/soya/gallery/07.jpg	/soya2/sourcing/img_mkt/comfy_0.img
62	30	32	27	/soya/gallery/07.jpg	/soya_prix/imgs/comfysle_0.img
62	30	32	27	/soya2/sourcing/img_soya/h2_02_2-housse_Oreiller_de_Rechange_Soya_img3.webp	/soya2/sourcing/img_mkt/confal_5.img
62	30	32	27	/soya2/sourcing/img_soya/v1_01_8-Oreiller_Soya_1.0_img2.webp	/soya2/sourcing/img_mkt/jty_p6036_6.webp
62	30	32	28	/soya/gallery/08.jpg	/soya2/sourcing/img_mkt/comfy_7.img
62	30	32	28	/soya2/sourcing/img_soya/henf_00_KIDS_P_1_2.png	/soya_prix/imgs/comfysle_3.img
62	30	32	28	/soya2/sourcing/img_soya/lomb_02_4-Coussin_Lombaire_Ergonomique_Soya_img3.webp	/soya2/sourcing/img_mkt/jty_p6036_2.webp
62	30	32	29	/soya/gallery/09.jpg	/soya2/sourcing/img_mkt/jty_p6036_5.webp
62	30	32	29	/soya/gallery/34.jpg	/soya2/sourcing/img_mkt/jty_p6036_2.webp
62	30	32	29	/soya2/sourcing/img_soya/regl_01_14-Ensemble_Oreillers_Reglables_img2.webp	/soya2/sourcing/img_mkt/jty_p6036_1.webp
62	30	32	30	/soya/gallery/01.jpg	/soya2/sourcing/img_mkt/jty_p6036_2.webp
62	30	32	30	/soya/gallery/03.jpg	/soya2/sourcing/img_mkt/jty_knee_4.webp
62	30	32	30	/soya/gallery/12.jpg	/soya2/sourcing/img_mkt/jty_p6036_2.webp
62	30	32	30	/soya/gallery/14.jpg	/soya2/sourcing/img_mkt/jty_knee_4.webp
62	30	32	30	/soya/gallery/24.jpg	/soya2/sourcing/img_mkt/jty_p6036_2.webp
62	30	32	30	/soya/gallery/27.jpg	/soya2/sourcing/img_mkt/jty_knee_4.webp
62	30	32	30	/soya2/sourcing/img_soya/enf_01_KIDSP1_4.jpg	/soya2/sourcing/img_mkt/jty_p6036_2.webp
62	30	32	30	/soya2/sourcing/img_soya/enf_02_KIDSP1_6.png	/soya2/sourcing/img_mkt/comfy_2.img
62	30	32	30	/soya2/sourcing/img_soya/h2_01_2-housse_Oreiller_de_Rechange_Soya_img4.webp	/soya2/sourcing/img_mkt/comfy_2.img
62	30	32	30	/soya2/sourcing/img_soya/lomb_03_4_dc2e6161-802a-4c42-a1d6-b9a0a02ce466.png	/soya2/sourcing/img_mkt/jty_p6036_2.webp
62	30	32	30	/soya2/sourcing/img_soya/v2_03_1-oreiller-soya-2_0_img4_39d31902-82e0-42b3-a8cb-6b71e2ebfe7	/soya2/sourcing/img_mkt/comfy_2.img
62	30	32	31	/soya/gallery/21.jpg	/soya2/sourcing/img_mkt/jty_p6036_5.webp
62	30	32	31	/soya/gallery/38.jpg	/soya2/sourcing/img_mkt/comfy_3.img
62	30	32	31	/soya2/sourcing/img_soya/enf_05_KIDSP1_3.jpg	/soya2/sourcing/img_mkt/jty_knee_5.webp
62	30	32	31	/soya2/sourcing/img_soya/enf_07_KIDS_PINK_6.jpg	/soya2/sourcing/img_mkt/jty_knee_4.webp
62	30	32	31	/soya2/sourcing/img_soya/enf_10_KIDS_PINK_1.png	/soya2/sourcing/img_mkt/confal_4.img
62	30	32	31	/soya2/sourcing/img_soya/h3_00_13_c9363db8-d780-4903-9a97-df55d0478686.png	/soya2/sourcing/img_mkt/derila_0.img
62	30	32	31	/soya2/sourcing/img_soya/v1_00_8-Oreiller_Soya_1.0_couverture_HD.webp	/soya_prix/imgs/comfysle_3.img
62	30	32	31	/soya2/sourcing/img_soya/v2_06_1-oreiller-soya-2_0_img6_9601dd3b-66d6-4311-b41e-5fd7712bdc1	/soya2/sourcing/img_mkt/comfy_7.img
62	30	32	32	/soya/gallery/08.jpg	/soya2/sourcing/img_mkt/derila_4.img
62	30	32	32	/soya2/sourcing/img_soya/enf_01_KIDSP1_4.jpg	/soya2/sourcing/img_mkt/mic_jty_1.webp
62	30	32	32	/soya2/sourcing/img_soya/enf_06_KIDSP1_1.jpg	/soya_prix/imgs/somnilys_2.img
62	30	32	32	/soya2/sourcing/img_soya/h3_15_7687678_1.png	/soya_prix/imgs/somnilys_0.img
62	30	32	32	/soya2/sourcing/img_soya/henf_00_KIDS_P_1_2.png	/soya2/sourcing/img_mkt/jty_knee_4.webp
62	30	32	32	/soya2/sourcing/img_soya/regl_01_14-Ensemble_Oreillers_Reglables_img2.webp	/soya2/sourcing/img_mkt/comfy_7.img
62	30	32	32	/soya2/sourcing/img_soya/v2_08_11_bf88b3df-377c-4ddb-b78a-cc7a164e7755.png	/soya2/sourcing/img_mkt/jty_p6036_1.webp
62	30	32	32	/soya2/sourcing/img_soya/voy_01_9-Oreiller-de-Voyage-Ergonomique-Soya_img2.webp	/soya2/sourcing/img_mkt/mic_jty_3.webp
62	30	32	33	/soya2/sourcing/img_soya/enf_16_KIDS_YELLOW_7.png	/soya2/sourcing/img_mkt/confal_0.img
62	30	32	33	/soya2/sourcing/img_soya/enf_16_KIDS_YELLOW_7.png	/soya_prix/imgs/confortalign_0.img
62	30	32	33	/soya2/sourcing/img_soya/h2_03_2-housse_Oreiller_de_Rechange_Soya_img5.webp	/soya2/sourcing/img_mkt/confal_3.img
62	30	32	33	/soya2/sourcing/img_soya/lomb_04_3_9225ca02-f60c-47d3-b26c-49df6ebba454.png	/soya2/sourcing/img_mkt/confal_2.img
62	30	32	33	/soya2/sourcing/img_soya/lomb_04_3_9225ca02-f60c-47d3-b26c-49df6ebba454.png	/soya_prix/imgs/confortalign_2.img
62	30	32	33	/soya2/sourcing/img_soya/v2_05_Oreiller_position_4.png	/soya_prix/imgs/zamatsle_2.img
62	30	32	34	/soya/gallery/38.jpg	/soya2/sourcing/img_mkt/jty_p6036_5.webp
62	30	32	34	/soya2/sourcing/img_soya/enf_00_KIDSP2.jpg	/soya_prix/imgs/somnilys_1.img
62	30	32	34	/soya2/sourcing/img_soya/enf_07_KIDS_PINK_6.jpg	/soya2/sourcing/img_mkt/confal_4.img
62	30	32	34	/soya2/sourcing/img_soya/lomb_00_4-Coussin_Lombaire_Ergonomique_Soya_couverture_HD.webp	/soya_prix/imgs/zamatsle_2.img
62	30	32	34	/soya2/sourcing/img_soya/v3_33_Soya_3.0_Grey_4.png	/soya2/sourcing/img_mkt/confal_1.img
62	30	32	34	/soya2/sourcing/img_soya/v3_33_Soya_3.0_Grey_4.png	/soya_prix/imgs/confortalign_1.img
62	30	32	35	/soya2/sourcing/img_soya/enf_10_KIDS_PINK_1.png	/soya2/sourcing/img_mkt/mic_tnjk_10.webp
62	30	32	35	/soya2/sourcing/img_soya/enf_10_KIDS_PINK_1.png	/soya2/sourcing/img_mkt/mic_tnjk_6.webp
62	30	32	35	/soya2/sourcing/img_soya/enf_10_KIDS_PINK_1.png	/soya2/sourcing/img_mkt/mic_tnjk_9.webp
62	30	32	35	/soya2/sourcing/img_soya/enf_19_KIDS_YELLOW_3.png	/soya2/sourcing/img_mkt/derila_5.img
62	30	32	35	/soya2/sourcing/img_soya/enf_20_KIDS_YELLOW_5.png	/soya2/sourcing/img_mkt/confal_3.img
62	30	32	35	/soya2/sourcing/img_soya/h3_14_7687678_2.png	/soya2/sourcing/img_mkt/jty_p6036_5.webp
62	30	32	35	/soya2/sourcing/img_soya/v3_29_7687678_2_0409bb9a-6b40-434d-807f-98da5554945a.png	/soya2/sourcing/img_mkt/jty_p6036_5.webp
62	30	32	35	/soya2/sourcing/img_soya/v3_32_Soya_3.0_Grey_1.png	/soya_prix/imgs/zamatsle_2.img
62	30	32	36	/soya/gallery/07.jpg	/soya2/sourcing/img_mkt/confal_4.img
62	30	32	36	/soya/gallery/11.jpg	/soya2/sourcing/img_mkt/derila_4.img
62	30	32	36	/soya2/sourcing/img_soya/enf_00_KIDSP2.jpg	/soya_prix/imgs/zamatsle_3.img
62	30	32	36	/soya2/sourcing/img_soya/enf_01_KIDSP1_4.jpg	/soya2/sourcing/img_mkt/jty_p6036_1.webp
62	30	32	36	/soya2/sourcing/img_soya/enf_04_KIDSP1_1.png	/soya2/sourcing/img_mkt/jty_knee_6.webp
62	30	32	36	/soya2/sourcing/img_soya/enf_05_KIDSP1_3.jpg	/soya2/sourcing/img_mkt/confal_1.img
62	30	32	36	/soya2/sourcing/img_soya/enf_05_KIDSP1_3.jpg	/soya_prix/imgs/confortalign_1.img
62	30	32	36	/soya2/sourcing/img_soya/henf_02_KIDS_P_1_3.png	/soya2/sourcing/img_mkt/comfy_4.img
62	30	32	36	/soya2/sourcing/img_soya/henf_03_KIDSP1_1.png	/soya2/sourcing/img_mkt/jty_knee_6.webp
62	30	32	36	/soya2/sourcing/img_soya/lomb_04_3_9225ca02-f60c-47d3-b26c-49df6ebba454.png	/soya2/sourcing/img_mkt/mic_tnjk_10.webp
62	30	32	36	/soya2/sourcing/img_soya/lomb_04_3_9225ca02-f60c-47d3-b26c-49df6ebba454.png	/soya2/sourcing/img_mkt/mic_tnjk_6.webp
62	30	32	36	/soya2/sourcing/img_soya/lomb_04_3_9225ca02-f60c-47d3-b26c-49df6ebba454.png	/soya2/sourcing/img_mkt/mic_tnjk_9.webp
62	30	32	36	/soya2/sourcing/img_soya/v2_02_1-oreiller-soya-2_0_img3_5f834f33-5e47-49e1-a6a1-34e17f3341b	/soya2/sourcing/img_mkt/jty_p6036_5.webp
62	30	32	36	/soya2/sourcing/img_soya/v3_33_Soya_3.0_Grey_4.png	/soya_prix/imgs/inphysio_2.img
62	30	32	38	/soya2/sourcing/img_soya/h3_08_15_eb23f129-89f3-4ffc-be96-9e67ce1c745f.png	/soya2/sourcing/img_mkt/comfy_4.img
62	30	32	39	/soya2/sourcing/img_soya/enf_03_KIDSP1_5.png	/soya_prix/imgs/somnilys_2.img
62	30	32	39	/soya2/sourcing/img_soya/v1_04_8-Oreiller_Soya_1.0_img5.webp	/soya2/sourcing/img_mkt/mic_jty_3.webp
62	30	32	40	/soya/gallery/33.jpg	/soya2/sourcing/img_mkt/confal_2.img
62	30	32	40	/soya/gallery/33.jpg	/soya_prix/imgs/confortalign_2.img
62	30	32	40	/soya2/sourcing/img_soya/h2_01_2-housse_Oreiller_de_Rechange_Soya_img4.webp	/soya_prix/imgs/somnilys_1.img
62	30	32	40	/soya2/sourcing/img_soya/v2_03_1-oreiller-soya-2_0_img4_39d31902-82e0-42b3-a8cb-6b71e2ebfe7	/soya_prix/imgs/somnilys_1.img
62	30	32	41	/soya2/sourcing/img_soya/h2_00_2-housse_Oreiller_de_Rechange_Soya_HD.webp	/soya2/sourcing/img_mkt/derila_1.img
62	30	32	42	/soya2/sourcing/img_soya/h2_03_2-housse_Oreiller_de_Rechange_Soya_img5.webp	/soya2/sourcing/img_mkt/confal_4.img
62	30	32	44	/soya/gallery/15.jpg	/soya2/sourcing/img_mkt/derila_2.img
62	30	32	44	/soya2/sourcing/img_soya/h2_00_2-housse_Oreiller_de_Rechange_Soya_HD.webp	/soya2/sourcing/img_mkt/derila_4.img
62	30	32	45	/soya/gallery/32.jpg	/soya2/sourcing/img_mkt/confal_5.img
62	30	32	47	/soya2/sourcing/img_soya/henf_02_KIDS_P_1_3.png	/soya2/sourcing/img_mkt/derila_2.img
62	30	32	48	/soya2/sourcing/img_soya/henf_00_KIDS_P_1_2.png	/soya2/sourcing/img_mkt/derila_2.img
62	30	32	48	/soya2/sourcing/img_soya/henf_01_KIDS_P_1_4.png	/soya2/sourcing/img_mkt/derila_2.img
62	30	32	49	/soya/gallery/31.jpg	/soya2/sourcing/img_mkt/comfy_0.img
62	30	32	49	/soya/gallery/34.jpg	/soya_prix/imgs/htconfort_2.img
62	30	32	50	/soya/gallery/32.jpg	/soya2/sourcing/img_mkt/comfy_0.img
62	30	32	50	/soya/gallery/32.jpg	/soya_prix/imgs/comfysle_0.img
62	32	30	13	/soya/gallery/05.jpg	/soya2/sourcing/img_mkt/confal_0.img
62	32	30	13	/soya/gallery/05.jpg	/soya_prix/imgs/confortalign_0.img
62	32	30	13	/soya2/sourcing/img_soya/voy_03_9-Oreiller-de-Voyage-Ergonomique-Soya_img4.webp	/soya_prix/imgs/inphysio_0.img
62	32	30	15	/soya/gallery/17.jpg	/soya2/sourcing/img_mkt/comfy_5.img
62	32	30	15	/soya2/sourcing/img_soya/voy_04_9-Oreiller-de-Voyage-Ergonomique-Soya_img5.webp	/soya_prix/imgs/zamatsle_1.img
62	32	30	15	/soya2/sourcing/img_soya/voy_05_9-Oreiller-de-Voyage-Ergonomique-Soya_img6.webp	/soya_prix/imgs/zamatsle_1.img
62	32	30	15	/soya2/sourcing/img_soya/voy_06_9-Oreiller-de-Voyage-Ergonomique-Soya_img7.webp	/soya_prix/imgs/zamatsle_1.img
62	32	30	16	/soya2/sourcing/img_soya/lomb_00_4-Coussin_Lombaire_Ergonomique_Soya_couverture_HD.webp	/soya2/sourcing/img_mkt/confal_0.img
62	32	30	16	/soya2/sourcing/img_soya/lomb_00_4-Coussin_Lombaire_Ergonomique_Soya_couverture_HD.webp	/soya_prix/imgs/confortalign_0.img
62	32	30	19	/soya/gallery/38.jpg	/soya2/sourcing/img_mkt/comfy_7.img
62	32	30	19	/soya2/sourcing/img_soya/enf_07_KIDS_PINK_6.jpg	/soya_prix/imgs/inphysio_1.img
62	32	30	19	/soya2/sourcing/img_soya/v1_01_8-Oreiller_Soya_1.0_img2.webp	/soya2/sourcing/img_mkt/comfy_1.img
62	32	30	19	/soya2/sourcing/img_soya/v1_01_8-Oreiller_Soya_1.0_img2.webp	/soya_prix/imgs/comfysle_1.img
62	32	30	20	/soya/gallery/33.jpg	/soya_prix/imgs/htconfort_1.img
62	32	30	21	/soya2/sourcing/img_soya/enf_03_KIDSP1_5.png	/soya_prix/imgs/zamatsle_2.img
62	32	30	21	/soya2/sourcing/img_soya/v3_27_Firefly_Gemini_Flash_Generate_the_same_image_exactly_as_the_	/soya_prix/imgs/inphysio_0.img
62	32	30	22	/soya/gallery/06.jpg	/soya2/sourcing/img_mkt/jty_knee_2.webp
62	32	30	22	/soya/gallery/10.jpg	/soya2/sourcing/img_mkt/jty_knee_3.webp
62	32	30	22	/soya/gallery/18.jpg	/soya2/sourcing/img_mkt/jty_knee_2.webp
62	32	30	22	/soya/gallery/22.jpg	/soya2/sourcing/img_mkt/jty_knee_2.webp
62	32	30	22	/soya/gallery/28.jpg	/soya2/sourcing/img_mkt/jty_knee_2.webp
62	32	30	22	/soya2/sourcing/img_soya/v2_01_1-oreiller-soya-2_0_img2_7d72b6af-35c7-4427-8f15-843f227d977	/soya2/sourcing/img_mkt/comfy_2.img
62	32	30	22	/soya2/sourcing/img_soya/v2_02_1-oreiller-soya-2_0_img3_5f834f33-5e47-49e1-a6a1-34e17f3341b	/soya2/sourcing/img_mkt/comfy_1.img
62	32	30	22	/soya2/sourcing/img_soya/v2_02_1-oreiller-soya-2_0_img3_5f834f33-5e47-49e1-a6a1-34e17f3341b	/soya_prix/imgs/comfysle_1.img
62	32	30	23	/soya2/sourcing/img_soya/v1_03_8-Oreiller_Soya_1.0_img4.webp	/soya2/sourcing/img_mkt/jty_p6036_6.webp
62	32	30	24	/soya/gallery/34.jpg	/soya2/sourcing/img_mkt/mic_jty_2.webp
62	32	30	24	/soya2/sourcing/img_soya/regl_01_14-Ensemble_Oreillers_Reglables_img2.webp	/soya2/sourcing/img_mkt/jty_p6036_4.webp
62	32	30	24	/soya2/sourcing/img_soya/v3_00_18.png	/soya_prix/imgs/somnilys_2.img
62	32	30	24	/soya2/sourcing/img_soya/v3_36_34.png	/soya_prix/imgs/somnilys_2.img
62	32	30	25	/soya/gallery/19.jpg	/soya2/sourcing/img_mkt/comfy_6.img
62	32	30	25	/soya2/sourcing/img_soya/enf_06_KIDSP1_1.jpg	/soya2/sourcing/img_mkt/mic_jty_2.webp
62	32	30	25	/soya2/sourcing/img_soya/regl_02_14-Ensemble_Oreillers_Reglables_img3.webp	/soya2/sourcing/img_mkt/comfy_1.img
62	32	30	25	/soya2/sourcing/img_soya/regl_02_14-Ensemble_Oreillers_Reglables_img3.webp	/soya_prix/imgs/comfysle_1.img
62	32	30	26	/soya/gallery/07.jpg	/soya2/sourcing/img_mkt/comfy_6.img
62	32	30	26	/soya2/sourcing/img_soya/v1_03_8-Oreiller_Soya_1.0_img4.webp	/soya_prix/imgs/comfysle_2.img
62	32	30	27	/soya/gallery/19.jpg	/soya2/sourcing/img_mkt/derila_5.img
62	32	30	27	/soya2/sourcing/img_soya/lomb_04_3_9225ca02-f60c-47d3-b26c-49df6ebba454.png	/soya_prix/imgs/inphysio_1.img
62	32	30	28	/soya/gallery/19.jpg	/soya_prix/imgs/comfysle_0.img
62	32	30	28	/soya2/sourcing/img_soya/enf_02_KIDSP1_6.png	/soya2/sourcing/img_mkt/derila_5.img
62	32	30	28	/soya2/sourcing/img_soya/v2_06_1-oreiller-soya-2_0_img6_9601dd3b-66d6-4311-b41e-5fd7712bdc1	/soya2/sourcing/img_mkt/jty_p6036_2.webp
62	32	30	29	/soya/gallery/33.jpg	/soya2/sourcing/img_mkt/derila_5.img
62	32	30	29	/soya2/sourcing/img_soya/enf_02_KIDSP1_6.png	/soya_prix/imgs/comfysle_0.img
62	32	30	29	/soya2/sourcing/img_soya/henf_00_KIDS_P_1_2.png	/soya2/sourcing/img_mkt/jty_knee_5.webp
62	32	30	29	/soya2/sourcing/img_soya/henf_01_KIDS_P_1_4.png	/soya2/sourcing/img_mkt/jty_knee_5.webp
62	32	30	30	/soya/gallery/32.jpg	/soya2/sourcing/img_mkt/confal_3.img
62	32	30	30	/soya2/sourcing/img_soya/henf_02_KIDS_P_1_3.png	/soya2/sourcing/img_mkt/jty_knee_5.webp
62	32	30	31	/soya/gallery/38.jpg	/soya2/sourcing/img_mkt/derila_3.img
62	32	30	31	/soya2/sourcing/img_soya/h3_04_14_feded688-a4ff-4333-8fba-e9a2e53c877a.png	/soya2/sourcing/img_mkt/jty_knee_4.webp
62	32	30	31	/soya2/sourcing/img_soya/v1_00_8-Oreiller_Soya_1.0_couverture_HD.webp	/soya2/sourcing/img_mkt/jty_knee_4.webp
62	32	30	32	/soya/gallery/10.jpg	/soya2/sourcing/img_mkt/mic_jty_12.webp
62	32	30	32	/soya/gallery/23.jpg	/soya2/sourcing/img_mkt/confal_0.img
62	32	30	32	/soya/gallery/23.jpg	/soya_prix/imgs/confortalign_0.img
62	32	30	32	/soya2/sourcing/img_soya/voy_02_9-Oreiller-de-Voyage-Ergonomique-Soya_img3.webp	/soya2/sourcing/img_mkt/mic_tnjk_11.webp
62	32	30	32	/soya2/sourcing/img_soya/voy_02_9-Oreiller-de-Voyage-Ergonomique-Soya_img3.webp	/soya2/sourcing/img_mkt/mic_tnjk_4.webp
62	32	30	32	/soya2/sourcing/img_soya/voy_02_9-Oreiller-de-Voyage-Ergonomique-Soya_img3.webp	/soya2/sourcing/img_mkt/mic_tnjk_7.webp
62	32	30	33	/soya2/sourcing/img_soya/enf_00_KIDSP2.jpg	/soya2/sourcing/img_mkt/jty_knee_4.webp
62	32	30	33	/soya2/sourcing/img_soya/lomb_02_4-Coussin_Lombaire_Ergonomique_Soya_img3.webp	/soya2/sourcing/img_mkt/comfy_3.img
62	32	30	33	/soya2/sourcing/img_soya/v3_25_Soya_3.0_grey_2_2e59cacb-6ebc-4f36-8a81-44478c9d4589.png	/soya2/sourcing/img_mkt/jty_p6036_1.webp
62	32	30	35	/soya/gallery/25.jpg	/soya2/sourcing/img_mkt/derila_1.img
62	32	30	35	/soya2/sourcing/img_soya/enf_15_KIDS_YELLOW_4.png	/soya2/sourcing/img_mkt/jty_p6036_1.webp
62	32	30	35	/soya2/sourcing/img_soya/v2_07_1-oreiller-soya-2_0_img7_43909438-1603-4e59-add4-f987f4acd78	/soya_prix/imgs/somnilys_0.img
62	32	30	35	/soya2/sourcing/img_soya/v3_27_Firefly_Gemini_Flash_Generate_the_same_image_exactly_as_the_	/soya2/sourcing/img_mkt/derila_5.img
62	32	30	36	/soya2/sourcing/img_soya/enf_19_KIDS_YELLOW_3.png	/soya2/sourcing/img_mkt/confal_1.img
62	32	30	36	/soya2/sourcing/img_soya/enf_19_KIDS_YELLOW_3.png	/soya_prix/imgs/confortalign_1.img
62	32	30	36	/soya2/sourcing/img_soya/regl_01_14-Ensemble_Oreillers_Reglables_img2.webp	/soya2/sourcing/img_mkt/mic_jty_3.webp
62	32	30	36	/soya2/sourcing/img_soya/v1_01_8-Oreiller_Soya_1.0_img2.webp	/soya2/sourcing/img_mkt/derila_3.img
62	32	30	36	/soya2/sourcing/img_soya/v2_04_1-oreiller-soya-2_0_img5_a8a3199e-0071-4043-a899-f89baff5294	/soya2/sourcing/img_mkt/derila_5.img
62	32	30	37	/soya/gallery/35.jpg	/soya_prix/imgs/zamatsle_1.img
62	32	30	37	/soya2/sourcing/img_soya/enf_14_KIDS_YELLOW_6.jpg	/soya2/sourcing/img_mkt/comfy_4.img
62	32	30	37	/soya2/sourcing/img_soya/henf_00_KIDS_P_1_2.png	/soya2/sourcing/img_mkt/comfy_4.img
62	32	30	37	/soya2/sourcing/img_soya/henf_01_KIDS_P_1_4.png	/soya2/sourcing/img_mkt/comfy_4.img
62	32	30	37	/soya2/sourcing/img_soya/v3_24_SOYA_3.0_Grey-2.jpg	/soya2/sourcing/img_mkt/confal_5.img
62	32	30	37	/soya2/sourcing/img_soya/voy_00_9-Oreiller-de-Voyage-Ergonomique-Soyacouverture_HD.webp	/soya2/sourcing/img_mkt/derila_1.img
62	32	30	38	/soya/gallery/11.jpg	/soya2/sourcing/img_mkt/jty_p6036_4.webp
62	32	30	38	/soya/gallery/31.jpg	/soya_prix/imgs/inphysio_0.img
62	32	30	39	/soya/gallery/05.jpg	/soya_prix/imgs/zamatsle_2.img
62	32	30	39	/soya/gallery/30.jpg	/soya2/sourcing/img_mkt/derila_4.img
62	32	30	39	/soya2/sourcing/img_soya/enf_20_KIDS_YELLOW_5.png	/soya2/sourcing/img_mkt/mic_jty_12.webp
62	32	30	39	/soya2/sourcing/img_soya/v3_30_IMG_9178.png	/soya2/sourcing/img_mkt/derila_6.img
62	32	30	40	/soya/gallery/38.jpg	/soya_prix/imgs/somnilys_2.img
62	32	30	41	/soya2/sourcing/img_soya/enf_07_KIDS_PINK_6.jpg	/soya2/sourcing/img_mkt/confal_2.img
62	32	30	41	/soya2/sourcing/img_soya/enf_07_KIDS_PINK_6.jpg	/soya_prix/imgs/confortalign_2.img
62	32	30	41	/soya2/sourcing/img_soya/lomb_00_4-Coussin_Lombaire_Ergonomique_Soya_couverture_HD.webp	/soya2/sourcing/img_mkt/jty_p6036_4.webp
62	32	30	42	/soya/gallery/33.jpg	/soya2/sourcing/img_mkt/jty_knee_1.webp
62	32	30	43	/soya/gallery/10.jpg	/soya_prix/imgs/zamatsle_3.img
62	32	30	43	/soya2/sourcing/img_soya/lomb_03_4_dc2e6161-802a-4c42-a1d6-b9a0a02ce466.png	/soya_prix/imgs/htconfort_0.img
62	32	30	43	/soya2/sourcing/img_soya/v2_04_1-oreiller-soya-2_0_img5_a8a3199e-0071-4043-a899-f89baff5294	/soya2/sourcing/img_mkt/confal_2.img
62	32	30	43	/soya2/sourcing/img_soya/v2_04_1-oreiller-soya-2_0_img5_a8a3199e-0071-4043-a899-f89baff5294	/soya_prix/imgs/confortalign_2.img
62	32	30	44	/soya/gallery/36.jpg	/soya_prix/imgs/inphysio_1.img
62	32	30	44	/soya/gallery/37.jpg	/soya_prix/imgs/inphysio_1.img
62	32	30	44	/soya2/sourcing/img_soya/v2_00_1-oreiller-soya-2_0HD.webp	/soya2/sourcing/img_mkt/jty_knee_3.webp
62	32	30	45	/soya2/sourcing/img_soya/enf_06_KIDSP1_1.jpg	/soya2/sourcing/img_mkt/mic_jty_8.webp
62	32	30	46	/soya/gallery/16.jpg	/soya_prix/imgs/htconfort_2.img
62	32	30	47	/soya/gallery/05.jpg	/soya_prix/imgs/htconfort_2.img
62	32	30	48	/soya2/sourcing/img_soya/lomb_02_4-Coussin_Lombaire_Ergonomique_Soya_img3.webp	/soya_prix/imgs/htconfort_2.img
62	32	30	50	/soya2/sourcing/img_soya/enf_12_KIDS_PINK_5.png	/soya2/sourcing/img_mkt/comfy_2.img
62	32	30	54	/soya2/sourcing/img_soya/henf_00_KIDS_P_1_2.png	/soya2/sourcing/img_mkt/comfy_0.img
62	32	30	54	/soya2/sourcing/img_soya/henf_01_KIDS_P_1_4.png	/soya2/sourcing/img_mkt/comfy_0.img
62	34	28	12	/soya2/sourcing/img_soya/v2_06_1-oreiller-soya-2_0_img6_9601dd3b-66d6-4311-b41e-5fd7712bdc1	/soya2/sourcing/img_mkt/jty_p6036_3.webp
62	34	28	15	/soya/gallery/31.jpg	/soya2/sourcing/img_mkt/comfy_5.img
62	34	28	15	/soya2/sourcing/img_soya/lomb_01_4-Coussin_Lombaire_Ergonomique_Soya_img2.webp	/soya_prix/imgs/comfysle_3.img
62	34	28	15	/soya2/sourcing/img_soya/v2_05_Oreiller_position_4.png	/soya2/sourcing/img_mkt/confal_0.img
62	34	28	15	/soya2/sourcing/img_soya/v2_05_Oreiller_position_4.png	/soya_prix/imgs/confortalign_0.img
62	34	28	15	/soya2/sourcing/img_soya/v3_42_41.1.png	/soya2/sourcing/img_mkt/jty_p6036_3.webp
62	34	28	18	/soya/gallery/29.jpg	/soya_prix/imgs/inphysio_2.img
62	34	28	20	/soya/gallery/16.jpg	/soya2/sourcing/img_mkt/jty_p6036_3.webp
62	34	28	23	/soya/gallery/20.jpg	/soya2/sourcing/img_mkt/confal_5.img
62	34	28	23	/soya/gallery/36.jpg	/soya2/sourcing/img_mkt/confal_5.img
62	34	28	23	/soya/gallery/37.jpg	/soya2/sourcing/img_mkt/confal_5.img
62	34	28	26	/soya2/sourcing/img_soya/enf_11_KIDS_PINK_7.png	/soya2/sourcing/img_mkt/comfy_6.img
62	34	28	26	/soya2/sourcing/img_soya/henf_04_KIDS_PINK_7.png	/soya2/sourcing/img_mkt/comfy_6.img
62	34	28	27	/soya2/sourcing/img_soya/enf_18_KIDS_YELLOW_2.png	/soya2/sourcing/img_mkt/comfy_6.img
62	34	28	27	/soya2/sourcing/img_soya/henf_05_KIDS_YELLOW_2.png	/soya2/sourcing/img_mkt/comfy_6.img
62	34	28	28	/soya/gallery/10.jpg	/soya2/sourcing/img_mkt/confal_3.img
62	34	28	28	/soya2/sourcing/img_soya/enf_18_KIDS_YELLOW_2.png	/soya2/sourcing/img_mkt/jty_knee_3.webp
62	34	28	28	/soya2/sourcing/img_soya/h3_00_13_c9363db8-d780-4903-9a97-df55d0478686.png	/soya2/sourcing/img_mkt/jty_p6036_5.webp
62	34	28	28	/soya2/sourcing/img_soya/h3_12_7687678_3.png	/soya2/sourcing/img_mkt/jty_p6036_5.webp
62	34	28	28	/soya2/sourcing/img_soya/h3_13_Soya_3.0_Grey_2.png	/soya_prix/imgs/comfysle_3.img
62	34	28	28	/soya2/sourcing/img_soya/henf_05_KIDS_YELLOW_2.png	/soya2/sourcing/img_mkt/jty_knee_3.webp
62	34	28	28	/soya2/sourcing/img_soya/v3_28_Soya_3.0_Grey_2_47c0e3de-4c91-48dd-960e-4a36d6b20353.png	/soya_prix/imgs/comfysle_3.img
62	34	28	29	/soya2/sourcing/img_soya/enf_10_KIDS_PINK_1.png	/soya2/sourcing/img_mkt/derila_5.img
62	34	28	29	/soya2/sourcing/img_soya/h3_14_7687678_2.png	/soya_prix/imgs/zamatsle_2.img
62	34	28	29	/soya2/sourcing/img_soya/v3_25_Soya_3.0_grey_2_2e59cacb-6ebc-4f36-8a81-44478c9d4589.png	/soya_prix/imgs/htconfort_2.img
62	34	28	29	/soya2/sourcing/img_soya/v3_29_7687678_2_0409bb9a-6b40-434d-807f-98da5554945a.png	/soya_prix/imgs/zamatsle_2.img
62	34	28	31	/soya2/sourcing/img_soya/v3_12_2_782a3829-4b96-451b-93e4-630d8f06e705.png	/soya2/sourcing/img_mkt/mic_tnjk_10.webp
62	34	28	31	/soya2/sourcing/img_soya/v3_12_2_782a3829-4b96-451b-93e4-630d8f06e705.png	/soya2/sourcing/img_mkt/mic_tnjk_6.webp
62	34	28	31	/soya2/sourcing/img_soya/v3_12_2_782a3829-4b96-451b-93e4-630d8f06e705.png	/soya2/sourcing/img_mkt/mic_tnjk_9.webp
62	34	28	32	/soya/gallery/38.jpg	/soya2/sourcing/img_mkt/derila_6.img
62	34	28	33	/soya/gallery/35.jpg	/soya2/sourcing/img_mkt/jty_knee_2.webp
62	34	28	33	/soya2/sourcing/img_soya/v3_24_SOYA_3.0_Grey-2.jpg	/soya2/sourcing/img_mkt/mic_tnjk_10.webp
62	34	28	33	/soya2/sourcing/img_soya/v3_24_SOYA_3.0_Grey-2.jpg	/soya2/sourcing/img_mkt/mic_tnjk_6.webp
62	34	28	33	/soya2/sourcing/img_soya/v3_24_SOYA_3.0_Grey-2.jpg	/soya2/sourcing/img_mkt/mic_tnjk_9.webp
62	34	28	34	/soya2/sourcing/img_soya/h3_15_7687678_1.png	/soya_prix/imgs/somnilys_1.img
62	34	28	34	/soya2/sourcing/img_soya/v1_00_8-Oreiller_Soya_1.0_couverture_HD.webp	/soya_prix/imgs/somnilys_0.img
62	34	28	34	/soya2/sourcing/img_soya/v2_05_Oreiller_position_4.png	/soya2/sourcing/img_mkt/derila_4.img
62	34	28	35	/soya2/sourcing/img_soya/enf_18_KIDS_YELLOW_2.png	/soya_prix/imgs/zamatsle_3.img
62	34	28	35	/soya2/sourcing/img_soya/henf_05_KIDS_YELLOW_2.png	/soya_prix/imgs/zamatsle_3.img
62	34	28	36	/soya2/sourcing/img_soya/h3_15_7687678_1.png	/soya_prix/imgs/inphysio_0.img
62	34	28	36	/soya2/sourcing/img_soya/lomb_04_3_9225ca02-f60c-47d3-b26c-49df6ebba454.png	/soya2/sourcing/img_mkt/comfy_4.img
62	34	28	39	/soya/gallery/35.jpg	/soya_prix/imgs/zamatsle_0.img
62	34	28	39	/soya2/sourcing/img_soya/enf_12_KIDS_PINK_5.png	/soya2/sourcing/img_mkt/mic_jty_12.webp
62	34	28	39	/soya2/sourcing/img_soya/henf_01_KIDS_P_1_4.png	/soya2/sourcing/img_mkt/confal_4.img
62	34	28	40	/soya/gallery/35.jpg	/soya2/sourcing/img_mkt/comfy_1.img
62	34	28	40	/soya/gallery/35.jpg	/soya_prix/imgs/comfysle_1.img
62	34	28	40	/soya2/sourcing/img_soya/v1_03_8-Oreiller_Soya_1.0_img4.webp	/soya2/sourcing/img_mkt/mic_jty_3.webp
62	34	28	41	/soya/gallery/11.jpg	/soya2/sourcing/img_mkt/derila_6.img
62	34	28	41	/soya2/sourcing/img_soya/v3_42_41.1.png	/soya2/sourcing/img_mkt/derila_6.img
62	34	28	42	/soya/gallery/26.jpg	/soya2/sourcing/img_mkt/comfy_1.img
62	34	28	42	/soya/gallery/26.jpg	/soya_prix/imgs/comfysle_1.img
62	34	28	42	/soya2/sourcing/img_soya/v3_27_Firefly_Gemini_Flash_Generate_the_same_image_exactly_as_the_	/soya2/sourcing/img_mkt/jty_knee_1.webp
62	34	28	44	/soya2/sourcing/img_soya/lomb_00_4-Coussin_Lombaire_Ergonomique_Soya_couverture_HD.webp	/soya2/sourcing/img_mkt/derila_6.img
62	34	28	45	/soya2/sourcing/img_soya/henf_01_KIDS_P_1_4.png	/soya2/sourcing/img_mkt/confal_5.img
62	34	28	45	/soya2/sourcing/img_soya/v3_34_Soya_3.0_Grey.png	/soya2/sourcing/img_mkt/derila_0.img
62	34	28	46	/soya2/sourcing/img_soya/h3_08_15_eb23f129-89f3-4ffc-be96-9e67ce1c745f.png	/soya2/sourcing/img_mkt/confal_5.img
62	34	28	47	/soya/gallery/30.jpg	/soya2/sourcing/img_mkt/jty_knee_2.webp
62	34	28	47	/soya/gallery/39.jpg	/soya2/sourcing/img_mkt/confal_2.img
62	34	28	47	/soya/gallery/39.jpg	/soya_prix/imgs/confortalign_2.img
62	34	28	49	/soya2/sourcing/img_soya/v1_02_8-Oreiller_Soya_1.0_img3.webp	/soya2/sourcing/img_mkt/derila_2.img
62	34	28	50	/soya/gallery/34.jpg	/soya2/sourcing/img_mkt/mic_jty_8.webp
62	36	26	17	/soya2/sourcing/img_soya/v3_30_IMG_9178.png	/soya2/sourcing/img_mkt/confal_0.img
62	36	26	17	/soya2/sourcing/img_soya/v3_30_IMG_9178.png	/soya_prix/imgs/confortalign_0.img
62	36	26	22	/soya2/sourcing/img_soya/h3_12_7687678_3.png	/soya2/sourcing/img_mkt/confal_0.img
62	36	26	22	/soya2/sourcing/img_soya/h3_12_7687678_3.png	/soya_prix/imgs/confortalign_0.img
62	36	26	23	/soya/gallery/10.jpg	/soya2/sourcing/img_mkt/comfy_4.img
62	36	26	24	/soya2/sourcing/img_soya/h3_00_13_c9363db8-d780-4903-9a97-df55d0478686.png	/soya2/sourcing/img_mkt/confal_0.img
62	36	26	24	/soya2/sourcing/img_soya/h3_00_13_c9363db8-d780-4903-9a97-df55d0478686.png	/soya_prix/imgs/confortalign_0.img
62	36	26	25	/soya/gallery/23.jpg	/soya2/sourcing/img_mkt/mic_jty_8.webp
62	36	26	27	/soya2/sourcing/img_soya/enf_18_KIDS_YELLOW_2.png	/soya2/sourcing/img_mkt/derila_5.img
62	36	26	27	/soya2/sourcing/img_soya/henf_05_KIDS_YELLOW_2.png	/soya2/sourcing/img_mkt/derila_5.img
62	36	26	30	/soya2/sourcing/img_soya/enf_18_KIDS_YELLOW_2.png	/soya2/sourcing/img_mkt/derila_2.img
62	36	26	30	/soya2/sourcing/img_soya/henf_05_KIDS_YELLOW_2.png	/soya2/sourcing/img_mkt/derila_2.img
62	36	26	31	/soya2/sourcing/img_soya/enf_14_KIDS_YELLOW_6.jpg	/soya2/sourcing/img_mkt/mic_tnjk_10.webp
62	36	26	31	/soya2/sourcing/img_soya/enf_14_KIDS_YELLOW_6.jpg	/soya2/sourcing/img_mkt/mic_tnjk_6.webp
62	36	26	31	/soya2/sourcing/img_soya/enf_14_KIDS_YELLOW_6.jpg	/soya2/sourcing/img_mkt/mic_tnjk_9.webp
62	36	26	32	/soya2/sourcing/img_soya/v3_25_Soya_3.0_grey_2_2e59cacb-6ebc-4f36-8a81-44478c9d4589.png	/soya2/sourcing/img_mkt/mic_jty_2.webp
62	36	26	33	/soya2/sourcing/img_soya/regl_00_14-Ensemble_Oreillers_Reglables_couverture_HD.webp	/soya_prix/imgs/comfysle_3.img
62	36	26	38	/soya2/sourcing/img_soya/h2_02_2-housse_Oreiller_de_Rechange_Soya_img3.webp	/soya2/sourcing/img_mkt/jty_knee_1.webp
62	36	26	41	/soya2/sourcing/img_soya/v3_35_SOYA_3.0_Grey_1.jpg	/soya2/sourcing/img_mkt/mic_jty_1.webp
62	38	24	12	/soya2/sourcing/img_soya/voy_03_9-Oreiller-de-Voyage-Ergonomique-Soya_img4.webp	/soya2/sourcing/img_mkt/derila_2.img
62	38	24	32	/soya2/sourcing/img_soya/enf_18_KIDS_YELLOW_2.png	/soya_prix/imgs/inphysio_1.img
62	38	24	32	/soya2/sourcing/img_soya/henf_05_KIDS_YELLOW_2.png	/soya_prix/imgs/inphysio_1.img
62	38	24	36	/soya/gallery/10.jpg	/soya2/sourcing/img_mkt/confal_1.img
62	38	24	36	/soya/gallery/10.jpg	/soya_prix/imgs/confortalign_1.img
62	38	24	40	/soya2/sourcing/img_soya/v3_00_18.png	/soya2/sourcing/img_mkt/mic_jty_1.webp
62	38	24	40	/soya2/sourcing/img_soya/v3_36_34.png	/soya2/sourcing/img_mkt/mic_jty_1.webp
63	24	39	39	/soya2/sourcing/img_soya/enf_20_KIDS_YELLOW_5.png	/soya2/sourcing/img_mkt/jty_p6036_6.webp
63	26	37	14	/soya2/sourcing/img_soya/enf_05_KIDSP1_3.jpg	/soya2/sourcing/img_mkt/jty_p6036_5.webp
63	26	37	17	/soya2/sourcing/img_soya/v3_27_Firefly_Gemini_Flash_Generate_the_same_image_exactly_as_the_	/soya_prix/imgs/comfysle_2.img
63	26	37	18	/soya2/sourcing/img_soya/enf_13_KIDS_PINK_3.png	/soya2/sourcing/img_mkt/mic_jty_3.webp
63	26	37	26	/soya/gallery/23.jpg	/soya2/sourcing/img_mkt/confal_2.img
63	26	37	26	/soya/gallery/23.jpg	/soya_prix/imgs/confortalign_2.img
63	26	37	31	/soya2/sourcing/img_soya/h3_04_14_feded688-a4ff-4333-8fba-e9a2e53c877a.png	/soya2/sourcing/img_mkt/jty_p6036_2.webp
63	26	37	32	/soya2/sourcing/img_soya/v2_04_1-oreiller-soya-2_0_img5_a8a3199e-0071-4043-a899-f89baff5294	/soya2/sourcing/img_mkt/derila_0.img
63	26	37	36	/soya/gallery/11.jpg	/soya2/sourcing/img_mkt/jty_knee_5.webp
63	26	37	38	/soya2/sourcing/img_soya/v3_33_Soya_3.0_Grey_4.png	/soya2/sourcing/img_mkt/jty_p6036_6.webp
63	26	37	39	/soya/gallery/34.jpg	/soya2/sourcing/img_mkt/mic_jty_12.webp
63	26	37	41	/soya2/sourcing/img_soya/v1_01_8-Oreiller_Soya_1.0_img2.webp	/soya2/sourcing/img_mkt/confal_2.img
63	26	37	41	/soya2/sourcing/img_soya/v1_01_8-Oreiller_Soya_1.0_img2.webp	/soya_prix/imgs/confortalign_2.img
63	26	37	42	/soya2/sourcing/img_soya/regl_01_14-Ensemble_Oreillers_Reglables_img2.webp	/soya2/sourcing/img_mkt/jty_knee_5.webp
63	26	37	43	/soya2/sourcing/img_soya/v3_32_Soya_3.0_Grey_1.png	/soya_prix/imgs/inphysio_2.img
63	26	37	52	/soya2/sourcing/img_soya/v2_06_1-oreiller-soya-2_0_img6_9601dd3b-66d6-4311-b41e-5fd7712bdc1	/soya_prix/imgs/comfysle_0.img
63	28	35	16	/soya2/sourcing/img_soya/v1_03_8-Oreiller_Soya_1.0_img4.webp	/soya_prix/imgs/zamatsle_3.img
63	28	35	18	/soya2/sourcing/img_soya/lomb_01_4-Coussin_Lombaire_Ergonomique_Soya_img2.webp	/soya_prix/imgs/zamatsle_1.img
63	28	35	20	/soya/gallery/06.jpg	/soya2/sourcing/img_mkt/confal_5.img
63	28	35	20	/soya/gallery/18.jpg	/soya2/sourcing/img_mkt/confal_5.img
63	28	35	20	/soya/gallery/22.jpg	/soya2/sourcing/img_mkt/confal_5.img
63	28	35	20	/soya/gallery/28.jpg	/soya2/sourcing/img_mkt/confal_5.img
63	28	35	20	/soya2/sourcing/img_soya/v2_07_1-oreiller-soya-2_0_img7_43909438-1603-4e59-add4-f987f4acd78	/soya2/sourcing/img_mkt/jty_p6036_1.webp
63	28	35	21	/soya2/sourcing/img_soya/enf_01_KIDSP1_4.jpg	/soya_prix/imgs/inphysio_0.img
63	28	35	21	/soya2/sourcing/img_soya/enf_06_KIDSP1_1.jpg	/soya2/sourcing/img_mkt/jty_knee_5.webp
63	28	35	22	/soya/gallery/03.jpg	/soya2/sourcing/img_mkt/jty_p6036_5.webp
63	28	35	22	/soya/gallery/14.jpg	/soya2/sourcing/img_mkt/jty_p6036_5.webp
63	28	35	22	/soya/gallery/27.jpg	/soya2/sourcing/img_mkt/jty_p6036_5.webp
63	28	35	23	/soya2/sourcing/img_soya/h3_14_7687678_2.png	/soya2/sourcing/img_mkt/confal_2.img
63	28	35	23	/soya2/sourcing/img_soya/h3_14_7687678_2.png	/soya_prix/imgs/confortalign_2.img
63	28	35	23	/soya2/sourcing/img_soya/v3_29_7687678_2_0409bb9a-6b40-434d-807f-98da5554945a.png	/soya2/sourcing/img_mkt/confal_2.img
63	28	35	23	/soya2/sourcing/img_soya/v3_29_7687678_2_0409bb9a-6b40-434d-807f-98da5554945a.png	/soya_prix/imgs/confortalign_2.img
63	28	35	24	/soya2/sourcing/img_soya/enf_08_KIDS_PINK_4.png	/soya2/sourcing/img_mkt/jty_knee_2.webp
63	28	35	24	/soya2/sourcing/img_soya/v2_00_1-oreiller-soya-2_0HD.webp	/soya_prix/imgs/somnilys_2.img
63	28	35	25	/soya2/sourcing/img_soya/h2_02_2-housse_Oreiller_de_Rechange_Soya_img3.webp	/soya_prix/imgs/zamatsle_0.img
63	28	35	26	/soya/gallery/07.jpg	/soya_prix/imgs/comfysle_2.img
63	28	35	27	/soya/gallery/19.jpg	/soya_prix/imgs/comfysle_2.img
63	28	35	28	/soya/gallery/10.jpg	/soya2/sourcing/img_mkt/jty_p6036_5.webp
63	28	35	28	/soya2/sourcing/img_soya/v3_31_Firefly_Gemini_Flash_Generate_the_same_image_exactly_as_the_	/soya2/sourcing/img_mkt/confal_3.img
63	28	35	29	/soya2/sourcing/img_soya/enf_09_KIDS_PINK_2.png	/soya2/sourcing/img_mkt/comfy_4.img
63	28	35	29	/soya2/sourcing/img_soya/enf_13_KIDS_PINK_3.png	/soya2/sourcing/img_mkt/jty_p6036_2.webp
63	28	35	29	/soya2/sourcing/img_soya/lomb_02_4-Coussin_Lombaire_Ergonomique_Soya_img3.webp	/soya_prix/imgs/zamatsle_3.img
63	28	35	30	/soya/gallery/02.jpg	/soya_prix/imgs/comfysle_3.img
63	28	35	30	/soya/gallery/06.jpg	/soya2/sourcing/img_mkt/confal_4.img
63	28	35	30	/soya/gallery/18.jpg	/soya2/sourcing/img_mkt/confal_4.img
63	28	35	30	/soya/gallery/22.jpg	/soya2/sourcing/img_mkt/confal_4.img
63	28	35	30	/soya/gallery/28.jpg	/soya2/sourcing/img_mkt/confal_4.img
63	28	35	30	/soya2/sourcing/img_soya/v1_04_8-Oreiller_Soya_1.0_img5.webp	/soya2/sourcing/img_mkt/derila_2.img
63	28	35	31	/soya2/sourcing/img_soya/v2_08_11_bf88b3df-377c-4ddb-b78a-cc7a164e7755.png	/soya2/sourcing/img_mkt/derila_5.img
63	28	35	32	/soya2/sourcing/img_soya/h2_03_2-housse_Oreiller_de_Rechange_Soya_img5.webp	/soya2/sourcing/img_mkt/derila_3.img
63	28	35	32	/soya2/sourcing/img_soya/h3_08_15_eb23f129-89f3-4ffc-be96-9e67ce1c745f.png	/soya_prix/imgs/zamatsle_0.img
63	28	35	32	/soya2/sourcing/img_soya/regl_01_14-Ensemble_Oreillers_Reglables_img2.webp	/soya2/sourcing/img_mkt/comfy_2.img
63	28	35	32	/soya2/sourcing/img_soya/regl_02_14-Ensemble_Oreillers_Reglables_img3.webp	/soya_prix/imgs/somnilys_1.img
63	28	35	32	/soya2/sourcing/img_soya/v2_04_1-oreiller-soya-2_0_img5_a8a3199e-0071-4043-a899-f89baff5294	/soya2/sourcing/img_mkt/comfy_7.img
63	28	35	32	/soya2/sourcing/img_soya/voy_00_9-Oreiller-de-Voyage-Ergonomique-Soyacouverture_HD.webp	/soya2/sourcing/img_mkt/mic_tnjk_10.webp
63	28	35	32	/soya2/sourcing/img_soya/voy_00_9-Oreiller-de-Voyage-Ergonomique-Soyacouverture_HD.webp	/soya2/sourcing/img_mkt/mic_tnjk_6.webp
63	28	35	32	/soya2/sourcing/img_soya/voy_00_9-Oreiller-de-Voyage-Ergonomique-Soyacouverture_HD.webp	/soya2/sourcing/img_mkt/mic_tnjk_9.webp
63	28	35	33	/soya/gallery/07.jpg	/soya2/sourcing/img_mkt/mic_jty_1.webp
63	28	35	33	/soya2/sourcing/img_soya/enf_01_KIDSP1_4.jpg	/soya2/sourcing/img_mkt/confal_4.img
63	28	35	33	/soya2/sourcing/img_soya/h3_14_7687678_2.png	/soya2/sourcing/img_mkt/jty_knee_4.webp
63	28	35	33	/soya2/sourcing/img_soya/v3_29_7687678_2_0409bb9a-6b40-434d-807f-98da5554945a.png	/soya2/sourcing/img_mkt/jty_knee_4.webp
63	28	35	34	/soya2/sourcing/img_soya/v2_05_Oreiller_position_4.png	/soya2/sourcing/img_mkt/jty_knee_5.webp
63	28	35	35	/soya2/sourcing/img_soya/enf_17_KIDS_YELLOW_1.png	/soya2/sourcing/img_mkt/mic_tnjk_10.webp
63	28	35	35	/soya2/sourcing/img_soya/enf_17_KIDS_YELLOW_1.png	/soya2/sourcing/img_mkt/mic_tnjk_6.webp
63	28	35	35	/soya2/sourcing/img_soya/enf_17_KIDS_YELLOW_1.png	/soya2/sourcing/img_mkt/mic_tnjk_9.webp
63	28	35	36	/soya/gallery/01.jpg	/soya_prix/imgs/htconfort_1.img
63	28	35	36	/soya/gallery/12.jpg	/soya_prix/imgs/htconfort_1.img
63	28	35	36	/soya/gallery/24.jpg	/soya_prix/imgs/htconfort_1.img
63	28	35	37	/soya/gallery/01.jpg	/soya2/sourcing/img_mkt/confal_5.img
63	28	35	37	/soya/gallery/12.jpg	/soya2/sourcing/img_mkt/confal_5.img
63	28	35	37	/soya/gallery/24.jpg	/soya2/sourcing/img_mkt/confal_5.img
63	28	35	37	/soya2/sourcing/img_soya/v1_01_8-Oreiller_Soya_1.0_img2.webp	/soya2/sourcing/img_mkt/jty_knee_6.webp
63	28	35	38	/soya2/sourcing/img_soya/enf_07_KIDS_PINK_6.jpg	/soya_prix/imgs/zamatsle_1.img
63	28	35	38	/soya2/sourcing/img_soya/v3_30_IMG_9178.png	/soya2/sourcing/img_mkt/comfy_4.img
63	28	35	39	/soya2/sourcing/img_soya/enf_20_KIDS_YELLOW_5.png	/soya_prix/imgs/htconfort_2.img
63	28	35	39	/soya2/sourcing/img_soya/henf_02_KIDS_P_1_3.png	/soya2/sourcing/img_mkt/derila_6.img
63	28	35	39	/soya2/sourcing/img_soya/v2_07_1-oreiller-soya-2_0_img7_43909438-1603-4e59-add4-f987f4acd78	/soya_prix/imgs/htconfort_0.img
63	28	35	40	/soya2/sourcing/img_soya/h3_15_7687678_1.png	/soya_prix/imgs/comfysle_2.img
63	28	35	42	/soya/gallery/13.jpg	/soya2/sourcing/img_mkt/confal_5.img
63	28	35	43	/soya/gallery/17.jpg	/soya2/sourcing/img_mkt/mic_jty_5.webp
63	28	35	43	/soya2/sourcing/img_soya/voy_00_9-Oreiller-de-Voyage-Ergonomique-Soyacouverture_HD.webp	/soya2/sourcing/img_mkt/jty_knee_3.webp
63	28	35	44	/soya2/sourcing/img_soya/v1_03_8-Oreiller_Soya_1.0_img4.webp	/soya2/sourcing/img_mkt/jty_knee_5.webp
63	28	35	45	/soya2/sourcing/img_soya/h3_15_7687678_1.png	/soya_prix/imgs/htconfort_2.img
63	28	35	46	/soya/gallery/30.jpg	/soya_prix/imgs/inphysio_2.img
63	28	35	53	/soya/gallery/35.jpg	/soya2/sourcing/img_mkt/comfy_6.img
63	30	33	14	/soya2/sourcing/img_soya/v3_31_Firefly_Gemini_Flash_Generate_the_same_image_exactly_as_the_	/soya2/sourcing/img_mkt/comfy_5.img
63	30	33	15	/soya2/sourcing/img_soya/v1_00_8-Oreiller_Soya_1.0_couverture_HD.webp	/soya2/sourcing/img_mkt/jty_p6036_1.webp
63	30	33	17	/soya/gallery/30.jpg	/soya2/sourcing/img_mkt/confal_4.img
63	30	33	17	/soya2/sourcing/img_soya/voy_02_9-Oreiller-de-Voyage-Ergonomique-Soya_img3.webp	/soya_prix/imgs/somnilys_0.img
63	30	33	18	/soya2/sourcing/img_soya/v2_07_1-oreiller-soya-2_0_img7_43909438-1603-4e59-add4-f987f4acd78	/soya2/sourcing/img_mkt/jty_p6036_3.webp
63	30	33	19	/soya/gallery/05.jpg	/soya_prix/imgs/inphysio_1.img
63	30	33	19	/soya/gallery/33.jpg	/soya_prix/imgs/htconfort_0.img
63	30	33	19	/soya2/sourcing/img_soya/v2_01_1-oreiller-soya-2_0_img2_7d72b6af-35c7-4427-8f15-843f227d977	/soya2/sourcing/img_mkt/comfy_1.img
63	30	33	19	/soya2/sourcing/img_soya/v2_01_1-oreiller-soya-2_0_img2_7d72b6af-35c7-4427-8f15-843f227d977	/soya_prix/imgs/comfysle_1.img
63	30	33	20	/soya/gallery/06.jpg	/soya_prix/imgs/somnilys_0.img
63	30	33	20	/soya/gallery/18.jpg	/soya_prix/imgs/somnilys_0.img
63	30	33	20	/soya/gallery/22.jpg	/soya_prix/imgs/somnilys_0.img
63	30	33	20	/soya/gallery/28.jpg	/soya_prix/imgs/somnilys_0.img
63	30	33	20	/soya2/sourcing/img_soya/h3_04_14_feded688-a4ff-4333-8fba-e9a2e53c877a.png	/soya2/sourcing/img_mkt/mic_jty_3.webp
63	30	33	20	/soya2/sourcing/img_soya/v2_01_1-oreiller-soya-2_0_img2_7d72b6af-35c7-4427-8f15-843f227d977	/soya2/sourcing/img_mkt/jty_knee_2.webp
63	30	33	20	/soya2/sourcing/img_soya/v3_24_SOYA_3.0_Grey-2.jpg	/soya2/sourcing/img_mkt/jty_p6036_5.webp
63	30	33	21	/soya2/sourcing/img_soya/h2_02_2-housse_Oreiller_de_Rechange_Soya_img3.webp	/soya_prix/imgs/htconfort_0.img
63	30	33	21	/soya2/sourcing/img_soya/henf_02_KIDS_P_1_3.png	/soya2/sourcing/img_mkt/jty_p6036_5.webp
63	30	33	22	/soya/gallery/08.jpg	/soya2/sourcing/img_mkt/confal_5.img
63	30	33	22	/soya/gallery/30.jpg	/soya2/sourcing/img_mkt/jty_knee_1.webp
63	30	33	22	/soya2/sourcing/img_soya/v3_27_Firefly_Gemini_Flash_Generate_the_same_image_exactly_as_the_	/soya2/sourcing/img_mkt/derila_1.img
63	30	33	23	/soya/gallery/07.jpg	/soya2/sourcing/img_mkt/jty_p6036_6.webp
63	30	33	25	/soya/gallery/08.jpg	/soya_prix/imgs/comfysle_3.img
63	30	33	25	/soya/gallery/38.jpg	/soya2/sourcing/img_mkt/derila_5.img
63	30	33	25	/soya2/sourcing/img_soya/enf_07_KIDS_PINK_6.jpg	/soya2/sourcing/img_mkt/jty_p6036_2.webp
63	30	33	25	/soya2/sourcing/img_soya/h3_15_7687678_1.png	/soya2/sourcing/img_mkt/jty_p6036_3.webp
63	30	33	26	/soya2/sourcing/img_soya/h3_14_7687678_2.png	/soya2/sourcing/img_mkt/derila_5.img
63	30	33	26	/soya2/sourcing/img_soya/v3_29_7687678_2_0409bb9a-6b40-434d-807f-98da5554945a.png	/soya2/sourcing/img_mkt/derila_5.img
63	30	33	27	/soya/gallery/25.jpg	/soya2/sourcing/img_mkt/confal_3.img
63	30	33	27	/soya2/sourcing/img_soya/h2_01_2-housse_Oreiller_de_Rechange_Soya_img4.webp	/soya2/sourcing/img_mkt/comfy_1.img
63	30	33	27	/soya2/sourcing/img_soya/h2_01_2-housse_Oreiller_de_Rechange_Soya_img4.webp	/soya_prix/imgs/comfysle_1.img
63	30	33	27	/soya2/sourcing/img_soya/lomb_01_4-Coussin_Lombaire_Ergonomique_Soya_img2.webp	/soya2/sourcing/img_mkt/jty_p6036_2.webp
63	30	33	27	/soya2/sourcing/img_soya/v2_03_1-oreiller-soya-2_0_img4_39d31902-82e0-42b3-a8cb-6b71e2ebfe7	/soya2/sourcing/img_mkt/comfy_1.img
63	30	33	27	/soya2/sourcing/img_soya/v2_03_1-oreiller-soya-2_0_img4_39d31902-82e0-42b3-a8cb-6b71e2ebfe7	/soya_prix/imgs/comfysle_1.img
63	30	33	28	/soya2/sourcing/img_soya/enf_06_KIDSP1_1.jpg	/soya_prix/imgs/inphysio_1.img
63	30	33	28	/soya2/sourcing/img_soya/h2_02_2-housse_Oreiller_de_Rechange_Soya_img3.webp	/soya2/sourcing/img_mkt/jty_p6036_1.webp
63	30	33	28	/soya2/sourcing/img_soya/regl_02_14-Ensemble_Oreillers_Reglables_img3.webp	/soya2/sourcing/img_mkt/confal_5.img
63	30	33	29	/soya/gallery/20.jpg	/soya2/sourcing/img_mkt/jty_p6036_4.webp
63	30	33	29	/soya2/sourcing/img_soya/enf_09_KIDS_PINK_2.png	/soya2/sourcing/img_mkt/comfy_2.img
63	30	33	29	/soya2/sourcing/img_soya/h3_14_7687678_2.png	/soya_prix/imgs/inphysio_1.img
63	30	33	29	/soya2/sourcing/img_soya/h3_15_7687678_1.png	/soya2/sourcing/img_mkt/derila_1.img
63	30	33	29	/soya2/sourcing/img_soya/v3_29_7687678_2_0409bb9a-6b40-434d-807f-98da5554945a.png	/soya_prix/imgs/inphysio_1.img
63	30	33	30	/soya/gallery/31.jpg	/soya2/sourcing/img_mkt/comfy_7.img
63	30	33	30	/soya/gallery/38.jpg	/soya_prix/imgs/comfysle_3.img
63	30	33	30	/soya2/sourcing/img_soya/enf_01_KIDSP1_4.jpg	/soya2/sourcing/img_mkt/confal_1.img
63	30	33	30	/soya2/sourcing/img_soya/enf_01_KIDSP1_4.jpg	/soya_prix/imgs/confortalign_1.img
63	30	33	30	/soya2/sourcing/img_soya/enf_02_KIDSP1_6.png	/soya_prix/imgs/comfysle_2.img
63	30	33	30	/soya2/sourcing/img_soya/enf_08_KIDS_PINK_4.png	/soya2/sourcing/img_mkt/derila_4.img
63	30	33	30	/soya2/sourcing/img_soya/h2_01_2-housse_Oreiller_de_Rechange_Soya_img4.webp	/soya_prix/imgs/comfysle_2.img
63	30	33	30	/soya2/sourcing/img_soya/v1_00_8-Oreiller_Soya_1.0_couverture_HD.webp	/soya2/sourcing/img_mkt/comfy_3.img
63	30	33	30	/soya2/sourcing/img_soya/v1_01_8-Oreiller_Soya_1.0_img2.webp	/soya2/sourcing/img_mkt/derila_5.img
63	30	33	30	/soya2/sourcing/img_soya/v2_03_1-oreiller-soya-2_0_img4_39d31902-82e0-42b3-a8cb-6b71e2ebfe7	/soya_prix/imgs/comfysle_2.img
63	30	33	31	/soya2/sourcing/img_soya/henf_00_KIDS_P_1_2.png	/soya_prix/imgs/zamatsle_0.img
63	30	33	31	/soya2/sourcing/img_soya/v2_00_1-oreiller-soya-2_0HD.webp	/soya2/sourcing/img_mkt/comfy_7.img
63	30	33	32	/soya2/sourcing/img_soya/h3_04_14_feded688-a4ff-4333-8fba-e9a2e53c877a.png	/soya_prix/imgs/zamatsle_0.img
63	30	33	33	/soya/gallery/33.jpg	/soya2/sourcing/img_mkt/mic_jty_8.webp
63	30	33	33	/soya/gallery/35.jpg	/soya2/sourcing/img_mkt/mic_tnjk_10.webp
63	30	33	33	/soya/gallery/35.jpg	/soya2/sourcing/img_mkt/mic_tnjk_6.webp
63	30	33	33	/soya/gallery/35.jpg	/soya2/sourcing/img_mkt/mic_tnjk_9.webp
63	30	33	33	/soya2/sourcing/img_soya/enf_05_KIDSP1_3.jpg	/soya2/sourcing/img_mkt/derila_3.img
63	30	33	33	/soya2/sourcing/img_soya/h2_01_2-housse_Oreiller_de_Rechange_Soya_img4.webp	/soya2/sourcing/img_mkt/jty_p6036_3.webp
63	30	33	33	/soya2/sourcing/img_soya/lomb_01_4-Coussin_Lombaire_Ergonomique_Soya_img2.webp	/soya2/sourcing/img_mkt/jty_p6036_3.webp
63	30	33	33	/soya2/sourcing/img_soya/v2_03_1-oreiller-soya-2_0_img4_39d31902-82e0-42b3-a8cb-6b71e2ebfe7	/soya2/sourcing/img_mkt/jty_p6036_3.webp
63	30	33	34	/soya2/sourcing/img_soya/lomb_01_4-Coussin_Lombaire_Ergonomique_Soya_img2.webp	/soya2/sourcing/img_mkt/mic_jty_8.webp
63	30	33	34	/soya2/sourcing/img_soya/regl_00_14-Ensemble_Oreillers_Reglables_couverture_HD.webp	/soya2/sourcing/img_mkt/jty_knee_2.webp
63	30	33	34	/soya2/sourcing/img_soya/v1_02_8-Oreiller_Soya_1.0_img3.webp	/soya2/sourcing/img_mkt/comfy_7.img
63	30	33	34	/soya2/sourcing/img_soya/voy_01_9-Oreiller-de-Voyage-Ergonomique-Soya_img2.webp	/soya2/sourcing/img_mkt/comfy_4.img
63	30	33	35	/soya/gallery/05.jpg	/soya2/sourcing/img_mkt/confal_1.img
63	30	33	35	/soya/gallery/05.jpg	/soya_prix/imgs/confortalign_1.img
63	30	33	35	/soya2/sourcing/img_soya/v1_04_8-Oreiller_Soya_1.0_img5.webp	/soya_prix/imgs/somnilys_1.img
63	30	33	36	/soya2/sourcing/img_soya/henf_02_KIDS_P_1_3.png	/soya_prix/imgs/htconfort_0.img
63	30	33	36	/soya2/sourcing/img_soya/lomb_02_4-Coussin_Lombaire_Ergonomique_Soya_img3.webp	/soya_prix/imgs/htconfort_1.img
63	30	33	37	/soya/gallery/20.jpg	/soya2/sourcing/img_mkt/mic_jty_3.webp
63	30	33	37	/soya2/sourcing/img_soya/henf_00_KIDS_P_1_2.png	/soya_prix/imgs/htconfort_0.img
63	30	33	37	/soya2/sourcing/img_soya/henf_01_KIDS_P_1_4.png	/soya_prix/imgs/htconfort_0.img
63	30	33	37	/soya2/sourcing/img_soya/lomb_03_4_dc2e6161-802a-4c42-a1d6-b9a0a02ce466.png	/soya2/sourcing/img_mkt/derila_5.img
63	30	33	37	/soya2/sourcing/img_soya/v2_01_1-oreiller-soya-2_0_img2_7d72b6af-35c7-4427-8f15-843f227d977	/soya_prix/imgs/somnilys_2.img
63	30	33	37	/soya2/sourcing/img_soya/v3_31_Firefly_Gemini_Flash_Generate_the_same_image_exactly_as_the_	/soya2/sourcing/img_mkt/derila_5.img
63	30	33	38	/soya2/sourcing/img_soya/enf_18_KIDS_YELLOW_2.png	/soya2/sourcing/img_mkt/jty_p6036_5.webp
63	30	33	38	/soya2/sourcing/img_soya/henf_05_KIDS_YELLOW_2.png	/soya2/sourcing/img_mkt/jty_p6036_5.webp
63	30	33	38	/soya2/sourcing/img_soya/v3_00_18.png	/soya2/sourcing/img_mkt/mic_jty_12.webp
63	30	33	38	/soya2/sourcing/img_soya/v3_33_Soya_3.0_Grey_4.png	/soya_prix/imgs/htconfort_2.img
63	30	33	38	/soya2/sourcing/img_soya/v3_36_34.png	/soya2/sourcing/img_mkt/mic_jty_12.webp
63	30	33	38	/soya2/sourcing/img_soya/voy_01_9-Oreiller-de-Voyage-Ergonomique-Soya_img2.webp	/soya_prix/imgs/zamatsle_3.img
63	30	33	39	/soya2/sourcing/img_soya/enf_13_KIDS_PINK_3.png	/soya_prix/imgs/htconfort_2.img
63	30	33	39	/soya2/sourcing/img_soya/v2_07_1-oreiller-soya-2_0_img7_43909438-1603-4e59-add4-f987f4acd78	/soya2/sourcing/img_mkt/jty_p6036_4.webp
63	30	33	39	/soya2/sourcing/img_soya/voy_01_9-Oreiller-de-Voyage-Ergonomique-Soya_img2.webp	/soya2/sourcing/img_mkt/jty_knee_3.webp
63	30	33	40	/soya2/sourcing/img_soya/enf_18_KIDS_YELLOW_2.png	/soya2/sourcing/img_mkt/confal_0.img
63	30	33	40	/soya2/sourcing/img_soya/enf_18_KIDS_YELLOW_2.png	/soya_prix/imgs/confortalign_0.img
63	30	33	40	/soya2/sourcing/img_soya/henf_05_KIDS_YELLOW_2.png	/soya2/sourcing/img_mkt/confal_0.img
63	30	33	40	/soya2/sourcing/img_soya/henf_05_KIDS_YELLOW_2.png	/soya_prix/imgs/confortalign_0.img
63	30	33	40	/soya2/sourcing/img_soya/lomb_02_4-Coussin_Lombaire_Ergonomique_Soya_img3.webp	/soya2/sourcing/img_mkt/jty_knee_4.webp
63	30	33	40	/soya2/sourcing/img_soya/v3_34_Soya_3.0_Grey.png	/soya2/sourcing/img_mkt/mic_jty_12.webp
63	30	33	41	/soya/gallery/07.jpg	/soya2/sourcing/img_mkt/jty_p6036_5.webp
63	30	33	41	/soya2/sourcing/img_soya/enf_05_KIDSP1_3.jpg	/soya2/sourcing/img_mkt/derila_0.img
63	30	33	41	/soya2/sourcing/img_soya/enf_19_KIDS_YELLOW_3.png	/soya2/sourcing/img_mkt/derila_0.img
63	30	33	41	/soya2/sourcing/img_soya/h3_00_13_c9363db8-d780-4903-9a97-df55d0478686.png	/soya2/sourcing/img_mkt/derila_5.img
63	30	33	41	/soya2/sourcing/img_soya/v1_00_8-Oreiller_Soya_1.0_couverture_HD.webp	/soya2/sourcing/img_mkt/mic_jty_5.webp
63	30	33	42	/soya/gallery/16.jpg	/soya2/sourcing/img_mkt/jty_knee_4.webp
63	30	33	42	/soya/gallery/25.jpg	/soya2/sourcing/img_mkt/confal_5.img
63	30	33	42	/soya2/sourcing/img_soya/h2_00_2-housse_Oreiller_de_Rechange_Soya_HD.webp	/soya2/sourcing/img_mkt/comfy_2.img
63	30	33	43	/soya2/sourcing/img_soya/enf_10_KIDS_PINK_1.png	/soya2/sourcing/img_mkt/mic_jty_2.webp
63	30	33	44	/soya/gallery/26.jpg	/soya_prix/imgs/inphysio_2.img
63	30	33	46	/soya2/sourcing/img_soya/v1_00_8-Oreiller_Soya_1.0_couverture_HD.webp	/soya_prix/imgs/comfysle_2.img
63	30	33	48	/soya2/sourcing/img_soya/h3_04_14_feded688-a4ff-4333-8fba-e9a2e53c877a.png	/soya2/sourcing/img_mkt/mic_jty_8.webp
63	30	33	49	/soya2/sourcing/img_soya/v3_33_Soya_3.0_Grey_4.png	/soya2/sourcing/img_mkt/mic_jty_8.webp
63	32	31	4	/soya/gallery/29.jpg	/soya_prix/imgs/zamatsle_2.img
63	32	31	10	/soya2/sourcing/img_soya/enf_12_KIDS_PINK_5.png	/soya2/sourcing/img_mkt/mic_jty_3.webp
63	32	31	15	/soya2/sourcing/img_soya/enf_00_KIDSP2.jpg	/soya2/sourcing/img_mkt/jty_p6036_1.webp
63	32	31	16	/soya/gallery/33.jpg	/soya2/sourcing/img_mkt/derila_1.img
63	32	31	17	/soya2/sourcing/img_soya/v3_35_SOYA_3.0_Grey_1.jpg	/soya2/sourcing/img_mkt/comfy_5.img
63	32	31	20	/soya2/sourcing/img_soya/h2_02_2-housse_Oreiller_de_Rechange_Soya_img3.webp	/soya2/sourcing/img_mkt/jty_p6036_6.webp
63	32	31	21	/soya2/sourcing/img_soya/enf_20_KIDS_YELLOW_5.png	/soya2/sourcing/img_mkt/jty_p6036_5.webp
63	32	31	22	/soya/gallery/36.jpg	/soya2/sourcing/img_mkt/derila_6.img
63	32	31	22	/soya/gallery/37.jpg	/soya2/sourcing/img_mkt/derila_6.img
63	32	31	22	/soya2/sourcing/img_soya/enf_07_KIDS_PINK_6.jpg	/soya2/sourcing/img_mkt/mic_jty_2.webp
63	32	31	22	/soya2/sourcing/img_soya/h3_14_7687678_2.png	/soya2/sourcing/img_mkt/comfy_6.img
63	32	31	22	/soya2/sourcing/img_soya/v2_01_1-oreiller-soya-2_0_img2_7d72b6af-35c7-4427-8f15-843f227d977	/soya_prix/imgs/comfysle_2.img
63	32	31	22	/soya2/sourcing/img_soya/v3_12_2_782a3829-4b96-451b-93e4-630d8f06e705.png	/soya_prix/imgs/somnilys_2.img
63	32	31	22	/soya2/sourcing/img_soya/v3_29_7687678_2_0409bb9a-6b40-434d-807f-98da5554945a.png	/soya2/sourcing/img_mkt/comfy_6.img
63	32	31	23	/soya/gallery/38.jpg	/soya2/sourcing/img_mkt/comfy_6.img
63	32	31	23	/soya2/sourcing/img_soya/henf_02_KIDS_P_1_3.png	/soya_prix/imgs/somnilys_2.img
63	32	31	23	/soya2/sourcing/img_soya/v1_01_8-Oreiller_Soya_1.0_img2.webp	/soya_prix/imgs/inphysio_2.img
63	32	31	23	/soya2/sourcing/img_soya/v3_12_2_782a3829-4b96-451b-93e4-630d8f06e705.png	/soya2/sourcing/img_mkt/jty_knee_2.webp
63	32	31	23	/soya2/sourcing/img_soya/voy_04_9-Oreiller-de-Voyage-Ergonomique-Soya_img5.webp	/soya2/sourcing/img_mkt/comfy_6.img
63	32	31	23	/soya2/sourcing/img_soya/voy_05_9-Oreiller-de-Voyage-Ergonomique-Soya_img6.webp	/soya2/sourcing/img_mkt/comfy_6.img
63	32	31	23	/soya2/sourcing/img_soya/voy_06_9-Oreiller-de-Voyage-Ergonomique-Soya_img7.webp	/soya2/sourcing/img_mkt/comfy_6.img
63	32	31	24	/soya/gallery/19.jpg	/soya2/sourcing/img_mkt/jty_p6036_6.webp
63	32	31	24	/soya2/sourcing/img_soya/enf_10_KIDS_PINK_1.png	/soya_prix/imgs/htconfort_2.img
63	32	31	24	/soya2/sourcing/img_soya/h2_01_2-housse_Oreiller_de_Rechange_Soya_img4.webp	/soya2/sourcing/img_mkt/jty_knee_2.webp
63	32	31	24	/soya2/sourcing/img_soya/henf_00_KIDS_P_1_2.png	/soya_prix/imgs/somnilys_2.img
63	32	31	24	/soya2/sourcing/img_soya/henf_01_KIDS_P_1_4.png	/soya_prix/imgs/somnilys_2.img
63	32	31	24	/soya2/sourcing/img_soya/v2_03_1-oreiller-soya-2_0_img4_39d31902-82e0-42b3-a8cb-6b71e2ebfe7	/soya2/sourcing/img_mkt/jty_knee_2.webp
63	32	31	24	/soya2/sourcing/img_soya/v3_12_2_782a3829-4b96-451b-93e4-630d8f06e705.png	/soya2/sourcing/img_mkt/jty_p6036_2.webp
63	32	31	24	/soya2/sourcing/img_soya/voy_04_9-Oreiller-de-Voyage-Ergonomique-Soya_img5.webp	/soya2/sourcing/img_mkt/confal_3.img
63	32	31	24	/soya2/sourcing/img_soya/voy_05_9-Oreiller-de-Voyage-Ergonomique-Soya_img6.webp	/soya2/sourcing/img_mkt/confal_3.img
63	32	31	24	/soya2/sourcing/img_soya/voy_06_9-Oreiller-de-Voyage-Ergonomique-Soya_img7.webp	/soya2/sourcing/img_mkt/confal_3.img
63	32	31	26	/soya2/sourcing/img_soya/enf_09_KIDS_PINK_2.png	/soya2/sourcing/img_mkt/jty_knee_6.webp
63	32	31	26	/soya2/sourcing/img_soya/enf_14_KIDS_YELLOW_6.jpg	/soya2/sourcing/img_mkt/jty_p6036_2.webp
63	32	31	26	/soya2/sourcing/img_soya/v1_03_8-Oreiller_Soya_1.0_img4.webp	/soya2/sourcing/img_mkt/comfy_2.img
63	32	31	27	/soya2/sourcing/img_soya/enf_03_KIDSP1_5.png	/soya_prix/imgs/comfysle_0.img
63	32	31	27	/soya2/sourcing/img_soya/h3_14_7687678_2.png	/soya2/sourcing/img_mkt/jty_knee_3.webp
63	32	31	27	/soya2/sourcing/img_soya/v3_29_7687678_2_0409bb9a-6b40-434d-807f-98da5554945a.png	/soya2/sourcing/img_mkt/jty_knee_3.webp
63	32	31	28	/soya/gallery/35.jpg	/soya2/sourcing/img_mkt/jty_knee_6.webp
63	32	31	28	/soya2/sourcing/img_soya/enf_17_KIDS_YELLOW_1.png	/soya2/sourcing/img_mkt/jty_knee_3.webp
63	32	31	28	/soya2/sourcing/img_soya/h2_02_2-housse_Oreiller_de_Rechange_Soya_img3.webp	/soya2/sourcing/img_mkt/comfy_1.img
63	32	31	28	/soya2/sourcing/img_soya/h2_02_2-housse_Oreiller_de_Rechange_Soya_img3.webp	/soya_prix/imgs/comfysle_1.img
63	32	31	29	/soya2/sourcing/img_soya/enf_11_KIDS_PINK_7.png	/soya_prix/imgs/htconfort_2.img
63	32	31	29	/soya2/sourcing/img_soya/h2_03_2-housse_Oreiller_de_Rechange_Soya_img5.webp	/soya_prix/imgs/htconfort_2.img
63	32	31	29	/soya2/sourcing/img_soya/henf_04_KIDS_PINK_7.png	/soya_prix/imgs/htconfort_2.img
63	32	31	30	/soya/gallery/10.jpg	/soya_prix/imgs/htconfort_2.img
63	32	31	30	/soya2/sourcing/img_soya/enf_09_KIDS_PINK_2.png	/soya_prix/imgs/comfysle_0.img
63	32	31	30	/soya2/sourcing/img_soya/regl_01_14-Ensemble_Oreillers_Reglables_img2.webp	/soya2/sourcing/img_mkt/comfy_6.img
63	32	31	30	/soya2/sourcing/img_soya/v1_04_8-Oreiller_Soya_1.0_img5.webp	/soya_prix/imgs/htconfort_1.img
63	32	31	30	/soya2/sourcing/img_soya/voy_00_9-Oreiller-de-Voyage-Ergonomique-Soyacouverture_HD.webp	/soya2/sourcing/img_mkt/jty_knee_5.webp
63	32	31	31	/soya/gallery/06.jpg	/soya2/sourcing/img_mkt/jty_knee_3.webp
63	32	31	31	/soya/gallery/18.jpg	/soya2/sourcing/img_mkt/jty_knee_3.webp
63	32	31	31	/soya/gallery/22.jpg	/soya2/sourcing/img_mkt/jty_knee_3.webp
63	32	31	31	/soya/gallery/28.jpg	/soya2/sourcing/img_mkt/jty_knee_3.webp
63	32	31	31	/soya2/sourcing/img_soya/enf_15_KIDS_YELLOW_4.png	/soya2/sourcing/img_mkt/jty_knee_4.webp
63	32	31	31	/soya2/sourcing/img_soya/henf_00_KIDS_P_1_2.png	/soya2/sourcing/img_mkt/derila_4.img
63	32	31	31	/soya2/sourcing/img_soya/henf_01_KIDS_P_1_4.png	/soya2/sourcing/img_mkt/derila_4.img
63	32	31	31	/soya2/sourcing/img_soya/lomb_00_4-Coussin_Lombaire_Ergonomique_Soya_couverture_HD.webp	/soya_prix/imgs/somnilys_1.img
63	32	31	31	/soya2/sourcing/img_soya/v3_24_SOYA_3.0_Grey-2.jpg	/soya2/sourcing/img_mkt/comfy_7.img
63	32	31	32	/soya/gallery/08.jpg	/soya2/sourcing/img_mkt/derila_5.img
63	32	31	32	/soya2/sourcing/img_soya/enf_03_KIDSP1_5.png	/soya2/sourcing/img_mkt/derila_5.img
63	32	31	32	/soya2/sourcing/img_soya/enf_04_KIDSP1_1.png	/soya2/sourcing/img_mkt/mic_jty_1.webp
63	32	31	32	/soya2/sourcing/img_soya/enf_15_KIDS_YELLOW_4.png	/soya2/sourcing/img_mkt/mic_tnjk_10.webp
63	32	31	32	/soya2/sourcing/img_soya/enf_15_KIDS_YELLOW_4.png	/soya2/sourcing/img_mkt/mic_tnjk_6.webp
63	32	31	32	/soya2/sourcing/img_soya/enf_15_KIDS_YELLOW_4.png	/soya2/sourcing/img_mkt/mic_tnjk_9.webp
63	32	31	32	/soya2/sourcing/img_soya/h3_04_14_feded688-a4ff-4333-8fba-e9a2e53c877a.png	/soya2/sourcing/img_mkt/derila_4.img
63	32	31	32	/soya2/sourcing/img_soya/henf_03_KIDSP1_1.png	/soya2/sourcing/img_mkt/mic_jty_1.webp
63	32	31	32	/soya2/sourcing/img_soya/v3_12_2_782a3829-4b96-451b-93e4-630d8f06e705.png	/soya2/sourcing/img_mkt/mic_jty_5.webp
63	32	31	33	/soya/gallery/13.jpg	/soya2/sourcing/img_mkt/jty_knee_6.webp
63	32	31	33	/soya2/sourcing/img_soya/lomb_02_4-Coussin_Lombaire_Ergonomique_Soya_img3.webp	/soya2/sourcing/img_mkt/mic_tnjk_10.webp
63	32	31	33	/soya2/sourcing/img_soya/lomb_02_4-Coussin_Lombaire_Ergonomique_Soya_img3.webp	/soya2/sourcing/img_mkt/mic_tnjk_6.webp
63	32	31	33	/soya2/sourcing/img_soya/lomb_02_4-Coussin_Lombaire_Ergonomique_Soya_img3.webp	/soya2/sourcing/img_mkt/mic_tnjk_9.webp
63	32	31	33	/soya2/sourcing/img_soya/v1_02_8-Oreiller_Soya_1.0_img3.webp	/soya_prix/imgs/somnilys_2.img
63	32	31	34	/soya/gallery/11.jpg	/soya2/sourcing/img_mkt/derila_5.img
63	32	31	34	/soya/gallery/39.jpg	/soya_prix/imgs/htconfort_0.img
63	32	31	34	/soya2/sourcing/img_soya/v1_04_8-Oreiller_Soya_1.0_img5.webp	/soya2/sourcing/img_mkt/confal_2.img
63	32	31	34	/soya2/sourcing/img_soya/v1_04_8-Oreiller_Soya_1.0_img5.webp	/soya_prix/imgs/confortalign_2.img
63	32	31	34	/soya2/sourcing/img_soya/voy_03_9-Oreiller-de-Voyage-Ergonomique-Soya_img4.webp	/soya2/sourcing/img_mkt/derila_6.img
63	32	31	35	/soya/gallery/06.jpg	/soya2/sourcing/img_mkt/jty_knee_1.webp
63	32	31	35	/soya/gallery/07.jpg	/soya2/sourcing/img_mkt/confal_0.img
63	32	31	35	/soya/gallery/07.jpg	/soya_prix/imgs/confortalign_0.img
63	32	31	35	/soya/gallery/10.jpg	/soya2/sourcing/img_mkt/comfy_7.img
63	32	31	35	/soya/gallery/18.jpg	/soya2/sourcing/img_mkt/jty_knee_1.webp
63	32	31	35	/soya/gallery/22.jpg	/soya2/sourcing/img_mkt/jty_knee_1.webp
63	32	31	35	/soya/gallery/28.jpg	/soya2/sourcing/img_mkt/jty_knee_1.webp
63	32	31	35	/soya2/sourcing/img_soya/enf_08_KIDS_PINK_4.png	/soya2/sourcing/img_mkt/confal_0.img
63	32	31	35	/soya2/sourcing/img_soya/enf_08_KIDS_PINK_4.png	/soya2/sourcing/img_mkt/jty_p6036_1.webp
63	32	31	35	/soya2/sourcing/img_soya/enf_08_KIDS_PINK_4.png	/soya_prix/imgs/confortalign_0.img
63	32	31	35	/soya2/sourcing/img_soya/voy_01_9-Oreiller-de-Voyage-Ergonomique-Soya_img2.webp	/soya_prix/imgs/inphysio_1.img
63	32	31	36	/soya/gallery/23.jpg	/soya2/sourcing/img_mkt/mic_jty_12.webp
63	32	31	36	/soya/gallery/35.jpg	/soya2/sourcing/img_mkt/confal_1.img
63	32	31	36	/soya/gallery/35.jpg	/soya_prix/imgs/confortalign_1.img
63	32	31	36	/soya/gallery/39.jpg	/soya2/sourcing/img_mkt/jty_p6036_4.webp
63	32	31	36	/soya2/sourcing/img_soya/regl_01_14-Ensemble_Oreillers_Reglables_img2.webp	/soya2/sourcing/img_mkt/confal_4.img
63	32	31	36	/soya2/sourcing/img_soya/v2_07_1-oreiller-soya-2_0_img7_43909438-1603-4e59-add4-f987f4acd78	/soya2/sourcing/img_mkt/derila_1.img
63	32	31	37	/soya/gallery/05.jpg	/soya2/sourcing/img_mkt/mic_jty_12.webp
63	32	31	37	/soya/gallery/31.jpg	/soya_prix/imgs/zamatsle_2.img
63	32	31	37	/soya/gallery/34.jpg	/soya2/sourcing/img_mkt/confal_1.img
63	32	31	37	/soya/gallery/34.jpg	/soya_prix/imgs/confortalign_1.img
63	32	31	38	/soya2/sourcing/img_soya/enf_00_KIDSP2.jpg	/soya2/sourcing/img_mkt/derila_0.img
63	32	31	38	/soya2/sourcing/img_soya/enf_04_KIDSP1_1.png	/soya2/sourcing/img_mkt/mic_tnjk_11.webp
63	32	31	38	/soya2/sourcing/img_soya/enf_04_KIDSP1_1.png	/soya2/sourcing/img_mkt/mic_tnjk_4.webp
63	32	31	38	/soya2/sourcing/img_soya/enf_04_KIDSP1_1.png	/soya2/sourcing/img_mkt/mic_tnjk_7.webp
63	32	31	38	/soya2/sourcing/img_soya/enf_07_KIDS_PINK_6.jpg	/soya_prix/imgs/htconfort_0.img
63	32	31	38	/soya2/sourcing/img_soya/henf_03_KIDSP1_1.png	/soya2/sourcing/img_mkt/mic_tnjk_11.webp
63	32	31	38	/soya2/sourcing/img_soya/henf_03_KIDSP1_1.png	/soya2/sourcing/img_mkt/mic_tnjk_4.webp
63	32	31	38	/soya2/sourcing/img_soya/henf_03_KIDSP1_1.png	/soya2/sourcing/img_mkt/mic_tnjk_7.webp
63	32	31	38	/soya2/sourcing/img_soya/v1_04_8-Oreiller_Soya_1.0_img5.webp	/soya2/sourcing/img_mkt/comfy_5.img
63	32	31	38	/soya2/sourcing/img_soya/v2_07_1-oreiller-soya-2_0_img7_43909438-1603-4e59-add4-f987f4acd78	/soya2/sourcing/img_mkt/mic_jty_1.webp
63	32	31	38	/soya2/sourcing/img_soya/voy_00_9-Oreiller-de-Voyage-Ergonomique-Soyacouverture_HD.webp	/soya_prix/imgs/inphysio_0.img
63	32	31	39	/soya2/sourcing/img_soya/v2_08_11_bf88b3df-377c-4ddb-b78a-cc7a164e7755.png	/soya2/sourcing/img_mkt/confal_4.img
63	32	31	39	/soya2/sourcing/img_soya/v3_30_IMG_9178.png	/soya_prix/imgs/inphysio_2.img
63	32	31	40	/soya/gallery/15.jpg	/soya2/sourcing/img_mkt/mic_jty_5.webp
63	32	31	40	/soya2/sourcing/img_soya/enf_06_KIDSP1_1.jpg	/soya2/sourcing/img_mkt/mic_jty_12.webp
63	32	31	40	/soya2/sourcing/img_soya/enf_16_KIDS_YELLOW_7.png	/soya2/sourcing/img_mkt/jty_knee_5.webp
63	32	31	40	/soya2/sourcing/img_soya/h3_12_7687678_3.png	/soya2/sourcing/img_mkt/derila_2.img
63	32	31	41	/soya/gallery/15.jpg	/soya_prix/imgs/comfysle_2.img
63	32	31	41	/soya2/sourcing/img_soya/henf_00_KIDS_P_1_2.png	/soya2/sourcing/img_mkt/jty_knee_2.webp
63	32	31	41	/soya2/sourcing/img_soya/henf_00_KIDS_P_1_2.png	/soya2/sourcing/img_mkt/jty_p6036_4.webp
63	32	31	41	/soya2/sourcing/img_soya/v2_00_1-oreiller-soya-2_0HD.webp	/soya_prix/imgs/zamatsle_0.img
63	32	31	41	/soya2/sourcing/img_soya/v3_32_Soya_3.0_Grey_1.png	/soya_prix/imgs/htconfort_1.img
63	32	31	42	/soya2/sourcing/img_soya/henf_02_KIDS_P_1_3.png	/soya2/sourcing/img_mkt/jty_p6036_4.webp
63	32	31	42	/soya2/sourcing/img_soya/lomb_04_3_9225ca02-f60c-47d3-b26c-49df6ebba454.png	/soya_prix/imgs/htconfort_0.img
63	32	31	43	/soya/gallery/13.jpg	/soya2/sourcing/img_mkt/derila_2.img
63	32	31	45	/soya/gallery/15.jpg	/soya_prix/imgs/zamatsle_0.img
63	32	31	46	/soya2/sourcing/img_soya/enf_11_KIDS_PINK_7.png	/soya2/sourcing/img_mkt/mic_jty_3.webp
63	32	31	46	/soya2/sourcing/img_soya/enf_20_KIDS_YELLOW_5.png	/soya2/sourcing/img_mkt/mic_jty_8.webp
63	32	31	46	/soya2/sourcing/img_soya/henf_04_KIDS_PINK_7.png	/soya2/sourcing/img_mkt/mic_jty_3.webp
63	32	31	47	/soya2/sourcing/img_soya/regl_00_14-Ensemble_Oreillers_Reglables_couverture_HD.webp	/soya_prix/imgs/htconfort_2.img
63	32	31	48	/soya/gallery/03.jpg	/soya2/sourcing/img_mkt/derila_6.img
63	32	31	48	/soya/gallery/14.jpg	/soya2/sourcing/img_mkt/derila_6.img
63	32	31	48	/soya/gallery/27.jpg	/soya2/sourcing/img_mkt/derila_6.img
63	32	31	48	/soya2/sourcing/img_soya/h3_08_15_eb23f129-89f3-4ffc-be96-9e67ce1c745f.png	/soya2/sourcing/img_mkt/mic_jty_8.webp
63	32	31	48	/soya2/sourcing/img_soya/h3_13_Soya_3.0_Grey_2.png	/soya2/sourcing/img_mkt/confal_0.img
63	32	31	48	/soya2/sourcing/img_soya/h3_13_Soya_3.0_Grey_2.png	/soya_prix/imgs/confortalign_0.img
63	32	31	48	/soya2/sourcing/img_soya/v3_28_Soya_3.0_Grey_2_47c0e3de-4c91-48dd-960e-4a36d6b20353.png	/soya2/sourcing/img_mkt/confal_0.img
63	32	31	48	/soya2/sourcing/img_soya/v3_28_Soya_3.0_Grey_2_47c0e3de-4c91-48dd-960e-4a36d6b20353.png	/soya_prix/imgs/confortalign_0.img
63	32	31	50	/soya2/sourcing/img_soya/enf_12_KIDS_PINK_5.png	/soya_prix/imgs/comfysle_2.img
63	32	31	50	/soya2/sourcing/img_soya/v3_32_Soya_3.0_Grey_1.png	/soya2/sourcing/img_mkt/comfy_2.img
63	34	29	15	/soya2/sourcing/img_soya/voy_03_9-Oreiller-de-Voyage-Ergonomique-Soya_img4.webp	/soya_prix/imgs/zamatsle_1.img
63	34	29	17	/soya2/sourcing/img_soya/v2_02_1-oreiller-soya-2_0_img3_5f834f33-5e47-49e1-a6a1-34e17f3341b	/soya2/sourcing/img_mkt/confal_5.img
63	34	29	22	/soya2/sourcing/img_soya/enf_19_KIDS_YELLOW_3.png	/soya2/sourcing/img_mkt/mic_tnjk_11.webp
63	34	29	22	/soya2/sourcing/img_soya/enf_19_KIDS_YELLOW_3.png	/soya2/sourcing/img_mkt/mic_tnjk_4.webp
63	34	29	22	/soya2/sourcing/img_soya/enf_19_KIDS_YELLOW_3.png	/soya2/sourcing/img_mkt/mic_tnjk_7.webp
63	34	29	22	/soya2/sourcing/img_soya/v3_25_Soya_3.0_grey_2_2e59cacb-6ebc-4f36-8a81-44478c9d4589.png	/soya2/sourcing/img_mkt/comfy_6.img
63	34	29	23	/soya2/sourcing/img_soya/enf_14_KIDS_YELLOW_6.jpg	/soya2/sourcing/img_mkt/mic_jty_2.webp
63	34	29	24	/soya/gallery/30.jpg	/soya2/sourcing/img_mkt/jty_knee_6.webp
63	34	29	24	/soya2/sourcing/img_soya/enf_10_KIDS_PINK_1.png	/soya_prix/imgs/zamatsle_2.img
63	34	29	24	/soya2/sourcing/img_soya/voy_02_9-Oreiller-de-Voyage-Ergonomique-Soya_img3.webp	/soya2/sourcing/img_mkt/confal_1.img
63	34	29	24	/soya2/sourcing/img_soya/voy_02_9-Oreiller-de-Voyage-Ergonomique-Soya_img3.webp	/soya_prix/imgs/confortalign_1.img
63	34	29	25	/soya2/sourcing/img_soya/h3_15_7687678_1.png	/soya_prix/imgs/somnilys_2.img
63	34	29	26	/soya2/sourcing/img_soya/v2_02_1-oreiller-soya-2_0_img3_5f834f33-5e47-49e1-a6a1-34e17f3341b	/soya2/sourcing/img_mkt/confal_1.img
63	34	29	26	/soya2/sourcing/img_soya/v2_02_1-oreiller-soya-2_0_img3_5f834f33-5e47-49e1-a6a1-34e17f3341b	/soya_prix/imgs/confortalign_1.img
63	34	29	26	/soya2/sourcing/img_soya/v3_24_SOYA_3.0_Grey-2.jpg	/soya2/sourcing/img_mkt/jty_p6036_2.webp
63	34	29	26	/soya2/sourcing/img_soya/voy_02_9-Oreiller-de-Voyage-Ergonomique-Soya_img3.webp	/soya2/sourcing/img_mkt/confal_3.img
63	34	29	27	/soya2/sourcing/img_soya/enf_20_KIDS_YELLOW_5.png	/soya2/sourcing/img_mkt/mic_jty_1.webp
63	34	29	27	/soya2/sourcing/img_soya/h3_15_7687678_1.png	/soya2/sourcing/img_mkt/jty_p6036_2.webp
63	34	29	28	/soya2/sourcing/img_soya/enf_11_KIDS_PINK_7.png	/soya2/sourcing/img_mkt/jty_knee_2.webp
63	34	29	28	/soya2/sourcing/img_soya/henf_04_KIDS_PINK_7.png	/soya2/sourcing/img_mkt/jty_knee_2.webp
63	34	29	28	/soya2/sourcing/img_soya/v3_31_Firefly_Gemini_Flash_Generate_the_same_image_exactly_as_the_	/soya2/sourcing/img_mkt/jty_knee_6.webp
63	34	29	29	/soya/gallery/16.jpg	/soya_prix/imgs/inphysio_0.img
63	34	29	29	/soya2/sourcing/img_soya/enf_04_KIDSP1_1.png	/soya_prix/imgs/htconfort_0.img
63	34	29	29	/soya2/sourcing/img_soya/henf_03_KIDSP1_1.png	/soya_prix/imgs/htconfort_0.img
63	34	29	29	/soya2/sourcing/img_soya/lomb_04_3_9225ca02-f60c-47d3-b26c-49df6ebba454.png	/soya2/sourcing/img_mkt/confal_0.img
63	34	29	29	/soya2/sourcing/img_soya/lomb_04_3_9225ca02-f60c-47d3-b26c-49df6ebba454.png	/soya_prix/imgs/confortalign_0.img
63	34	29	31	/soya2/sourcing/img_soya/enf_09_KIDS_PINK_2.png	/soya2/sourcing/img_mkt/comfy_6.img
63	34	29	32	/soya2/sourcing/img_soya/enf_16_KIDS_YELLOW_7.png	/soya2/sourcing/img_mkt/comfy_6.img
63	34	29	32	/soya2/sourcing/img_soya/v3_27_Firefly_Gemini_Flash_Generate_the_same_image_exactly_as_the_	/soya2/sourcing/img_mkt/derila_6.img
63	34	29	34	/soya/gallery/16.jpg	/soya2/sourcing/img_mkt/jty_knee_6.webp
63	34	29	34	/soya2/sourcing/img_soya/v3_42_41.1.png	/soya2/sourcing/img_mkt/derila_5.img
63	34	29	35	/soya/gallery/23.jpg	/soya_prix/imgs/zamatsle_3.img
63	34	29	35	/soya2/sourcing/img_soya/henf_01_KIDS_P_1_4.png	/soya2/sourcing/img_mkt/comfy_7.img
63	34	29	35	/soya2/sourcing/img_soya/v3_42_41.1.png	/soya2/sourcing/img_mkt/jty_knee_6.webp
63	34	29	36	/soya2/sourcing/img_soya/enf_18_KIDS_YELLOW_2.png	/soya2/sourcing/img_mkt/mic_tnjk_11.webp
63	34	29	36	/soya2/sourcing/img_soya/enf_18_KIDS_YELLOW_2.png	/soya2/sourcing/img_mkt/mic_tnjk_4.webp
63	34	29	36	/soya2/sourcing/img_soya/enf_18_KIDS_YELLOW_2.png	/soya2/sourcing/img_mkt/mic_tnjk_7.webp
63	34	29	36	/soya2/sourcing/img_soya/henf_02_KIDS_P_1_3.png	/soya2/sourcing/img_mkt/comfy_7.img
63	34	29	36	/soya2/sourcing/img_soya/henf_05_KIDS_YELLOW_2.png	/soya2/sourcing/img_mkt/mic_tnjk_11.webp
63	34	29	36	/soya2/sourcing/img_soya/henf_05_KIDS_YELLOW_2.png	/soya2/sourcing/img_mkt/mic_tnjk_4.webp
63	34	29	36	/soya2/sourcing/img_soya/henf_05_KIDS_YELLOW_2.png	/soya2/sourcing/img_mkt/mic_tnjk_7.webp
63	34	29	37	/soya2/sourcing/img_soya/v2_04_1-oreiller-soya-2_0_img5_a8a3199e-0071-4043-a899-f89baff5294	/soya2/sourcing/img_mkt/comfy_1.img
63	34	29	37	/soya2/sourcing/img_soya/v2_04_1-oreiller-soya-2_0_img5_a8a3199e-0071-4043-a899-f89baff5294	/soya_prix/imgs/comfysle_1.img
63	34	29	38	/soya/gallery/01.jpg	/soya2/sourcing/img_mkt/mic_jty_12.webp
63	34	29	38	/soya/gallery/12.jpg	/soya2/sourcing/img_mkt/mic_jty_12.webp
63	34	29	38	/soya/gallery/24.jpg	/soya2/sourcing/img_mkt/mic_jty_12.webp
63	34	29	39	/soya2/sourcing/img_soya/enf_07_KIDS_PINK_6.jpg	/soya2/sourcing/img_mkt/mic_jty_5.webp
63	34	29	39	/soya2/sourcing/img_soya/enf_11_KIDS_PINK_7.png	/soya2/sourcing/img_mkt/mic_tnjk_11.webp
63	34	29	39	/soya2/sourcing/img_soya/enf_11_KIDS_PINK_7.png	/soya2/sourcing/img_mkt/mic_tnjk_4.webp
63	34	29	39	/soya2/sourcing/img_soya/enf_11_KIDS_PINK_7.png	/soya2/sourcing/img_mkt/mic_tnjk_7.webp
63	34	29	39	/soya2/sourcing/img_soya/henf_04_KIDS_PINK_7.png	/soya2/sourcing/img_mkt/mic_tnjk_11.webp
63	34	29	39	/soya2/sourcing/img_soya/henf_04_KIDS_PINK_7.png	/soya2/sourcing/img_mkt/mic_tnjk_4.webp
63	34	29	39	/soya2/sourcing/img_soya/henf_04_KIDS_PINK_7.png	/soya2/sourcing/img_mkt/mic_tnjk_7.webp
63	34	29	39	/soya2/sourcing/img_soya/v2_04_1-oreiller-soya-2_0_img5_a8a3199e-0071-4043-a899-f89baff5294	/soya2/sourcing/img_mkt/mic_jty_1.webp
63	34	29	40	/soya2/sourcing/img_soya/enf_05_KIDSP1_3.jpg	/soya2/sourcing/img_mkt/derila_1.img
63	34	29	40	/soya2/sourcing/img_soya/h2_00_2-housse_Oreiller_de_Rechange_Soya_HD.webp	/soya_prix/imgs/somnilys_0.img
63	34	29	42	/soya/gallery/11.jpg	/soya2/sourcing/img_mkt/confal_4.img
63	34	29	43	/soya2/sourcing/img_soya/v3_34_Soya_3.0_Grey.png	/soya_prix/imgs/zamatsle_3.img
63	34	29	44	/soya2/sourcing/img_soya/v3_12_2_782a3829-4b96-451b-93e4-630d8f06e705.png	/soya2/sourcing/img_mkt/mic_jty_1.webp
63	34	29	45	/soya/gallery/32.jpg	/soya2/sourcing/img_mkt/jty_p6036_4.webp
63	34	29	45	/soya2/sourcing/img_soya/enf_07_KIDS_PINK_6.jpg	/soya_prix/imgs/htconfort_2.img
63	34	29	47	/soya2/sourcing/img_soya/h3_13_Soya_3.0_Grey_2.png	/soya2/sourcing/img_mkt/mic_jty_3.webp
63	34	29	47	/soya2/sourcing/img_soya/v1_02_8-Oreiller_Soya_1.0_img3.webp	/soya2/sourcing/img_mkt/derila_1.img
63	34	29	47	/soya2/sourcing/img_soya/v3_28_Soya_3.0_Grey_2_47c0e3de-4c91-48dd-960e-4a36d6b20353.png	/soya2/sourcing/img_mkt/mic_jty_3.webp
63	34	29	48	/soya2/sourcing/img_soya/h3_13_Soya_3.0_Grey_2.png	/soya2/sourcing/img_mkt/jty_p6036_3.webp
63	34	29	48	/soya2/sourcing/img_soya/v3_28_Soya_3.0_Grey_2_47c0e3de-4c91-48dd-960e-4a36d6b20353.png	/soya2/sourcing/img_mkt/jty_p6036_3.webp
63	34	29	50	/soya/gallery/13.jpg	/soya2/sourcing/img_mkt/comfy_2.img
63	34	29	50	/soya/gallery/25.jpg	/soya2/sourcing/img_mkt/comfy_2.img
63	34	29	51	/soya2/sourcing/img_soya/h3_04_14_feded688-a4ff-4333-8fba-e9a2e53c877a.png	/soya2/sourcing/img_mkt/mic_jty_5.webp
63	36	27	19	/soya2/sourcing/img_soya/v1_01_8-Oreiller_Soya_1.0_img2.webp	/soya_prix/imgs/comfysle_3.img
63	36	27	20	/soya2/sourcing/img_soya/h2_01_2-housse_Oreiller_de_Rechange_Soya_img4.webp	/soya2/sourcing/img_mkt/jty_p6036_4.webp
63	36	27	20	/soya2/sourcing/img_soya/v1_03_8-Oreiller_Soya_1.0_img4.webp	/soya_prix/imgs/inphysio_0.img
63	36	27	20	/soya2/sourcing/img_soya/v2_03_1-oreiller-soya-2_0_img4_39d31902-82e0-42b3-a8cb-6b71e2ebfe7	/soya2/sourcing/img_mkt/jty_p6036_4.webp
63	36	27	23	/soya/gallery/23.jpg	/soya2/sourcing/img_mkt/derila_5.img
63	36	27	27	/soya2/sourcing/img_soya/enf_13_KIDS_PINK_3.png	/soya2/sourcing/img_mkt/mic_jty_1.webp
63	36	27	28	/soya/gallery/23.jpg	/soya2/sourcing/img_mkt/confal_1.img
63	36	27	28	/soya/gallery/23.jpg	/soya_prix/imgs/confortalign_1.img
63	36	27	29	/soya2/sourcing/img_soya/enf_16_KIDS_YELLOW_7.png	/soya2/sourcing/img_mkt/confal_3.img
63	36	27	32	/soya2/sourcing/img_soya/regl_00_14-Ensemble_Oreillers_Reglables_couverture_HD.webp	/soya2/sourcing/img_mkt/comfy_3.img
63	36	27	35	/soya2/sourcing/img_soya/regl_02_14-Ensemble_Oreillers_Reglables_img3.webp	/soya2/sourcing/img_mkt/jty_knee_1.webp
63	36	27	37	/soya/gallery/35.jpg	/soya2/sourcing/img_mkt/derila_5.img
63	36	27	38	/soya/gallery/04.jpg	/soya2/sourcing/img_mkt/confal_4.img
63	36	27	38	/soya/gallery/07.jpg	/soya2/sourcing/img_mkt/mic_jty_3.webp
63	36	27	38	/soya2/sourcing/img_soya/h2_00_2-housse_Oreiller_de_Rechange_Soya_HD.webp	/soya_prix/imgs/inphysio_0.img
63	36	27	39	/soya2/sourcing/img_soya/v1_03_8-Oreiller_Soya_1.0_img4.webp	/soya2/sourcing/img_mkt/jty_knee_6.webp
63	36	27	40	/soya2/sourcing/img_soya/lomb_00_4-Coussin_Lombaire_Ergonomique_Soya_couverture_HD.webp	/soya2/sourcing/img_mkt/confal_2.img
63	36	27	40	/soya2/sourcing/img_soya/lomb_00_4-Coussin_Lombaire_Ergonomique_Soya_couverture_HD.webp	/soya_prix/imgs/confortalign_2.img
63	36	27	41	/soya2/sourcing/img_soya/v2_05_Oreiller_position_4.png	/soya2/sourcing/img_mkt/jty_knee_3.webp
63	36	27	42	/soya2/sourcing/img_soya/v3_24_SOYA_3.0_Grey-2.jpg	/soya2/sourcing/img_mkt/mic_jty_1.webp
63	36	27	44	/soya2/sourcing/img_soya/v1_02_8-Oreiller_Soya_1.0_img3.webp	/soya2/sourcing/img_mkt/jty_knee_2.webp
63	36	27	46	/soya/gallery/35.jpg	/soya2/sourcing/img_mkt/derila_2.img
63	36	27	52	/soya2/sourcing/img_soya/v1_02_8-Oreiller_Soya_1.0_img3.webp	/soya2/sourcing/img_mkt/derila_0.img
63	38	25	22	/soya2/sourcing/img_soya/regl_01_14-Ensemble_Oreillers_Reglables_img2.webp	/soya2/sourcing/img_mkt/confal_5.img
63	38	25	32	/soya/gallery/13.jpg	/soya2/sourcing/img_mkt/mic_tnjk_10.webp
63	38	25	32	/soya/gallery/13.jpg	/soya2/sourcing/img_mkt/mic_tnjk_6.webp
63	38	25	32	/soya/gallery/13.jpg	/soya2/sourcing/img_mkt/mic_tnjk_9.webp
64	26	38	17	/soya2/sourcing/img_soya/voy_04_9-Oreiller-de-Voyage-Ergonomique-Soya_img5.webp	/soya2/sourcing/img_mkt/jty_knee_2.webp
64	26	38	17	/soya2/sourcing/img_soya/voy_05_9-Oreiller-de-Voyage-Ergonomique-Soya_img6.webp	/soya2/sourcing/img_mkt/jty_knee_2.webp
64	26	38	17	/soya2/sourcing/img_soya/voy_06_9-Oreiller-de-Voyage-Ergonomique-Soya_img7.webp	/soya2/sourcing/img_mkt/jty_knee_2.webp
64	26	38	19	/soya2/sourcing/img_soya/enf_06_KIDSP1_1.jpg	/soya2/sourcing/img_mkt/mic_jty_3.webp
64	26	38	32	/soya2/sourcing/img_soya/v3_30_IMG_9178.png	/soya2/sourcing/img_mkt/derila_0.img
64	26	38	35	/soya2/sourcing/img_soya/v1_01_8-Oreiller_Soya_1.0_img2.webp	/soya2/sourcing/img_mkt/confal_0.img
64	26	38	35	/soya2/sourcing/img_soya/v1_01_8-Oreiller_Soya_1.0_img2.webp	/soya_prix/imgs/confortalign_0.img
64	26	38	38	/soya2/sourcing/img_soya/regl_00_14-Ensemble_Oreillers_Reglables_couverture_HD.webp	/soya_prix/imgs/zamatsle_3.img
64	26	38	47	/soya2/sourcing/img_soya/enf_07_KIDS_PINK_6.jpg	/soya2/sourcing/img_mkt/comfy_0.img
64	28	36	14	/soya/gallery/10.jpg	/soya2/sourcing/img_mkt/jty_knee_4.webp
64	28	36	18	/soya/gallery/06.jpg	/soya_prix/imgs/zamatsle_0.img
64	28	36	18	/soya/gallery/18.jpg	/soya_prix/imgs/zamatsle_0.img
64	28	36	18	/soya/gallery/22.jpg	/soya_prix/imgs/zamatsle_0.img
64	28	36	18	/soya/gallery/28.jpg	/soya_prix/imgs/zamatsle_0.img
64	28	36	21	/soya2/sourcing/img_soya/v3_42_41.1.png	/soya2/sourcing/img_mkt/jty_p6036_5.webp
64	28	36	22	/soya2/sourcing/img_soya/lomb_01_4-Coussin_Lombaire_Ergonomique_Soya_img2.webp	/soya_prix/imgs/somnilys_0.img
64	28	36	25	/soya/gallery/25.jpg	/soya2/sourcing/img_mkt/mic_tnjk_11.webp
64	28	36	25	/soya/gallery/25.jpg	/soya2/sourcing/img_mkt/mic_tnjk_4.webp
64	28	36	25	/soya/gallery/25.jpg	/soya2/sourcing/img_mkt/mic_tnjk_7.webp
64	28	36	25	/soya2/sourcing/img_soya/enf_09_KIDS_PINK_2.png	/soya2/sourcing/img_mkt/derila_0.img
64	28	36	26	/soya/gallery/07.jpg	/soya2/sourcing/img_mkt/comfy_2.img
64	28	36	26	/soya2/sourcing/img_soya/regl_02_14-Ensemble_Oreillers_Reglables_img3.webp	/soya_prix/imgs/zamatsle_0.img
64	28	36	26	/soya2/sourcing/img_soya/v2_07_1-oreiller-soya-2_0_img7_43909438-1603-4e59-add4-f987f4acd78	/soya2/sourcing/img_mkt/jty_knee_6.webp
64	28	36	27	/soya/gallery/06.jpg	/soya2/sourcing/img_mkt/mic_tnjk_11.webp
64	28	36	27	/soya/gallery/06.jpg	/soya2/sourcing/img_mkt/mic_tnjk_4.webp
64	28	36	27	/soya/gallery/06.jpg	/soya2/sourcing/img_mkt/mic_tnjk_7.webp
64	28	36	27	/soya/gallery/18.jpg	/soya2/sourcing/img_mkt/mic_tnjk_11.webp
64	28	36	27	/soya/gallery/18.jpg	/soya2/sourcing/img_mkt/mic_tnjk_4.webp
64	28	36	27	/soya/gallery/18.jpg	/soya2/sourcing/img_mkt/mic_tnjk_7.webp
64	28	36	27	/soya/gallery/19.jpg	/soya2/sourcing/img_mkt/comfy_2.img
64	28	36	27	/soya/gallery/22.jpg	/soya2/sourcing/img_mkt/mic_tnjk_11.webp
64	28	36	27	/soya/gallery/22.jpg	/soya2/sourcing/img_mkt/mic_tnjk_4.webp
64	28	36	27	/soya/gallery/22.jpg	/soya2/sourcing/img_mkt/mic_tnjk_7.webp
64	28	36	27	/soya/gallery/28.jpg	/soya2/sourcing/img_mkt/mic_tnjk_11.webp
64	28	36	27	/soya/gallery/28.jpg	/soya2/sourcing/img_mkt/mic_tnjk_4.webp
64	28	36	27	/soya/gallery/28.jpg	/soya2/sourcing/img_mkt/mic_tnjk_7.webp
64	28	36	27	/soya2/sourcing/img_soya/lomb_03_4_dc2e6161-802a-4c42-a1d6-b9a0a02ce466.png	/soya2/sourcing/img_mkt/mic_jty_2.webp
64	28	36	28	/soya2/sourcing/img_soya/lomb_00_4-Coussin_Lombaire_Ergonomique_Soya_couverture_HD.webp	/soya2/sourcing/img_mkt/jty_p6036_2.webp
64	28	36	29	/soya/gallery/07.jpg	/soya2/sourcing/img_mkt/jty_knee_3.webp
64	28	36	29	/soya/gallery/39.jpg	/soya2/sourcing/img_mkt/confal_3.img
64	28	36	30	/soya2/sourcing/img_soya/enf_08_KIDS_PINK_4.png	/soya2/sourcing/img_mkt/confal_4.img
64	28	36	30	/soya2/sourcing/img_soya/enf_11_KIDS_PINK_7.png	/soya_prix/imgs/somnilys_1.img
64	28	36	30	/soya2/sourcing/img_soya/henf_04_KIDS_PINK_7.png	/soya_prix/imgs/somnilys_1.img
64	28	36	30	/soya2/sourcing/img_soya/voy_00_9-Oreiller-de-Voyage-Ergonomique-Soyacouverture_HD.webp	/soya2/sourcing/img_mkt/mic_jty_2.webp
64	28	36	31	/soya2/sourcing/img_soya/v3_31_Firefly_Gemini_Flash_Generate_the_same_image_exactly_as_the_	/soya2/sourcing/img_mkt/derila_0.img
64	28	36	31	/soya2/sourcing/img_soya/voy_02_9-Oreiller-de-Voyage-Ergonomique-Soya_img3.webp	/soya2/sourcing/img_mkt/mic_jty_2.webp
64	28	36	32	/soya2/sourcing/img_soya/regl_01_14-Ensemble_Oreillers_Reglables_img2.webp	/soya_prix/imgs/comfysle_2.img
64	28	36	32	/soya2/sourcing/img_soya/voy_03_9-Oreiller-de-Voyage-Ergonomique-Soya_img4.webp	/soya2/sourcing/img_mkt/mic_jty_12.webp
64	28	36	33	/soya2/sourcing/img_soya/h2_02_2-housse_Oreiller_de_Rechange_Soya_img3.webp	/soya_prix/imgs/somnilys_1.img
64	28	36	36	/soya2/sourcing/img_soya/enf_09_KIDS_PINK_2.png	/soya2/sourcing/img_mkt/mic_jty_1.webp
64	28	36	36	/soya2/sourcing/img_soya/v2_04_1-oreiller-soya-2_0_img5_a8a3199e-0071-4043-a899-f89baff5294	/soya2/sourcing/img_mkt/jty_knee_5.webp
64	28	36	37	/soya/gallery/02.jpg	/soya_prix/imgs/zamatsle_0.img
64	28	36	37	/soya2/sourcing/img_soya/h2_03_2-housse_Oreiller_de_Rechange_Soya_img5.webp	/soya2/sourcing/img_mkt/jty_knee_4.webp
64	28	36	37	/soya2/sourcing/img_soya/lomb_01_4-Coussin_Lombaire_Ergonomique_Soya_img2.webp	/soya2/sourcing/img_mkt/jty_knee_4.webp
64	28	36	38	/soya/gallery/39.jpg	/soya2/sourcing/img_mkt/jty_knee_5.webp
64	28	36	38	/soya2/sourcing/img_soya/h3_00_13_c9363db8-d780-4903-9a97-df55d0478686.png	/soya2/sourcing/img_mkt/jty_p6036_6.webp
64	28	36	38	/soya2/sourcing/img_soya/v3_33_Soya_3.0_Grey_4.png	/soya_prix/imgs/htconfort_1.img
64	28	36	40	/soya2/sourcing/img_soya/enf_06_KIDSP1_1.jpg	/soya_prix/imgs/htconfort_2.img
64	28	36	40	/soya2/sourcing/img_soya/h3_15_7687678_1.png	/soya2/sourcing/img_mkt/comfy_2.img
64	28	36	40	/soya2/sourcing/img_soya/v2_06_1-oreiller-soya-2_0_img6_9601dd3b-66d6-4311-b41e-5fd7712bdc1	/soya2/sourcing/img_mkt/jty_p6036_6.webp
64	28	36	40	/soya2/sourcing/img_soya/v3_32_Soya_3.0_Grey_1.png	/soya_prix/imgs/zamatsle_0.img
64	28	36	40	/soya2/sourcing/img_soya/voy_01_9-Oreiller-de-Voyage-Ergonomique-Soya_img2.webp	/soya2/sourcing/img_mkt/comfy_3.img
64	28	36	42	/soya2/sourcing/img_soya/enf_19_KIDS_YELLOW_3.png	/soya2/sourcing/img_mkt/jty_knee_3.webp
64	28	36	44	/soya2/sourcing/img_soya/lomb_04_3_9225ca02-f60c-47d3-b26c-49df6ebba454.png	/soya_prix/imgs/zamatsle_3.img
64	30	34	10	/soya2/sourcing/img_soya/voy_03_9-Oreiller-de-Voyage-Ergonomique-Soya_img4.webp	/soya_prix/imgs/htconfort_1.img
64	30	34	13	/soya2/sourcing/img_soya/v3_31_Firefly_Gemini_Flash_Generate_the_same_image_exactly_as_the_	/soya2/sourcing/img_mkt/mic_jty_3.webp
64	30	34	18	/soya/gallery/02.jpg	/soya2/sourcing/img_mkt/jty_p6036_1.webp
64	30	34	19	/soya/gallery/17.jpg	/soya_prix/imgs/inphysio_1.img
64	30	34	21	/soya2/sourcing/img_soya/enf_01_KIDSP1_4.jpg	/soya2/sourcing/img_mkt/derila_0.img
64	30	34	21	/soya2/sourcing/img_soya/enf_10_KIDS_PINK_1.png	/soya_prix/imgs/somnilys_0.img
64	30	34	22	/soya2/sourcing/img_soya/lomb_03_4_dc2e6161-802a-4c42-a1d6-b9a0a02ce466.png	/soya2/sourcing/img_mkt/jty_p6036_5.webp
64	30	34	24	/soya/gallery/08.jpg	/soya2/sourcing/img_mkt/comfy_3.img
64	30	34	24	/soya2/sourcing/img_soya/regl_02_14-Ensemble_Oreillers_Reglables_img3.webp	/soya_prix/imgs/htconfort_0.img
64	30	34	25	/soya/gallery/39.jpg	/soya_prix/imgs/inphysio_1.img
64	30	34	25	/soya2/sourcing/img_soya/v3_31_Firefly_Gemini_Flash_Generate_the_same_image_exactly_as_the_	/soya2/sourcing/img_mkt/mic_jty_2.webp
64	30	34	26	/soya2/sourcing/img_soya/v3_25_Soya_3.0_grey_2_2e59cacb-6ebc-4f36-8a81-44478c9d4589.png	/soya_prix/imgs/comfysle_2.img
64	30	34	27	/soya2/sourcing/img_soya/enf_04_KIDSP1_1.png	/soya2/sourcing/img_mkt/mic_tnjk_10.webp
64	30	34	27	/soya2/sourcing/img_soya/enf_04_KIDSP1_1.png	/soya2/sourcing/img_mkt/mic_tnjk_6.webp
64	30	34	27	/soya2/sourcing/img_soya/enf_04_KIDSP1_1.png	/soya2/sourcing/img_mkt/mic_tnjk_9.webp
64	30	34	27	/soya2/sourcing/img_soya/enf_20_KIDS_YELLOW_5.png	/soya_prix/imgs/inphysio_1.img
64	30	34	27	/soya2/sourcing/img_soya/henf_03_KIDSP1_1.png	/soya2/sourcing/img_mkt/mic_tnjk_10.webp
64	30	34	27	/soya2/sourcing/img_soya/henf_03_KIDSP1_1.png	/soya2/sourcing/img_mkt/mic_tnjk_6.webp
64	30	34	27	/soya2/sourcing/img_soya/henf_03_KIDSP1_1.png	/soya2/sourcing/img_mkt/mic_tnjk_9.webp
64	30	34	27	/soya2/sourcing/img_soya/v1_01_8-Oreiller_Soya_1.0_img2.webp	/soya2/sourcing/img_mkt/mic_tnjk_11.webp
64	30	34	27	/soya2/sourcing/img_soya/v1_01_8-Oreiller_Soya_1.0_img2.webp	/soya2/sourcing/img_mkt/mic_tnjk_4.webp
64	30	34	27	/soya2/sourcing/img_soya/v1_01_8-Oreiller_Soya_1.0_img2.webp	/soya2/sourcing/img_mkt/mic_tnjk_7.webp
64	30	34	27	/soya2/sourcing/img_soya/v1_02_8-Oreiller_Soya_1.0_img3.webp	/soya2/sourcing/img_mkt/confal_2.img
64	30	34	27	/soya2/sourcing/img_soya/v1_02_8-Oreiller_Soya_1.0_img3.webp	/soya_prix/imgs/confortalign_2.img
64	30	34	27	/soya2/sourcing/img_soya/v2_01_1-oreiller-soya-2_0_img2_7d72b6af-35c7-4427-8f15-843f227d977	/soya2/sourcing/img_mkt/jty_knee_3.webp
64	30	34	27	/soya2/sourcing/img_soya/v3_35_SOYA_3.0_Grey_1.jpg	/soya2/sourcing/img_mkt/jty_p6036_2.webp
64	30	34	28	/soya/gallery/08.jpg	/soya2/sourcing/img_mkt/jty_p6036_4.webp
64	30	34	28	/soya2/sourcing/img_soya/v1_03_8-Oreiller_Soya_1.0_img4.webp	/soya2/sourcing/img_mkt/comfy_7.img
64	30	34	29	/soya/gallery/04.jpg	/soya_prix/imgs/somnilys_2.img
64	30	34	29	/soya2/sourcing/img_soya/enf_09_KIDS_PINK_2.png	/soya_prix/imgs/comfysle_2.img
64	30	34	29	/soya2/sourcing/img_soya/h2_03_2-housse_Oreiller_de_Rechange_Soya_img5.webp	/soya2/sourcing/img_mkt/jty_knee_6.webp
64	30	34	29	/soya2/sourcing/img_soya/lomb_02_4-Coussin_Lombaire_Ergonomique_Soya_img3.webp	/soya2/sourcing/img_mkt/comfy_7.img
64	30	34	29	/soya2/sourcing/img_soya/regl_02_14-Ensemble_Oreillers_Reglables_img3.webp	/soya2/sourcing/img_mkt/jty_p6036_1.webp
64	30	34	29	/soya2/sourcing/img_soya/v3_32_Soya_3.0_Grey_1.png	/soya2/sourcing/img_mkt/jty_p6036_2.webp
64	30	34	29	/soya2/sourcing/img_soya/v3_33_Soya_3.0_Grey_4.png	/soya2/sourcing/img_mkt/jty_knee_5.webp
64	30	34	30	/soya/gallery/19.jpg	/soya2/sourcing/img_mkt/jty_knee_3.webp
64	30	34	30	/soya/gallery/33.jpg	/soya_prix/imgs/inphysio_1.img
64	30	34	30	/soya2/sourcing/img_soya/enf_02_KIDSP1_6.png	/soya2/sourcing/img_mkt/comfy_4.img
64	30	34	30	/soya2/sourcing/img_soya/henf_02_KIDS_P_1_3.png	/soya_prix/imgs/somnilys_0.img
64	30	34	30	/soya2/sourcing/img_soya/v3_24_SOYA_3.0_Grey-2.jpg	/soya2/sourcing/img_mkt/confal_3.img
64	30	34	31	/soya/gallery/08.jpg	/soya2/sourcing/img_mkt/derila_6.img
64	30	34	31	/soya/gallery/11.jpg	/soya2/sourcing/img_mkt/derila_1.img
64	30	34	31	/soya2/sourcing/img_soya/enf_12_KIDS_PINK_5.png	/soya2/sourcing/img_mkt/confal_3.img
64	30	34	31	/soya2/sourcing/img_soya/enf_18_KIDS_YELLOW_2.png	/soya2/sourcing/img_mkt/comfy_4.img
64	30	34	31	/soya2/sourcing/img_soya/enf_18_KIDS_YELLOW_2.png	/soya_prix/imgs/somnilys_1.img
64	30	34	31	/soya2/sourcing/img_soya/h3_15_7687678_1.png	/soya2/sourcing/img_mkt/confal_3.img
64	30	34	31	/soya2/sourcing/img_soya/henf_05_KIDS_YELLOW_2.png	/soya2/sourcing/img_mkt/comfy_4.img
64	30	34	31	/soya2/sourcing/img_soya/henf_05_KIDS_YELLOW_2.png	/soya_prix/imgs/somnilys_1.img
64	30	34	31	/soya2/sourcing/img_soya/v1_00_8-Oreiller_Soya_1.0_couverture_HD.webp	/soya2/sourcing/img_mkt/confal_3.img
64	30	34	32	/soya/gallery/38.jpg	/soya2/sourcing/img_mkt/jty_p6036_1.webp
64	30	34	32	/soya2/sourcing/img_soya/v3_34_Soya_3.0_Grey.png	/soya_prix/imgs/somnilys_2.img
64	30	34	33	/soya/gallery/04.jpg	/soya_prix/imgs/zamatsle_2.img
64	30	34	33	/soya2/sourcing/img_soya/h3_14_7687678_2.png	/soya2/sourcing/img_mkt/jty_p6036_1.webp
64	30	34	33	/soya2/sourcing/img_soya/lomb_02_4-Coussin_Lombaire_Ergonomique_Soya_img3.webp	/soya_prix/imgs/zamatsle_0.img
64	30	34	33	/soya2/sourcing/img_soya/v2_01_1-oreiller-soya-2_0_img2_7d72b6af-35c7-4427-8f15-843f227d977	/soya2/sourcing/img_mkt/jty_knee_6.webp
64	30	34	33	/soya2/sourcing/img_soya/v3_29_7687678_2_0409bb9a-6b40-434d-807f-98da5554945a.png	/soya2/sourcing/img_mkt/jty_p6036_1.webp
64	30	34	33	/soya2/sourcing/img_soya/v3_35_SOYA_3.0_Grey_1.jpg	/soya_prix/imgs/zamatsle_2.img
64	30	34	34	/soya/gallery/05.jpg	/soya2/sourcing/img_mkt/jty_knee_2.webp
64	30	34	34	/soya/gallery/32.jpg	/soya2/sourcing/img_mkt/jty_knee_4.webp
64	30	34	34	/soya2/sourcing/img_soya/h3_15_7687678_1.png	/soya2/sourcing/img_mkt/confal_5.img
64	30	34	35	/soya/gallery/32.jpg	/soya2/sourcing/img_mkt/mic_tnjk_10.webp
64	30	34	35	/soya/gallery/32.jpg	/soya2/sourcing/img_mkt/mic_tnjk_6.webp
64	30	34	35	/soya/gallery/32.jpg	/soya2/sourcing/img_mkt/mic_tnjk_9.webp
64	30	34	35	/soya/gallery/33.jpg	/soya2/sourcing/img_mkt/comfy_4.img
64	30	34	35	/soya2/sourcing/img_soya/h2_03_2-housse_Oreiller_de_Rechange_Soya_img5.webp	/soya2/sourcing/img_mkt/derila_2.img
64	30	34	35	/soya2/sourcing/img_soya/v3_00_18.png	/soya2/sourcing/img_mkt/jty_knee_2.webp
64	30	34	35	/soya2/sourcing/img_soya/v3_31_Firefly_Gemini_Flash_Generate_the_same_image_exactly_as_the_	/soya_prix/imgs/zamatsle_1.img
64	30	34	35	/soya2/sourcing/img_soya/v3_36_34.png	/soya2/sourcing/img_mkt/jty_knee_2.webp
64	30	34	36	/soya/gallery/16.jpg	/soya2/sourcing/img_mkt/mic_jty_5.webp
64	30	34	36	/soya/gallery/19.jpg	/soya2/sourcing/img_mkt/jty_knee_1.webp
64	30	34	36	/soya2/sourcing/img_soya/h3_00_13_c9363db8-d780-4903-9a97-df55d0478686.png	/soya2/sourcing/img_mkt/mic_jty_1.webp
64	30	34	36	/soya2/sourcing/img_soya/v2_05_Oreiller_position_4.png	/soya_prix/imgs/zamatsle_0.img
64	30	34	37	/soya2/sourcing/img_soya/v3_31_Firefly_Gemini_Flash_Generate_the_same_image_exactly_as_the_	/soya_prix/imgs/zamatsle_0.img
64	30	34	37	/soya2/sourcing/img_soya/v3_42_41.1.png	/soya2/sourcing/img_mkt/jty_p6036_6.webp
64	30	34	37	/soya2/sourcing/img_soya/voy_01_9-Oreiller-de-Voyage-Ergonomique-Soya_img2.webp	/soya2/sourcing/img_mkt/comfy_1.img
64	30	34	37	/soya2/sourcing/img_soya/voy_01_9-Oreiller-de-Voyage-Ergonomique-Soya_img2.webp	/soya_prix/imgs/comfysle_1.img
64	30	34	38	/soya/gallery/01.jpg	/soya2/sourcing/img_mkt/mic_jty_5.webp
64	30	34	38	/soya/gallery/12.jpg	/soya2/sourcing/img_mkt/mic_jty_5.webp
64	30	34	38	/soya/gallery/24.jpg	/soya2/sourcing/img_mkt/mic_jty_5.webp
64	30	34	38	/soya/gallery/39.jpg	/soya2/sourcing/img_mkt/comfy_4.img
64	30	34	38	/soya2/sourcing/img_soya/enf_17_KIDS_YELLOW_1.png	/soya_prix/imgs/somnilys_2.img
64	30	34	38	/soya2/sourcing/img_soya/lomb_03_4_dc2e6161-802a-4c42-a1d6-b9a0a02ce466.png	/soya2/sourcing/img_mkt/comfy_1.img
64	30	34	38	/soya2/sourcing/img_soya/lomb_03_4_dc2e6161-802a-4c42-a1d6-b9a0a02ce466.png	/soya_prix/imgs/comfysle_1.img
64	30	34	39	/soya2/sourcing/img_soya/enf_17_KIDS_YELLOW_1.png	/soya2/sourcing/img_mkt/derila_3.img
64	30	34	39	/soya2/sourcing/img_soya/lomb_04_3_9225ca02-f60c-47d3-b26c-49df6ebba454.png	/soya2/sourcing/img_mkt/confal_1.img
64	30	34	39	/soya2/sourcing/img_soya/lomb_04_3_9225ca02-f60c-47d3-b26c-49df6ebba454.png	/soya_prix/imgs/confortalign_1.img
64	30	34	39	/soya2/sourcing/img_soya/regl_00_14-Ensemble_Oreillers_Reglables_couverture_HD.webp	/soya_prix/imgs/htconfort_1.img
64	30	34	40	/soya2/sourcing/img_soya/v3_34_Soya_3.0_Grey.png	/soya_prix/imgs/zamatsle_2.img
64	30	34	41	/soya/gallery/10.jpg	/soya_prix/imgs/somnilys_0.img
64	30	34	41	/soya2/sourcing/img_soya/lomb_00_4-Coussin_Lombaire_Ergonomique_Soya_couverture_HD.webp	/soya2/sourcing/img_mkt/derila_0.img
64	30	34	41	/soya2/sourcing/img_soya/v1_00_8-Oreiller_Soya_1.0_couverture_HD.webp	/soya2/sourcing/img_mkt/confal_2.img
64	30	34	41	/soya2/sourcing/img_soya/v1_00_8-Oreiller_Soya_1.0_couverture_HD.webp	/soya_prix/imgs/confortalign_2.img
64	30	34	41	/soya2/sourcing/img_soya/v2_00_1-oreiller-soya-2_0HD.webp	/soya_prix/imgs/zamatsle_3.img
64	30	34	41	/soya2/sourcing/img_soya/v3_34_Soya_3.0_Grey.png	/soya2/sourcing/img_mkt/comfy_7.img
64	30	34	42	/soya2/sourcing/img_soya/enf_05_KIDSP1_3.jpg	/soya2/sourcing/img_mkt/jty_knee_3.webp
64	30	34	42	/soya2/sourcing/img_soya/h2_00_2-housse_Oreiller_de_Rechange_Soya_HD.webp	/soya_prix/imgs/comfysle_2.img
64	30	34	46	/soya2/sourcing/img_soya/v1_00_8-Oreiller_Soya_1.0_couverture_HD.webp	/soya2/sourcing/img_mkt/comfy_2.img
64	32	32	13	/soya/gallery/36.jpg	/soya2/sourcing/img_mkt/comfy_2.img
64	32	32	13	/soya/gallery/37.jpg	/soya2/sourcing/img_mkt/comfy_2.img
64	32	32	13	/soya2/sourcing/img_soya/v2_04_1-oreiller-soya-2_0_img5_a8a3199e-0071-4043-a899-f89baff5294	/soya2/sourcing/img_mkt/comfy_5.img
64	32	32	14	/soya2/sourcing/img_soya/voy_02_9-Oreiller-de-Voyage-Ergonomique-Soya_img3.webp	/soya_prix/imgs/zamatsle_2.img
64	32	32	15	/soya2/sourcing/img_soya/v3_32_Soya_3.0_Grey_1.png	/soya2/sourcing/img_mkt/jty_p6036_3.webp
64	32	32	16	/soya/gallery/36.jpg	/soya2/sourcing/img_mkt/comfy_0.img
64	32	32	16	/soya/gallery/37.jpg	/soya2/sourcing/img_mkt/comfy_0.img
64	32	32	16	/soya2/sourcing/img_soya/lomb_02_4-Coussin_Lombaire_Ergonomique_Soya_img3.webp	/soya_prix/imgs/somnilys_2.img
64	32	32	17	/soya2/sourcing/img_soya/h3_13_Soya_3.0_Grey_2.png	/soya2/sourcing/img_mkt/comfy_6.img
64	32	32	17	/soya2/sourcing/img_soya/v3_28_Soya_3.0_Grey_2_47c0e3de-4c91-48dd-960e-4a36d6b20353.png	/soya2/sourcing/img_mkt/comfy_6.img
64	32	32	18	/soya2/sourcing/img_soya/v1_01_8-Oreiller_Soya_1.0_img2.webp	/soya2/sourcing/img_mkt/derila_0.img
64	32	32	18	/soya2/sourcing/img_soya/v2_02_1-oreiller-soya-2_0_img3_5f834f33-5e47-49e1-a6a1-34e17f3341b	/soya2/sourcing/img_mkt/derila_1.img
64	32	32	18	/soya2/sourcing/img_soya/v2_02_1-oreiller-soya-2_0_img3_5f834f33-5e47-49e1-a6a1-34e17f3341b	/soya_prix/imgs/zamatsle_2.img
64	32	32	19	/soya/gallery/09.jpg	/soya2/sourcing/img_mkt/derila_6.img
64	32	32	19	/soya/gallery/19.jpg	/soya2/sourcing/img_mkt/confal_5.img
64	32	32	19	/soya2/sourcing/img_soya/v1_01_8-Oreiller_Soya_1.0_img2.webp	/soya_prix/imgs/zamatsle_2.img
64	32	32	19	/soya2/sourcing/img_soya/v1_02_8-Oreiller_Soya_1.0_img3.webp	/soya2/sourcing/img_mkt/jty_knee_4.webp
64	32	32	19	/soya2/sourcing/img_soya/voy_02_9-Oreiller-de-Voyage-Ergonomique-Soya_img3.webp	/soya_prix/imgs/zamatsle_1.img
64	32	32	20	/soya/gallery/07.jpg	/soya2/sourcing/img_mkt/confal_5.img
64	32	32	20	/soya2/sourcing/img_soya/enf_01_KIDSP1_4.jpg	/soya_prix/imgs/zamatsle_2.img
64	32	32	20	/soya2/sourcing/img_soya/enf_06_KIDSP1_1.jpg	/soya2/sourcing/img_mkt/jty_p6036_5.webp
64	32	32	20	/soya2/sourcing/img_soya/h3_14_7687678_2.png	/soya2/sourcing/img_mkt/comfy_7.img
64	32	32	20	/soya2/sourcing/img_soya/v3_29_7687678_2_0409bb9a-6b40-434d-807f-98da5554945a.png	/soya2/sourcing/img_mkt/comfy_7.img
64	32	32	21	/soya/gallery/21.jpg	/soya2/sourcing/img_mkt/derila_6.img
64	32	32	21	/soya2/sourcing/img_soya/enf_15_KIDS_YELLOW_4.png	/soya_prix/imgs/zamatsle_2.img
64	32	32	21	/soya2/sourcing/img_soya/regl_02_14-Ensemble_Oreillers_Reglables_img3.webp	/soya2/sourcing/img_mkt/jty_p6036_6.webp
64	32	32	21	/soya2/sourcing/img_soya/voy_04_9-Oreiller-de-Voyage-Ergonomique-Soya_img5.webp	/soya2/sourcing/img_mkt/comfy_7.img
64	32	32	21	/soya2/sourcing/img_soya/voy_05_9-Oreiller-de-Voyage-Ergonomique-Soya_img6.webp	/soya2/sourcing/img_mkt/comfy_7.img
64	32	32	21	/soya2/sourcing/img_soya/voy_06_9-Oreiller-de-Voyage-Ergonomique-Soya_img7.webp	/soya2/sourcing/img_mkt/comfy_7.img
64	32	32	22	/soya2/sourcing/img_soya/h2_03_2-housse_Oreiller_de_Rechange_Soya_img5.webp	/soya_prix/imgs/somnilys_0.img
64	32	32	24	/soya/gallery/26.jpg	/soya2/sourcing/img_mkt/mic_tnjk_11.webp
64	32	32	24	/soya/gallery/26.jpg	/soya2/sourcing/img_mkt/mic_tnjk_4.webp
64	32	32	24	/soya/gallery/26.jpg	/soya2/sourcing/img_mkt/mic_tnjk_7.webp
64	32	32	24	/soya2/sourcing/img_soya/regl_02_14-Ensemble_Oreillers_Reglables_img3.webp	/soya2/sourcing/img_mkt/derila_0.img
64	32	32	25	/soya/gallery/02.jpg	/soya2/sourcing/img_mkt/mic_jty_2.webp
64	32	32	25	/soya2/sourcing/img_soya/lomb_01_4-Coussin_Lombaire_Ergonomique_Soya_img2.webp	/soya2/sourcing/img_mkt/confal_3.img
64	32	32	25	/soya2/sourcing/img_soya/v3_12_2_782a3829-4b96-451b-93e4-630d8f06e705.png	/soya_prix/imgs/inphysio_0.img
64	32	32	26	/soya/gallery/15.jpg	/soya2/sourcing/img_mkt/jty_knee_4.webp
64	32	32	26	/soya/gallery/16.jpg	/soya2/sourcing/img_mkt/jty_p6036_5.webp
64	32	32	26	/soya/gallery/26.jpg	/soya2/sourcing/img_mkt/mic_jty_1.webp
64	32	32	26	/soya2/sourcing/img_soya/henf_01_KIDS_P_1_4.png	/soya2/sourcing/img_mkt/jty_knee_1.webp
64	32	32	26	/soya2/sourcing/img_soya/v3_00_18.png	/soya2/sourcing/img_mkt/mic_tnjk_11.webp
64	32	32	26	/soya2/sourcing/img_soya/v3_00_18.png	/soya2/sourcing/img_mkt/mic_tnjk_4.webp
64	32	32	26	/soya2/sourcing/img_soya/v3_00_18.png	/soya2/sourcing/img_mkt/mic_tnjk_7.webp
64	32	32	26	/soya2/sourcing/img_soya/v3_36_34.png	/soya2/sourcing/img_mkt/mic_tnjk_11.webp
64	32	32	26	/soya2/sourcing/img_soya/v3_36_34.png	/soya2/sourcing/img_mkt/mic_tnjk_4.webp
64	32	32	26	/soya2/sourcing/img_soya/v3_36_34.png	/soya2/sourcing/img_mkt/mic_tnjk_7.webp
64	32	32	27	/soya/gallery/23.jpg	/soya2/sourcing/img_mkt/comfy_3.img
64	32	32	27	/soya2/sourcing/img_soya/enf_02_KIDSP1_6.png	/soya2/sourcing/img_mkt/jty_knee_6.webp
64	32	32	27	/soya2/sourcing/img_soya/enf_13_KIDS_PINK_3.png	/soya_prix/imgs/inphysio_1.img
64	32	32	28	/soya2/sourcing/img_soya/enf_16_KIDS_YELLOW_7.png	/soya2/sourcing/img_mkt/mic_jty_3.webp
64	32	32	28	/soya2/sourcing/img_soya/lomb_01_4-Coussin_Lombaire_Ergonomique_Soya_img2.webp	/soya2/sourcing/img_mkt/comfy_6.img
64	32	32	28	/soya2/sourcing/img_soya/regl_02_14-Ensemble_Oreillers_Reglables_img3.webp	/soya2/sourcing/img_mkt/mic_jty_2.webp
64	32	32	29	/soya2/sourcing/img_soya/enf_09_KIDS_PINK_2.png	/soya2/sourcing/img_mkt/mic_jty_8.webp
64	32	32	29	/soya2/sourcing/img_soya/h2_01_2-housse_Oreiller_de_Rechange_Soya_img4.webp	/soya2/sourcing/img_mkt/jty_knee_4.webp
64	32	32	29	/soya2/sourcing/img_soya/regl_00_14-Ensemble_Oreillers_Reglables_couverture_HD.webp	/soya_prix/imgs/inphysio_1.img
64	32	32	29	/soya2/sourcing/img_soya/v2_02_1-oreiller-soya-2_0_img3_5f834f33-5e47-49e1-a6a1-34e17f3341b	/soya2/sourcing/img_mkt/mic_jty_8.webp
64	32	32	29	/soya2/sourcing/img_soya/v2_03_1-oreiller-soya-2_0_img4_39d31902-82e0-42b3-a8cb-6b71e2ebfe7	/soya2/sourcing/img_mkt/jty_knee_4.webp
64	32	32	29	/soya2/sourcing/img_soya/voy_00_9-Oreiller-de-Voyage-Ergonomique-Soyacouverture_HD.webp	/soya2/sourcing/img_mkt/confal_0.img
64	32	32	29	/soya2/sourcing/img_soya/voy_00_9-Oreiller-de-Voyage-Ergonomique-Soyacouverture_HD.webp	/soya_prix/imgs/confortalign_0.img
64	32	32	30	/soya/gallery/16.jpg	/soya2/sourcing/img_mkt/jty_p6036_2.webp
64	32	32	30	/soya/gallery/36.jpg	/soya2/sourcing/img_mkt/confal_1.img
64	32	32	30	/soya/gallery/36.jpg	/soya_prix/imgs/confortalign_1.img
64	32	32	30	/soya/gallery/37.jpg	/soya2/sourcing/img_mkt/confal_1.img
64	32	32	30	/soya/gallery/37.jpg	/soya_prix/imgs/confortalign_1.img
64	32	32	30	/soya2/sourcing/img_soya/enf_11_KIDS_PINK_7.png	/soya2/sourcing/img_mkt/jty_knee_5.webp
64	32	32	30	/soya2/sourcing/img_soya/enf_19_KIDS_YELLOW_3.png	/soya2/sourcing/img_mkt/confal_3.img
64	32	32	30	/soya2/sourcing/img_soya/henf_04_KIDS_PINK_7.png	/soya2/sourcing/img_mkt/jty_knee_5.webp
64	32	32	30	/soya2/sourcing/img_soya/v3_25_Soya_3.0_grey_2_2e59cacb-6ebc-4f36-8a81-44478c9d4589.png	/soya2/sourcing/img_mkt/derila_4.img
64	32	32	31	/soya/gallery/09.jpg	/soya_prix/imgs/somnilys_2.img
64	32	32	31	/soya/gallery/32.jpg	/soya2/sourcing/img_mkt/jty_knee_5.webp
64	32	32	31	/soya2/sourcing/img_soya/enf_15_KIDS_YELLOW_4.png	/soya2/sourcing/img_mkt/jty_p6036_2.webp
64	32	32	31	/soya2/sourcing/img_soya/h2_03_2-housse_Oreiller_de_Rechange_Soya_img5.webp	/soya_prix/imgs/comfysle_3.img
64	32	32	31	/soya2/sourcing/img_soya/lomb_02_4-Coussin_Lombaire_Ergonomique_Soya_img3.webp	/soya_prix/imgs/zamatsle_1.img
64	32	32	31	/soya2/sourcing/img_soya/v1_01_8-Oreiller_Soya_1.0_img2.webp	/soya2/sourcing/img_mkt/derila_6.img
64	32	32	31	/soya2/sourcing/img_soya/v3_24_SOYA_3.0_Grey-2.jpg	/soya_prix/imgs/inphysio_0.img
64	32	32	32	/soya/gallery/36.jpg	/soya2/sourcing/img_mkt/jty_knee_6.webp
64	32	32	32	/soya/gallery/37.jpg	/soya2/sourcing/img_mkt/jty_knee_6.webp
64	32	32	32	/soya2/sourcing/img_soya/enf_05_KIDSP1_3.jpg	/soya2/sourcing/img_mkt/jty_knee_4.webp
64	32	32	32	/soya2/sourcing/img_soya/enf_10_KIDS_PINK_1.png	/soya2/sourcing/img_mkt/confal_1.img
64	32	32	32	/soya2/sourcing/img_soya/enf_10_KIDS_PINK_1.png	/soya_prix/imgs/confortalign_1.img
64	32	32	32	/soya2/sourcing/img_soya/enf_14_KIDS_YELLOW_6.jpg	/soya2/sourcing/img_mkt/jty_knee_4.webp
64	32	32	32	/soya2/sourcing/img_soya/h3_13_Soya_3.0_Grey_2.png	/soya2/sourcing/img_mkt/confal_1.img
64	32	32	32	/soya2/sourcing/img_soya/h3_13_Soya_3.0_Grey_2.png	/soya2/sourcing/img_mkt/jty_knee_6.webp
64	32	32	32	/soya2/sourcing/img_soya/h3_13_Soya_3.0_Grey_2.png	/soya_prix/imgs/confortalign_1.img
64	32	32	32	/soya2/sourcing/img_soya/h3_14_7687678_2.png	/soya2/sourcing/img_mkt/derila_3.img
64	32	32	32	/soya2/sourcing/img_soya/henf_01_KIDS_P_1_4.png	/soya2/sourcing/img_mkt/jty_knee_4.webp
64	32	32	32	/soya2/sourcing/img_soya/v1_04_8-Oreiller_Soya_1.0_img5.webp	/soya2/sourcing/img_mkt/jty_p6036_3.webp
64	32	32	32	/soya2/sourcing/img_soya/v3_28_Soya_3.0_Grey_2_47c0e3de-4c91-48dd-960e-4a36d6b20353.png	/soya2/sourcing/img_mkt/confal_1.img
64	32	32	32	/soya2/sourcing/img_soya/v3_28_Soya_3.0_Grey_2_47c0e3de-4c91-48dd-960e-4a36d6b20353.png	/soya2/sourcing/img_mkt/jty_knee_6.webp
64	32	32	32	/soya2/sourcing/img_soya/v3_28_Soya_3.0_Grey_2_47c0e3de-4c91-48dd-960e-4a36d6b20353.png	/soya_prix/imgs/confortalign_1.img
64	32	32	32	/soya2/sourcing/img_soya/v3_29_7687678_2_0409bb9a-6b40-434d-807f-98da5554945a.png	/soya2/sourcing/img_mkt/derila_3.img
64	32	32	33	/soya/gallery/32.jpg	/soya_prix/imgs/somnilys_0.img
64	32	32	33	/soya2/sourcing/img_soya/lomb_02_4-Coussin_Lombaire_Ergonomique_Soya_img3.webp	/soya2/sourcing/img_mkt/jty_knee_2.webp
64	32	32	33	/soya2/sourcing/img_soya/v3_33_Soya_3.0_Grey_4.png	/soya_prix/imgs/somnilys_1.img
64	32	32	33	/soya2/sourcing/img_soya/voy_01_9-Oreiller-de-Voyage-Ergonomique-Soya_img2.webp	/soya2/sourcing/img_mkt/jty_p6036_3.webp
64	32	32	34	/soya/gallery/38.jpg	/soya2/sourcing/img_mkt/confal_0.img
64	32	32	34	/soya/gallery/38.jpg	/soya_prix/imgs/confortalign_0.img
64	32	32	34	/soya2/sourcing/img_soya/enf_08_KIDS_PINK_4.png	/soya2/sourcing/img_mkt/mic_tnjk_10.webp
64	32	32	34	/soya2/sourcing/img_soya/enf_08_KIDS_PINK_4.png	/soya2/sourcing/img_mkt/mic_tnjk_6.webp
64	32	32	34	/soya2/sourcing/img_soya/enf_08_KIDS_PINK_4.png	/soya2/sourcing/img_mkt/mic_tnjk_9.webp
64	32	32	34	/soya2/sourcing/img_soya/v3_32_Soya_3.0_Grey_1.png	/soya2/sourcing/img_mkt/comfy_7.img
64	32	32	35	/soya/gallery/21.jpg	/soya_prix/imgs/somnilys_2.img
64	32	32	35	/soya2/sourcing/img_soya/enf_15_KIDS_YELLOW_4.png	/soya2/sourcing/img_mkt/confal_0.img
64	32	32	35	/soya2/sourcing/img_soya/enf_15_KIDS_YELLOW_4.png	/soya_prix/imgs/confortalign_0.img
64	32	32	35	/soya2/sourcing/img_soya/h3_14_7687678_2.png	/soya2/sourcing/img_mkt/confal_0.img
64	32	32	35	/soya2/sourcing/img_soya/h3_14_7687678_2.png	/soya_prix/imgs/confortalign_0.img
64	32	32	35	/soya2/sourcing/img_soya/v3_25_Soya_3.0_grey_2_2e59cacb-6ebc-4f36-8a81-44478c9d4589.png	/soya2/sourcing/img_mkt/confal_0.img
64	32	32	35	/soya2/sourcing/img_soya/v3_25_Soya_3.0_grey_2_2e59cacb-6ebc-4f36-8a81-44478c9d4589.png	/soya_prix/imgs/confortalign_0.img
64	32	32	35	/soya2/sourcing/img_soya/v3_29_7687678_2_0409bb9a-6b40-434d-807f-98da5554945a.png	/soya2/sourcing/img_mkt/confal_0.img
64	32	32	35	/soya2/sourcing/img_soya/v3_29_7687678_2_0409bb9a-6b40-434d-807f-98da5554945a.png	/soya_prix/imgs/confortalign_0.img
64	32	32	36	/soya/gallery/02.jpg	/soya2/sourcing/img_mkt/jty_p6036_6.webp
64	32	32	36	/soya/gallery/13.jpg	/soya2/sourcing/img_mkt/derila_4.img
64	32	32	36	/soya2/sourcing/img_soya/enf_00_KIDSP2.jpg	/soya2/sourcing/img_mkt/derila_5.img
64	32	32	36	/soya2/sourcing/img_soya/v1_01_8-Oreiller_Soya_1.0_img2.webp	/soya2/sourcing/img_mkt/mic_jty_8.webp
64	32	32	36	/soya2/sourcing/img_soya/v2_06_1-oreiller-soya-2_0_img6_9601dd3b-66d6-4311-b41e-5fd7712bdc1	/soya_prix/imgs/zamatsle_2.img
64	32	32	37	/soya/gallery/26.jpg	/soya2/sourcing/img_mkt/comfy_7.img
64	32	32	37	/soya/gallery/29.jpg	/soya_prix/imgs/somnilys_1.img
64	32	32	38	/soya/gallery/03.jpg	/soya_prix/imgs/inphysio_2.img
64	32	32	38	/soya/gallery/14.jpg	/soya_prix/imgs/inphysio_2.img
64	32	32	38	/soya/gallery/27.jpg	/soya_prix/imgs/inphysio_2.img
64	32	32	38	/soya2/sourcing/img_soya/enf_05_KIDSP1_3.jpg	/soya2/sourcing/img_mkt/mic_jty_12.webp
64	32	32	38	/soya2/sourcing/img_soya/h2_03_2-housse_Oreiller_de_Rechange_Soya_img5.webp	/soya_prix/imgs/somnilys_1.img
64	32	32	39	/soya2/sourcing/img_soya/enf_06_KIDSP1_1.jpg	/soya2/sourcing/img_mkt/jty_knee_2.webp
64	32	32	40	/soya2/sourcing/img_soya/enf_01_KIDSP1_4.jpg	/soya2/sourcing/img_mkt/jty_p6036_5.webp
64	32	32	40	/soya2/sourcing/img_soya/enf_14_KIDS_YELLOW_6.jpg	/soya_prix/imgs/htconfort_1.img
64	32	32	41	/soya/gallery/15.jpg	/soya2/sourcing/img_mkt/comfy_2.img
64	32	32	41	/soya2/sourcing/img_soya/h3_14_7687678_2.png	/soya_prix/imgs/somnilys_2.img
64	32	32	41	/soya2/sourcing/img_soya/v3_29_7687678_2_0409bb9a-6b40-434d-807f-98da5554945a.png	/soya_prix/imgs/somnilys_2.img
64	32	32	41	/soya2/sourcing/img_soya/v3_33_Soya_3.0_Grey_4.png	/soya2/sourcing/img_mkt/confal_5.img
64	32	32	42	/soya2/sourcing/img_soya/v2_07_1-oreiller-soya-2_0_img7_43909438-1603-4e59-add4-f987f4acd78	/soya2/sourcing/img_mkt/jty_knee_3.webp
64	32	32	43	/soya/gallery/03.jpg	/soya2/sourcing/img_mkt/comfy_2.img
64	32	32	43	/soya/gallery/14.jpg	/soya2/sourcing/img_mkt/comfy_2.img
64	32	32	43	/soya/gallery/27.jpg	/soya2/sourcing/img_mkt/comfy_2.img
64	32	32	43	/soya2/sourcing/img_soya/regl_00_14-Ensemble_Oreillers_Reglables_couverture_HD.webp	/soya2/sourcing/img_mkt/mic_jty_12.webp
64	32	32	44	/soya2/sourcing/img_soya/enf_20_KIDS_YELLOW_5.png	/soya_prix/imgs/somnilys_0.img
64	32	32	44	/soya2/sourcing/img_soya/voy_00_9-Oreiller-de-Voyage-Ergonomique-Soyacouverture_HD.webp	/soya2/sourcing/img_mkt/mic_jty_8.webp
64	32	32	44	/soya2/sourcing/img_soya/voy_03_9-Oreiller-de-Voyage-Ergonomique-Soya_img4.webp	/soya2/sourcing/img_mkt/jty_knee_1.webp
64	32	32	45	/soya/gallery/05.jpg	/soya2/sourcing/img_mkt/derila_6.img
64	32	32	45	/soya2/sourcing/img_soya/enf_00_KIDSP2.jpg	/soya2/sourcing/img_mkt/derila_2.img
64	32	32	46	/soya2/sourcing/img_soya/enf_14_KIDS_YELLOW_6.jpg	/soya2/sourcing/img_mkt/derila_2.img
64	32	32	46	/soya2/sourcing/img_soya/v3_34_Soya_3.0_Grey.png	/soya2/sourcing/img_mkt/derila_1.img
64	32	32	47	/soya2/sourcing/img_soya/lomb_02_4-Coussin_Lombaire_Ergonomique_Soya_img3.webp	/soya2/sourcing/img_mkt/mic_jty_8.webp
64	32	32	49	/soya/gallery/31.jpg	/soya_prix/imgs/comfysle_0.img
64	32	32	49	/soya2/sourcing/img_soya/enf_14_KIDS_YELLOW_6.jpg	/soya2/sourcing/img_mkt/comfy_6.img
64	32	32	50	/soya/gallery/29.jpg	/soya2/sourcing/img_mkt/jty_knee_4.webp
64	32	32	50	/soya2/sourcing/img_soya/v3_32_Soya_3.0_Grey_1.png	/soya_prix/imgs/comfysle_2.img
64	32	32	51	/soya/gallery/13.jpg	/soya_prix/imgs/htconfort_2.img
64	32	32	55	/soya2/sourcing/img_soya/h3_08_15_eb23f129-89f3-4ffc-be96-9e67ce1c745f.png	/soya_prix/imgs/comfysle_0.img
64	34	30	13	/soya/gallery/34.jpg	/soya2/sourcing/img_mkt/jty_p6036_1.webp
64	34	30	15	/soya/gallery/33.jpg	/soya_prix/imgs/zamatsle_3.img
64	34	30	15	/soya2/sourcing/img_soya/lomb_02_4-Coussin_Lombaire_Ergonomique_Soya_img3.webp	/soya2/sourcing/img_mkt/mic_jty_3.webp
64	34	30	17	/soya2/sourcing/img_soya/v3_30_IMG_9178.png	/soya_prix/imgs/somnilys_2.img
64	34	30	21	/soya/gallery/06.jpg	/soya2/sourcing/img_mkt/jty_p6036_6.webp
64	34	30	21	/soya/gallery/18.jpg	/soya2/sourcing/img_mkt/jty_p6036_6.webp
64	34	30	21	/soya/gallery/22.jpg	/soya2/sourcing/img_mkt/jty_p6036_6.webp
64	34	30	21	/soya/gallery/28.jpg	/soya2/sourcing/img_mkt/jty_p6036_6.webp
64	34	30	22	/soya2/sourcing/img_soya/enf_15_KIDS_YELLOW_4.png	/soya_prix/imgs/zamatsle_1.img
64	34	30	22	/soya2/sourcing/img_soya/v1_02_8-Oreiller_Soya_1.0_img3.webp	/soya2/sourcing/img_mkt/confal_4.img
64	34	30	24	/soya2/sourcing/img_soya/h3_14_7687678_2.png	/soya2/sourcing/img_mkt/jty_p6036_4.webp
64	34	30	24	/soya2/sourcing/img_soya/v3_29_7687678_2_0409bb9a-6b40-434d-807f-98da5554945a.png	/soya2/sourcing/img_mkt/jty_p6036_4.webp
64	34	30	25	/soya2/sourcing/img_soya/enf_12_KIDS_PINK_5.png	/soya2/sourcing/img_mkt/jty_knee_6.webp
64	34	30	25	/soya2/sourcing/img_soya/h2_00_2-housse_Oreiller_de_Rechange_Soya_HD.webp	/soya2/sourcing/img_mkt/confal_0.img
64	34	30	25	/soya2/sourcing/img_soya/h2_00_2-housse_Oreiller_de_Rechange_Soya_HD.webp	/soya_prix/imgs/confortalign_0.img
64	34	30	25	/soya2/sourcing/img_soya/voy_02_9-Oreiller-de-Voyage-Ergonomique-Soya_img3.webp	/soya2/sourcing/img_mkt/comfy_3.img
64	34	30	26	/soya2/sourcing/img_soya/enf_06_KIDSP1_1.jpg	/soya2/sourcing/img_mkt/mic_jty_1.webp
64	34	30	26	/soya2/sourcing/img_soya/enf_19_KIDS_YELLOW_3.png	/soya2/sourcing/img_mkt/jty_knee_6.webp
64	34	30	27	/soya2/sourcing/img_soya/enf_04_KIDSP1_1.png	/soya2/sourcing/img_mkt/comfy_6.img
64	34	30	27	/soya2/sourcing/img_soya/henf_03_KIDSP1_1.png	/soya2/sourcing/img_mkt/comfy_6.img
64	34	30	27	/soya2/sourcing/img_soya/v3_25_Soya_3.0_grey_2_2e59cacb-6ebc-4f36-8a81-44478c9d4589.png	/soya2/sourcing/img_mkt/derila_6.img
64	34	30	28	/soya/gallery/19.jpg	/soya2/sourcing/img_mkt/comfy_0.img
64	34	30	28	/soya/gallery/26.jpg	/soya2/sourcing/img_mkt/confal_0.img
64	34	30	28	/soya/gallery/26.jpg	/soya_prix/imgs/confortalign_0.img
64	34	30	28	/soya2/sourcing/img_soya/enf_17_KIDS_YELLOW_1.png	/soya_prix/imgs/htconfort_2.img
64	34	30	28	/soya2/sourcing/img_soya/v3_34_Soya_3.0_Grey.png	/soya2/sourcing/img_mkt/confal_0.img
64	34	30	28	/soya2/sourcing/img_soya/v3_34_Soya_3.0_Grey.png	/soya_prix/imgs/confortalign_0.img
64	34	30	29	/soya/gallery/31.jpg	/soya2/sourcing/img_mkt/jty_knee_6.webp
64	34	30	29	/soya2/sourcing/img_soya/enf_09_KIDS_PINK_2.png	/soya2/sourcing/img_mkt/mic_jty_3.webp
64	34	30	29	/soya2/sourcing/img_soya/lomb_01_4-Coussin_Lombaire_Ergonomique_Soya_img2.webp	/soya_prix/imgs/inphysio_1.img
64	34	30	29	/soya2/sourcing/img_soya/lomb_04_3_9225ca02-f60c-47d3-b26c-49df6ebba454.png	/soya2/sourcing/img_mkt/jty_knee_6.webp
64	34	30	30	/soya2/sourcing/img_soya/h2_03_2-housse_Oreiller_de_Rechange_Soya_img5.webp	/soya2/sourcing/img_mkt/derila_5.img
64	34	30	30	/soya2/sourcing/img_soya/voy_03_9-Oreiller-de-Voyage-Ergonomique-Soya_img4.webp	/soya2/sourcing/img_mkt/jty_knee_3.webp
64	34	30	31	/soya/gallery/26.jpg	/soya2/sourcing/img_mkt/derila_4.img
64	34	30	31	/soya2/sourcing/img_soya/h3_08_15_eb23f129-89f3-4ffc-be96-9e67ce1c745f.png	/soya2/sourcing/img_mkt/jty_knee_4.webp
64	34	30	31	/soya2/sourcing/img_soya/h3_14_7687678_2.png	/soya2/sourcing/img_mkt/derila_6.img
64	34	30	31	/soya2/sourcing/img_soya/v1_01_8-Oreiller_Soya_1.0_img2.webp	/soya2/sourcing/img_mkt/jty_p6036_3.webp
64	34	30	31	/soya2/sourcing/img_soya/v3_29_7687678_2_0409bb9a-6b40-434d-807f-98da5554945a.png	/soya2/sourcing/img_mkt/derila_6.img
64	34	30	32	/soya/gallery/20.jpg	/soya_prix/imgs/htconfort_1.img
64	34	30	32	/soya2/sourcing/img_soya/enf_02_KIDSP1_6.png	/soya2/sourcing/img_mkt/comfy_6.img
64	34	30	32	/soya2/sourcing/img_soya/h2_01_2-housse_Oreiller_de_Rechange_Soya_img4.webp	/soya_prix/imgs/somnilys_0.img
64	34	30	32	/soya2/sourcing/img_soya/v2_03_1-oreiller-soya-2_0_img4_39d31902-82e0-42b3-a8cb-6b71e2ebfe7	/soya_prix/imgs/somnilys_0.img
64	34	30	33	/soya/gallery/16.jpg	/soya2/sourcing/img_mkt/derila_3.img
64	34	30	33	/soya2/sourcing/img_soya/enf_04_KIDSP1_1.png	/soya2/sourcing/img_mkt/jty_knee_5.webp
64	34	30	33	/soya2/sourcing/img_soya/enf_19_KIDS_YELLOW_3.png	/soya2/sourcing/img_mkt/mic_tnjk_10.webp
64	34	30	33	/soya2/sourcing/img_soya/enf_19_KIDS_YELLOW_3.png	/soya2/sourcing/img_mkt/mic_tnjk_6.webp
64	34	30	33	/soya2/sourcing/img_soya/enf_19_KIDS_YELLOW_3.png	/soya2/sourcing/img_mkt/mic_tnjk_9.webp
64	34	30	33	/soya2/sourcing/img_soya/henf_02_KIDS_P_1_3.png	/soya2/sourcing/img_mkt/jty_knee_4.webp
64	34	30	33	/soya2/sourcing/img_soya/henf_03_KIDSP1_1.png	/soya2/sourcing/img_mkt/jty_knee_5.webp
64	34	30	34	/soya2/sourcing/img_soya/v3_33_Soya_3.0_Grey_4.png	/soya2/sourcing/img_mkt/jty_knee_4.webp
64	34	30	35	/soya/gallery/39.jpg	/soya_prix/imgs/inphysio_2.img
64	34	30	35	/soya2/sourcing/img_soya/voy_02_9-Oreiller-de-Voyage-Ergonomique-Soya_img3.webp	/soya2/sourcing/img_mkt/mic_jty_8.webp
64	34	30	36	/soya2/sourcing/img_soya/v3_30_IMG_9178.png	/soya_prix/imgs/htconfort_0.img
64	34	30	36	/soya2/sourcing/img_soya/v3_42_41.1.png	/soya_prix/imgs/htconfort_0.img
64	34	30	37	/soya/gallery/09.jpg	/soya2/sourcing/img_mkt/confal_0.img
64	34	30	37	/soya/gallery/09.jpg	/soya_prix/imgs/confortalign_0.img
64	34	30	37	/soya/gallery/21.jpg	/soya2/sourcing/img_mkt/confal_0.img
64	34	30	37	/soya/gallery/21.jpg	/soya_prix/imgs/confortalign_0.img
64	34	30	37	/soya/gallery/39.jpg	/soya2/sourcing/img_mkt/derila_2.img
64	34	30	37	/soya2/sourcing/img_soya/v1_01_8-Oreiller_Soya_1.0_img2.webp	/soya_prix/imgs/somnilys_2.img
64	34	30	37	/soya2/sourcing/img_soya/v2_06_1-oreiller-soya-2_0_img6_9601dd3b-66d6-4311-b41e-5fd7712bdc1	/soya_prix/imgs/zamatsle_1.img
64	34	30	37	/soya2/sourcing/img_soya/v3_30_IMG_9178.png	/soya2/sourcing/img_mkt/mic_jty_1.webp
64	34	30	38	/soya2/sourcing/img_soya/enf_00_KIDSP2.jpg	/soya2/sourcing/img_mkt/comfy_4.img
64	34	30	38	/soya2/sourcing/img_soya/enf_01_KIDSP1_4.jpg	/soya2/sourcing/img_mkt/confal_0.img
64	34	30	38	/soya2/sourcing/img_soya/enf_01_KIDSP1_4.jpg	/soya_prix/imgs/confortalign_0.img
64	34	30	38	/soya2/sourcing/img_soya/enf_10_KIDS_PINK_1.png	/soya2/sourcing/img_mkt/jty_knee_1.webp
64	34	30	38	/soya2/sourcing/img_soya/henf_00_KIDS_P_1_2.png	/soya2/sourcing/img_mkt/confal_2.img
64	34	30	38	/soya2/sourcing/img_soya/henf_00_KIDS_P_1_2.png	/soya_prix/imgs/confortalign_2.img
64	34	30	38	/soya2/sourcing/img_soya/v1_03_8-Oreiller_Soya_1.0_img4.webp	/soya2/sourcing/img_mkt/derila_3.img
64	34	30	39	/soya/gallery/34.jpg	/soya2/sourcing/img_mkt/comfy_1.img
64	34	30	39	/soya/gallery/34.jpg	/soya_prix/imgs/comfysle_1.img
64	34	30	39	/soya2/sourcing/img_soya/h2_00_2-housse_Oreiller_de_Rechange_Soya_HD.webp	/soya_prix/imgs/zamatsle_2.img
64	34	30	39	/soya2/sourcing/img_soya/lomb_03_4_dc2e6161-802a-4c42-a1d6-b9a0a02ce466.png	/soya2/sourcing/img_mkt/jty_knee_2.webp
64	34	30	42	/soya2/sourcing/img_soya/v2_05_Oreiller_position_4.png	/soya2/sourcing/img_mkt/jty_p6036_4.webp
64	34	30	45	/soya2/sourcing/img_soya/v1_02_8-Oreiller_Soya_1.0_img3.webp	/soya_prix/imgs/comfysle_3.img
64	34	30	45	/soya2/sourcing/img_soya/v3_25_Soya_3.0_grey_2_2e59cacb-6ebc-4f36-8a81-44478c9d4589.png	/soya2/sourcing/img_mkt/jty_p6036_5.webp
64	34	30	47	/soya/gallery/01.jpg	/soya2/sourcing/img_mkt/mic_jty_8.webp
64	34	30	47	/soya/gallery/12.jpg	/soya2/sourcing/img_mkt/mic_jty_8.webp
64	34	30	47	/soya/gallery/24.jpg	/soya2/sourcing/img_mkt/mic_jty_8.webp
64	34	30	48	/soya/gallery/09.jpg	/soya2/sourcing/img_mkt/mic_jty_2.webp
64	34	30	48	/soya/gallery/21.jpg	/soya2/sourcing/img_mkt/mic_jty_2.webp
64	34	30	50	/soya/gallery/13.jpg	/soya_prix/imgs/comfysle_2.img
64	34	30	50	/soya/gallery/25.jpg	/soya_prix/imgs/comfysle_2.img
64	34	30	50	/soya2/sourcing/img_soya/enf_12_KIDS_PINK_5.png	/soya2/sourcing/img_mkt/comfy_6.img
64	34	30	54	/soya2/sourcing/img_soya/henf_00_KIDS_P_1_2.png	/soya_prix/imgs/comfysle_0.img
64	34	30	54	/soya2/sourcing/img_soya/henf_01_KIDS_P_1_4.png	/soya_prix/imgs/comfysle_0.img
64	34	30	55	/soya2/sourcing/img_soya/henf_02_KIDS_P_1_3.png	/soya2/sourcing/img_mkt/comfy_0.img
64	36	28	15	/soya/gallery/11.jpg	/soya2/sourcing/img_mkt/jty_p6036_3.webp
64	36	28	18	/soya2/sourcing/img_soya/v1_01_8-Oreiller_Soya_1.0_img2.webp	/soya2/sourcing/img_mkt/comfy_3.img
64	36	28	19	/soya2/sourcing/img_soya/enf_11_KIDS_PINK_7.png	/soya2/sourcing/img_mkt/comfy_0.img
64	36	28	19	/soya2/sourcing/img_soya/enf_11_KIDS_PINK_7.png	/soya_prix/imgs/comfysle_0.img
64	36	28	19	/soya2/sourcing/img_soya/henf_04_KIDS_PINK_7.png	/soya2/sourcing/img_mkt/comfy_0.img
64	36	28	19	/soya2/sourcing/img_soya/henf_04_KIDS_PINK_7.png	/soya_prix/imgs/comfysle_0.img
64	36	28	20	/soya2/sourcing/img_soya/enf_04_KIDSP1_1.png	/soya2/sourcing/img_mkt/comfy_0.img
64	36	28	20	/soya2/sourcing/img_soya/enf_04_KIDSP1_1.png	/soya_prix/imgs/comfysle_0.img
64	36	28	20	/soya2/sourcing/img_soya/enf_18_KIDS_YELLOW_2.png	/soya2/sourcing/img_mkt/comfy_0.img
64	36	28	20	/soya2/sourcing/img_soya/henf_03_KIDSP1_1.png	/soya2/sourcing/img_mkt/comfy_0.img
64	36	28	20	/soya2/sourcing/img_soya/henf_03_KIDSP1_1.png	/soya_prix/imgs/comfysle_0.img
64	36	28	20	/soya2/sourcing/img_soya/henf_05_KIDS_YELLOW_2.png	/soya2/sourcing/img_mkt/comfy_0.img
64	36	28	21	/soya2/sourcing/img_soya/v2_06_1-oreiller-soya-2_0_img6_9601dd3b-66d6-4311-b41e-5fd7712bdc1	/soya2/sourcing/img_mkt/mic_jty_2.webp
64	36	28	25	/soya/gallery/05.jpg	/soya2/sourcing/img_mkt/mic_tnjk_11.webp
64	36	28	25	/soya/gallery/05.jpg	/soya2/sourcing/img_mkt/mic_tnjk_4.webp
64	36	28	25	/soya/gallery/05.jpg	/soya2/sourcing/img_mkt/mic_tnjk_7.webp
64	36	28	25	/soya2/sourcing/img_soya/v2_08_11_bf88b3df-377c-4ddb-b78a-cc7a164e7755.png	/soya2/sourcing/img_mkt/comfy_7.img
64	36	28	30	/soya2/sourcing/img_soya/h2_01_2-housse_Oreiller_de_Rechange_Soya_img4.webp	/soya2/sourcing/img_mkt/derila_5.img
64	36	28	30	/soya2/sourcing/img_soya/v1_03_8-Oreiller_Soya_1.0_img4.webp	/soya2/sourcing/img_mkt/mic_jty_8.webp
64	36	28	30	/soya2/sourcing/img_soya/v2_03_1-oreiller-soya-2_0_img4_39d31902-82e0-42b3-a8cb-6b71e2ebfe7	/soya2/sourcing/img_mkt/derila_5.img
64	36	28	30	/soya2/sourcing/img_soya/voy_00_9-Oreiller-de-Voyage-Ergonomique-Soyacouverture_HD.webp	/soya_prix/imgs/zamatsle_0.img
64	36	28	31	/soya2/sourcing/img_soya/enf_02_KIDSP1_6.png	/soya2/sourcing/img_mkt/confal_3.img
64	36	28	31	/soya2/sourcing/img_soya/v3_33_Soya_3.0_Grey_4.png	/soya2/sourcing/img_mkt/mic_tnjk_10.webp
64	36	28	31	/soya2/sourcing/img_soya/v3_33_Soya_3.0_Grey_4.png	/soya2/sourcing/img_mkt/mic_tnjk_6.webp
64	36	28	31	/soya2/sourcing/img_soya/v3_33_Soya_3.0_Grey_4.png	/soya2/sourcing/img_mkt/mic_tnjk_9.webp
64	36	28	32	/soya2/sourcing/img_soya/enf_00_KIDSP2.jpg	/soya2/sourcing/img_mkt/mic_tnjk_10.webp
64	36	28	32	/soya2/sourcing/img_soya/enf_00_KIDSP2.jpg	/soya2/sourcing/img_mkt/mic_tnjk_6.webp
64	36	28	32	/soya2/sourcing/img_soya/enf_00_KIDSP2.jpg	/soya2/sourcing/img_mkt/mic_tnjk_9.webp
64	36	28	33	/soya/gallery/03.jpg	/soya2/sourcing/img_mkt/mic_tnjk_10.webp
64	36	28	33	/soya/gallery/03.jpg	/soya2/sourcing/img_mkt/mic_tnjk_6.webp
64	36	28	33	/soya/gallery/03.jpg	/soya2/sourcing/img_mkt/mic_tnjk_9.webp
64	36	28	33	/soya/gallery/14.jpg	/soya2/sourcing/img_mkt/mic_tnjk_10.webp
64	36	28	33	/soya/gallery/14.jpg	/soya2/sourcing/img_mkt/mic_tnjk_6.webp
64	36	28	33	/soya/gallery/14.jpg	/soya2/sourcing/img_mkt/mic_tnjk_9.webp
64	36	28	33	/soya/gallery/27.jpg	/soya2/sourcing/img_mkt/mic_tnjk_10.webp
64	36	28	33	/soya/gallery/27.jpg	/soya2/sourcing/img_mkt/mic_tnjk_6.webp
64	36	28	33	/soya/gallery/27.jpg	/soya2/sourcing/img_mkt/mic_tnjk_9.webp
64	36	28	33	/soya2/sourcing/img_soya/enf_05_KIDSP1_3.jpg	/soya2/sourcing/img_mkt/mic_tnjk_10.webp
64	36	28	33	/soya2/sourcing/img_soya/enf_05_KIDSP1_3.jpg	/soya2/sourcing/img_mkt/mic_tnjk_6.webp
64	36	28	33	/soya2/sourcing/img_soya/enf_05_KIDSP1_3.jpg	/soya2/sourcing/img_mkt/mic_tnjk_9.webp
64	36	28	33	/soya2/sourcing/img_soya/v3_31_Firefly_Gemini_Flash_Generate_the_same_image_exactly_as_the_	/soya2/sourcing/img_mkt/jty_knee_2.webp
64	36	28	34	/soya/gallery/04.jpg	/soya2/sourcing/img_mkt/mic_jty_2.webp
64	36	28	34	/soya/gallery/17.jpg	/soya2/sourcing/img_mkt/mic_tnjk_10.webp
64	36	28	34	/soya/gallery/17.jpg	/soya2/sourcing/img_mkt/mic_tnjk_6.webp
64	36	28	34	/soya/gallery/17.jpg	/soya2/sourcing/img_mkt/mic_tnjk_9.webp
64	36	28	35	/soya/gallery/01.jpg	/soya2/sourcing/img_mkt/jty_knee_2.webp
64	36	28	35	/soya/gallery/12.jpg	/soya2/sourcing/img_mkt/jty_knee_2.webp
64	36	28	35	/soya/gallery/24.jpg	/soya2/sourcing/img_mkt/jty_knee_2.webp
64	36	28	36	/soya2/sourcing/img_soya/lomb_02_4-Coussin_Lombaire_Ergonomique_Soya_img3.webp	/soya2/sourcing/img_mkt/mic_jty_1.webp
64	36	28	36	/soya2/sourcing/img_soya/v1_01_8-Oreiller_Soya_1.0_img2.webp	/soya2/sourcing/img_mkt/mic_jty_3.webp
64	36	28	37	/soya/gallery/07.jpg	/soya2/sourcing/img_mkt/jty_knee_4.webp
64	36	28	38	/soya/gallery/10.jpg	/soya_prix/imgs/htconfort_1.img
64	36	28	39	/soya2/sourcing/img_soya/h2_00_2-housse_Oreiller_de_Rechange_Soya_HD.webp	/soya_prix/imgs/htconfort_2.img
64	36	28	40	/soya/gallery/08.jpg	/soya2/sourcing/img_mkt/derila_3.img
64	36	28	40	/soya2/sourcing/img_soya/v2_06_1-oreiller-soya-2_0_img6_9601dd3b-66d6-4311-b41e-5fd7712bdc1	/soya2/sourcing/img_mkt/derila_6.img
64	36	28	42	/soya/gallery/04.jpg	/soya_prix/imgs/comfysle_2.img
64	38	26	18	/soya2/sourcing/img_soya/lomb_02_4-Coussin_Lombaire_Ergonomique_Soya_img3.webp	/soya2/sourcing/img_mkt/confal_0.img
64	38	26	18	/soya2/sourcing/img_soya/lomb_02_4-Coussin_Lombaire_Ergonomique_Soya_img3.webp	/soya_prix/imgs/confortalign_0.img
64	38	26	26	/soya/gallery/36.jpg	/soya_prix/imgs/htconfort_1.img
64	38	26	26	/soya/gallery/37.jpg	/soya_prix/imgs/htconfort_1.img
64	38	26	27	/soya2/sourcing/img_soya/enf_04_KIDSP1_1.png	/soya2/sourcing/img_mkt/derila_5.img
64	38	26	27	/soya2/sourcing/img_soya/henf_03_KIDSP1_1.png	/soya2/sourcing/img_mkt/derila_5.img
64	38	26	30	/soya2/sourcing/img_soya/enf_07_KIDS_PINK_6.jpg	/soya2/sourcing/img_mkt/mic_tnjk_10.webp
64	38	26	30	/soya2/sourcing/img_soya/enf_07_KIDS_PINK_6.jpg	/soya2/sourcing/img_mkt/mic_tnjk_6.webp
64	38	26	30	/soya2/sourcing/img_soya/enf_07_KIDS_PINK_6.jpg	/soya2/sourcing/img_mkt/mic_tnjk_9.webp
64	38	26	36	/soya2/sourcing/img_soya/enf_10_KIDS_PINK_1.png	/soya2/sourcing/img_mkt/jty_knee_4.webp
64	38	26	37	/soya2/sourcing/img_soya/v3_33_Soya_3.0_Grey_4.png	/soya_prix/imgs/somnilys_0.img
64	38	26	39	/soya2/sourcing/img_soya/enf_08_KIDS_PINK_4.png	/soya_prix/imgs/inphysio_1.img
64	38	26	39	/soya2/sourcing/img_soya/h3_08_15_eb23f129-89f3-4ffc-be96-9e67ce1c745f.png	/soya2/sourcing/img_mkt/confal_2.img
64	38	26	39	/soya2/sourcing/img_soya/h3_08_15_eb23f129-89f3-4ffc-be96-9e67ce1c745f.png	/soya_prix/imgs/confortalign_2.img
64	38	26	39	/soya2/sourcing/img_soya/lomb_00_4-Coussin_Lombaire_Ergonomique_Soya_couverture_HD.webp	/soya_prix/imgs/zamatsle_1.img
64	38	26	40	/soya2/sourcing/img_soya/v3_34_Soya_3.0_Grey.png	/soya2/sourcing/img_mkt/comfy_1.img
64	38	26	40	/soya2/sourcing/img_soya/v3_34_Soya_3.0_Grey.png	/soya_prix/imgs/comfysle_1.img
64	40	24	46	/soya/gallery/39.jpg	/soya2/sourcing/img_mkt/confal_4.img
65	24	41	29	/soya/gallery/16.jpg	/soya_prix/imgs/zamatsle_3.img
65	26	39	26	/soya2/sourcing/img_soya/lomb_02_4-Coussin_Lombaire_Ergonomique_Soya_img3.webp	/soya2/sourcing/img_mkt/confal_3.img
65	26	39	37	/soya2/sourcing/img_soya/enf_09_KIDS_PINK_2.png	/soya_prix/imgs/somnilys_1.img
65	26	39	47	/soya2/sourcing/img_soya/lomb_04_3_9225ca02-f60c-47d3-b26c-49df6ebba454.png	/soya_prix/imgs/zamatsle_2.img
65	28	37	12	/soya2/sourcing/img_soya/enf_07_KIDS_PINK_6.jpg	/soya2/sourcing/img_mkt/mic_jty_3.webp
65	28	37	13	/soya2/sourcing/img_soya/enf_14_KIDS_YELLOW_6.jpg	/soya2/sourcing/img_mkt/mic_jty_3.webp
65	28	37	22	/soya/gallery/06.jpg	/soya_prix/imgs/zamatsle_3.img
65	28	37	22	/soya/gallery/18.jpg	/soya_prix/imgs/zamatsle_3.img
65	28	37	22	/soya/gallery/22.jpg	/soya_prix/imgs/zamatsle_3.img
65	28	37	22	/soya/gallery/28.jpg	/soya_prix/imgs/zamatsle_3.img
65	28	37	22	/soya2/sourcing/img_soya/voy_01_9-Oreiller-de-Voyage-Ergonomique-Soya_img2.webp	/soya2/sourcing/img_mkt/jty_knee_5.webp
65	28	37	24	/soya/gallery/02.jpg	/soya_prix/imgs/inphysio_1.img
65	28	37	25	/soya2/sourcing/img_soya/h2_03_2-housse_Oreiller_de_Rechange_Soya_img5.webp	/soya2/sourcing/img_mkt/jty_p6036_5.webp
65	28	37	25	/soya2/sourcing/img_soya/v2_04_1-oreiller-soya-2_0_img5_a8a3199e-0071-4043-a899-f89baff5294	/soya2/sourcing/img_mkt/jty_p6036_2.webp
65	28	37	26	/soya/gallery/23.jpg	/soya2/sourcing/img_mkt/jty_knee_4.webp
65	28	37	26	/soya2/sourcing/img_soya/v1_04_8-Oreiller_Soya_1.0_img5.webp	/soya2/sourcing/img_mkt/jty_knee_1.webp
65	28	37	28	/soya2/sourcing/img_soya/h2_02_2-housse_Oreiller_de_Rechange_Soya_img3.webp	/soya2/sourcing/img_mkt/mic_jty_5.webp
65	28	37	28	/soya2/sourcing/img_soya/v2_04_1-oreiller-soya-2_0_img5_a8a3199e-0071-4043-a899-f89baff5294	/soya2/sourcing/img_mkt/jty_knee_2.webp
65	28	37	29	/soya2/sourcing/img_soya/lomb_04_3_9225ca02-f60c-47d3-b26c-49df6ebba454.png	/soya2/sourcing/img_mkt/jty_p6036_1.webp
65	28	37	31	/soya2/sourcing/img_soya/v2_06_1-oreiller-soya-2_0_img6_9601dd3b-66d6-4311-b41e-5fd7712bdc1	/soya2/sourcing/img_mkt/jty_knee_5.webp
65	28	37	31	/soya2/sourcing/img_soya/v2_08_11_bf88b3df-377c-4ddb-b78a-cc7a164e7755.png	/soya_prix/imgs/inphysio_0.img
65	28	37	32	/soya2/sourcing/img_soya/enf_17_KIDS_YELLOW_1.png	/soya2/sourcing/img_mkt/confal_1.img
65	28	37	32	/soya2/sourcing/img_soya/enf_17_KIDS_YELLOW_1.png	/soya_prix/imgs/confortalign_1.img
65	28	37	33	/soya2/sourcing/img_soya/h3_00_13_c9363db8-d780-4903-9a97-df55d0478686.png	/soya_prix/imgs/somnilys_1.img
65	28	37	33	/soya2/sourcing/img_soya/lomb_02_4-Coussin_Lombaire_Ergonomique_Soya_img3.webp	/soya2/sourcing/img_mkt/derila_5.img
65	28	37	34	/soya2/sourcing/img_soya/lomb_00_4-Coussin_Lombaire_Ergonomique_Soya_couverture_HD.webp	/soya2/sourcing/img_mkt/confal_3.img
65	28	37	35	/soya/gallery/16.jpg	/soya2/sourcing/img_mkt/derila_5.img
65	28	37	35	/soya2/sourcing/img_soya/enf_09_KIDS_PINK_2.png	/soya2/sourcing/img_mkt/confal_4.img
65	28	37	35	/soya2/sourcing/img_soya/voy_01_9-Oreiller-de-Voyage-Ergonomique-Soya_img2.webp	/soya2/sourcing/img_mkt/confal_1.img
65	28	37	35	/soya2/sourcing/img_soya/voy_01_9-Oreiller-de-Voyage-Ergonomique-Soya_img2.webp	/soya_prix/imgs/confortalign_1.img
65	28	37	36	/soya/gallery/19.jpg	/soya2/sourcing/img_mkt/mic_jty_1.webp
65	28	37	36	/soya2/sourcing/img_soya/v3_42_41.1.png	/soya2/sourcing/img_mkt/jty_knee_5.webp
65	28	37	36	/soya2/sourcing/img_soya/voy_00_9-Oreiller-de-Voyage-Ergonomique-Soyacouverture_HD.webp	/soya2/sourcing/img_mkt/comfy_4.img
65	28	37	37	/soya/gallery/04.jpg	/soya2/sourcing/img_mkt/jty_knee_1.webp
65	28	37	37	/soya2/sourcing/img_soya/enf_02_KIDSP1_6.png	/soya2/sourcing/img_mkt/mic_jty_1.webp
65	28	37	38	/soya2/sourcing/img_soya/henf_00_KIDS_P_1_2.png	/soya2/sourcing/img_mkt/derila_6.img
65	28	37	38	/soya2/sourcing/img_soya/henf_01_KIDS_P_1_4.png	/soya2/sourcing/img_mkt/derila_6.img
65	28	37	39	/soya2/sourcing/img_soya/v3_31_Firefly_Gemini_Flash_Generate_the_same_image_exactly_as_the_	/soya2/sourcing/img_mkt/comfy_4.img
65	28	37	39	/soya2/sourcing/img_soya/voy_01_9-Oreiller-de-Voyage-Ergonomique-Soya_img2.webp	/soya_prix/imgs/comfysle_3.img
65	28	37	40	/soya2/sourcing/img_soya/voy_02_9-Oreiller-de-Voyage-Ergonomique-Soya_img3.webp	/soya2/sourcing/img_mkt/jty_knee_6.webp
65	28	37	41	/soya/gallery/03.jpg	/soya_prix/imgs/htconfort_0.img
65	28	37	41	/soya/gallery/14.jpg	/soya_prix/imgs/htconfort_0.img
65	28	37	41	/soya/gallery/27.jpg	/soya_prix/imgs/htconfort_0.img
65	28	37	44	/soya2/sourcing/img_soya/enf_06_KIDSP1_1.jpg	/soya_prix/imgs/inphysio_2.img
65	28	37	44	/soya2/sourcing/img_soya/v3_00_18.png	/soya_prix/imgs/htconfort_1.img
65	28	37	44	/soya2/sourcing/img_soya/v3_36_34.png	/soya_prix/imgs/htconfort_1.img
65	28	37	46	/soya2/sourcing/img_soya/v3_25_Soya_3.0_grey_2_2e59cacb-6ebc-4f36-8a81-44478c9d4589.png	/soya2/sourcing/img_mkt/confal_4.img
65	28	37	48	/soya2/sourcing/img_soya/lomb_02_4-Coussin_Lombaire_Ergonomique_Soya_img3.webp	/soya2/sourcing/img_mkt/comfy_0.img
65	28	37	49	/soya2/sourcing/img_soya/v3_32_Soya_3.0_Grey_1.png	/soya_prix/imgs/comfysle_0.img
65	28	37	52	/soya2/sourcing/img_soya/v2_06_1-oreiller-soya-2_0_img6_9601dd3b-66d6-4311-b41e-5fd7712bdc1	/soya2/sourcing/img_mkt/comfy_0.img
65	30	35	7	/soya/gallery/29.jpg	/soya2/sourcing/img_mkt/derila_0.img
65	30	35	17	/soya2/sourcing/img_soya/voy_03_9-Oreiller-de-Voyage-Ergonomique-Soya_img4.webp	/soya2/sourcing/img_mkt/jty_knee_2.webp
65	30	35	19	/soya2/sourcing/img_soya/v1_00_8-Oreiller_Soya_1.0_couverture_HD.webp	/soya2/sourcing/img_mkt/jty_p6036_5.webp
65	30	35	25	/soya2/sourcing/img_soya/enf_02_KIDSP1_6.png	/soya2/sourcing/img_mkt/mic_tnjk_11.webp
65	30	35	25	/soya2/sourcing/img_soya/enf_02_KIDSP1_6.png	/soya2/sourcing/img_mkt/mic_tnjk_4.webp
65	30	35	25	/soya2/sourcing/img_soya/enf_02_KIDSP1_6.png	/soya2/sourcing/img_mkt/mic_tnjk_7.webp
65	30	35	25	/soya2/sourcing/img_soya/h3_15_7687678_1.png	/soya2/sourcing/img_mkt/jty_p6036_1.webp
65	30	35	25	/soya2/sourcing/img_soya/v1_03_8-Oreiller_Soya_1.0_img4.webp	/soya2/sourcing/img_mkt/comfy_0.img
65	30	35	25	/soya2/sourcing/img_soya/v1_04_8-Oreiller_Soya_1.0_img5.webp	/soya_prix/imgs/zamatsle_3.img
65	30	35	25	/soya2/sourcing/img_soya/v2_08_11_bf88b3df-377c-4ddb-b78a-cc7a164e7755.png	/soya_prix/imgs/somnilys_0.img
65	30	35	26	/soya2/sourcing/img_soya/regl_02_14-Ensemble_Oreillers_Reglables_img3.webp	/soya_prix/imgs/inphysio_0.img
65	30	35	26	/soya2/sourcing/img_soya/v3_25_Soya_3.0_grey_2_2e59cacb-6ebc-4f36-8a81-44478c9d4589.png	/soya2/sourcing/img_mkt/comfy_2.img
65	30	35	27	/soya/gallery/13.jpg	/soya2/sourcing/img_mkt/confal_3.img
65	30	35	27	/soya2/sourcing/img_soya/h2_00_2-housse_Oreiller_de_Rechange_Soya_HD.webp	/soya2/sourcing/img_mkt/comfy_5.img
65	30	35	27	/soya2/sourcing/img_soya/h2_00_2-housse_Oreiller_de_Rechange_Soya_HD.webp	/soya2/sourcing/img_mkt/jty_knee_1.webp
65	30	35	28	/soya2/sourcing/img_soya/v3_12_2_782a3829-4b96-451b-93e4-630d8f06e705.png	/soya2/sourcing/img_mkt/jty_p6036_5.webp
65	30	35	29	/soya2/sourcing/img_soya/v3_32_Soya_3.0_Grey_1.png	/soya2/sourcing/img_mkt/jty_knee_6.webp
65	30	35	29	/soya2/sourcing/img_soya/v3_33_Soya_3.0_Grey_4.png	/soya2/sourcing/img_mkt/derila_3.img
65	30	35	30	/soya/gallery/20.jpg	/soya2/sourcing/img_mkt/derila_6.img
65	30	35	30	/soya/gallery/39.jpg	/soya2/sourcing/img_mkt/comfy_3.img
65	30	35	30	/soya2/sourcing/img_soya/v2_06_1-oreiller-soya-2_0_img6_9601dd3b-66d6-4311-b41e-5fd7712bdc1	/soya2/sourcing/img_mkt/jty_knee_6.webp
65	30	35	30	/soya2/sourcing/img_soya/v3_12_2_782a3829-4b96-451b-93e4-630d8f06e705.png	/soya2/sourcing/img_mkt/comfy_1.img
65	30	35	30	/soya2/sourcing/img_soya/v3_12_2_782a3829-4b96-451b-93e4-630d8f06e705.png	/soya_prix/imgs/comfysle_1.img
65	30	35	32	/soya/gallery/01.jpg	/soya2/sourcing/img_mkt/jty_knee_1.webp
65	30	35	32	/soya/gallery/12.jpg	/soya2/sourcing/img_mkt/jty_knee_1.webp
65	30	35	32	/soya/gallery/24.jpg	/soya2/sourcing/img_mkt/jty_knee_1.webp
65	30	35	32	/soya2/sourcing/img_soya/enf_18_KIDS_YELLOW_2.png	/soya2/sourcing/img_mkt/mic_jty_1.webp
65	30	35	32	/soya2/sourcing/img_soya/henf_05_KIDS_YELLOW_2.png	/soya2/sourcing/img_mkt/mic_jty_1.webp
65	30	35	32	/soya2/sourcing/img_soya/v3_34_Soya_3.0_Grey.png	/soya2/sourcing/img_mkt/jty_knee_1.webp
65	30	35	33	/soya2/sourcing/img_soya/enf_20_KIDS_YELLOW_5.png	/soya_prix/imgs/somnilys_2.img
65	30	35	33	/soya2/sourcing/img_soya/voy_00_9-Oreiller-de-Voyage-Ergonomique-Soyacouverture_HD.webp	/soya2/sourcing/img_mkt/jty_knee_4.webp
65	30	35	34	/soya/gallery/03.jpg	/soya2/sourcing/img_mkt/mic_jty_1.webp
65	30	35	34	/soya/gallery/13.jpg	/soya2/sourcing/img_mkt/derila_5.img
65	30	35	34	/soya/gallery/14.jpg	/soya2/sourcing/img_mkt/mic_jty_1.webp
65	30	35	34	/soya/gallery/27.jpg	/soya2/sourcing/img_mkt/mic_jty_1.webp
65	30	35	34	/soya2/sourcing/img_soya/v2_02_1-oreiller-soya-2_0_img3_5f834f33-5e47-49e1-a6a1-34e17f3341b	/soya2/sourcing/img_mkt/comfy_5.img
65	30	35	34	/soya2/sourcing/img_soya/v2_08_11_bf88b3df-377c-4ddb-b78a-cc7a164e7755.png	/soya2/sourcing/img_mkt/comfy_0.img
65	30	35	34	/soya2/sourcing/img_soya/v2_08_11_bf88b3df-377c-4ddb-b78a-cc7a164e7755.png	/soya_prix/imgs/comfysle_0.img
65	30	35	36	/soya2/sourcing/img_soya/enf_03_KIDSP1_5.png	/soya2/sourcing/img_mkt/mic_tnjk_10.webp
65	30	35	36	/soya2/sourcing/img_soya/enf_03_KIDSP1_5.png	/soya2/sourcing/img_mkt/mic_tnjk_6.webp
65	30	35	36	/soya2/sourcing/img_soya/enf_03_KIDSP1_5.png	/soya2/sourcing/img_mkt/mic_tnjk_9.webp
65	30	35	36	/soya2/sourcing/img_soya/h3_08_15_eb23f129-89f3-4ffc-be96-9e67ce1c745f.png	/soya2/sourcing/img_mkt/derila_0.img
65	30	35	37	/soya/gallery/04.jpg	/soya2/sourcing/img_mkt/jty_knee_3.webp
65	30	35	37	/soya2/sourcing/img_soya/enf_11_KIDS_PINK_7.png	/soya2/sourcing/img_mkt/jty_p6036_5.webp
65	30	35	37	/soya2/sourcing/img_soya/henf_04_KIDS_PINK_7.png	/soya2/sourcing/img_mkt/jty_p6036_5.webp
65	30	35	38	/soya2/sourcing/img_soya/enf_12_KIDS_PINK_5.png	/soya_prix/imgs/zamatsle_0.img
65	30	35	39	/soya/gallery/01.jpg	/soya2/sourcing/img_mkt/comfy_4.img
65	30	35	39	/soya/gallery/12.jpg	/soya2/sourcing/img_mkt/comfy_4.img
65	30	35	39	/soya/gallery/24.jpg	/soya2/sourcing/img_mkt/comfy_4.img
65	30	35	39	/soya2/sourcing/img_soya/enf_10_KIDS_PINK_1.png	/soya2/sourcing/img_mkt/derila_3.img
65	30	35	39	/soya2/sourcing/img_soya/v3_33_Soya_3.0_Grey_4.png	/soya2/sourcing/img_mkt/derila_0.img
65	30	35	40	/soya/gallery/04.jpg	/soya2/sourcing/img_mkt/derila_5.img
65	30	35	40	/soya/gallery/30.jpg	/soya2/sourcing/img_mkt/comfy_0.img
65	30	35	40	/soya/gallery/30.jpg	/soya_prix/imgs/comfysle_0.img
65	30	35	41	/soya/gallery/03.jpg	/soya2/sourcing/img_mkt/derila_0.img
65	30	35	41	/soya/gallery/14.jpg	/soya2/sourcing/img_mkt/derila_0.img
65	30	35	41	/soya/gallery/15.jpg	/soya_prix/imgs/htconfort_0.img
65	30	35	41	/soya/gallery/27.jpg	/soya2/sourcing/img_mkt/derila_0.img
65	30	35	41	/soya2/sourcing/img_soya/enf_03_KIDSP1_5.png	/soya_prix/imgs/inphysio_1.img
65	30	35	41	/soya2/sourcing/img_soya/enf_12_KIDS_PINK_5.png	/soya2/sourcing/img_mkt/jty_p6036_6.webp
65	30	35	41	/soya2/sourcing/img_soya/enf_16_KIDS_YELLOW_7.png	/soya2/sourcing/img_mkt/confal_2.img
65	30	35	41	/soya2/sourcing/img_soya/enf_16_KIDS_YELLOW_7.png	/soya_prix/imgs/confortalign_2.img
65	30	35	41	/soya2/sourcing/img_soya/v2_06_1-oreiller-soya-2_0_img6_9601dd3b-66d6-4311-b41e-5fd7712bdc1	/soya_prix/imgs/inphysio_0.img
65	30	35	42	/soya/gallery/35.jpg	/soya2/sourcing/img_mkt/mic_jty_12.webp
65	30	35	42	/soya2/sourcing/img_soya/enf_12_KIDS_PINK_5.png	/soya2/sourcing/img_mkt/derila_0.img
65	30	35	42	/soya2/sourcing/img_soya/h2_00_2-housse_Oreiller_de_Rechange_Soya_HD.webp	/soya2/sourcing/img_mkt/comfy_6.img
65	30	35	42	/soya2/sourcing/img_soya/h3_04_14_feded688-a4ff-4333-8fba-e9a2e53c877a.png	/soya2/sourcing/img_mkt/jty_p6036_4.webp
65	30	35	42	/soya2/sourcing/img_soya/h3_08_15_eb23f129-89f3-4ffc-be96-9e67ce1c745f.png	/soya2/sourcing/img_mkt/jty_knee_2.webp
65	30	35	42	/soya2/sourcing/img_soya/v1_00_8-Oreiller_Soya_1.0_couverture_HD.webp	/soya2/sourcing/img_mkt/jty_p6036_4.webp
65	30	35	42	/soya2/sourcing/img_soya/v2_06_1-oreiller-soya-2_0_img6_9601dd3b-66d6-4311-b41e-5fd7712bdc1	/soya_prix/imgs/htconfort_1.img
65	30	35	42	/soya2/sourcing/img_soya/voy_00_9-Oreiller-de-Voyage-Ergonomique-Soyacouverture_HD.webp	/soya2/sourcing/img_mkt/comfy_6.img
65	30	35	45	/soya/gallery/05.jpg	/soya2/sourcing/img_mkt/jty_knee_3.webp
65	30	35	46	/soya2/sourcing/img_soya/v3_30_IMG_9178.png	/soya2/sourcing/img_mkt/comfy_6.img
65	30	35	46	/soya2/sourcing/img_soya/v3_34_Soya_3.0_Grey.png	/soya_prix/imgs/inphysio_2.img
65	30	35	47	/soya2/sourcing/img_soya/v3_30_IMG_9178.png	/soya2/sourcing/img_mkt/comfy_0.img
65	30	35	49	/soya2/sourcing/img_soya/v2_00_1-oreiller-soya-2_0HD.webp	/soya2/sourcing/img_mkt/mic_jty_8.webp
65	30	35	52	/soya/gallery/13.jpg	/soya2/sourcing/img_mkt/comfy_6.img
65	30	35	52	/soya/gallery/25.jpg	/soya2/sourcing/img_mkt/comfy_6.img
65	32	33	13	/soya/gallery/36.jpg	/soya_prix/imgs/comfysle_2.img
65	32	33	13	/soya/gallery/37.jpg	/soya_prix/imgs/comfysle_2.img
65	32	33	13	/soya2/sourcing/img_soya/v3_30_IMG_9178.png	/soya2/sourcing/img_mkt/comfy_5.img
65	32	33	14	/soya2/sourcing/img_soya/enf_14_KIDS_YELLOW_6.jpg	/soya2/sourcing/img_mkt/jty_p6036_1.webp
65	32	33	18	/soya2/sourcing/img_soya/lomb_01_4-Coussin_Lombaire_Ergonomique_Soya_img2.webp	/soya2/sourcing/img_mkt/derila_0.img
65	32	33	19	/soya/gallery/39.jpg	/soya2/sourcing/img_mkt/jty_p6036_1.webp
65	32	33	21	/soya2/sourcing/img_soya/enf_13_KIDS_PINK_3.png	/soya2/sourcing/img_mkt/jty_p6036_5.webp
65	32	33	21	/soya2/sourcing/img_soya/v1_03_8-Oreiller_Soya_1.0_img4.webp	/soya_prix/imgs/htconfort_1.img
65	32	33	22	/soya2/sourcing/img_soya/v2_08_11_bf88b3df-377c-4ddb-b78a-cc7a164e7755.png	/soya2/sourcing/img_mkt/confal_1.img
65	32	33	22	/soya2/sourcing/img_soya/v2_08_11_bf88b3df-377c-4ddb-b78a-cc7a164e7755.png	/soya_prix/imgs/confortalign_1.img
65	32	33	22	/soya2/sourcing/img_soya/v3_25_Soya_3.0_grey_2_2e59cacb-6ebc-4f36-8a81-44478c9d4589.png	/soya2/sourcing/img_mkt/derila_5.img
65	32	33	23	/soya2/sourcing/img_soya/enf_08_KIDS_PINK_4.png	/soya_prix/imgs/zamatsle_2.img
65	32	33	23	/soya2/sourcing/img_soya/enf_10_KIDS_PINK_1.png	/soya2/sourcing/img_mkt/jty_p6036_4.webp
65	32	33	23	/soya2/sourcing/img_soya/enf_17_KIDS_YELLOW_1.png	/soya_prix/imgs/somnilys_0.img
65	32	33	23	/soya2/sourcing/img_soya/h3_04_14_feded688-a4ff-4333-8fba-e9a2e53c877a.png	/soya2/sourcing/img_mkt/jty_p6036_1.webp
65	32	33	23	/soya2/sourcing/img_soya/v1_04_8-Oreiller_Soya_1.0_img5.webp	/soya_prix/imgs/somnilys_0.img
65	32	33	24	/soya/gallery/20.jpg	/soya2/sourcing/img_mkt/jty_p6036_2.webp
65	32	33	24	/soya/gallery/26.jpg	/soya2/sourcing/img_mkt/comfy_5.img
65	32	33	24	/soya2/sourcing/img_soya/enf_20_KIDS_YELLOW_5.png	/soya2/sourcing/img_mkt/mic_jty_2.webp
65	32	33	24	/soya2/sourcing/img_soya/lomb_02_4-Coussin_Lombaire_Ergonomique_Soya_img3.webp	/soya_prix/imgs/inphysio_1.img
65	32	33	25	/soya2/sourcing/img_soya/h2_02_2-housse_Oreiller_de_Rechange_Soya_img3.webp	/soya2/sourcing/img_mkt/derila_0.img
65	32	33	25	/soya2/sourcing/img_soya/h3_15_7687678_1.png	/soya2/sourcing/img_mkt/jty_p6036_5.webp
65	32	33	25	/soya2/sourcing/img_soya/lomb_00_4-Coussin_Lombaire_Ergonomique_Soya_couverture_HD.webp	/soya2/sourcing/img_mkt/jty_knee_5.webp
65	32	33	26	/soya/gallery/20.jpg	/soya_prix/imgs/zamatsle_2.img
65	32	33	26	/soya/gallery/32.jpg	/soya2/sourcing/img_mkt/mic_tnjk_11.webp
65	32	33	26	/soya/gallery/32.jpg	/soya2/sourcing/img_mkt/mic_tnjk_4.webp
65	32	33	26	/soya/gallery/32.jpg	/soya2/sourcing/img_mkt/mic_tnjk_7.webp
65	32	33	26	/soya2/sourcing/img_soya/v1_04_8-Oreiller_Soya_1.0_img5.webp	/soya2/sourcing/img_mkt/comfy_0.img
65	32	33	26	/soya2/sourcing/img_soya/v1_04_8-Oreiller_Soya_1.0_img5.webp	/soya_prix/imgs/comfysle_0.img
65	32	33	27	/soya2/sourcing/img_soya/v2_05_Oreiller_position_4.png	/soya2/sourcing/img_mkt/confal_3.img
65	32	33	28	/soya/gallery/23.jpg	/soya_prix/imgs/comfysle_3.img
65	32	33	29	/soya2/sourcing/img_soya/h2_02_2-housse_Oreiller_de_Rechange_Soya_img3.webp	/soya2/sourcing/img_mkt/mic_jty_2.webp
65	32	33	30	/soya/gallery/10.jpg	/soya2/sourcing/img_mkt/mic_jty_1.webp
65	32	33	30	/soya2/sourcing/img_soya/enf_07_KIDS_PINK_6.jpg	/soya2/sourcing/img_mkt/comfy_7.img
65	32	33	30	/soya2/sourcing/img_soya/enf_13_KIDS_PINK_3.png	/soya2/sourcing/img_mkt/derila_4.img
65	32	33	30	/soya2/sourcing/img_soya/h2_01_2-housse_Oreiller_de_Rechange_Soya_img4.webp	/soya_prix/imgs/zamatsle_1.img
65	32	33	30	/soya2/sourcing/img_soya/henf_00_KIDS_P_1_2.png	/soya2/sourcing/img_mkt/jty_p6036_2.webp
65	32	33	30	/soya2/sourcing/img_soya/henf_01_KIDS_P_1_4.png	/soya2/sourcing/img_mkt/jty_p6036_2.webp
65	32	33	30	/soya2/sourcing/img_soya/v2_03_1-oreiller-soya-2_0_img4_39d31902-82e0-42b3-a8cb-6b71e2ebfe7	/soya_prix/imgs/zamatsle_1.img
65	32	33	30	/soya2/sourcing/img_soya/v2_08_11_bf88b3df-377c-4ddb-b78a-cc7a164e7755.png	/soya2/sourcing/img_mkt/jty_knee_3.webp
65	32	33	31	/soya2/sourcing/img_soya/enf_11_KIDS_PINK_7.png	/soya2/sourcing/img_mkt/mic_jty_1.webp
65	32	33	31	/soya2/sourcing/img_soya/h2_02_2-housse_Oreiller_de_Rechange_Soya_img3.webp	/soya2/sourcing/img_mkt/jty_p6036_4.webp
65	32	33	31	/soya2/sourcing/img_soya/henf_01_KIDS_P_1_4.png	/soya_prix/imgs/zamatsle_0.img
65	32	33	31	/soya2/sourcing/img_soya/henf_04_KIDS_PINK_7.png	/soya2/sourcing/img_mkt/mic_jty_1.webp
65	32	33	31	/soya2/sourcing/img_soya/v2_08_11_bf88b3df-377c-4ddb-b78a-cc7a164e7755.png	/soya2/sourcing/img_mkt/comfy_2.img
65	32	33	31	/soya2/sourcing/img_soya/v3_24_SOYA_3.0_Grey-2.jpg	/soya2/sourcing/img_mkt/jty_knee_2.webp
65	32	33	32	/soya/gallery/02.jpg	/soya2/sourcing/img_mkt/jty_knee_6.webp
65	32	33	32	/soya/gallery/19.jpg	/soya_prix/imgs/somnilys_2.img
65	32	33	32	/soya2/sourcing/img_soya/h2_03_2-housse_Oreiller_de_Rechange_Soya_img5.webp	/soya2/sourcing/img_mkt/comfy_3.img
65	32	33	32	/soya2/sourcing/img_soya/regl_02_14-Ensemble_Oreillers_Reglables_img3.webp	/soya2/sourcing/img_mkt/comfy_4.img
65	32	33	32	/soya2/sourcing/img_soya/v3_24_SOYA_3.0_Grey-2.jpg	/soya2/sourcing/img_mkt/comfy_1.img
65	32	33	32	/soya2/sourcing/img_soya/v3_24_SOYA_3.0_Grey-2.jpg	/soya_prix/imgs/comfysle_1.img
65	32	33	32	/soya2/sourcing/img_soya/v3_31_Firefly_Gemini_Flash_Generate_the_same_image_exactly_as_the_	/soya2/sourcing/img_mkt/jty_knee_1.webp
65	32	33	33	/soya/gallery/01.jpg	/soya2/sourcing/img_mkt/jty_knee_5.webp
65	32	33	33	/soya/gallery/12.jpg	/soya2/sourcing/img_mkt/jty_knee_5.webp
65	32	33	33	/soya/gallery/20.jpg	/soya2/sourcing/img_mkt/derila_4.img
65	32	33	33	/soya/gallery/24.jpg	/soya2/sourcing/img_mkt/jty_knee_5.webp
65	32	33	33	/soya2/sourcing/img_soya/v3_32_Soya_3.0_Grey_1.png	/soya2/sourcing/img_mkt/confal_1.img
65	32	33	33	/soya2/sourcing/img_soya/v3_32_Soya_3.0_Grey_1.png	/soya_prix/imgs/confortalign_1.img
65	32	33	34	/soya/gallery/04.jpg	/soya_prix/imgs/zamatsle_3.img
65	32	33	34	/soya/gallery/25.jpg	/soya2/sourcing/img_mkt/derila_5.img
65	32	33	34	/soya2/sourcing/img_soya/enf_04_KIDSP1_1.png	/soya2/sourcing/img_mkt/derila_1.img
65	32	33	34	/soya2/sourcing/img_soya/h2_03_2-housse_Oreiller_de_Rechange_Soya_img5.webp	/soya2/sourcing/img_mkt/jty_p6036_4.webp
65	32	33	34	/soya2/sourcing/img_soya/h3_13_Soya_3.0_Grey_2.png	/soya2/sourcing/img_mkt/derila_1.img
65	32	33	34	/soya2/sourcing/img_soya/henf_03_KIDSP1_1.png	/soya2/sourcing/img_mkt/derila_1.img
65	32	33	34	/soya2/sourcing/img_soya/v3_00_18.png	/soya_prix/imgs/comfysle_3.img
65	32	33	34	/soya2/sourcing/img_soya/v3_28_Soya_3.0_Grey_2_47c0e3de-4c91-48dd-960e-4a36d6b20353.png	/soya2/sourcing/img_mkt/derila_1.img
65	32	33	34	/soya2/sourcing/img_soya/v3_31_Firefly_Gemini_Flash_Generate_the_same_image_exactly_as_the_	/soya_prix/imgs/comfysle_3.img
65	32	33	34	/soya2/sourcing/img_soya/v3_31_Firefly_Gemini_Flash_Generate_the_same_image_exactly_as_the_	/soya_prix/imgs/htconfort_1.img
65	32	33	34	/soya2/sourcing/img_soya/v3_36_34.png	/soya_prix/imgs/comfysle_3.img
65	32	33	35	/soya/gallery/09.jpg	/soya2/sourcing/img_mkt/jty_knee_6.webp
65	32	33	35	/soya2/sourcing/img_soya/regl_01_14-Ensemble_Oreillers_Reglables_img2.webp	/soya2/sourcing/img_mkt/mic_jty_12.webp
65	32	33	36	/soya/gallery/30.jpg	/soya2/sourcing/img_mkt/jty_knee_3.webp
65	32	33	36	/soya2/sourcing/img_soya/v2_02_1-oreiller-soya-2_0_img3_5f834f33-5e47-49e1-a6a1-34e17f3341b	/soya2/sourcing/img_mkt/jty_knee_6.webp
65	32	33	36	/soya2/sourcing/img_soya/v3_24_SOYA_3.0_Grey-2.jpg	/soya2/sourcing/img_mkt/mic_jty_5.webp
65	32	33	37	/soya/gallery/03.jpg	/soya2/sourcing/img_mkt/jty_knee_2.webp
65	32	33	37	/soya/gallery/14.jpg	/soya2/sourcing/img_mkt/jty_knee_2.webp
65	32	33	37	/soya/gallery/16.jpg	/soya2/sourcing/img_mkt/jty_knee_5.webp
65	32	33	37	/soya/gallery/21.jpg	/soya2/sourcing/img_mkt/jty_knee_6.webp
65	32	33	37	/soya/gallery/27.jpg	/soya2/sourcing/img_mkt/jty_knee_2.webp
65	32	33	37	/soya/gallery/31.jpg	/soya2/sourcing/img_mkt/derila_1.img
65	32	33	37	/soya2/sourcing/img_soya/enf_11_KIDS_PINK_7.png	/soya2/sourcing/img_mkt/derila_1.img
65	32	33	37	/soya2/sourcing/img_soya/henf_04_KIDS_PINK_7.png	/soya2/sourcing/img_mkt/derila_1.img
65	32	33	37	/soya2/sourcing/img_soya/v2_06_1-oreiller-soya-2_0_img6_9601dd3b-66d6-4311-b41e-5fd7712bdc1	/soya2/sourcing/img_mkt/comfy_4.img
65	32	33	38	/soya/gallery/03.jpg	/soya2/sourcing/img_mkt/mic_jty_5.webp
65	32	33	38	/soya/gallery/14.jpg	/soya2/sourcing/img_mkt/mic_jty_5.webp
65	32	33	38	/soya/gallery/27.jpg	/soya2/sourcing/img_mkt/mic_jty_5.webp
65	32	33	38	/soya/gallery/33.jpg	/soya2/sourcing/img_mkt/jty_p6036_3.webp
65	32	33	38	/soya2/sourcing/img_soya/enf_13_KIDS_PINK_3.png	/soya2/sourcing/img_mkt/jty_knee_2.webp
65	32	33	38	/soya2/sourcing/img_soya/enf_14_KIDS_YELLOW_6.jpg	/soya2/sourcing/img_mkt/jty_p6036_6.webp
65	32	33	38	/soya2/sourcing/img_soya/v3_27_Firefly_Gemini_Flash_Generate_the_same_image_exactly_as_the_	/soya2/sourcing/img_mkt/jty_p6036_1.webp
65	32	33	38	/soya2/sourcing/img_soya/v3_32_Soya_3.0_Grey_1.png	/soya_prix/imgs/inphysio_0.img
65	32	33	38	/soya2/sourcing/img_soya/v3_35_SOYA_3.0_Grey_1.jpg	/soya_prix/imgs/somnilys_1.img
65	32	33	39	/soya2/sourcing/img_soya/enf_00_KIDSP2.jpg	/soya2/sourcing/img_mkt/mic_jty_5.webp
65	32	33	39	/soya2/sourcing/img_soya/lomb_02_4-Coussin_Lombaire_Ergonomique_Soya_img3.webp	/soya_prix/imgs/inphysio_0.img
65	32	33	39	/soya2/sourcing/img_soya/v2_00_1-oreiller-soya-2_0HD.webp	/soya_prix/imgs/htconfort_0.img
65	32	33	40	/soya/gallery/19.jpg	/soya2/sourcing/img_mkt/jty_p6036_5.webp
65	32	33	40	/soya2/sourcing/img_soya/enf_05_KIDSP1_3.jpg	/soya2/sourcing/img_mkt/mic_jty_5.webp
65	32	33	40	/soya2/sourcing/img_soya/enf_19_KIDS_YELLOW_3.png	/soya2/sourcing/img_mkt/mic_jty_5.webp
65	32	33	40	/soya2/sourcing/img_soya/v2_07_1-oreiller-soya-2_0_img7_43909438-1603-4e59-add4-f987f4acd78	/soya_prix/imgs/htconfort_2.img
65	32	33	41	/soya2/sourcing/img_soya/h3_12_7687678_3.png	/soya2/sourcing/img_mkt/derila_5.img
65	32	33	42	/soya2/sourcing/img_soya/h3_04_14_feded688-a4ff-4333-8fba-e9a2e53c877a.png	/soya2/sourcing/img_mkt/jty_knee_2.webp
65	32	33	42	/soya2/sourcing/img_soya/v2_00_1-oreiller-soya-2_0HD.webp	/soya2/sourcing/img_mkt/jty_p6036_6.webp
65	32	33	42	/soya2/sourcing/img_soya/v3_31_Firefly_Gemini_Flash_Generate_the_same_image_exactly_as_the_	/soya2/sourcing/img_mkt/jty_knee_3.webp
65	32	33	43	/soya/gallery/03.jpg	/soya_prix/imgs/comfysle_2.img
65	32	33	43	/soya/gallery/14.jpg	/soya_prix/imgs/comfysle_2.img
65	32	33	43	/soya/gallery/27.jpg	/soya_prix/imgs/comfysle_2.img
65	32	33	43	/soya2/sourcing/img_soya/enf_04_KIDSP1_1.png	/soya2/sourcing/img_mkt/mic_jty_3.webp
65	32	33	43	/soya2/sourcing/img_soya/enf_10_KIDS_PINK_1.png	/soya2/sourcing/img_mkt/derila_4.img
65	32	33	43	/soya2/sourcing/img_soya/henf_03_KIDSP1_1.png	/soya2/sourcing/img_mkt/mic_jty_3.webp
65	32	33	44	/soya2/sourcing/img_soya/lomb_02_4-Coussin_Lombaire_Ergonomique_Soya_img3.webp	/soya2/sourcing/img_mkt/confal_2.img
65	32	33	44	/soya2/sourcing/img_soya/lomb_02_4-Coussin_Lombaire_Ergonomique_Soya_img3.webp	/soya_prix/imgs/confortalign_2.img
65	32	33	46	/soya2/sourcing/img_soya/henf_02_KIDS_P_1_3.png	/soya2/sourcing/img_mkt/mic_jty_8.webp
65	32	33	50	/soya2/sourcing/img_soya/lomb_00_4-Coussin_Lombaire_Ergonomique_Soya_couverture_HD.webp	/soya2/sourcing/img_mkt/derila_2.img
65	34	31	8	/soya/gallery/32.jpg	/soya2/sourcing/img_mkt/jty_p6036_3.webp
65	34	31	14	/soya2/sourcing/img_soya/v3_33_Soya_3.0_Grey_4.png	/soya2/sourcing/img_mkt/jty_p6036_3.webp
65	34	31	15	/soya/gallery/31.jpg	/soya2/sourcing/img_mkt/jty_p6036_5.webp
65	34	31	19	/soya2/sourcing/img_soya/voy_02_9-Oreiller-de-Voyage-Ergonomique-Soya_img3.webp	/soya_prix/imgs/zamatsle_3.img
65	34	31	21	/soya2/sourcing/img_soya/enf_20_KIDS_YELLOW_5.png	/soya2/sourcing/img_mkt/jty_p6036_3.webp
65	34	31	21	/soya2/sourcing/img_soya/h3_08_15_eb23f129-89f3-4ffc-be96-9e67ce1c745f.png	/soya2/sourcing/img_mkt/confal_0.img
65	34	31	21	/soya2/sourcing/img_soya/h3_08_15_eb23f129-89f3-4ffc-be96-9e67ce1c745f.png	/soya_prix/imgs/confortalign_0.img
65	34	31	22	/soya2/sourcing/img_soya/enf_05_KIDSP1_3.jpg	/soya2/sourcing/img_mkt/mic_tnjk_11.webp
65	34	31	22	/soya2/sourcing/img_soya/enf_05_KIDSP1_3.jpg	/soya2/sourcing/img_mkt/mic_tnjk_4.webp
65	34	31	22	/soya2/sourcing/img_soya/enf_05_KIDSP1_3.jpg	/soya2/sourcing/img_mkt/mic_tnjk_7.webp
65	34	31	23	/soya2/sourcing/img_soya/v3_25_Soya_3.0_grey_2_2e59cacb-6ebc-4f36-8a81-44478c9d4589.png	/soya2/sourcing/img_mkt/confal_1.img
65	34	31	23	/soya2/sourcing/img_soya/v3_25_Soya_3.0_grey_2_2e59cacb-6ebc-4f36-8a81-44478c9d4589.png	/soya_prix/imgs/confortalign_1.img
65	34	31	24	/soya2/sourcing/img_soya/enf_00_KIDSP2.jpg	/soya2/sourcing/img_mkt/mic_jty_2.webp
65	34	31	24	/soya2/sourcing/img_soya/enf_08_KIDS_PINK_4.png	/soya_prix/imgs/zamatsle_1.img
65	34	31	24	/soya2/sourcing/img_soya/enf_17_KIDS_YELLOW_1.png	/soya_prix/imgs/htconfort_1.img
65	34	31	24	/soya2/sourcing/img_soya/voy_02_9-Oreiller-de-Voyage-Ergonomique-Soya_img3.webp	/soya_prix/imgs/comfysle_3.img
65	34	31	25	/soya2/sourcing/img_soya/v3_12_2_782a3829-4b96-451b-93e4-630d8f06e705.png	/soya2/sourcing/img_mkt/comfy_7.img
65	34	31	26	/soya2/sourcing/img_soya/v3_34_Soya_3.0_Grey.png	/soya2/sourcing/img_mkt/comfy_5.img
65	34	31	27	/soya2/sourcing/img_soya/voy_02_9-Oreiller-de-Voyage-Ergonomique-Soya_img3.webp	/soya2/sourcing/img_mkt/comfy_2.img
65	34	31	28	/soya/gallery/21.jpg	/soya2/sourcing/img_mkt/comfy_6.img
65	34	31	28	/soya/gallery/23.jpg	/soya_prix/imgs/inphysio_1.img
65	34	31	28	/soya2/sourcing/img_soya/h2_03_2-housse_Oreiller_de_Rechange_Soya_img5.webp	/soya2/sourcing/img_mkt/derila_0.img
65	34	31	29	/soya2/sourcing/img_soya/enf_04_KIDSP1_1.png	/soya2/sourcing/img_mkt/jty_knee_2.webp
65	34	31	29	/soya2/sourcing/img_soya/henf_03_KIDSP1_1.png	/soya2/sourcing/img_mkt/jty_knee_2.webp
65	34	31	29	/soya2/sourcing/img_soya/v1_04_8-Oreiller_Soya_1.0_img5.webp	/soya2/sourcing/img_mkt/derila_5.img
65	34	31	29	/soya2/sourcing/img_soya/voy_04_9-Oreiller-de-Voyage-Ergonomique-Soya_img5.webp	/soya2/sourcing/img_mkt/mic_tnjk_10.webp
65	34	31	29	/soya2/sourcing/img_soya/voy_04_9-Oreiller-de-Voyage-Ergonomique-Soya_img5.webp	/soya2/sourcing/img_mkt/mic_tnjk_6.webp
65	34	31	29	/soya2/sourcing/img_soya/voy_04_9-Oreiller-de-Voyage-Ergonomique-Soya_img5.webp	/soya2/sourcing/img_mkt/mic_tnjk_9.webp
65	34	31	29	/soya2/sourcing/img_soya/voy_05_9-Oreiller-de-Voyage-Ergonomique-Soya_img6.webp	/soya2/sourcing/img_mkt/mic_tnjk_10.webp
65	34	31	29	/soya2/sourcing/img_soya/voy_05_9-Oreiller-de-Voyage-Ergonomique-Soya_img6.webp	/soya2/sourcing/img_mkt/mic_tnjk_6.webp
65	34	31	29	/soya2/sourcing/img_soya/voy_05_9-Oreiller-de-Voyage-Ergonomique-Soya_img6.webp	/soya2/sourcing/img_mkt/mic_tnjk_9.webp
65	34	31	29	/soya2/sourcing/img_soya/voy_06_9-Oreiller-de-Voyage-Ergonomique-Soya_img7.webp	/soya2/sourcing/img_mkt/mic_tnjk_10.webp
65	34	31	29	/soya2/sourcing/img_soya/voy_06_9-Oreiller-de-Voyage-Ergonomique-Soya_img7.webp	/soya2/sourcing/img_mkt/mic_tnjk_6.webp
65	34	31	29	/soya2/sourcing/img_soya/voy_06_9-Oreiller-de-Voyage-Ergonomique-Soya_img7.webp	/soya2/sourcing/img_mkt/mic_tnjk_9.webp
65	34	31	30	/soya/gallery/09.jpg	/soya2/sourcing/img_mkt/comfy_6.img
65	34	31	30	/soya2/sourcing/img_soya/enf_02_KIDSP1_6.png	/soya2/sourcing/img_mkt/mic_jty_2.webp
65	34	31	30	/soya2/sourcing/img_soya/enf_04_KIDSP1_1.png	/soya2/sourcing/img_mkt/comfy_1.img
65	34	31	30	/soya2/sourcing/img_soya/enf_04_KIDSP1_1.png	/soya_prix/imgs/comfysle_1.img
65	34	31	30	/soya2/sourcing/img_soya/henf_02_KIDS_P_1_3.png	/soya_prix/imgs/zamatsle_0.img
65	34	31	30	/soya2/sourcing/img_soya/henf_03_KIDSP1_1.png	/soya2/sourcing/img_mkt/comfy_1.img
65	34	31	30	/soya2/sourcing/img_soya/henf_03_KIDSP1_1.png	/soya_prix/imgs/comfysle_1.img
65	34	31	30	/soya2/sourcing/img_soya/lomb_03_4_dc2e6161-802a-4c42-a1d6-b9a0a02ce466.png	/soya_prix/imgs/comfysle_3.img
65	34	31	30	/soya2/sourcing/img_soya/voy_04_9-Oreiller-de-Voyage-Ergonomique-Soya_img5.webp	/soya2/sourcing/img_mkt/jty_knee_3.webp
65	34	31	30	/soya2/sourcing/img_soya/voy_05_9-Oreiller-de-Voyage-Ergonomique-Soya_img6.webp	/soya2/sourcing/img_mkt/jty_knee_3.webp
65	34	31	30	/soya2/sourcing/img_soya/voy_06_9-Oreiller-de-Voyage-Ergonomique-Soya_img7.webp	/soya2/sourcing/img_mkt/jty_knee_3.webp
65	34	31	31	/soya2/sourcing/img_soya/enf_16_KIDS_YELLOW_7.png	/soya2/sourcing/img_mkt/comfy_0.img
65	34	31	31	/soya2/sourcing/img_soya/enf_17_KIDS_YELLOW_1.png	/soya2/sourcing/img_mkt/derila_5.img
65	34	31	31	/soya2/sourcing/img_soya/h2_00_2-housse_Oreiller_de_Rechange_Soya_HD.webp	/soya2/sourcing/img_mkt/confal_3.img
65	34	31	31	/soya2/sourcing/img_soya/v2_02_1-oreiller-soya-2_0_img3_5f834f33-5e47-49e1-a6a1-34e17f3341b	/soya2/sourcing/img_mkt/derila_5.img
65	34	31	32	/soya2/sourcing/img_soya/enf_04_KIDSP1_1.png	/soya_prix/imgs/htconfort_2.img
65	34	31	32	/soya2/sourcing/img_soya/henf_03_KIDSP1_1.png	/soya_prix/imgs/htconfort_2.img
65	34	31	32	/soya2/sourcing/img_soya/v2_01_1-oreiller-soya-2_0_img2_7d72b6af-35c7-4427-8f15-843f227d977	/soya2/sourcing/img_mkt/derila_4.img
65	34	31	32	/soya2/sourcing/img_soya/v2_08_11_bf88b3df-377c-4ddb-b78a-cc7a164e7755.png	/soya_prix/imgs/comfysle_3.img
65	34	31	33	/soya2/sourcing/img_soya/enf_11_KIDS_PINK_7.png	/soya2/sourcing/img_mkt/comfy_1.img
65	34	31	33	/soya2/sourcing/img_soya/enf_11_KIDS_PINK_7.png	/soya_prix/imgs/comfysle_1.img
65	34	31	33	/soya2/sourcing/img_soya/henf_04_KIDS_PINK_7.png	/soya2/sourcing/img_mkt/comfy_1.img
65	34	31	33	/soya2/sourcing/img_soya/henf_04_KIDS_PINK_7.png	/soya_prix/imgs/comfysle_1.img
65	34	31	34	/soya/gallery/17.jpg	/soya2/sourcing/img_mkt/jty_knee_2.webp
65	34	31	34	/soya2/sourcing/img_soya/v1_03_8-Oreiller_Soya_1.0_img4.webp	/soya2/sourcing/img_mkt/confal_4.img
65	34	31	35	/soya2/sourcing/img_soya/enf_02_KIDSP1_6.png	/soya2/sourcing/img_mkt/jty_p6036_5.webp
65	34	31	36	/soya/gallery/20.jpg	/soya2/sourcing/img_mkt/mic_jty_1.webp
65	34	31	36	/soya2/sourcing/img_soya/enf_07_KIDS_PINK_6.jpg	/soya2/sourcing/img_mkt/derila_3.img
65	34	31	36	/soya2/sourcing/img_soya/v1_04_8-Oreiller_Soya_1.0_img5.webp	/soya_prix/imgs/inphysio_1.img
65	34	31	36	/soya2/sourcing/img_soya/v2_08_11_bf88b3df-377c-4ddb-b78a-cc7a164e7755.png	/soya2/sourcing/img_mkt/mic_jty_12.webp
65	34	31	37	/soya/gallery/07.jpg	/soya2/sourcing/img_mkt/jty_p6036_3.webp
65	34	31	37	/soya2/sourcing/img_soya/enf_05_KIDSP1_3.jpg	/soya_prix/imgs/zamatsle_1.img
65	34	31	37	/soya2/sourcing/img_soya/h3_13_Soya_3.0_Grey_2.png	/soya2/sourcing/img_mkt/derila_4.img
65	34	31	37	/soya2/sourcing/img_soya/v3_28_Soya_3.0_Grey_2_47c0e3de-4c91-48dd-960e-4a36d6b20353.png	/soya2/sourcing/img_mkt/derila_4.img
65	34	31	37	/soya2/sourcing/img_soya/v3_33_Soya_3.0_Grey_4.png	/soya2/sourcing/img_mkt/jty_knee_2.webp
65	34	31	38	/soya2/sourcing/img_soya/v2_07_1-oreiller-soya-2_0_img7_43909438-1603-4e59-add4-f987f4acd78	/soya2/sourcing/img_mkt/comfy_1.img
65	34	31	38	/soya2/sourcing/img_soya/v2_07_1-oreiller-soya-2_0_img7_43909438-1603-4e59-add4-f987f4acd78	/soya_prix/imgs/comfysle_1.img
65	34	31	39	/soya/gallery/04.jpg	/soya_prix/imgs/htconfort_1.img
65	34	31	41	/soya/gallery/30.jpg	/soya2/sourcing/img_mkt/comfy_6.img
65	34	31	41	/soya2/sourcing/img_soya/henf_01_KIDS_P_1_4.png	/soya2/sourcing/img_mkt/jty_knee_2.webp
65	34	31	42	/soya2/sourcing/img_soya/v3_42_41.1.png	/soya2/sourcing/img_mkt/confal_4.img
65	34	31	43	/soya/gallery/15.jpg	/soya_prix/imgs/zamatsle_1.img
65	34	31	43	/soya/gallery/34.jpg	/soya2/sourcing/img_mkt/jty_knee_3.webp
65	34	31	43	/soya2/sourcing/img_soya/henf_02_KIDS_P_1_3.png	/soya_prix/imgs/htconfort_2.img
65	34	31	44	/soya2/sourcing/img_soya/enf_14_KIDS_YELLOW_6.jpg	/soya2/sourcing/img_mkt/derila_6.img
65	34	31	44	/soya2/sourcing/img_soya/v1_02_8-Oreiller_Soya_1.0_img3.webp	/soya2/sourcing/img_mkt/comfy_3.img
65	34	31	44	/soya2/sourcing/img_soya/v3_31_Firefly_Gemini_Flash_Generate_the_same_image_exactly_as_the_	/soya2/sourcing/img_mkt/confal_2.img
65	34	31	44	/soya2/sourcing/img_soya/v3_31_Firefly_Gemini_Flash_Generate_the_same_image_exactly_as_the_	/soya_prix/imgs/confortalign_2.img
65	34	31	44	/soya2/sourcing/img_soya/voy_00_9-Oreiller-de-Voyage-Ergonomique-Soyacouverture_HD.webp	/soya2/sourcing/img_mkt/comfy_2.img
65	34	31	45	/soya2/sourcing/img_soya/lomb_03_4_dc2e6161-802a-4c42-a1d6-b9a0a02ce466.png	/soya2/sourcing/img_mkt/confal_5.img
65	34	31	46	/soya/gallery/15.jpg	/soya2/sourcing/img_mkt/derila_1.img
65	34	31	46	/soya2/sourcing/img_soya/enf_11_KIDS_PINK_7.png	/soya2/sourcing/img_mkt/mic_jty_2.webp
65	34	31	46	/soya2/sourcing/img_soya/henf_04_KIDS_PINK_7.png	/soya2/sourcing/img_mkt/mic_jty_2.webp
65	34	31	48	/soya2/sourcing/img_soya/enf_05_KIDSP1_3.jpg	/soya2/sourcing/img_mkt/derila_6.img
65	36	29	15	/soya2/sourcing/img_soya/voy_04_9-Oreiller-de-Voyage-Ergonomique-Soya_img5.webp	/soya2/sourcing/img_mkt/confal_5.img
65	36	29	15	/soya2/sourcing/img_soya/voy_05_9-Oreiller-de-Voyage-Ergonomique-Soya_img6.webp	/soya2/sourcing/img_mkt/confal_5.img
65	36	29	15	/soya2/sourcing/img_soya/voy_06_9-Oreiller-de-Voyage-Ergonomique-Soya_img7.webp	/soya2/sourcing/img_mkt/confal_5.img
65	36	29	16	/soya2/sourcing/img_soya/v3_33_Soya_3.0_Grey_4.png	/soya2/sourcing/img_mkt/jty_p6036_1.webp
65	36	29	18	/soya/gallery/06.jpg	/soya_prix/imgs/inphysio_0.img
65	36	29	18	/soya/gallery/18.jpg	/soya_prix/imgs/inphysio_0.img
65	36	29	18	/soya/gallery/22.jpg	/soya_prix/imgs/inphysio_0.img
65	36	29	18	/soya/gallery/28.jpg	/soya_prix/imgs/inphysio_0.img
65	36	29	18	/soya2/sourcing/img_soya/v1_01_8-Oreiller_Soya_1.0_img2.webp	/soya_prix/imgs/zamatsle_3.img
65	36	29	22	/soya2/sourcing/img_soya/enf_08_KIDS_PINK_4.png	/soya_prix/imgs/zamatsle_0.img
65	36	29	23	/soya2/sourcing/img_soya/henf_02_KIDS_P_1_3.png	/soya2/sourcing/img_mkt/confal_0.img
65	36	29	23	/soya2/sourcing/img_soya/henf_02_KIDS_P_1_3.png	/soya_prix/imgs/confortalign_0.img
65	36	29	25	/soya2/sourcing/img_soya/regl_01_14-Ensemble_Oreillers_Reglables_img2.webp	/soya2/sourcing/img_mkt/jty_knee_3.webp
65	36	29	27	/soya/gallery/31.jpg	/soya2/sourcing/img_mkt/mic_tnjk_11.webp
65	36	29	27	/soya/gallery/31.jpg	/soya2/sourcing/img_mkt/mic_tnjk_4.webp
65	36	29	27	/soya/gallery/31.jpg	/soya2/sourcing/img_mkt/mic_tnjk_7.webp
65	36	29	28	/soya/gallery/29.jpg	/soya_prix/imgs/htconfort_2.img
65	36	29	28	/soya2/sourcing/img_soya/enf_15_KIDS_YELLOW_4.png	/soya2/sourcing/img_mkt/comfy_6.img
65	36	29	29	/soya/gallery/23.jpg	/soya2/sourcing/img_mkt/comfy_6.img
65	36	29	29	/soya2/sourcing/img_soya/enf_03_KIDSP1_5.png	/soya2/sourcing/img_mkt/jty_knee_3.webp
65	36	29	29	/soya2/sourcing/img_soya/v1_01_8-Oreiller_Soya_1.0_img2.webp	/soya2/sourcing/img_mkt/comfy_0.img
65	36	29	29	/soya2/sourcing/img_soya/v1_01_8-Oreiller_Soya_1.0_img2.webp	/soya_prix/imgs/comfysle_0.img
65	36	29	30	/soya/gallery/06.jpg	/soya2/sourcing/img_mkt/comfy_4.img
65	36	29	30	/soya/gallery/09.jpg	/soya_prix/imgs/somnilys_1.img
65	36	29	30	/soya/gallery/18.jpg	/soya2/sourcing/img_mkt/comfy_4.img
65	36	29	30	/soya/gallery/21.jpg	/soya_prix/imgs/somnilys_1.img
65	36	29	30	/soya/gallery/22.jpg	/soya2/sourcing/img_mkt/comfy_4.img
65	36	29	30	/soya/gallery/28.jpg	/soya2/sourcing/img_mkt/comfy_4.img
65	36	29	30	/soya2/sourcing/img_soya/enf_09_KIDS_PINK_2.png	/soya2/sourcing/img_mkt/confal_3.img
65	36	29	30	/soya2/sourcing/img_soya/h2_01_2-housse_Oreiller_de_Rechange_Soya_img4.webp	/soya2/sourcing/img_mkt/comfy_7.img
65	36	29	30	/soya2/sourcing/img_soya/v2_03_1-oreiller-soya-2_0_img4_39d31902-82e0-42b3-a8cb-6b71e2ebfe7	/soya2/sourcing/img_mkt/comfy_7.img
65	36	29	31	/soya2/sourcing/img_soya/v1_04_8-Oreiller_Soya_1.0_img5.webp	/soya2/sourcing/img_mkt/mic_tnjk_10.webp
65	36	29	31	/soya2/sourcing/img_soya/v1_04_8-Oreiller_Soya_1.0_img5.webp	/soya2/sourcing/img_mkt/mic_tnjk_6.webp
65	36	29	31	/soya2/sourcing/img_soya/v1_04_8-Oreiller_Soya_1.0_img5.webp	/soya2/sourcing/img_mkt/mic_tnjk_9.webp
65	36	29	32	/soya2/sourcing/img_soya/v1_03_8-Oreiller_Soya_1.0_img4.webp	/soya2/sourcing/img_mkt/mic_tnjk_10.webp
65	36	29	32	/soya2/sourcing/img_soya/v1_03_8-Oreiller_Soya_1.0_img4.webp	/soya2/sourcing/img_mkt/mic_tnjk_6.webp
65	36	29	32	/soya2/sourcing/img_soya/v1_03_8-Oreiller_Soya_1.0_img4.webp	/soya2/sourcing/img_mkt/mic_tnjk_9.webp
65	36	29	34	/soya2/sourcing/img_soya/lomb_04_3_9225ca02-f60c-47d3-b26c-49df6ebba454.png	/soya2/sourcing/img_mkt/comfy_3.img
65	36	29	36	/soya/gallery/01.jpg	/soya2/sourcing/img_mkt/confal_1.img
65	36	29	36	/soya/gallery/01.jpg	/soya_prix/imgs/confortalign_1.img
65	36	29	36	/soya/gallery/12.jpg	/soya2/sourcing/img_mkt/confal_1.img
65	36	29	36	/soya/gallery/12.jpg	/soya_prix/imgs/confortalign_1.img
65	36	29	36	/soya/gallery/24.jpg	/soya2/sourcing/img_mkt/confal_1.img
65	36	29	36	/soya/gallery/24.jpg	/soya_prix/imgs/confortalign_1.img
65	36	29	36	/soya2/sourcing/img_soya/h2_00_2-housse_Oreiller_de_Rechange_Soya_HD.webp	/soya2/sourcing/img_mkt/derila_5.img
65	36	29	36	/soya2/sourcing/img_soya/v2_05_Oreiller_position_4.png	/soya_prix/imgs/somnilys_1.img
65	36	29	37	/soya2/sourcing/img_soya/regl_00_14-Ensemble_Oreillers_Reglables_couverture_HD.webp	/soya2/sourcing/img_mkt/derila_1.img
65	36	29	38	/soya2/sourcing/img_soya/lomb_04_3_9225ca02-f60c-47d3-b26c-49df6ebba454.png	/soya2/sourcing/img_mkt/comfy_7.img
65	36	29	38	/soya2/sourcing/img_soya/voy_00_9-Oreiller-de-Voyage-Ergonomique-Soyacouverture_HD.webp	/soya2/sourcing/img_mkt/derila_5.img
65	36	29	39	/soya/gallery/36.jpg	/soya2/sourcing/img_mkt/mic_jty_2.webp
65	36	29	39	/soya/gallery/37.jpg	/soya2/sourcing/img_mkt/mic_jty_2.webp
65	36	29	40	/soya2/sourcing/img_soya/h2_00_2-housse_Oreiller_de_Rechange_Soya_HD.webp	/soya_prix/imgs/zamatsle_3.img
65	36	29	40	/soya2/sourcing/img_soya/h3_00_13_c9363db8-d780-4903-9a97-df55d0478686.png	/soya2/sourcing/img_mkt/confal_2.img
65	36	29	40	/soya2/sourcing/img_soya/h3_00_13_c9363db8-d780-4903-9a97-df55d0478686.png	/soya_prix/imgs/confortalign_2.img
65	36	29	40	/soya2/sourcing/img_soya/h3_12_7687678_3.png	/soya2/sourcing/img_mkt/confal_2.img
65	36	29	40	/soya2/sourcing/img_soya/h3_12_7687678_3.png	/soya_prix/imgs/confortalign_2.img
65	36	29	41	/soya2/sourcing/img_soya/h3_13_Soya_3.0_Grey_2.png	/soya2/sourcing/img_mkt/mic_jty_2.webp
65	36	29	41	/soya2/sourcing/img_soya/v3_28_Soya_3.0_Grey_2_47c0e3de-4c91-48dd-960e-4a36d6b20353.png	/soya2/sourcing/img_mkt/mic_jty_2.webp
65	36	29	42	/soya/gallery/01.jpg	/soya2/sourcing/img_mkt/confal_2.img
65	36	29	42	/soya/gallery/01.jpg	/soya_prix/imgs/confortalign_2.img
65	36	29	42	/soya/gallery/04.jpg	/soya2/sourcing/img_mkt/comfy_2.img
65	36	29	42	/soya/gallery/12.jpg	/soya2/sourcing/img_mkt/confal_2.img
65	36	29	42	/soya/gallery/12.jpg	/soya_prix/imgs/confortalign_2.img
65	36	29	42	/soya/gallery/15.jpg	/soya2/sourcing/img_mkt/comfy_1.img
65	36	29	42	/soya/gallery/15.jpg	/soya_prix/imgs/comfysle_1.img
65	36	29	42	/soya/gallery/24.jpg	/soya2/sourcing/img_mkt/confal_2.img
65	36	29	42	/soya/gallery/24.jpg	/soya_prix/imgs/confortalign_2.img
65	36	29	43	/soya/gallery/34.jpg	/soya_prix/imgs/inphysio_2.img
65	36	29	44	/soya/gallery/29.jpg	/soya2/sourcing/img_mkt/jty_p6036_5.webp
65	36	29	44	/soya2/sourcing/img_soya/v1_03_8-Oreiller_Soya_1.0_img4.webp	/soya_prix/imgs/somnilys_1.img
65	36	29	47	/soya/gallery/01.jpg	/soya2/sourcing/img_mkt/comfy_6.img
65	36	29	47	/soya/gallery/12.jpg	/soya2/sourcing/img_mkt/comfy_6.img
65	36	29	47	/soya/gallery/24.jpg	/soya2/sourcing/img_mkt/comfy_6.img
65	38	27	21	/soya/gallery/10.jpg	/soya2/sourcing/img_mkt/mic_jty_8.webp
65	38	27	26	/soya2/sourcing/img_soya/regl_01_14-Ensemble_Oreillers_Reglables_img2.webp	/soya2/sourcing/img_mkt/derila_5.img
65	38	27	30	/soya/gallery/19.jpg	/soya2/sourcing/img_mkt/derila_6.img
65	38	27	36	/soya/gallery/31.jpg	/soya_prix/imgs/zamatsle_1.img
65	38	27	36	/soya2/sourcing/img_soya/enf_17_KIDS_YELLOW_1.png	/soya2/sourcing/img_mkt/jty_knee_4.webp
65	38	27	36	/soya2/sourcing/img_soya/h3_00_13_c9363db8-d780-4903-9a97-df55d0478686.png	/soya2/sourcing/img_mkt/confal_1.img
65	38	27	36	/soya2/sourcing/img_soya/h3_00_13_c9363db8-d780-4903-9a97-df55d0478686.png	/soya_prix/imgs/confortalign_1.img
65	38	27	37	/soya2/sourcing/img_soya/v3_25_Soya_3.0_grey_2_2e59cacb-6ebc-4f36-8a81-44478c9d4589.png	/soya2/sourcing/img_mkt/comfy_5.img
65	38	27	42	/soya/gallery/32.jpg	/soya2/sourcing/img_mkt/mic_jty_5.webp
65	40	25	38	/soya/gallery/31.jpg	/soya_prix/imgs/zamatsle_0.img
65	40	25	44	/soya2/sourcing/img_soya/v3_30_IMG_9178.png	/soya2/sourcing/img_mkt/confal_4.img
65	42	23	37	/soya/gallery/32.jpg	/soya_prix/imgs/zamatsle_0.img
66	22	44	21	/soya2/sourcing/img_soya/lomb_04_3_9225ca02-f60c-47d3-b26c-49df6ebba454.png	/soya2/sourcing/img_mkt/jty_knee_4.webp
66	22	44	39	/soya/gallery/31.jpg	/soya2/sourcing/img_mkt/mic_jty_12.webp
66	26	40	19	/soya/gallery/15.jpg	/soya2/sourcing/img_mkt/jty_knee_5.webp
66	26	40	20	/soya2/sourcing/img_soya/v3_27_Firefly_Gemini_Flash_Generate_the_same_image_exactly_as_the_	/soya_prix/imgs/inphysio_2.img
66	26	40	34	/soya/gallery/16.jpg	/soya2/sourcing/img_mkt/comfy_1.img
66	26	40	34	/soya/gallery/16.jpg	/soya_prix/imgs/comfysle_1.img
66	26	40	38	/soya2/sourcing/img_soya/enf_12_KIDS_PINK_5.png	/soya_prix/imgs/zamatsle_3.img
66	28	38	19	/soya/gallery/25.jpg	/soya_prix/imgs/somnilys_2.img
66	28	38	20	/soya2/sourcing/img_soya/enf_20_KIDS_YELLOW_5.png	/soya2/sourcing/img_mkt/jty_knee_5.webp
66	28	38	21	/soya2/sourcing/img_soya/v3_35_SOYA_3.0_Grey_1.jpg	/soya2/sourcing/img_mkt/jty_p6036_5.webp
66	28	38	23	/soya2/sourcing/img_soya/v2_08_11_bf88b3df-377c-4ddb-b78a-cc7a164e7755.png	/soya_prix/imgs/zamatsle_0.img
66	28	38	28	/soya2/sourcing/img_soya/v1_01_8-Oreiller_Soya_1.0_img2.webp	/soya_prix/imgs/comfysle_2.img
66	28	38	28	/soya2/sourcing/img_soya/voy_04_9-Oreiller-de-Voyage-Ergonomique-Soya_img5.webp	/soya2/sourcing/img_mkt/confal_0.img
66	28	38	28	/soya2/sourcing/img_soya/voy_04_9-Oreiller-de-Voyage-Ergonomique-Soya_img5.webp	/soya_prix/imgs/confortalign_0.img
66	28	38	28	/soya2/sourcing/img_soya/voy_05_9-Oreiller-de-Voyage-Ergonomique-Soya_img6.webp	/soya2/sourcing/img_mkt/confal_0.img
66	28	38	28	/soya2/sourcing/img_soya/voy_05_9-Oreiller-de-Voyage-Ergonomique-Soya_img6.webp	/soya_prix/imgs/confortalign_0.img
66	28	38	28	/soya2/sourcing/img_soya/voy_06_9-Oreiller-de-Voyage-Ergonomique-Soya_img7.webp	/soya2/sourcing/img_mkt/confal_0.img
66	28	38	28	/soya2/sourcing/img_soya/voy_06_9-Oreiller-de-Voyage-Ergonomique-Soya_img7.webp	/soya_prix/imgs/confortalign_0.img
66	28	38	29	/soya2/sourcing/img_soya/h2_01_2-housse_Oreiller_de_Rechange_Soya_img4.webp	/soya2/sourcing/img_mkt/jty_knee_1.webp
66	28	38	29	/soya2/sourcing/img_soya/regl_02_14-Ensemble_Oreillers_Reglables_img3.webp	/soya2/sourcing/img_mkt/mic_jty_5.webp
66	28	38	29	/soya2/sourcing/img_soya/v2_03_1-oreiller-soya-2_0_img4_39d31902-82e0-42b3-a8cb-6b71e2ebfe7	/soya2/sourcing/img_mkt/jty_knee_1.webp
66	28	38	30	/soya2/sourcing/img_soya/v1_00_8-Oreiller_Soya_1.0_couverture_HD.webp	/soya2/sourcing/img_mkt/jty_knee_5.webp
66	28	38	32	/soya2/sourcing/img_soya/voy_02_9-Oreiller-de-Voyage-Ergonomique-Soya_img3.webp	/soya2/sourcing/img_mkt/mic_jty_1.webp
66	28	38	36	/soya2/sourcing/img_soya/v2_05_Oreiller_position_4.png	/soya2/sourcing/img_mkt/derila_3.img
66	28	38	38	/soya2/sourcing/img_soya/enf_02_KIDSP1_6.png	/soya_prix/imgs/somnilys_1.img
66	28	38	39	/soya2/sourcing/img_soya/h2_00_2-housse_Oreiller_de_Rechange_Soya_HD.webp	/soya2/sourcing/img_mkt/jty_p6036_6.webp
66	28	38	39	/soya2/sourcing/img_soya/v2_00_1-oreiller-soya-2_0HD.webp	/soya_prix/imgs/inphysio_0.img
66	28	38	40	/soya/gallery/20.jpg	/soya2/sourcing/img_mkt/comfy_5.img
66	28	38	43	/soya2/sourcing/img_soya/enf_20_KIDS_YELLOW_5.png	/soya_prix/imgs/inphysio_2.img
66	28	38	43	/soya2/sourcing/img_soya/v2_07_1-oreiller-soya-2_0_img7_43909438-1603-4e59-add4-f987f4acd78	/soya2/sourcing/img_mkt/comfy_6.img
66	28	38	43	/soya2/sourcing/img_soya/voy_03_9-Oreiller-de-Voyage-Ergonomique-Soya_img4.webp	/soya_prix/imgs/somnilys_1.img
66	28	38	47	/soya2/sourcing/img_soya/enf_07_KIDS_PINK_6.jpg	/soya_prix/imgs/comfysle_0.img
66	30	36	10	/soya/gallery/35.jpg	/soya2/sourcing/img_mkt/jty_p6036_1.webp
66	30	36	15	/soya2/sourcing/img_soya/v3_32_Soya_3.0_Grey_1.png	/soya2/sourcing/img_mkt/jty_p6036_1.webp
66	30	36	21	/soya/gallery/06.jpg	/soya2/sourcing/img_mkt/derila_1.img
66	30	36	21	/soya/gallery/18.jpg	/soya2/sourcing/img_mkt/derila_1.img
66	30	36	21	/soya/gallery/22.jpg	/soya2/sourcing/img_mkt/derila_1.img
66	30	36	21	/soya/gallery/28.jpg	/soya2/sourcing/img_mkt/derila_1.img
66	30	36	23	/soya/gallery/33.jpg	/soya2/sourcing/img_mkt/comfy_2.img
66	30	36	23	/soya2/sourcing/img_soya/enf_17_KIDS_YELLOW_1.png	/soya_prix/imgs/comfysle_2.img
66	30	36	23	/soya2/sourcing/img_soya/v1_02_8-Oreiller_Soya_1.0_img3.webp	/soya2/sourcing/img_mkt/comfy_5.img
66	30	36	24	/soya/gallery/01.jpg	/soya2/sourcing/img_mkt/mic_tnjk_11.webp
66	30	36	24	/soya/gallery/01.jpg	/soya2/sourcing/img_mkt/mic_tnjk_4.webp
66	30	36	24	/soya/gallery/01.jpg	/soya2/sourcing/img_mkt/mic_tnjk_7.webp
66	30	36	24	/soya/gallery/12.jpg	/soya2/sourcing/img_mkt/mic_tnjk_11.webp
66	30	36	24	/soya/gallery/12.jpg	/soya2/sourcing/img_mkt/mic_tnjk_4.webp
66	30	36	24	/soya/gallery/12.jpg	/soya2/sourcing/img_mkt/mic_tnjk_7.webp
66	30	36	24	/soya/gallery/24.jpg	/soya2/sourcing/img_mkt/mic_tnjk_11.webp
66	30	36	24	/soya/gallery/24.jpg	/soya2/sourcing/img_mkt/mic_tnjk_4.webp
66	30	36	24	/soya/gallery/24.jpg	/soya2/sourcing/img_mkt/mic_tnjk_7.webp
66	30	36	24	/soya2/sourcing/img_soya/v3_31_Firefly_Gemini_Flash_Generate_the_same_image_exactly_as_the_	/soya2/sourcing/img_mkt/mic_tnjk_11.webp
66	30	36	24	/soya2/sourcing/img_soya/v3_31_Firefly_Gemini_Flash_Generate_the_same_image_exactly_as_the_	/soya2/sourcing/img_mkt/mic_tnjk_4.webp
66	30	36	24	/soya2/sourcing/img_soya/v3_31_Firefly_Gemini_Flash_Generate_the_same_image_exactly_as_the_	/soya2/sourcing/img_mkt/mic_tnjk_7.webp
66	30	36	25	/soya/gallery/07.jpg	/soya2/sourcing/img_mkt/confal_1.img
66	30	36	25	/soya/gallery/07.jpg	/soya_prix/imgs/confortalign_1.img
66	30	36	25	/soya/gallery/08.jpg	/soya_prix/imgs/zamatsle_2.img
66	30	36	25	/soya/gallery/13.jpg	/soya2/sourcing/img_mkt/mic_tnjk_11.webp
66	30	36	25	/soya/gallery/13.jpg	/soya2/sourcing/img_mkt/mic_tnjk_4.webp
66	30	36	25	/soya/gallery/13.jpg	/soya2/sourcing/img_mkt/mic_tnjk_7.webp
66	30	36	25	/soya2/sourcing/img_soya/h2_02_2-housse_Oreiller_de_Rechange_Soya_img3.webp	/soya_prix/imgs/inphysio_0.img
66	30	36	25	/soya2/sourcing/img_soya/h2_02_2-housse_Oreiller_de_Rechange_Soya_img3.webp	/soya_prix/imgs/somnilys_0.img
66	30	36	26	/soya2/sourcing/img_soya/enf_09_KIDS_PINK_2.png	/soya2/sourcing/img_mkt/mic_tnjk_11.webp
66	30	36	26	/soya2/sourcing/img_soya/enf_09_KIDS_PINK_2.png	/soya2/sourcing/img_mkt/mic_tnjk_4.webp
66	30	36	26	/soya2/sourcing/img_soya/enf_09_KIDS_PINK_2.png	/soya2/sourcing/img_mkt/mic_tnjk_7.webp
66	30	36	26	/soya2/sourcing/img_soya/v2_02_1-oreiller-soya-2_0_img3_5f834f33-5e47-49e1-a6a1-34e17f3341b	/soya2/sourcing/img_mkt/jty_p6036_2.webp
66	30	36	27	/soya2/sourcing/img_soya/enf_18_KIDS_YELLOW_2.png	/soya2/sourcing/img_mkt/mic_tnjk_10.webp
66	30	36	27	/soya2/sourcing/img_soya/enf_18_KIDS_YELLOW_2.png	/soya2/sourcing/img_mkt/mic_tnjk_6.webp
66	30	36	27	/soya2/sourcing/img_soya/enf_18_KIDS_YELLOW_2.png	/soya2/sourcing/img_mkt/mic_tnjk_9.webp
66	30	36	27	/soya2/sourcing/img_soya/h2_01_2-housse_Oreiller_de_Rechange_Soya_img4.webp	/soya2/sourcing/img_mkt/jty_knee_6.webp
66	30	36	27	/soya2/sourcing/img_soya/henf_05_KIDS_YELLOW_2.png	/soya2/sourcing/img_mkt/mic_tnjk_10.webp
66	30	36	27	/soya2/sourcing/img_soya/henf_05_KIDS_YELLOW_2.png	/soya2/sourcing/img_mkt/mic_tnjk_6.webp
66	30	36	27	/soya2/sourcing/img_soya/henf_05_KIDS_YELLOW_2.png	/soya2/sourcing/img_mkt/mic_tnjk_9.webp
66	30	36	27	/soya2/sourcing/img_soya/v2_03_1-oreiller-soya-2_0_img4_39d31902-82e0-42b3-a8cb-6b71e2ebfe7	/soya2/sourcing/img_mkt/jty_knee_6.webp
66	30	36	28	/soya/gallery/06.jpg	/soya2/sourcing/img_mkt/comfy_7.img
66	30	36	28	/soya/gallery/18.jpg	/soya2/sourcing/img_mkt/comfy_7.img
66	30	36	28	/soya/gallery/22.jpg	/soya2/sourcing/img_mkt/comfy_7.img
66	30	36	28	/soya/gallery/28.jpg	/soya2/sourcing/img_mkt/comfy_7.img
66	30	36	28	/soya2/sourcing/img_soya/enf_18_KIDS_YELLOW_2.png	/soya2/sourcing/img_mkt/confal_2.img
66	30	36	28	/soya2/sourcing/img_soya/enf_18_KIDS_YELLOW_2.png	/soya_prix/imgs/confortalign_2.img
66	30	36	28	/soya2/sourcing/img_soya/henf_05_KIDS_YELLOW_2.png	/soya2/sourcing/img_mkt/confal_2.img
66	30	36	28	/soya2/sourcing/img_soya/henf_05_KIDS_YELLOW_2.png	/soya_prix/imgs/confortalign_2.img
66	30	36	28	/soya2/sourcing/img_soya/v2_08_11_bf88b3df-377c-4ddb-b78a-cc7a164e7755.png	/soya2/sourcing/img_mkt/jty_p6036_3.webp
66	30	36	29	/soya/gallery/04.jpg	/soya2/sourcing/img_mkt/jty_p6036_2.webp
66	30	36	29	/soya/gallery/36.jpg	/soya2/sourcing/img_mkt/mic_tnjk_10.webp
66	30	36	29	/soya/gallery/36.jpg	/soya2/sourcing/img_mkt/mic_tnjk_6.webp
66	30	36	29	/soya/gallery/36.jpg	/soya2/sourcing/img_mkt/mic_tnjk_9.webp
66	30	36	29	/soya/gallery/37.jpg	/soya2/sourcing/img_mkt/mic_tnjk_10.webp
66	30	36	29	/soya/gallery/37.jpg	/soya2/sourcing/img_mkt/mic_tnjk_6.webp
66	30	36	29	/soya/gallery/37.jpg	/soya2/sourcing/img_mkt/mic_tnjk_9.webp
66	30	36	29	/soya2/sourcing/img_soya/h2_03_2-housse_Oreiller_de_Rechange_Soya_img5.webp	/soya_prix/imgs/inphysio_2.img
66	30	36	30	/soya/gallery/11.jpg	/soya2/sourcing/img_mkt/jty_knee_2.webp
66	30	36	31	/soya/gallery/39.jpg	/soya_prix/imgs/comfysle_3.img
66	30	36	31	/soya2/sourcing/img_soya/v2_07_1-oreiller-soya-2_0_img7_43909438-1603-4e59-add4-f987f4acd78	/soya2/sourcing/img_mkt/jty_knee_5.webp
66	30	36	32	/soya/gallery/30.jpg	/soya2/sourcing/img_mkt/mic_jty_5.webp
66	30	36	32	/soya2/sourcing/img_soya/v3_32_Soya_3.0_Grey_1.png	/soya2/sourcing/img_mkt/comfy_3.img
66	30	36	33	/soya/gallery/06.jpg	/soya2/sourcing/img_mkt/mic_jty_1.webp
66	30	36	33	/soya/gallery/18.jpg	/soya2/sourcing/img_mkt/mic_jty_1.webp
66	30	36	33	/soya/gallery/22.jpg	/soya2/sourcing/img_mkt/mic_jty_1.webp
66	30	36	33	/soya/gallery/28.jpg	/soya2/sourcing/img_mkt/mic_jty_1.webp
66	30	36	34	/soya2/sourcing/img_soya/v3_27_Firefly_Gemini_Flash_Generate_the_same_image_exactly_as_the_	/soya_prix/imgs/inphysio_1.img
66	30	36	34	/soya2/sourcing/img_soya/v3_32_Soya_3.0_Grey_1.png	/soya2/sourcing/img_mkt/derila_3.img
66	30	36	36	/soya2/sourcing/img_soya/enf_02_KIDSP1_6.png	/soya2/sourcing/img_mkt/confal_4.img
66	30	36	36	/soya2/sourcing/img_soya/v2_04_1-oreiller-soya-2_0_img5_a8a3199e-0071-4043-a899-f89baff5294	/soya2/sourcing/img_mkt/comfy_4.img
66	30	36	36	/soya2/sourcing/img_soya/voy_01_9-Oreiller-de-Voyage-Ergonomique-Soya_img2.webp	/soya2/sourcing/img_mkt/jty_knee_2.webp
66	30	36	37	/soya/gallery/04.jpg	/soya2/sourcing/img_mkt/jty_p6036_6.webp
66	30	36	37	/soya2/sourcing/img_soya/h2_03_2-housse_Oreiller_de_Rechange_Soya_img5.webp	/soya2/sourcing/img_mkt/jty_knee_3.webp
66	30	36	38	/soya/gallery/33.jpg	/soya2/sourcing/img_mkt/jty_knee_6.webp
66	30	36	39	/soya/gallery/26.jpg	/soya2/sourcing/img_mkt/jty_knee_2.webp
66	30	36	39	/soya/gallery/31.jpg	/soya2/sourcing/img_mkt/confal_2.img
66	30	36	39	/soya/gallery/31.jpg	/soya_prix/imgs/confortalign_2.img
66	30	36	40	/soya2/sourcing/img_soya/enf_03_KIDSP1_5.png	/soya2/sourcing/img_mkt/mic_jty_2.webp
66	30	36	40	/soya2/sourcing/img_soya/h3_12_7687678_3.png	/soya2/sourcing/img_mkt/jty_p6036_6.webp
66	30	36	43	/soya/gallery/34.jpg	/soya2/sourcing/img_mkt/derila_6.img
66	30	36	43	/soya2/sourcing/img_soya/lomb_03_4_dc2e6161-802a-4c42-a1d6-b9a0a02ce466.png	/soya2/sourcing/img_mkt/derila_0.img
66	30	36	44	/soya2/sourcing/img_soya/v2_06_1-oreiller-soya-2_0_img6_9601dd3b-66d6-4311-b41e-5fd7712bdc1	/soya2/sourcing/img_mkt/mic_jty_5.webp
66	30	36	44	/soya2/sourcing/img_soya/v3_31_Firefly_Gemini_Flash_Generate_the_same_image_exactly_as_the_	/soya_prix/imgs/htconfort_2.img
66	30	36	45	/soya2/sourcing/img_soya/enf_06_KIDSP1_1.jpg	/soya2/sourcing/img_mkt/jty_p6036_4.webp
66	32	34	15	/soya2/sourcing/img_soya/v3_32_Soya_3.0_Grey_1.png	/soya2/sourcing/img_mkt/confal_0.img
66	32	34	15	/soya2/sourcing/img_soya/v3_32_Soya_3.0_Grey_1.png	/soya_prix/imgs/confortalign_0.img
66	32	34	16	/soya/gallery/01.jpg	/soya2/sourcing/img_mkt/jty_p6036_3.webp
66	32	34	16	/soya/gallery/12.jpg	/soya2/sourcing/img_mkt/jty_p6036_3.webp
66	32	34	16	/soya/gallery/24.jpg	/soya2/sourcing/img_mkt/jty_p6036_3.webp
66	32	34	16	/soya2/sourcing/img_soya/v3_31_Firefly_Gemini_Flash_Generate_the_same_image_exactly_as_the_	/soya2/sourcing/img_mkt/jty_p6036_3.webp
66	32	34	18	/soya2/sourcing/img_soya/lomb_01_4-Coussin_Lombaire_Ergonomique_Soya_img2.webp	/soya2/sourcing/img_mkt/confal_5.img
66	32	34	19	/soya2/sourcing/img_soya/v1_00_8-Oreiller_Soya_1.0_couverture_HD.webp	/soya2/sourcing/img_mkt/comfy_5.img
66	32	34	22	/soya2/sourcing/img_soya/enf_03_KIDSP1_5.png	/soya2/sourcing/img_mkt/jty_p6036_4.webp
66	32	34	23	/soya2/sourcing/img_soya/enf_20_KIDS_YELLOW_5.png	/soya2/sourcing/img_mkt/comfy_5.img
66	32	34	24	/soya2/sourcing/img_soya/h2_03_2-housse_Oreiller_de_Rechange_Soya_img5.webp	/soya_prix/imgs/zamatsle_3.img
66	32	34	25	/soya2/sourcing/img_soya/v1_04_8-Oreiller_Soya_1.0_img5.webp	/soya2/sourcing/img_mkt/derila_0.img
66	32	34	25	/soya2/sourcing/img_soya/v1_04_8-Oreiller_Soya_1.0_img5.webp	/soya2/sourcing/img_mkt/jty_p6036_4.webp
66	32	34	25	/soya2/sourcing/img_soya/voy_02_9-Oreiller-de-Voyage-Ergonomique-Soya_img3.webp	/soya2/sourcing/img_mkt/comfy_7.img
66	32	34	26	/soya2/sourcing/img_soya/regl_02_14-Ensemble_Oreillers_Reglables_img3.webp	/soya2/sourcing/img_mkt/derila_4.img
66	32	34	27	/soya2/sourcing/img_soya/enf_13_KIDS_PINK_3.png	/soya2/sourcing/img_mkt/jty_knee_4.webp
66	32	34	27	/soya2/sourcing/img_soya/lomb_03_4_dc2e6161-802a-4c42-a1d6-b9a0a02ce466.png	/soya2/sourcing/img_mkt/mic_jty_3.webp
66	32	34	27	/soya2/sourcing/img_soya/v2_02_1-oreiller-soya-2_0_img3_5f834f33-5e47-49e1-a6a1-34e17f3341b	/soya_prix/imgs/comfysle_2.img
66	32	34	28	/soya/gallery/07.jpg	/soya2/sourcing/img_mkt/derila_5.img
66	32	34	28	/soya/gallery/23.jpg	/soya2/sourcing/img_mkt/mic_jty_1.webp
66	32	34	28	/soya/gallery/33.jpg	/soya2/sourcing/img_mkt/jty_knee_3.webp
66	32	34	28	/soya2/sourcing/img_soya/lomb_03_4_dc2e6161-802a-4c42-a1d6-b9a0a02ce466.png	/soya2/sourcing/img_mkt/confal_0.img
66	32	34	28	/soya2/sourcing/img_soya/lomb_03_4_dc2e6161-802a-4c42-a1d6-b9a0a02ce466.png	/soya_prix/imgs/confortalign_0.img
66	32	34	29	/soya/gallery/04.jpg	/soya2/sourcing/img_mkt/jty_p6036_3.webp
66	32	34	29	/soya/gallery/08.jpg	/soya2/sourcing/img_mkt/jty_p6036_6.webp
66	32	34	29	/soya/gallery/29.jpg	/soya2/sourcing/img_mkt/mic_tnjk_10.webp
66	32	34	29	/soya/gallery/29.jpg	/soya2/sourcing/img_mkt/mic_tnjk_6.webp
66	32	34	29	/soya/gallery/29.jpg	/soya2/sourcing/img_mkt/mic_tnjk_9.webp
66	32	34	29	/soya2/sourcing/img_soya/enf_17_KIDS_YELLOW_1.png	/soya2/sourcing/img_mkt/mic_jty_8.webp
66	32	34	29	/soya2/sourcing/img_soya/v1_04_8-Oreiller_Soya_1.0_img5.webp	/soya2/sourcing/img_mkt/comfy_7.img
66	32	34	29	/soya2/sourcing/img_soya/v2_01_1-oreiller-soya-2_0_img2_7d72b6af-35c7-4427-8f15-843f227d977	/soya2/sourcing/img_mkt/mic_jty_12.webp
66	32	34	30	/soya/gallery/20.jpg	/soya2/sourcing/img_mkt/derila_2.img
66	32	34	30	/soya2/sourcing/img_soya/enf_11_KIDS_PINK_7.png	/soya2/sourcing/img_mkt/mic_tnjk_10.webp
66	32	34	30	/soya2/sourcing/img_soya/enf_11_KIDS_PINK_7.png	/soya2/sourcing/img_mkt/mic_tnjk_6.webp
66	32	34	30	/soya2/sourcing/img_soya/enf_11_KIDS_PINK_7.png	/soya2/sourcing/img_mkt/mic_tnjk_9.webp
66	32	34	30	/soya2/sourcing/img_soya/enf_16_KIDS_YELLOW_7.png	/soya2/sourcing/img_mkt/mic_jty_2.webp
66	32	34	30	/soya2/sourcing/img_soya/henf_04_KIDS_PINK_7.png	/soya2/sourcing/img_mkt/mic_tnjk_10.webp
66	32	34	30	/soya2/sourcing/img_soya/henf_04_KIDS_PINK_7.png	/soya2/sourcing/img_mkt/mic_tnjk_6.webp
66	32	34	30	/soya2/sourcing/img_soya/henf_04_KIDS_PINK_7.png	/soya2/sourcing/img_mkt/mic_tnjk_9.webp
66	32	34	31	/soya/gallery/08.jpg	/soya2/sourcing/img_mkt/derila_1.img
66	32	34	31	/soya/gallery/19.jpg	/soya2/sourcing/img_mkt/comfy_4.img
66	32	34	31	/soya2/sourcing/img_soya/v2_08_11_bf88b3df-377c-4ddb-b78a-cc7a164e7755.png	/soya_prix/imgs/comfysle_2.img
66	32	34	31	/soya2/sourcing/img_soya/v3_30_IMG_9178.png	/soya_prix/imgs/zamatsle_2.img
66	32	34	31	/soya2/sourcing/img_soya/voy_02_9-Oreiller-de-Voyage-Ergonomique-Soya_img3.webp	/soya2/sourcing/img_mkt/mic_jty_3.webp
66	32	34	32	/soya2/sourcing/img_soya/regl_02_14-Ensemble_Oreillers_Reglables_img3.webp	/soya2/sourcing/img_mkt/jty_p6036_4.webp
66	32	34	32	/soya2/sourcing/img_soya/v1_01_8-Oreiller_Soya_1.0_img2.webp	/soya2/sourcing/img_mkt/mic_jty_2.webp
66	32	34	33	/soya/gallery/21.jpg	/soya_prix/imgs/htconfort_2.img
66	32	34	33	/soya2/sourcing/img_soya/h2_02_2-housse_Oreiller_de_Rechange_Soya_img3.webp	/soya2/sourcing/img_mkt/comfy_4.img
66	32	34	33	/soya2/sourcing/img_soya/lomb_01_4-Coussin_Lombaire_Ergonomique_Soya_img2.webp	/soya2/sourcing/img_mkt/jty_knee_6.webp
66	32	34	33	/soya2/sourcing/img_soya/v3_00_18.png	/soya2/sourcing/img_mkt/comfy_3.img
66	32	34	33	/soya2/sourcing/img_soya/v3_31_Firefly_Gemini_Flash_Generate_the_same_image_exactly_as_the_	/soya2/sourcing/img_mkt/comfy_3.img
66	32	34	33	/soya2/sourcing/img_soya/v3_36_34.png	/soya2/sourcing/img_mkt/comfy_3.img
66	32	34	34	/soya/gallery/03.jpg	/soya2/sourcing/img_mkt/confal_1.img
66	32	34	34	/soya/gallery/03.jpg	/soya_prix/imgs/confortalign_1.img
66	32	34	34	/soya/gallery/14.jpg	/soya2/sourcing/img_mkt/confal_1.img
66	32	34	34	/soya/gallery/14.jpg	/soya_prix/imgs/confortalign_1.img
66	32	34	34	/soya/gallery/27.jpg	/soya2/sourcing/img_mkt/confal_1.img
66	32	34	34	/soya/gallery/27.jpg	/soya_prix/imgs/confortalign_1.img
66	32	34	34	/soya2/sourcing/img_soya/enf_08_KIDS_PINK_4.png	/soya2/sourcing/img_mkt/comfy_4.img
66	32	34	34	/soya2/sourcing/img_soya/enf_12_KIDS_PINK_5.png	/soya_prix/imgs/somnilys_0.img
66	32	34	34	/soya2/sourcing/img_soya/h3_04_14_feded688-a4ff-4333-8fba-e9a2e53c877a.png	/soya2/sourcing/img_mkt/derila_5.img
66	32	34	34	/soya2/sourcing/img_soya/h3_08_15_eb23f129-89f3-4ffc-be96-9e67ce1c745f.png	/soya2/sourcing/img_mkt/derila_5.img
66	32	34	34	/soya2/sourcing/img_soya/v2_05_Oreiller_position_4.png	/soya2/sourcing/img_mkt/derila_0.img
66	32	34	34	/soya2/sourcing/img_soya/voy_01_9-Oreiller-de-Voyage-Ergonomique-Soya_img2.webp	/soya_prix/imgs/zamatsle_1.img
66	32	34	35	/soya/gallery/09.jpg	/soya_prix/imgs/htconfort_2.img
66	32	34	35	/soya/gallery/30.jpg	/soya2/sourcing/img_mkt/mic_jty_2.webp
66	32	34	35	/soya2/sourcing/img_soya/enf_00_KIDSP2.jpg	/soya2/sourcing/img_mkt/confal_1.img
66	32	34	35	/soya2/sourcing/img_soya/enf_00_KIDSP2.jpg	/soya_prix/imgs/confortalign_1.img
66	32	34	35	/soya2/sourcing/img_soya/enf_13_KIDS_PINK_3.png	/soya2/sourcing/img_mkt/confal_3.img
66	32	34	35	/soya2/sourcing/img_soya/enf_14_KIDS_YELLOW_6.jpg	/soya2/sourcing/img_mkt/confal_4.img
66	32	34	35	/soya2/sourcing/img_soya/v3_30_IMG_9178.png	/soya2/sourcing/img_mkt/comfy_1.img
66	32	34	35	/soya2/sourcing/img_soya/v3_30_IMG_9178.png	/soya_prix/imgs/comfysle_1.img
66	32	34	35	/soya2/sourcing/img_soya/v3_33_Soya_3.0_Grey_4.png	/soya2/sourcing/img_mkt/comfy_4.img
66	32	34	36	/soya/gallery/31.jpg	/soya2/sourcing/img_mkt/mic_tnjk_10.webp
66	32	34	36	/soya/gallery/31.jpg	/soya2/sourcing/img_mkt/mic_tnjk_6.webp
66	32	34	36	/soya/gallery/31.jpg	/soya2/sourcing/img_mkt/mic_tnjk_9.webp
66	32	34	36	/soya2/sourcing/img_soya/enf_03_KIDSP1_5.png	/soya2/sourcing/img_mkt/derila_3.img
66	32	34	36	/soya2/sourcing/img_soya/h3_12_7687678_3.png	/soya2/sourcing/img_mkt/mic_jty_1.webp
66	32	34	36	/soya2/sourcing/img_soya/regl_01_14-Ensemble_Oreillers_Reglables_img2.webp	/soya2/sourcing/img_mkt/derila_4.img
66	32	34	36	/soya2/sourcing/img_soya/v3_32_Soya_3.0_Grey_1.png	/soya2/sourcing/img_mkt/derila_0.img
66	32	34	37	/soya/gallery/15.jpg	/soya2/sourcing/img_mkt/comfy_4.img
66	32	34	37	/soya2/sourcing/img_soya/enf_12_KIDS_PINK_5.png	/soya2/sourcing/img_mkt/confal_1.img
66	32	34	37	/soya2/sourcing/img_soya/enf_12_KIDS_PINK_5.png	/soya_prix/imgs/confortalign_1.img
66	32	34	37	/soya2/sourcing/img_soya/enf_14_KIDS_YELLOW_6.jpg	/soya_prix/imgs/zamatsle_3.img
66	32	34	37	/soya2/sourcing/img_soya/h3_15_7687678_1.png	/soya_prix/imgs/inphysio_2.img
66	32	34	37	/soya2/sourcing/img_soya/v2_00_1-oreiller-soya-2_0HD.webp	/soya2/sourcing/img_mkt/comfy_4.img
66	32	34	38	/soya/gallery/26.jpg	/soya_prix/imgs/htconfort_2.img
66	32	34	38	/soya2/sourcing/img_soya/v1_00_8-Oreiller_Soya_1.0_couverture_HD.webp	/soya2/sourcing/img_mkt/comfy_4.img
66	32	34	39	/soya/gallery/03.jpg	/soya2/sourcing/img_mkt/confal_5.img
66	32	34	39	/soya/gallery/14.jpg	/soya2/sourcing/img_mkt/confal_5.img
66	32	34	39	/soya/gallery/27.jpg	/soya2/sourcing/img_mkt/confal_5.img
66	32	34	39	/soya2/sourcing/img_soya/enf_13_KIDS_PINK_3.png	/soya2/sourcing/img_mkt/mic_jty_12.webp
66	32	34	39	/soya2/sourcing/img_soya/v2_00_1-oreiller-soya-2_0HD.webp	/soya2/sourcing/img_mkt/derila_5.img
66	32	34	40	/soya/gallery/15.jpg	/soya2/sourcing/img_mkt/mic_jty_12.webp
66	32	34	40	/soya2/sourcing/img_soya/enf_10_KIDS_PINK_1.png	/soya2/sourcing/img_mkt/jty_knee_6.webp
66	32	34	40	/soya2/sourcing/img_soya/voy_00_9-Oreiller-de-Voyage-Ergonomique-Soyacouverture_HD.webp	/soya2/sourcing/img_mkt/derila_4.img
66	32	34	41	/soya/gallery/13.jpg	/soya2/sourcing/img_mkt/derila_6.img
66	32	34	41	/soya/gallery/25.jpg	/soya2/sourcing/img_mkt/derila_6.img
66	32	34	41	/soya2/sourcing/img_soya/enf_17_KIDS_YELLOW_1.png	/soya2/sourcing/img_mkt/mic_jty_2.webp
66	32	34	41	/soya2/sourcing/img_soya/lomb_03_4_dc2e6161-802a-4c42-a1d6-b9a0a02ce466.png	/soya_prix/imgs/comfysle_2.img
66	32	34	42	/soya/gallery/04.jpg	/soya2/sourcing/img_mkt/comfy_7.img
66	32	34	42	/soya2/sourcing/img_soya/lomb_04_3_9225ca02-f60c-47d3-b26c-49df6ebba454.png	/soya_prix/imgs/somnilys_0.img
66	32	34	45	/soya2/sourcing/img_soya/enf_20_KIDS_YELLOW_5.png	/soya_prix/imgs/htconfort_1.img
66	32	34	49	/soya2/sourcing/img_soya/regl_00_14-Ensemble_Oreillers_Reglables_couverture_HD.webp	/soya_prix/imgs/comfysle_0.img
66	32	34	52	/soya/gallery/13.jpg	/soya2/sourcing/img_mkt/mic_jty_8.webp
66	32	34	55	/soya2/sourcing/img_soya/v2_00_1-oreiller-soya-2_0HD.webp	/soya2/sourcing/img_mkt/comfy_6.img
66	34	32	15	/soya/gallery/25.jpg	/soya2/sourcing/img_mkt/confal_0.img
66	34	32	15	/soya/gallery/25.jpg	/soya_prix/imgs/confortalign_0.img
66	34	32	16	/soya/gallery/36.jpg	/soya_prix/imgs/comfysle_0.img
66	34	32	16	/soya/gallery/37.jpg	/soya_prix/imgs/comfysle_0.img
66	34	32	16	/soya2/sourcing/img_soya/h3_13_Soya_3.0_Grey_2.png	/soya2/sourcing/img_mkt/comfy_0.img
66	34	32	16	/soya2/sourcing/img_soya/v3_28_Soya_3.0_Grey_2_47c0e3de-4c91-48dd-960e-4a36d6b20353.png	/soya2/sourcing/img_mkt/comfy_0.img
66	34	32	19	/soya2/sourcing/img_soya/enf_10_KIDS_PINK_1.png	/soya2/sourcing/img_mkt/confal_5.img
66	34	32	19	/soya2/sourcing/img_soya/voy_02_9-Oreiller-de-Voyage-Ergonomique-Soya_img3.webp	/soya2/sourcing/img_mkt/derila_0.img
66	34	32	21	/soya2/sourcing/img_soya/enf_01_KIDSP1_4.jpg	/soya_prix/imgs/zamatsle_1.img
66	34	32	21	/soya2/sourcing/img_soya/h3_15_7687678_1.png	/soya2/sourcing/img_mkt/comfy_5.img
66	34	32	22	/soya2/sourcing/img_soya/h2_01_2-housse_Oreiller_de_Rechange_Soya_img4.webp	/soya2/sourcing/img_mkt/mic_tnjk_10.webp
66	34	32	22	/soya2/sourcing/img_soya/h2_01_2-housse_Oreiller_de_Rechange_Soya_img4.webp	/soya2/sourcing/img_mkt/mic_tnjk_6.webp
66	34	32	22	/soya2/sourcing/img_soya/h2_01_2-housse_Oreiller_de_Rechange_Soya_img4.webp	/soya2/sourcing/img_mkt/mic_tnjk_9.webp
66	34	32	22	/soya2/sourcing/img_soya/v2_03_1-oreiller-soya-2_0_img4_39d31902-82e0-42b3-a8cb-6b71e2ebfe7	/soya2/sourcing/img_mkt/mic_tnjk_10.webp
66	34	32	22	/soya2/sourcing/img_soya/v2_03_1-oreiller-soya-2_0_img4_39d31902-82e0-42b3-a8cb-6b71e2ebfe7	/soya2/sourcing/img_mkt/mic_tnjk_6.webp
66	34	32	22	/soya2/sourcing/img_soya/v2_03_1-oreiller-soya-2_0_img4_39d31902-82e0-42b3-a8cb-6b71e2ebfe7	/soya2/sourcing/img_mkt/mic_tnjk_9.webp
66	34	32	22	/soya2/sourcing/img_soya/voy_02_9-Oreiller-de-Voyage-Ergonomique-Soya_img3.webp	/soya2/sourcing/img_mkt/comfy_1.img
66	34	32	22	/soya2/sourcing/img_soya/voy_02_9-Oreiller-de-Voyage-Ergonomique-Soya_img3.webp	/soya_prix/imgs/comfysle_1.img
66	34	32	23	/soya2/sourcing/img_soya/enf_03_KIDSP1_5.png	/soya_prix/imgs/htconfort_2.img
66	34	32	23	/soya2/sourcing/img_soya/enf_17_KIDS_YELLOW_1.png	/soya2/sourcing/img_mkt/jty_p6036_4.webp
66	34	32	23	/soya2/sourcing/img_soya/v2_01_1-oreiller-soya-2_0_img2_7d72b6af-35c7-4427-8f15-843f227d977	/soya2/sourcing/img_mkt/comfy_0.img
66	34	32	23	/soya2/sourcing/img_soya/v2_01_1-oreiller-soya-2_0_img2_7d72b6af-35c7-4427-8f15-843f227d977	/soya_prix/imgs/comfysle_0.img
66	34	32	23	/soya2/sourcing/img_soya/v3_30_IMG_9178.png	/soya2/sourcing/img_mkt/jty_p6036_5.webp
66	34	32	24	/soya/gallery/15.jpg	/soya2/sourcing/img_mkt/comfy_5.img
66	34	32	24	/soya2/sourcing/img_soya/enf_10_KIDS_PINK_1.png	/soya_prix/imgs/htconfort_1.img
66	34	32	24	/soya2/sourcing/img_soya/v3_32_Soya_3.0_Grey_1.png	/soya2/sourcing/img_mkt/mic_jty_2.webp
66	34	32	25	/soya/gallery/38.jpg	/soya2/sourcing/img_mkt/jty_p6036_4.webp
66	34	32	26	/soya/gallery/36.jpg	/soya2/sourcing/img_mkt/jty_knee_3.webp
66	34	32	26	/soya/gallery/37.jpg	/soya2/sourcing/img_mkt/jty_knee_3.webp
66	34	32	27	/soya2/sourcing/img_soya/voy_02_9-Oreiller-de-Voyage-Ergonomique-Soya_img3.webp	/soya_prix/imgs/comfysle_2.img
66	34	32	28	/soya/gallery/08.jpg	/soya2/sourcing/img_mkt/derila_0.img
66	34	32	28	/soya2/sourcing/img_soya/h3_13_Soya_3.0_Grey_2.png	/soya2/sourcing/img_mkt/jty_knee_3.webp
66	34	32	28	/soya2/sourcing/img_soya/v3_28_Soya_3.0_Grey_2_47c0e3de-4c91-48dd-960e-4a36d6b20353.png	/soya2/sourcing/img_mkt/jty_knee_3.webp
66	34	32	29	/soya/gallery/02.jpg	/soya2/sourcing/img_mkt/derila_4.img
66	34	32	29	/soya/gallery/10.jpg	/soya2/sourcing/img_mkt/comfy_2.img
66	34	32	29	/soya2/sourcing/img_soya/h3_13_Soya_3.0_Grey_2.png	/soya2/sourcing/img_mkt/comfy_4.img
66	34	32	29	/soya2/sourcing/img_soya/lomb_03_4_dc2e6161-802a-4c42-a1d6-b9a0a02ce466.png	/soya2/sourcing/img_mkt/comfy_3.img
66	34	32	29	/soya2/sourcing/img_soya/v3_28_Soya_3.0_Grey_2_47c0e3de-4c91-48dd-960e-4a36d6b20353.png	/soya2/sourcing/img_mkt/comfy_4.img
66	34	32	29	/soya2/sourcing/img_soya/voy_00_9-Oreiller-de-Voyage-Ergonomique-Soyacouverture_HD.webp	/soya2/sourcing/img_mkt/jty_p6036_2.webp
66	34	32	30	/soya2/sourcing/img_soya/enf_14_KIDS_YELLOW_6.jpg	/soya2/sourcing/img_mkt/jty_knee_6.webp
66	34	32	31	/soya/gallery/02.jpg	/soya2/sourcing/img_mkt/comfy_7.img
66	34	32	31	/soya/gallery/17.jpg	/soya2/sourcing/img_mkt/confal_3.img
66	34	32	31	/soya2/sourcing/img_soya/enf_00_KIDSP2.jpg	/soya2/sourcing/img_mkt/jty_knee_6.webp
66	34	32	31	/soya2/sourcing/img_soya/enf_09_KIDS_PINK_2.png	/soya2/sourcing/img_mkt/mic_jty_2.webp
66	34	32	31	/soya2/sourcing/img_soya/h3_00_13_c9363db8-d780-4903-9a97-df55d0478686.png	/soya_prix/imgs/zamatsle_0.img
66	34	32	31	/soya2/sourcing/img_soya/h3_12_7687678_3.png	/soya_prix/imgs/zamatsle_0.img
66	34	32	31	/soya2/sourcing/img_soya/h3_15_7687678_1.png	/soya2/sourcing/img_mkt/jty_knee_6.webp
66	34	32	32	/soya/gallery/02.jpg	/soya2/sourcing/img_mkt/comfy_1.img
66	34	32	32	/soya/gallery/02.jpg	/soya_prix/imgs/comfysle_1.img
66	34	32	32	/soya/gallery/03.jpg	/soya2/sourcing/img_mkt/mic_jty_12.webp
66	34	32	32	/soya/gallery/14.jpg	/soya2/sourcing/img_mkt/mic_jty_12.webp
66	34	32	32	/soya/gallery/27.jpg	/soya2/sourcing/img_mkt/mic_jty_12.webp
66	34	32	32	/soya2/sourcing/img_soya/lomb_02_4-Coussin_Lombaire_Ergonomique_Soya_img3.webp	/soya_prix/imgs/zamatsle_2.img
66	34	32	32	/soya2/sourcing/img_soya/v2_00_1-oreiller-soya-2_0HD.webp	/soya2/sourcing/img_mkt/jty_knee_4.webp
66	34	32	32	/soya2/sourcing/img_soya/voy_03_9-Oreiller-de-Voyage-Ergonomique-Soya_img4.webp	/soya2/sourcing/img_mkt/comfy_5.img
66	34	32	33	/soya/gallery/36.jpg	/soya_prix/imgs/somnilys_0.img
66	34	32	33	/soya/gallery/37.jpg	/soya_prix/imgs/somnilys_0.img
66	34	32	33	/soya2/sourcing/img_soya/h2_00_2-housse_Oreiller_de_Rechange_Soya_HD.webp	/soya2/sourcing/img_mkt/derila_6.img
66	34	32	33	/soya2/sourcing/img_soya/v2_08_11_bf88b3df-377c-4ddb-b78a-cc7a164e7755.png	/soya2/sourcing/img_mkt/comfy_3.img
66	34	32	33	/soya2/sourcing/img_soya/v3_24_SOYA_3.0_Grey-2.jpg	/soya2/sourcing/img_mkt/jty_knee_5.webp
66	34	32	34	/soya2/sourcing/img_soya/enf_01_KIDSP1_4.jpg	/soya2/sourcing/img_mkt/derila_6.img
66	34	32	34	/soya2/sourcing/img_soya/h2_00_2-housse_Oreiller_de_Rechange_Soya_HD.webp	/soya2/sourcing/img_mkt/mic_jty_8.webp
66	34	32	34	/soya2/sourcing/img_soya/h3_15_7687678_1.png	/soya2/sourcing/img_mkt/mic_tnjk_10.webp
66	34	32	34	/soya2/sourcing/img_soya/h3_15_7687678_1.png	/soya2/sourcing/img_mkt/mic_tnjk_6.webp
66	34	32	34	/soya2/sourcing/img_soya/h3_15_7687678_1.png	/soya2/sourcing/img_mkt/mic_tnjk_9.webp
66	34	32	34	/soya2/sourcing/img_soya/voy_04_9-Oreiller-de-Voyage-Ergonomique-Soya_img5.webp	/soya2/sourcing/img_mkt/derila_6.img
66	34	32	34	/soya2/sourcing/img_soya/voy_05_9-Oreiller-de-Voyage-Ergonomique-Soya_img6.webp	/soya2/sourcing/img_mkt/derila_6.img
66	34	32	34	/soya2/sourcing/img_soya/voy_06_9-Oreiller-de-Voyage-Ergonomique-Soya_img7.webp	/soya2/sourcing/img_mkt/derila_6.img
66	34	32	35	/soya/gallery/08.jpg	/soya2/sourcing/img_mkt/mic_jty_1.webp
66	34	32	35	/soya/gallery/20.jpg	/soya2/sourcing/img_mkt/jty_knee_5.webp
66	34	32	35	/soya2/sourcing/img_soya/h3_15_7687678_1.png	/soya2/sourcing/img_mkt/jty_knee_4.webp
66	34	32	35	/soya2/sourcing/img_soya/lomb_00_4-Coussin_Lombaire_Ergonomique_Soya_couverture_HD.webp	/soya2/sourcing/img_mkt/jty_knee_2.webp
66	34	32	35	/soya2/sourcing/img_soya/v2_07_1-oreiller-soya-2_0_img7_43909438-1603-4e59-add4-f987f4acd78	/soya2/sourcing/img_mkt/mic_tnjk_10.webp
66	34	32	35	/soya2/sourcing/img_soya/v2_07_1-oreiller-soya-2_0_img7_43909438-1603-4e59-add4-f987f4acd78	/soya2/sourcing/img_mkt/mic_tnjk_6.webp
66	34	32	35	/soya2/sourcing/img_soya/v2_07_1-oreiller-soya-2_0_img7_43909438-1603-4e59-add4-f987f4acd78	/soya2/sourcing/img_mkt/mic_tnjk_9.webp
66	34	32	36	/soya/gallery/11.jpg	/soya_prix/imgs/htconfort_0.img
66	34	32	36	/soya/gallery/25.jpg	/soya2/sourcing/img_mkt/derila_4.img
66	34	32	36	/soya/gallery/34.jpg	/soya2/sourcing/img_mkt/jty_knee_2.webp
66	34	32	36	/soya2/sourcing/img_soya/enf_07_KIDS_PINK_6.jpg	/soya2/sourcing/img_mkt/comfy_4.img
66	34	32	36	/soya2/sourcing/img_soya/v1_03_8-Oreiller_Soya_1.0_img4.webp	/soya2/sourcing/img_mkt/derila_4.img
66	34	32	37	/soya/gallery/11.jpg	/soya2/sourcing/img_mkt/comfy_1.img
66	34	32	37	/soya/gallery/11.jpg	/soya_prix/imgs/comfysle_1.img
66	34	32	37	/soya/gallery/20.jpg	/soya2/sourcing/img_mkt/comfy_4.img
66	34	32	38	/soya2/sourcing/img_soya/voy_00_9-Oreiller-de-Voyage-Ergonomique-Soyacouverture_HD.webp	/soya_prix/imgs/htconfort_0.img
66	34	32	39	/soya/gallery/32.jpg	/soya2/sourcing/img_mkt/confal_4.img
66	34	32	39	/soya/gallery/33.jpg	/soya_prix/imgs/somnilys_1.img
66	34	32	39	/soya2/sourcing/img_soya/h2_01_2-housse_Oreiller_de_Rechange_Soya_img4.webp	/soya2/sourcing/img_mkt/comfy_5.img
66	34	32	39	/soya2/sourcing/img_soya/v2_03_1-oreiller-soya-2_0_img4_39d31902-82e0-42b3-a8cb-6b71e2ebfe7	/soya2/sourcing/img_mkt/comfy_5.img
66	34	32	39	/soya2/sourcing/img_soya/v3_12_2_782a3829-4b96-451b-93e4-630d8f06e705.png	/soya_prix/imgs/somnilys_1.img
66	34	32	40	/soya/gallery/17.jpg	/soya_prix/imgs/inphysio_0.img
66	34	32	40	/soya2/sourcing/img_soya/h2_00_2-housse_Oreiller_de_Rechange_Soya_HD.webp	/soya_prix/imgs/zamatsle_0.img
66	34	32	40	/soya2/sourcing/img_soya/v3_33_Soya_3.0_Grey_4.png	/soya2/sourcing/img_mkt/jty_knee_3.webp
66	34	32	41	/soya2/sourcing/img_soya/enf_07_KIDS_PINK_6.jpg	/soya_prix/imgs/htconfort_1.img
66	34	32	41	/soya2/sourcing/img_soya/voy_01_9-Oreiller-de-Voyage-Ergonomique-Soya_img2.webp	/soya2/sourcing/img_mkt/jty_p6036_6.webp
66	34	32	42	/soya/gallery/13.jpg	/soya2/sourcing/img_mkt/jty_p6036_4.webp
66	34	32	42	/soya2/sourcing/img_soya/h2_00_2-housse_Oreiller_de_Rechange_Soya_HD.webp	/soya2/sourcing/img_mkt/comfy_7.img
66	34	32	42	/soya2/sourcing/img_soya/lomb_00_4-Coussin_Lombaire_Ergonomique_Soya_couverture_HD.webp	/soya2/sourcing/img_mkt/jty_p6036_6.webp
66	34	32	42	/soya2/sourcing/img_soya/v1_00_8-Oreiller_Soya_1.0_couverture_HD.webp	/soya2/sourcing/img_mkt/confal_5.img
66	34	32	42	/soya2/sourcing/img_soya/v3_34_Soya_3.0_Grey.png	/soya2/sourcing/img_mkt/mic_jty_5.webp
66	34	32	44	/soya/gallery/09.jpg	/soya2/sourcing/img_mkt/mic_jty_3.webp
66	34	32	44	/soya/gallery/21.jpg	/soya2/sourcing/img_mkt/mic_jty_3.webp
66	34	32	44	/soya2/sourcing/img_soya/enf_13_KIDS_PINK_3.png	/soya_prix/imgs/somnilys_0.img
66	34	32	44	/soya2/sourcing/img_soya/h3_04_14_feded688-a4ff-4333-8fba-e9a2e53c877a.png	/soya2/sourcing/img_mkt/comfy_2.img
66	34	32	44	/soya2/sourcing/img_soya/h3_13_Soya_3.0_Grey_2.png	/soya_prix/imgs/inphysio_1.img
66	34	32	44	/soya2/sourcing/img_soya/v3_28_Soya_3.0_Grey_2_47c0e3de-4c91-48dd-960e-4a36d6b20353.png	/soya_prix/imgs/inphysio_1.img
66	34	32	44	/soya2/sourcing/img_soya/voy_00_9-Oreiller-de-Voyage-Ergonomique-Soyacouverture_HD.webp	/soya_prix/imgs/comfysle_2.img
66	34	32	45	/soya2/sourcing/img_soya/h3_00_13_c9363db8-d780-4903-9a97-df55d0478686.png	/soya2/sourcing/img_mkt/mic_jty_8.webp
66	34	32	47	/soya/gallery/01.jpg	/soya_prix/imgs/comfysle_2.img
66	34	32	47	/soya/gallery/12.jpg	/soya_prix/imgs/comfysle_2.img
66	34	32	47	/soya/gallery/24.jpg	/soya_prix/imgs/comfysle_2.img
66	34	32	47	/soya2/sourcing/img_soya/h3_12_7687678_3.png	/soya2/sourcing/img_mkt/mic_jty_8.webp
66	34	32	48	/soya2/sourcing/img_soya/enf_05_KIDSP1_3.jpg	/soya2/sourcing/img_mkt/derila_2.img
66	34	32	48	/soya2/sourcing/img_soya/enf_19_KIDS_YELLOW_3.png	/soya2/sourcing/img_mkt/derila_2.img
66	34	32	49	/soya2/sourcing/img_soya/v2_00_1-oreiller-soya-2_0HD.webp	/soya2/sourcing/img_mkt/comfy_2.img
66	34	32	55	/soya2/sourcing/img_soya/h3_04_14_feded688-a4ff-4333-8fba-e9a2e53c877a.png	/soya_prix/imgs/comfysle_0.img
66	34	32	55	/soya2/sourcing/img_soya/h3_08_15_eb23f129-89f3-4ffc-be96-9e67ce1c745f.png	/soya2/sourcing/img_mkt/comfy_0.img
66	36	30	15	/soya2/sourcing/img_soya/h3_13_Soya_3.0_Grey_2.png	/soya2/sourcing/img_mkt/comfy_2.img
66	36	30	15	/soya2/sourcing/img_soya/v3_28_Soya_3.0_Grey_2_47c0e3de-4c91-48dd-960e-4a36d6b20353.png	/soya2/sourcing/img_mkt/comfy_2.img
66	36	30	20	/soya2/sourcing/img_soya/v3_27_Firefly_Gemini_Flash_Generate_the_same_image_exactly_as_the_	/soya_prix/imgs/htconfort_1.img
66	36	30	23	/soya/gallery/29.jpg	/soya2/sourcing/img_mkt/comfy_6.img
66	36	30	24	/soya2/sourcing/img_soya/enf_01_KIDSP1_4.jpg	/soya2/sourcing/img_mkt/jty_p6036_6.webp
66	36	30	26	/soya2/sourcing/img_soya/enf_08_KIDS_PINK_4.png	/soya2/sourcing/img_mkt/comfy_6.img
66	36	30	26	/soya2/sourcing/img_soya/enf_16_KIDS_YELLOW_7.png	/soya2/sourcing/img_mkt/comfy_7.img
66	36	30	26	/soya2/sourcing/img_soya/v1_04_8-Oreiller_Soya_1.0_img5.webp	/soya_prix/imgs/htconfort_2.img
66	36	30	27	/soya/gallery/04.jpg	/soya2/sourcing/img_mkt/jty_p6036_5.webp
66	36	30	27	/soya2/sourcing/img_soya/v3_34_Soya_3.0_Grey.png	/soya2/sourcing/img_mkt/mic_jty_2.webp
66	36	30	29	/soya2/sourcing/img_soya/voy_03_9-Oreiller-de-Voyage-Ergonomique-Soya_img4.webp	/soya2/sourcing/img_mkt/mic_tnjk_10.webp
66	36	30	29	/soya2/sourcing/img_soya/voy_03_9-Oreiller-de-Voyage-Ergonomique-Soya_img4.webp	/soya2/sourcing/img_mkt/mic_tnjk_6.webp
66	36	30	29	/soya2/sourcing/img_soya/voy_03_9-Oreiller-de-Voyage-Ergonomique-Soya_img4.webp	/soya2/sourcing/img_mkt/mic_tnjk_9.webp
66	36	30	30	/soya2/sourcing/img_soya/v3_12_2_782a3829-4b96-451b-93e4-630d8f06e705.png	/soya2/sourcing/img_mkt/confal_1.img
66	36	30	30	/soya2/sourcing/img_soya/v3_12_2_782a3829-4b96-451b-93e4-630d8f06e705.png	/soya_prix/imgs/confortalign_1.img
66	36	30	31	/soya/gallery/04.jpg	/soya2/sourcing/img_mkt/mic_jty_1.webp
66	36	30	31	/soya2/sourcing/img_soya/v1_03_8-Oreiller_Soya_1.0_img4.webp	/soya2/sourcing/img_mkt/mic_tnjk_11.webp
66	36	30	31	/soya2/sourcing/img_soya/v1_03_8-Oreiller_Soya_1.0_img4.webp	/soya2/sourcing/img_mkt/mic_tnjk_4.webp
66	36	30	31	/soya2/sourcing/img_soya/v1_03_8-Oreiller_Soya_1.0_img4.webp	/soya2/sourcing/img_mkt/mic_tnjk_7.webp
66	36	30	32	/soya/gallery/06.jpg	/soya2/sourcing/img_mkt/mic_jty_2.webp
66	36	30	32	/soya/gallery/18.jpg	/soya2/sourcing/img_mkt/mic_jty_2.webp
66	36	30	32	/soya/gallery/22.jpg	/soya2/sourcing/img_mkt/mic_jty_2.webp
66	36	30	32	/soya/gallery/28.jpg	/soya2/sourcing/img_mkt/mic_jty_2.webp
66	36	30	32	/soya2/sourcing/img_soya/enf_12_KIDS_PINK_5.png	/soya2/sourcing/img_mkt/mic_tnjk_10.webp
66	36	30	32	/soya2/sourcing/img_soya/enf_12_KIDS_PINK_5.png	/soya2/sourcing/img_mkt/mic_tnjk_6.webp
66	36	30	32	/soya2/sourcing/img_soya/enf_12_KIDS_PINK_5.png	/soya2/sourcing/img_mkt/mic_tnjk_9.webp
66	36	30	32	/soya2/sourcing/img_soya/v1_04_8-Oreiller_Soya_1.0_img5.webp	/soya2/sourcing/img_mkt/jty_p6036_6.webp
66	36	30	32	/soya2/sourcing/img_soya/v3_32_Soya_3.0_Grey_1.png	/soya2/sourcing/img_mkt/derila_4.img
66	36	30	33	/soya/gallery/03.jpg	/soya_prix/imgs/somnilys_1.img
66	36	30	33	/soya/gallery/14.jpg	/soya_prix/imgs/somnilys_1.img
66	36	30	33	/soya/gallery/27.jpg	/soya_prix/imgs/somnilys_1.img
66	36	30	34	/soya2/sourcing/img_soya/v3_24_SOYA_3.0_Grey-2.jpg	/soya2/sourcing/img_mkt/confal_1.img
66	36	30	34	/soya2/sourcing/img_soya/v3_24_SOYA_3.0_Grey-2.jpg	/soya_prix/imgs/confortalign_1.img
66	36	30	34	/soya2/sourcing/img_soya/v3_30_IMG_9178.png	/soya2/sourcing/img_mkt/derila_4.img
66	36	30	35	/soya2/sourcing/img_soya/lomb_04_3_9225ca02-f60c-47d3-b26c-49df6ebba454.png	/soya_prix/imgs/comfysle_3.img
66	36	30	36	/soya/gallery/30.jpg	/soya_prix/imgs/htconfort_2.img
66	36	30	36	/soya2/sourcing/img_soya/regl_00_14-Ensemble_Oreillers_Reglables_couverture_HD.webp	/soya2/sourcing/img_mkt/mic_tnjk_10.webp
66	36	30	36	/soya2/sourcing/img_soya/regl_00_14-Ensemble_Oreillers_Reglables_couverture_HD.webp	/soya2/sourcing/img_mkt/mic_tnjk_6.webp
66	36	30	36	/soya2/sourcing/img_soya/regl_00_14-Ensemble_Oreillers_Reglables_couverture_HD.webp	/soya2/sourcing/img_mkt/mic_tnjk_9.webp
66	36	30	36	/soya2/sourcing/img_soya/voy_01_9-Oreiller-de-Voyage-Ergonomique-Soya_img2.webp	/soya2/sourcing/img_mkt/comfy_7.img
66	36	30	37	/soya/gallery/03.jpg	/soya_prix/imgs/somnilys_0.img
66	36	30	37	/soya/gallery/14.jpg	/soya_prix/imgs/somnilys_0.img
66	36	30	37	/soya/gallery/27.jpg	/soya_prix/imgs/somnilys_0.img
66	36	30	38	/soya2/sourcing/img_soya/h2_00_2-housse_Oreiller_de_Rechange_Soya_HD.webp	/soya2/sourcing/img_mkt/jty_knee_2.webp
66	36	30	38	/soya2/sourcing/img_soya/henf_01_KIDS_P_1_4.png	/soya2/sourcing/img_mkt/confal_2.img
66	36	30	38	/soya2/sourcing/img_soya/henf_01_KIDS_P_1_4.png	/soya_prix/imgs/confortalign_2.img
66	36	30	39	/soya/gallery/31.jpg	/soya2/sourcing/img_mkt/confal_1.img
66	36	30	39	/soya/gallery/31.jpg	/soya_prix/imgs/confortalign_1.img
66	36	30	39	/soya2/sourcing/img_soya/v1_04_8-Oreiller_Soya_1.0_img5.webp	/soya2/sourcing/img_mkt/mic_jty_2.webp
66	36	30	40	/soya/gallery/35.jpg	/soya2/sourcing/img_mkt/mic_jty_5.webp
66	36	30	40	/soya2/sourcing/img_soya/enf_00_KIDSP2.jpg	/soya2/sourcing/img_mkt/confal_5.img
66	36	30	44	/soya/gallery/09.jpg	/soya2/sourcing/img_mkt/derila_4.img
66	36	30	44	/soya/gallery/21.jpg	/soya2/sourcing/img_mkt/derila_4.img
66	36	30	45	/soya2/sourcing/img_soya/v3_00_18.png	/soya2/sourcing/img_mkt/jty_p6036_4.webp
66	36	30	45	/soya2/sourcing/img_soya/v3_34_Soya_3.0_Grey.png	/soya2/sourcing/img_mkt/mic_jty_8.webp
66	36	30	45	/soya2/sourcing/img_soya/v3_36_34.png	/soya2/sourcing/img_mkt/jty_p6036_4.webp
66	36	30	47	/soya2/sourcing/img_soya/v3_31_Firefly_Gemini_Flash_Generate_the_same_image_exactly_as_the_	/soya_prix/imgs/comfysle_2.img
66	36	30	49	/soya2/sourcing/img_soya/h3_04_14_feded688-a4ff-4333-8fba-e9a2e53c877a.png	/soya2/sourcing/img_mkt/derila_2.img
66	36	30	49	/soya2/sourcing/img_soya/h3_08_15_eb23f129-89f3-4ffc-be96-9e67ce1c745f.png	/soya2/sourcing/img_mkt/derila_2.img
66	36	30	49	/soya2/sourcing/img_soya/v3_00_18.png	/soya2/sourcing/img_mkt/mic_jty_8.webp
66	36	30	49	/soya2/sourcing/img_soya/v3_36_34.png	/soya2/sourcing/img_mkt/mic_jty_8.webp
66	36	30	55	/soya2/sourcing/img_soya/henf_02_KIDS_P_1_3.png	/soya_prix/imgs/comfysle_0.img
66	38	28	19	/soya2/sourcing/img_soya/v1_02_8-Oreiller_Soya_1.0_img3.webp	/soya2/sourcing/img_mkt/jty_knee_1.webp
66	38	28	20	/soya2/sourcing/img_soya/enf_18_KIDS_YELLOW_2.png	/soya_prix/imgs/comfysle_0.img
66	38	28	20	/soya2/sourcing/img_soya/henf_05_KIDS_YELLOW_2.png	/soya_prix/imgs/comfysle_0.img
66	38	28	23	/soya2/sourcing/img_soya/voy_03_9-Oreiller-de-Voyage-Ergonomique-Soya_img4.webp	/soya2/sourcing/img_mkt/comfy_6.img
66	38	28	25	/soya/gallery/23.jpg	/soya2/sourcing/img_mkt/jty_p6036_4.webp
66	38	28	26	/soya2/sourcing/img_soya/h3_13_Soya_3.0_Grey_2.png	/soya_prix/imgs/htconfort_1.img
66	38	28	26	/soya2/sourcing/img_soya/v3_28_Soya_3.0_Grey_2_47c0e3de-4c91-48dd-960e-4a36d6b20353.png	/soya_prix/imgs/htconfort_1.img
66	38	28	28	/soya/gallery/29.jpg	/soya2/sourcing/img_mkt/comfy_0.img
66	38	28	28	/soya/gallery/29.jpg	/soya_prix/imgs/comfysle_0.img
66	38	28	31	/soya2/sourcing/img_soya/v1_02_8-Oreiller_Soya_1.0_img3.webp	/soya2/sourcing/img_mkt/confal_3.img
66	38	28	33	/soya2/sourcing/img_soya/v1_03_8-Oreiller_Soya_1.0_img4.webp	/soya2/sourcing/img_mkt/confal_0.img
66	38	28	33	/soya2/sourcing/img_soya/v1_03_8-Oreiller_Soya_1.0_img4.webp	/soya_prix/imgs/confortalign_0.img
66	38	28	35	/soya2/sourcing/img_soya/enf_11_KIDS_PINK_7.png	/soya_prix/imgs/inphysio_1.img
66	38	28	35	/soya2/sourcing/img_soya/henf_04_KIDS_PINK_7.png	/soya_prix/imgs/inphysio_1.img
66	38	28	36	/soya2/sourcing/img_soya/v2_07_1-oreiller-soya-2_0_img7_43909438-1603-4e59-add4-f987f4acd78	/soya2/sourcing/img_mkt/confal_1.img
66	38	28	36	/soya2/sourcing/img_soya/v2_07_1-oreiller-soya-2_0_img7_43909438-1603-4e59-add4-f987f4acd78	/soya_prix/imgs/confortalign_1.img
66	38	28	39	/soya/gallery/11.jpg	/soya2/sourcing/img_mkt/mic_jty_1.webp
66	38	28	43	/soya/gallery/34.jpg	/soya2/sourcing/img_mkt/mic_jty_5.webp
66	38	28	50	/soya2/sourcing/img_soya/v1_02_8-Oreiller_Soya_1.0_img3.webp	/soya_prix/imgs/zamatsle_3.img
66	38	28	51	/soya2/sourcing/img_soya/enf_05_KIDSP1_3.jpg	/soya2/sourcing/img_mkt/comfy_2.img
66	38	28	51	/soya2/sourcing/img_soya/enf_19_KIDS_YELLOW_3.png	/soya2/sourcing/img_mkt/comfy_2.img
66	40	26	26	/soya2/sourcing/img_soya/h3_14_7687678_2.png	/soya2/sourcing/img_mkt/derila_0.img
66	40	26	26	/soya2/sourcing/img_soya/v3_29_7687678_2_0409bb9a-6b40-434d-807f-98da5554945a.png	/soya2/sourcing/img_mkt/derila_0.img
66	40	26	43	/soya2/sourcing/img_soya/enf_17_KIDS_YELLOW_1.png	/soya2/sourcing/img_mkt/mic_jty_3.webp
66	42	24	40	/soya2/sourcing/img_soya/v3_24_SOYA_3.0_Grey-2.jpg	/soya2/sourcing/img_mkt/jty_knee_4.webp
66	42	24	46	/soya2/sourcing/img_soya/v3_12_2_782a3829-4b96-451b-93e4-630d8f06e705.png	/soya2/sourcing/img_mkt/jty_knee_4.webp
67	26	41	18	/soya2/sourcing/img_soya/enf_20_KIDS_YELLOW_5.png	/soya2/sourcing/img_mkt/mic_jty_3.webp
67	28	39	15	/soya2/sourcing/img_soya/lomb_01_4-Coussin_Lombaire_Ergonomique_Soya_img2.webp	/soya_prix/imgs/zamatsle_2.img
67	28	39	22	/soya2/sourcing/img_soya/v3_27_Firefly_Gemini_Flash_Generate_the_same_image_exactly_as_the_	/soya2/sourcing/img_mkt/comfy_1.img
67	28	39	22	/soya2/sourcing/img_soya/v3_27_Firefly_Gemini_Flash_Generate_the_same_image_exactly_as_the_	/soya_prix/imgs/comfysle_1.img
67	28	39	25	/soya2/sourcing/img_soya/h3_08_15_eb23f129-89f3-4ffc-be96-9e67ce1c745f.png	/soya2/sourcing/img_mkt/mic_tnjk_11.webp
67	28	39	25	/soya2/sourcing/img_soya/h3_08_15_eb23f129-89f3-4ffc-be96-9e67ce1c745f.png	/soya2/sourcing/img_mkt/mic_tnjk_4.webp
67	28	39	25	/soya2/sourcing/img_soya/h3_08_15_eb23f129-89f3-4ffc-be96-9e67ce1c745f.png	/soya2/sourcing/img_mkt/mic_tnjk_7.webp
67	28	39	28	/soya/gallery/26.jpg	/soya2/sourcing/img_mkt/jty_knee_6.webp
67	28	39	28	/soya2/sourcing/img_soya/v1_01_8-Oreiller_Soya_1.0_img2.webp	/soya2/sourcing/img_mkt/comfy_2.img
67	28	39	31	/soya2/sourcing/img_soya/h3_08_15_eb23f129-89f3-4ffc-be96-9e67ce1c745f.png	/soya2/sourcing/img_mkt/jty_p6036_2.webp
67	28	39	31	/soya2/sourcing/img_soya/lomb_03_4_dc2e6161-802a-4c42-a1d6-b9a0a02ce466.png	/soya2/sourcing/img_mkt/mic_tnjk_10.webp
67	28	39	31	/soya2/sourcing/img_soya/lomb_03_4_dc2e6161-802a-4c42-a1d6-b9a0a02ce466.png	/soya2/sourcing/img_mkt/mic_tnjk_6.webp
67	28	39	31	/soya2/sourcing/img_soya/lomb_03_4_dc2e6161-802a-4c42-a1d6-b9a0a02ce466.png	/soya2/sourcing/img_mkt/mic_tnjk_9.webp
67	28	39	33	/soya2/sourcing/img_soya/lomb_01_4-Coussin_Lombaire_Ergonomique_Soya_img2.webp	/soya2/sourcing/img_mkt/jty_p6036_1.webp
67	28	39	33	/soya2/sourcing/img_soya/regl_01_14-Ensemble_Oreillers_Reglables_img2.webp	/soya2/sourcing/img_mkt/jty_knee_6.webp
67	28	39	35	/soya2/sourcing/img_soya/lomb_01_4-Coussin_Lombaire_Ergonomique_Soya_img2.webp	/soya2/sourcing/img_mkt/derila_6.img
67	28	39	38	/soya2/sourcing/img_soya/v1_00_8-Oreiller_Soya_1.0_couverture_HD.webp	/soya_prix/imgs/zamatsle_0.img
67	28	39	41	/soya2/sourcing/img_soya/v3_00_18.png	/soya_prix/imgs/zamatsle_3.img
67	28	39	41	/soya2/sourcing/img_soya/v3_36_34.png	/soya_prix/imgs/zamatsle_3.img
67	30	37	18	/soya2/sourcing/img_soya/lomb_03_4_dc2e6161-802a-4c42-a1d6-b9a0a02ce466.png	/soya2/sourcing/img_mkt/jty_knee_4.webp
67	30	37	19	/soya2/sourcing/img_soya/enf_01_KIDSP1_4.jpg	/soya2/sourcing/img_mkt/confal_5.img
67	30	37	21	/soya/gallery/15.jpg	/soya2/sourcing/img_mkt/mic_jty_3.webp
67	30	37	23	/soya/gallery/33.jpg	/soya_prix/imgs/comfysle_2.img
67	30	37	23	/soya2/sourcing/img_soya/enf_17_KIDS_YELLOW_1.png	/soya2/sourcing/img_mkt/comfy_2.img
67	30	37	24	/soya2/sourcing/img_soya/regl_02_14-Ensemble_Oreillers_Reglables_img3.webp	/soya_prix/imgs/somnilys_0.img
67	30	37	25	/soya2/sourcing/img_soya/h3_04_14_feded688-a4ff-4333-8fba-e9a2e53c877a.png	/soya2/sourcing/img_mkt/mic_tnjk_11.webp
67	30	37	25	/soya2/sourcing/img_soya/h3_04_14_feded688-a4ff-4333-8fba-e9a2e53c877a.png	/soya2/sourcing/img_mkt/mic_tnjk_4.webp
67	30	37	25	/soya2/sourcing/img_soya/h3_04_14_feded688-a4ff-4333-8fba-e9a2e53c877a.png	/soya2/sourcing/img_mkt/mic_tnjk_7.webp
67	30	37	25	/soya2/sourcing/img_soya/henf_02_KIDS_P_1_3.png	/soya2/sourcing/img_mkt/mic_tnjk_11.webp
67	30	37	25	/soya2/sourcing/img_soya/henf_02_KIDS_P_1_3.png	/soya2/sourcing/img_mkt/mic_tnjk_4.webp
67	30	37	25	/soya2/sourcing/img_soya/henf_02_KIDS_P_1_3.png	/soya2/sourcing/img_mkt/mic_tnjk_7.webp
67	30	37	26	/soya2/sourcing/img_soya/v2_08_11_bf88b3df-377c-4ddb-b78a-cc7a164e7755.png	/soya2/sourcing/img_mkt/derila_2.img
67	30	37	28	/soya/gallery/08.jpg	/soya2/sourcing/img_mkt/comfy_2.img
67	30	37	28	/soya/gallery/08.jpg	/soya_prix/imgs/zamatsle_3.img
67	30	37	28	/soya/gallery/15.jpg	/soya2/sourcing/img_mkt/mic_tnjk_11.webp
67	30	37	28	/soya/gallery/15.jpg	/soya2/sourcing/img_mkt/mic_tnjk_4.webp
67	30	37	28	/soya/gallery/15.jpg	/soya2/sourcing/img_mkt/mic_tnjk_7.webp
67	30	37	28	/soya2/sourcing/img_soya/voy_03_9-Oreiller-de-Voyage-Ergonomique-Soya_img4.webp	/soya2/sourcing/img_mkt/confal_0.img
67	30	37	28	/soya2/sourcing/img_soya/voy_03_9-Oreiller-de-Voyage-Ergonomique-Soya_img4.webp	/soya_prix/imgs/confortalign_0.img
67	30	37	29	/soya/gallery/39.jpg	/soya_prix/imgs/zamatsle_2.img
67	30	37	30	/soya/gallery/23.jpg	/soya2/sourcing/img_mkt/jty_knee_1.webp
67	30	37	31	/soya/gallery/23.jpg	/soya2/sourcing/img_mkt/confal_4.img
67	30	37	31	/soya2/sourcing/img_soya/v2_04_1-oreiller-soya-2_0_img5_a8a3199e-0071-4043-a899-f89baff5294	/soya_prix/imgs/zamatsle_2.img
67	30	37	31	/soya2/sourcing/img_soya/voy_01_9-Oreiller-de-Voyage-Ergonomique-Soya_img2.webp	/soya2/sourcing/img_mkt/jty_knee_1.webp
67	30	37	32	/soya2/sourcing/img_soya/v1_02_8-Oreiller_Soya_1.0_img3.webp	/soya2/sourcing/img_mkt/derila_4.img
67	30	37	33	/soya2/sourcing/img_soya/h3_12_7687678_3.png	/soya_prix/imgs/somnilys_1.img
67	30	37	33	/soya2/sourcing/img_soya/v3_32_Soya_3.0_Grey_1.png	/soya_prix/imgs/comfysle_3.img
67	30	37	34	/soya2/sourcing/img_soya/regl_02_14-Ensemble_Oreillers_Reglables_img3.webp	/soya2/sourcing/img_mkt/comfy_6.img
67	30	37	35	/soya2/sourcing/img_soya/regl_00_14-Ensemble_Oreillers_Reglables_couverture_HD.webp	/soya_prix/imgs/zamatsle_2.img
67	30	37	36	/soya2/sourcing/img_soya/v2_02_1-oreiller-soya-2_0_img3_5f834f33-5e47-49e1-a6a1-34e17f3341b	/soya2/sourcing/img_mkt/mic_jty_12.webp
67	30	37	36	/soya2/sourcing/img_soya/v3_33_Soya_3.0_Grey_4.png	/soya2/sourcing/img_mkt/mic_jty_1.webp
67	30	37	37	/soya2/sourcing/img_soya/v1_00_8-Oreiller_Soya_1.0_couverture_HD.webp	/soya2/sourcing/img_mkt/comfy_1.img
67	30	37	37	/soya2/sourcing/img_soya/v1_00_8-Oreiller_Soya_1.0_couverture_HD.webp	/soya_prix/imgs/comfysle_1.img
67	30	37	38	/soya/gallery/02.jpg	/soya_prix/imgs/inphysio_2.img
67	30	37	38	/soya2/sourcing/img_soya/enf_07_KIDS_PINK_6.jpg	/soya_prix/imgs/zamatsle_0.img
67	30	37	39	/soya/gallery/01.jpg	/soya2/sourcing/img_mkt/derila_5.img
67	30	37	39	/soya/gallery/12.jpg	/soya2/sourcing/img_mkt/derila_5.img
67	30	37	39	/soya/gallery/24.jpg	/soya2/sourcing/img_mkt/derila_5.img
67	30	37	39	/soya/gallery/26.jpg	/soya2/sourcing/img_mkt/mic_tnjk_10.webp
67	30	37	39	/soya/gallery/26.jpg	/soya2/sourcing/img_mkt/mic_tnjk_6.webp
67	30	37	39	/soya/gallery/26.jpg	/soya2/sourcing/img_mkt/mic_tnjk_9.webp
67	30	37	39	/soya2/sourcing/img_soya/enf_08_KIDS_PINK_4.png	/soya2/sourcing/img_mkt/jty_p6036_5.webp
67	30	37	39	/soya2/sourcing/img_soya/enf_12_KIDS_PINK_5.png	/soya2/sourcing/img_mkt/comfy_1.img
67	30	37	39	/soya2/sourcing/img_soya/enf_12_KIDS_PINK_5.png	/soya_prix/imgs/comfysle_1.img
67	30	37	40	/soya2/sourcing/img_soya/enf_17_KIDS_YELLOW_1.png	/soya_prix/imgs/inphysio_1.img
67	30	37	40	/soya2/sourcing/img_soya/v2_06_1-oreiller-soya-2_0_img6_9601dd3b-66d6-4311-b41e-5fd7712bdc1	/soya2/sourcing/img_mkt/jty_knee_3.webp
67	30	37	43	/soya/gallery/25.jpg	/soya_prix/imgs/inphysio_2.img
67	30	37	43	/soya/gallery/26.jpg	/soya_prix/imgs/somnilys_0.img
67	30	37	43	/soya2/sourcing/img_soya/v3_34_Soya_3.0_Grey.png	/soya2/sourcing/img_mkt/derila_5.img
67	30	37	46	/soya2/sourcing/img_soya/enf_20_KIDS_YELLOW_5.png	/soya2/sourcing/img_mkt/jty_p6036_4.webp
67	30	37	48	/soya/gallery/02.jpg	/soya_prix/imgs/comfysle_0.img
67	30	37	48	/soya2/sourcing/img_soya/enf_06_KIDSP1_1.jpg	/soya2/sourcing/img_mkt/comfy_0.img
67	30	37	48	/soya2/sourcing/img_soya/enf_06_KIDSP1_1.jpg	/soya_prix/imgs/comfysle_0.img
67	30	37	48	/soya2/sourcing/img_soya/lomb_02_4-Coussin_Lombaire_Ergonomique_Soya_img3.webp	/soya_prix/imgs/comfysle_0.img
67	30	37	49	/soya2/sourcing/img_soya/v3_32_Soya_3.0_Grey_1.png	/soya2/sourcing/img_mkt/comfy_0.img
67	30	37	50	/soya/gallery/39.jpg	/soya2/sourcing/img_mkt/mic_jty_8.webp
67	32	35	11	/soya/gallery/11.jpg	/soya2/sourcing/img_mkt/comfy_5.img
67	32	35	13	/soya2/sourcing/img_soya/enf_07_KIDS_PINK_6.jpg	/soya2/sourcing/img_mkt/jty_p6036_1.webp
67	32	35	15	/soya/gallery/33.jpg	/soya2/sourcing/img_mkt/derila_0.img
67	32	35	15	/soya2/sourcing/img_soya/v1_00_8-Oreiller_Soya_1.0_couverture_HD.webp	/soya2/sourcing/img_mkt/jty_p6036_3.webp
67	32	35	21	/soya2/sourcing/img_soya/v2_04_1-oreiller-soya-2_0_img5_a8a3199e-0071-4043-a899-f89baff5294	/soya2/sourcing/img_mkt/jty_p6036_5.webp
67	32	35	21	/soya2/sourcing/img_soya/v3_27_Firefly_Gemini_Flash_Generate_the_same_image_exactly_as_the_	/soya2/sourcing/img_mkt/derila_0.img
67	32	35	21	/soya2/sourcing/img_soya/v3_27_Firefly_Gemini_Flash_Generate_the_same_image_exactly_as_the_	/soya_prix/imgs/htconfort_0.img
67	32	35	22	/soya2/sourcing/img_soya/enf_06_KIDSP1_1.jpg	/soya2/sourcing/img_mkt/comfy_5.img
67	32	35	22	/soya2/sourcing/img_soya/h3_14_7687678_2.png	/soya2/sourcing/img_mkt/comfy_2.img
67	32	35	22	/soya2/sourcing/img_soya/v3_29_7687678_2_0409bb9a-6b40-434d-807f-98da5554945a.png	/soya2/sourcing/img_mkt/comfy_2.img
67	32	35	23	/soya2/sourcing/img_soya/voy_00_9-Oreiller-de-Voyage-Ergonomique-Soyacouverture_HD.webp	/soya2/sourcing/img_mkt/comfy_5.img
67	32	35	24	/soya2/sourcing/img_soya/enf_01_KIDSP1_4.jpg	/soya2/sourcing/img_mkt/comfy_0.img
67	32	35	24	/soya2/sourcing/img_soya/enf_01_KIDSP1_4.jpg	/soya_prix/imgs/comfysle_0.img
67	32	35	24	/soya2/sourcing/img_soya/henf_00_KIDS_P_1_2.png	/soya2/sourcing/img_mkt/jty_p6036_1.webp
67	32	35	24	/soya2/sourcing/img_soya/henf_01_KIDS_P_1_4.png	/soya2/sourcing/img_mkt/jty_p6036_1.webp
67	32	35	24	/soya2/sourcing/img_soya/voy_03_9-Oreiller-de-Voyage-Ergonomique-Soya_img4.webp	/soya2/sourcing/img_mkt/mic_jty_5.webp
67	32	35	25	/soya2/sourcing/img_soya/enf_10_KIDS_PINK_1.png	/soya2/sourcing/img_mkt/mic_jty_8.webp
67	32	35	25	/soya2/sourcing/img_soya/regl_02_14-Ensemble_Oreillers_Reglables_img3.webp	/soya_prix/imgs/inphysio_2.img
67	32	35	25	/soya2/sourcing/img_soya/v1_03_8-Oreiller_Soya_1.0_img4.webp	/soya_prix/imgs/comfysle_0.img
67	32	35	26	/soya/gallery/26.jpg	/soya2/sourcing/img_mkt/jty_knee_4.webp
67	32	35	27	/soya/gallery/21.jpg	/soya2/sourcing/img_mkt/comfy_0.img
67	32	35	27	/soya/gallery/23.jpg	/soya2/sourcing/img_mkt/mic_tnjk_10.webp
67	32	35	27	/soya/gallery/23.jpg	/soya2/sourcing/img_mkt/mic_tnjk_6.webp
67	32	35	27	/soya/gallery/23.jpg	/soya2/sourcing/img_mkt/mic_tnjk_9.webp
67	32	35	27	/soya2/sourcing/img_soya/h2_02_2-housse_Oreiller_de_Rechange_Soya_img3.webp	/soya2/sourcing/img_mkt/derila_4.img
67	32	35	27	/soya2/sourcing/img_soya/v2_02_1-oreiller-soya-2_0_img3_5f834f33-5e47-49e1-a6a1-34e17f3341b	/soya2/sourcing/img_mkt/comfy_2.img
67	32	35	28	/soya2/sourcing/img_soya/enf_18_KIDS_YELLOW_2.png	/soya2/sourcing/img_mkt/derila_6.img
67	32	35	28	/soya2/sourcing/img_soya/henf_05_KIDS_YELLOW_2.png	/soya2/sourcing/img_mkt/derila_6.img
67	32	35	28	/soya2/sourcing/img_soya/v1_00_8-Oreiller_Soya_1.0_couverture_HD.webp	/soya2/sourcing/img_mkt/comfy_7.img
67	32	35	28	/soya2/sourcing/img_soya/v2_08_11_bf88b3df-377c-4ddb-b78a-cc7a164e7755.png	/soya_prix/imgs/htconfort_1.img
67	32	35	29	/soya/gallery/09.jpg	/soya2/sourcing/img_mkt/comfy_0.img
67	32	35	29	/soya2/sourcing/img_soya/enf_08_KIDS_PINK_4.png	/soya2/sourcing/img_mkt/jty_p6036_2.webp
67	32	35	30	/soya/gallery/26.jpg	/soya2/sourcing/img_mkt/jty_knee_1.webp
67	32	35	30	/soya2/sourcing/img_soya/enf_16_KIDS_YELLOW_7.png	/soya2/sourcing/img_mkt/comfy_4.img
67	32	35	30	/soya2/sourcing/img_soya/v3_32_Soya_3.0_Grey_1.png	/soya2/sourcing/img_mkt/jty_knee_5.webp
67	32	35	30	/soya2/sourcing/img_soya/v3_42_41.1.png	/soya_prix/imgs/somnilys_0.img
67	32	35	31	/soya2/sourcing/img_soya/lomb_03_4_dc2e6161-802a-4c42-a1d6-b9a0a02ce466.png	/soya2/sourcing/img_mkt/confal_4.img
67	32	35	32	/soya/gallery/20.jpg	/soya2/sourcing/img_mkt/jty_p6036_1.webp
67	32	35	32	/soya2/sourcing/img_soya/enf_18_KIDS_YELLOW_2.png	/soya_prix/imgs/htconfort_2.img
67	32	35	32	/soya2/sourcing/img_soya/henf_05_KIDS_YELLOW_2.png	/soya_prix/imgs/htconfort_2.img
67	32	35	33	/soya2/sourcing/img_soya/v1_01_8-Oreiller_Soya_1.0_img2.webp	/soya_prix/imgs/inphysio_1.img
67	32	35	33	/soya2/sourcing/img_soya/voy_01_9-Oreiller-de-Voyage-Ergonomique-Soya_img2.webp	/soya2/sourcing/img_mkt/jty_knee_6.webp
67	32	35	34	/soya2/sourcing/img_soya/h3_13_Soya_3.0_Grey_2.png	/soya2/sourcing/img_mkt/jty_p6036_2.webp
67	32	35	34	/soya2/sourcing/img_soya/v3_25_Soya_3.0_grey_2_2e59cacb-6ebc-4f36-8a81-44478c9d4589.png	/soya2/sourcing/img_mkt/comfy_4.img
67	32	35	34	/soya2/sourcing/img_soya/v3_28_Soya_3.0_Grey_2_47c0e3de-4c91-48dd-960e-4a36d6b20353.png	/soya2/sourcing/img_mkt/jty_p6036_2.webp
67	32	35	35	/soya/gallery/02.jpg	/soya2/sourcing/img_mkt/jty_knee_5.webp
67	32	35	35	/soya/gallery/07.jpg	/soya_prix/imgs/somnilys_2.img
67	32	35	35	/soya2/sourcing/img_soya/henf_02_KIDS_P_1_3.png	/soya2/sourcing/img_mkt/mic_jty_1.webp
67	32	35	36	/soya/gallery/10.jpg	/soya2/sourcing/img_mkt/confal_0.img
67	32	35	36	/soya/gallery/10.jpg	/soya_prix/imgs/confortalign_0.img
67	32	35	36	/soya2/sourcing/img_soya/v3_33_Soya_3.0_Grey_4.png	/soya_prix/imgs/zamatsle_2.img
67	32	35	36	/soya2/sourcing/img_soya/v3_34_Soya_3.0_Grey.png	/soya2/sourcing/img_mkt/confal_1.img
67	32	35	36	/soya2/sourcing/img_soya/v3_34_Soya_3.0_Grey.png	/soya2/sourcing/img_mkt/confal_3.img
67	32	35	36	/soya2/sourcing/img_soya/v3_34_Soya_3.0_Grey.png	/soya_prix/imgs/confortalign_1.img
67	32	35	38	/soya/gallery/26.jpg	/soya2/sourcing/img_mkt/mic_jty_12.webp
67	32	35	38	/soya2/sourcing/img_soya/enf_05_KIDSP1_3.jpg	/soya_prix/imgs/zamatsle_2.img
67	32	35	38	/soya2/sourcing/img_soya/enf_20_KIDS_YELLOW_5.png	/soya2/sourcing/img_mkt/jty_knee_2.webp
67	32	35	39	/soya/gallery/10.jpg	/soya_prix/imgs/htconfort_0.img
67	32	35	39	/soya2/sourcing/img_soya/h3_15_7687678_1.png	/soya2/sourcing/img_mkt/mic_jty_1.webp
67	32	35	39	/soya2/sourcing/img_soya/lomb_00_4-Coussin_Lombaire_Ergonomique_Soya_couverture_HD.webp	/soya_prix/imgs/zamatsle_3.img
67	32	35	39	/soya2/sourcing/img_soya/v1_03_8-Oreiller_Soya_1.0_img4.webp	/soya2/sourcing/img_mkt/comfy_5.img
67	32	35	40	/soya/gallery/03.jpg	/soya_prix/imgs/zamatsle_2.img
67	32	35	40	/soya/gallery/14.jpg	/soya_prix/imgs/zamatsle_2.img
67	32	35	40	/soya/gallery/27.jpg	/soya_prix/imgs/zamatsle_2.img
67	32	35	40	/soya2/sourcing/img_soya/enf_09_KIDS_PINK_2.png	/soya2/sourcing/img_mkt/confal_2.img
67	32	35	40	/soya2/sourcing/img_soya/enf_09_KIDS_PINK_2.png	/soya_prix/imgs/confortalign_2.img
67	32	35	40	/soya2/sourcing/img_soya/enf_14_KIDS_YELLOW_6.jpg	/soya2/sourcing/img_mkt/mic_jty_5.webp
67	32	35	41	/soya/gallery/26.jpg	/soya2/sourcing/img_mkt/derila_5.img
67	32	35	41	/soya2/sourcing/img_soya/lomb_03_4_dc2e6161-802a-4c42-a1d6-b9a0a02ce466.png	/soya2/sourcing/img_mkt/comfy_2.img
67	32	35	41	/soya2/sourcing/img_soya/v2_05_Oreiller_position_4.png	/soya_prix/imgs/inphysio_2.img
67	32	35	41	/soya2/sourcing/img_soya/voy_03_9-Oreiller-de-Voyage-Ergonomique-Soya_img4.webp	/soya2/sourcing/img_mkt/derila_3.img
67	32	35	42	/soya2/sourcing/img_soya/h3_15_7687678_1.png	/soya2/sourcing/img_mkt/mic_jty_8.webp
67	32	35	43	/soya/gallery/29.jpg	/soya2/sourcing/img_mkt/derila_3.img
67	32	35	43	/soya2/sourcing/img_soya/enf_06_KIDSP1_1.jpg	/soya_prix/imgs/somnilys_0.img
67	32	35	43	/soya2/sourcing/img_soya/v3_35_SOYA_3.0_Grey_1.jpg	/soya2/sourcing/img_mkt/confal_2.img
67	32	35	43	/soya2/sourcing/img_soya/v3_35_SOYA_3.0_Grey_1.jpg	/soya_prix/imgs/confortalign_2.img
67	32	35	44	/soya2/sourcing/img_soya/enf_06_KIDSP1_1.jpg	/soya_prix/imgs/htconfort_1.img
67	32	35	44	/soya2/sourcing/img_soya/h3_12_7687678_3.png	/soya_prix/imgs/inphysio_2.img
67	32	35	44	/soya2/sourcing/img_soya/voy_04_9-Oreiller-de-Voyage-Ergonomique-Soya_img5.webp	/soya2/sourcing/img_mkt/jty_knee_1.webp
67	32	35	44	/soya2/sourcing/img_soya/voy_05_9-Oreiller-de-Voyage-Ergonomique-Soya_img6.webp	/soya2/sourcing/img_mkt/jty_knee_1.webp
67	32	35	44	/soya2/sourcing/img_soya/voy_06_9-Oreiller-de-Voyage-Ergonomique-Soya_img7.webp	/soya2/sourcing/img_mkt/jty_knee_1.webp
67	32	35	45	/soya2/sourcing/img_soya/v2_06_1-oreiller-soya-2_0_img6_9601dd3b-66d6-4311-b41e-5fd7712bdc1	/soya2/sourcing/img_mkt/confal_5.img
67	32	35	47	/soya2/sourcing/img_soya/v3_30_IMG_9178.png	/soya_prix/imgs/comfysle_0.img
67	34	33	15	/soya2/sourcing/img_soya/v2_00_1-oreiller-soya-2_0HD.webp	/soya2/sourcing/img_mkt/mic_jty_3.webp
67	34	33	18	/soya2/sourcing/img_soya/v3_25_Soya_3.0_grey_2_2e59cacb-6ebc-4f36-8a81-44478c9d4589.png	/soya_prix/imgs/inphysio_0.img
67	34	33	20	/soya/gallery/03.jpg	/soya2/sourcing/img_mkt/mic_tnjk_11.webp
67	34	33	20	/soya/gallery/03.jpg	/soya2/sourcing/img_mkt/mic_tnjk_4.webp
67	34	33	20	/soya/gallery/03.jpg	/soya2/sourcing/img_mkt/mic_tnjk_7.webp
67	34	33	20	/soya/gallery/14.jpg	/soya2/sourcing/img_mkt/mic_tnjk_11.webp
67	34	33	20	/soya/gallery/14.jpg	/soya2/sourcing/img_mkt/mic_tnjk_4.webp
67	34	33	20	/soya/gallery/14.jpg	/soya2/sourcing/img_mkt/mic_tnjk_7.webp
67	34	33	20	/soya/gallery/27.jpg	/soya2/sourcing/img_mkt/mic_tnjk_11.webp
67	34	33	20	/soya/gallery/27.jpg	/soya2/sourcing/img_mkt/mic_tnjk_4.webp
67	34	33	20	/soya/gallery/27.jpg	/soya2/sourcing/img_mkt/mic_tnjk_7.webp
67	34	33	21	/soya2/sourcing/img_soya/enf_13_KIDS_PINK_3.png	/soya2/sourcing/img_mkt/jty_p6036_3.webp
67	34	33	21	/soya2/sourcing/img_soya/h3_04_14_feded688-a4ff-4333-8fba-e9a2e53c877a.png	/soya2/sourcing/img_mkt/confal_0.img
67	34	33	21	/soya2/sourcing/img_soya/h3_04_14_feded688-a4ff-4333-8fba-e9a2e53c877a.png	/soya_prix/imgs/confortalign_0.img
67	34	33	23	/soya2/sourcing/img_soya/enf_07_KIDS_PINK_6.jpg	/soya2/sourcing/img_mkt/mic_tnjk_11.webp
67	34	33	23	/soya2/sourcing/img_soya/enf_07_KIDS_PINK_6.jpg	/soya2/sourcing/img_mkt/mic_tnjk_4.webp
67	34	33	23	/soya2/sourcing/img_soya/enf_07_KIDS_PINK_6.jpg	/soya2/sourcing/img_mkt/mic_tnjk_7.webp
67	34	33	26	/soya2/sourcing/img_soya/h2_03_2-housse_Oreiller_de_Rechange_Soya_img5.webp	/soya_prix/imgs/zamatsle_1.img
67	34	33	26	/soya2/sourcing/img_soya/lomb_04_3_9225ca02-f60c-47d3-b26c-49df6ebba454.png	/soya2/sourcing/img_mkt/mic_jty_3.webp
67	34	33	26	/soya2/sourcing/img_soya/v2_07_1-oreiller-soya-2_0_img7_43909438-1603-4e59-add4-f987f4acd78	/soya2/sourcing/img_mkt/jty_p6036_2.webp
67	34	33	26	/soya2/sourcing/img_soya/voy_03_9-Oreiller-de-Voyage-Ergonomique-Soya_img4.webp	/soya2/sourcing/img_mkt/mic_tnjk_11.webp
67	34	33	26	/soya2/sourcing/img_soya/voy_03_9-Oreiller-de-Voyage-Ergonomique-Soya_img4.webp	/soya2/sourcing/img_mkt/mic_tnjk_4.webp
67	34	33	26	/soya2/sourcing/img_soya/voy_03_9-Oreiller-de-Voyage-Ergonomique-Soya_img4.webp	/soya2/sourcing/img_mkt/mic_tnjk_7.webp
67	34	33	27	/soya2/sourcing/img_soya/enf_08_KIDS_PINK_4.png	/soya2/sourcing/img_mkt/jty_p6036_6.webp
67	34	33	27	/soya2/sourcing/img_soya/h3_15_7687678_1.png	/soya2/sourcing/img_mkt/mic_tnjk_11.webp
67	34	33	27	/soya2/sourcing/img_soya/h3_15_7687678_1.png	/soya2/sourcing/img_mkt/mic_tnjk_4.webp
67	34	33	27	/soya2/sourcing/img_soya/h3_15_7687678_1.png	/soya2/sourcing/img_mkt/mic_tnjk_7.webp
67	34	33	27	/soya2/sourcing/img_soya/v1_04_8-Oreiller_Soya_1.0_img5.webp	/soya_prix/imgs/inphysio_0.img
67	34	33	29	/soya/gallery/10.jpg	/soya_prix/imgs/comfysle_2.img
67	34	33	29	/soya/gallery/29.jpg	/soya2/sourcing/img_mkt/derila_4.img
67	34	33	30	/soya2/sourcing/img_soya/enf_02_KIDSP1_6.png	/soya2/sourcing/img_mkt/mic_jty_8.webp
67	34	33	30	/soya2/sourcing/img_soya/enf_20_KIDS_YELLOW_5.png	/soya2/sourcing/img_mkt/derila_4.img
67	34	33	30	/soya2/sourcing/img_soya/lomb_03_4_dc2e6161-802a-4c42-a1d6-b9a0a02ce466.png	/soya2/sourcing/img_mkt/mic_jty_12.webp
67	34	33	30	/soya2/sourcing/img_soya/v3_00_18.png	/soya2/sourcing/img_mkt/confal_3.img
67	34	33	30	/soya2/sourcing/img_soya/v3_36_34.png	/soya2/sourcing/img_mkt/confal_3.img
67	34	33	31	/soya/gallery/05.jpg	/soya2/sourcing/img_mkt/confal_3.img
67	34	33	31	/soya2/sourcing/img_soya/enf_05_KIDSP1_3.jpg	/soya2/sourcing/img_mkt/jty_knee_2.webp
67	34	33	31	/soya2/sourcing/img_soya/henf_02_KIDS_P_1_3.png	/soya2/sourcing/img_mkt/jty_p6036_2.webp
67	34	33	31	/soya2/sourcing/img_soya/v1_04_8-Oreiller_Soya_1.0_img5.webp	/soya2/sourcing/img_mkt/comfy_4.img
67	34	33	31	/soya2/sourcing/img_soya/v3_31_Firefly_Gemini_Flash_Generate_the_same_image_exactly_as_the_	/soya_prix/imgs/somnilys_0.img
67	34	33	32	/soya/gallery/13.jpg	/soya2/sourcing/img_mkt/jty_knee_5.webp
67	34	33	32	/soya/gallery/16.jpg	/soya2/sourcing/img_mkt/confal_1.img
67	34	33	32	/soya/gallery/16.jpg	/soya_prix/imgs/confortalign_1.img
67	34	33	32	/soya/gallery/29.jpg	/soya2/sourcing/img_mkt/jty_p6036_3.webp
67	34	33	32	/soya2/sourcing/img_soya/enf_10_KIDS_PINK_1.png	/soya2/sourcing/img_mkt/mic_jty_1.webp
67	34	33	32	/soya2/sourcing/img_soya/enf_16_KIDS_YELLOW_7.png	/soya2/sourcing/img_mkt/mic_tnjk_10.webp
67	34	33	32	/soya2/sourcing/img_soya/enf_16_KIDS_YELLOW_7.png	/soya2/sourcing/img_mkt/mic_tnjk_6.webp
67	34	33	32	/soya2/sourcing/img_soya/enf_16_KIDS_YELLOW_7.png	/soya2/sourcing/img_mkt/mic_tnjk_9.webp
67	34	33	33	/soya2/sourcing/img_soya/enf_17_KIDS_YELLOW_1.png	/soya2/sourcing/img_mkt/confal_4.img
67	34	33	33	/soya2/sourcing/img_soya/v2_02_1-oreiller-soya-2_0_img3_5f834f33-5e47-49e1-a6a1-34e17f3341b	/soya2/sourcing/img_mkt/mic_tnjk_10.webp
67	34	33	33	/soya2/sourcing/img_soya/v2_02_1-oreiller-soya-2_0_img3_5f834f33-5e47-49e1-a6a1-34e17f3341b	/soya2/sourcing/img_mkt/mic_tnjk_6.webp
67	34	33	33	/soya2/sourcing/img_soya/v2_02_1-oreiller-soya-2_0_img3_5f834f33-5e47-49e1-a6a1-34e17f3341b	/soya2/sourcing/img_mkt/mic_tnjk_9.webp
67	34	33	34	/soya2/sourcing/img_soya/lomb_01_4-Coussin_Lombaire_Ergonomique_Soya_img2.webp	/soya2/sourcing/img_mkt/derila_4.img
67	34	33	34	/soya2/sourcing/img_soya/v2_04_1-oreiller-soya-2_0_img5_a8a3199e-0071-4043-a899-f89baff5294	/soya2/sourcing/img_mkt/comfy_3.img
67	34	33	34	/soya2/sourcing/img_soya/v3_35_SOYA_3.0_Grey_1.jpg	/soya_prix/imgs/inphysio_0.img
67	34	33	35	/soya2/sourcing/img_soya/enf_15_KIDS_YELLOW_4.png	/soya2/sourcing/img_mkt/confal_2.img
67	34	33	35	/soya2/sourcing/img_soya/enf_15_KIDS_YELLOW_4.png	/soya_prix/imgs/confortalign_2.img
67	34	33	36	/soya2/sourcing/img_soya/v2_08_11_bf88b3df-377c-4ddb-b78a-cc7a164e7755.png	/soya2/sourcing/img_mkt/confal_3.img
67	34	33	37	/soya2/sourcing/img_soya/enf_19_KIDS_YELLOW_3.png	/soya_prix/imgs/zamatsle_0.img
67	34	33	37	/soya2/sourcing/img_soya/v2_01_1-oreiller-soya-2_0_img2_7d72b6af-35c7-4427-8f15-843f227d977	/soya2/sourcing/img_mkt/confal_0.img
67	34	33	37	/soya2/sourcing/img_soya/v2_01_1-oreiller-soya-2_0_img2_7d72b6af-35c7-4427-8f15-843f227d977	/soya_prix/imgs/confortalign_0.img
67	34	33	37	/soya2/sourcing/img_soya/voy_00_9-Oreiller-de-Voyage-Ergonomique-Soyacouverture_HD.webp	/soya2/sourcing/img_mkt/confal_2.img
67	34	33	37	/soya2/sourcing/img_soya/voy_00_9-Oreiller-de-Voyage-Ergonomique-Soyacouverture_HD.webp	/soya_prix/imgs/confortalign_2.img
67	34	33	38	/soya2/sourcing/img_soya/v2_00_1-oreiller-soya-2_0HD.webp	/soya_prix/imgs/zamatsle_2.img
67	34	33	39	/soya2/sourcing/img_soya/enf_09_KIDS_PINK_2.png	/soya2/sourcing/img_mkt/jty_knee_5.webp
67	34	33	39	/soya2/sourcing/img_soya/h3_15_7687678_1.png	/soya2/sourcing/img_mkt/mic_jty_5.webp
67	34	33	39	/soya2/sourcing/img_soya/v1_00_8-Oreiller_Soya_1.0_couverture_HD.webp	/soya2/sourcing/img_mkt/jty_p6036_6.webp
67	34	33	40	/soya2/sourcing/img_soya/enf_05_KIDSP1_3.jpg	/soya2/sourcing/img_mkt/comfy_1.img
67	34	33	40	/soya2/sourcing/img_soya/enf_05_KIDSP1_3.jpg	/soya_prix/imgs/comfysle_1.img
67	34	33	40	/soya2/sourcing/img_soya/enf_10_KIDS_PINK_1.png	/soya2/sourcing/img_mkt/confal_0.img
67	34	33	40	/soya2/sourcing/img_soya/enf_10_KIDS_PINK_1.png	/soya_prix/imgs/confortalign_0.img
67	34	33	40	/soya2/sourcing/img_soya/enf_19_KIDS_YELLOW_3.png	/soya2/sourcing/img_mkt/comfy_1.img
67	34	33	40	/soya2/sourcing/img_soya/enf_19_KIDS_YELLOW_3.png	/soya_prix/imgs/comfysle_1.img
67	34	33	40	/soya2/sourcing/img_soya/regl_00_14-Ensemble_Oreillers_Reglables_couverture_HD.webp	/soya2/sourcing/img_mkt/derila_4.img
67	34	33	40	/soya2/sourcing/img_soya/v1_02_8-Oreiller_Soya_1.0_img3.webp	/soya2/sourcing/img_mkt/jty_p6036_4.webp
67	34	33	41	/soya2/sourcing/img_soya/enf_12_KIDS_PINK_5.png	/soya2/sourcing/img_mkt/derila_1.img
67	34	33	41	/soya2/sourcing/img_soya/enf_12_KIDS_PINK_5.png	/soya2/sourcing/img_mkt/mic_jty_5.webp
67	34	33	41	/soya2/sourcing/img_soya/h3_15_7687678_1.png	/soya2/sourcing/img_mkt/derila_6.img
67	34	33	42	/soya/gallery/10.jpg	/soya2/sourcing/img_mkt/derila_1.img
67	34	33	43	/soya/gallery/11.jpg	/soya2/sourcing/img_mkt/jty_knee_3.webp
67	34	33	43	/soya/gallery/35.jpg	/soya2/sourcing/img_mkt/confal_5.img
67	34	33	43	/soya2/sourcing/img_soya/enf_18_KIDS_YELLOW_2.png	/soya2/sourcing/img_mkt/mic_jty_3.webp
67	34	33	43	/soya2/sourcing/img_soya/henf_05_KIDS_YELLOW_2.png	/soya2/sourcing/img_mkt/mic_jty_3.webp
67	34	33	43	/soya2/sourcing/img_soya/v3_35_SOYA_3.0_Grey_1.jpg	/soya2/sourcing/img_mkt/derila_2.img
67	34	33	44	/soya2/sourcing/img_soya/h3_04_14_feded688-a4ff-4333-8fba-e9a2e53c877a.png	/soya_prix/imgs/comfysle_2.img
67	34	33	44	/soya2/sourcing/img_soya/v3_34_Soya_3.0_Grey.png	/soya_prix/imgs/htconfort_1.img
67	34	33	45	/soya/gallery/15.jpg	/soya2/sourcing/img_mkt/derila_0.img
67	34	33	45	/soya/gallery/17.jpg	/soya2/sourcing/img_mkt/derila_6.img
67	34	33	45	/soya2/sourcing/img_soya/enf_07_KIDS_PINK_6.jpg	/soya2/sourcing/img_mkt/derila_6.img
67	34	33	47	/soya/gallery/01.jpg	/soya2/sourcing/img_mkt/comfy_2.img
67	34	33	47	/soya/gallery/12.jpg	/soya2/sourcing/img_mkt/comfy_2.img
67	34	33	47	/soya/gallery/24.jpg	/soya2/sourcing/img_mkt/comfy_2.img
67	34	33	47	/soya2/sourcing/img_soya/henf_00_KIDS_P_1_2.png	/soya2/sourcing/img_mkt/mic_jty_8.webp
67	34	33	47	/soya2/sourcing/img_soya/henf_01_KIDS_P_1_4.png	/soya2/sourcing/img_mkt/mic_jty_8.webp
67	34	33	49	/soya/gallery/02.jpg	/soya2/sourcing/img_mkt/comfy_6.img
67	34	33	49	/soya2/sourcing/img_soya/v2_00_1-oreiller-soya-2_0HD.webp	/soya_prix/imgs/comfysle_2.img
67	34	33	50	/soya2/sourcing/img_soya/enf_00_KIDSP2.jpg	/soya2/sourcing/img_mkt/mic_jty_8.webp
67	34	33	51	/soya2/sourcing/img_soya/h3_08_15_eb23f129-89f3-4ffc-be96-9e67ce1c745f.png	/soya2/sourcing/img_mkt/mic_jty_5.webp
67	36	31	15	/soya2/sourcing/img_soya/h3_13_Soya_3.0_Grey_2.png	/soya_prix/imgs/comfysle_2.img
67	36	31	15	/soya2/sourcing/img_soya/v3_28_Soya_3.0_Grey_2_47c0e3de-4c91-48dd-960e-4a36d6b20353.png	/soya_prix/imgs/comfysle_2.img
67	36	31	16	/soya2/sourcing/img_soya/h2_03_2-housse_Oreiller_de_Rechange_Soya_img5.webp	/soya2/sourcing/img_mkt/mic_jty_2.webp
67	36	31	20	/soya/gallery/03.jpg	/soya2/sourcing/img_mkt/jty_p6036_1.webp
67	36	31	20	/soya/gallery/14.jpg	/soya2/sourcing/img_mkt/jty_p6036_1.webp
67	36	31	20	/soya/gallery/27.jpg	/soya2/sourcing/img_mkt/jty_p6036_1.webp
67	36	31	21	/soya2/sourcing/img_soya/enf_03_KIDSP1_5.png	/soya_prix/imgs/htconfort_1.img
67	36	31	22	/soya2/sourcing/img_soya/v3_27_Firefly_Gemini_Flash_Generate_the_same_image_exactly_as_the_	/soya2/sourcing/img_mkt/jty_p6036_2.webp
67	36	31	29	/soya/gallery/08.jpg	/soya2/sourcing/img_mkt/confal_1.img
67	36	31	29	/soya/gallery/08.jpg	/soya_prix/imgs/confortalign_1.img
67	36	31	29	/soya/gallery/10.jpg	/soya2/sourcing/img_mkt/jty_p6036_4.webp
67	36	31	29	/soya/gallery/23.jpg	/soya2/sourcing/img_mkt/comfy_2.img
67	36	31	29	/soya/gallery/31.jpg	/soya2/sourcing/img_mkt/jty_p6036_2.webp
67	36	31	30	/soya/gallery/20.jpg	/soya2/sourcing/img_mkt/jty_p6036_3.webp
67	36	31	30	/soya2/sourcing/img_soya/regl_01_14-Ensemble_Oreillers_Reglables_img2.webp	/soya2/sourcing/img_mkt/mic_tnjk_10.webp
67	36	31	30	/soya2/sourcing/img_soya/regl_01_14-Ensemble_Oreillers_Reglables_img2.webp	/soya2/sourcing/img_mkt/mic_tnjk_6.webp
67	36	31	30	/soya2/sourcing/img_soya/regl_01_14-Ensemble_Oreillers_Reglables_img2.webp	/soya2/sourcing/img_mkt/mic_tnjk_9.webp
67	36	31	30	/soya2/sourcing/img_soya/voy_03_9-Oreiller-de-Voyage-Ergonomique-Soya_img4.webp	/soya2/sourcing/img_mkt/jty_p6036_3.webp
67	36	31	31	/soya/gallery/07.jpg	/soya2/sourcing/img_mkt/derila_6.img
67	36	31	31	/soya/gallery/08.jpg	/soya2/sourcing/img_mkt/jty_knee_3.webp
67	36	31	31	/soya/gallery/29.jpg	/soya2/sourcing/img_mkt/mic_jty_2.webp
67	36	31	31	/soya2/sourcing/img_soya/enf_16_KIDS_YELLOW_7.png	/soya_prix/imgs/comfysle_0.img
67	36	31	33	/soya/gallery/15.jpg	/soya2/sourcing/img_mkt/derila_4.img
67	36	31	33	/soya/gallery/35.jpg	/soya2/sourcing/img_mkt/jty_knee_5.webp
67	36	31	34	/soya/gallery/15.jpg	/soya_prix/imgs/somnilys_2.img
67	36	31	34	/soya/gallery/30.jpg	/soya_prix/imgs/inphysio_1.img
67	36	31	34	/soya2/sourcing/img_soya/enf_01_KIDSP1_4.jpg	/soya2/sourcing/img_mkt/confal_2.img
67	36	31	34	/soya2/sourcing/img_soya/enf_01_KIDSP1_4.jpg	/soya_prix/imgs/confortalign_2.img
67	36	31	34	/soya2/sourcing/img_soya/v2_01_1-oreiller-soya-2_0_img2_7d72b6af-35c7-4427-8f15-843f227d977	/soya2/sourcing/img_mkt/mic_jty_3.webp
67	36	31	35	/soya/gallery/36.jpg	/soya2/sourcing/img_mkt/derila_4.img
67	36	31	35	/soya/gallery/37.jpg	/soya2/sourcing/img_mkt/derila_4.img
67	36	31	36	/soya2/sourcing/img_soya/v3_00_18.png	/soya2/sourcing/img_mkt/confal_1.img
67	36	31	36	/soya2/sourcing/img_soya/v3_00_18.png	/soya_prix/imgs/confortalign_1.img
67	36	31	36	/soya2/sourcing/img_soya/v3_36_34.png	/soya2/sourcing/img_mkt/confal_1.img
67	36	31	36	/soya2/sourcing/img_soya/v3_36_34.png	/soya_prix/imgs/confortalign_1.img
67	36	31	36	/soya2/sourcing/img_soya/voy_01_9-Oreiller-de-Voyage-Ergonomique-Soya_img2.webp	/soya2/sourcing/img_mkt/comfy_6.img
67	36	31	37	/soya2/sourcing/img_soya/enf_02_KIDSP1_6.png	/soya_prix/imgs/somnilys_2.img
67	36	31	38	/soya2/sourcing/img_soya/enf_17_KIDS_YELLOW_1.png	/soya2/sourcing/img_mkt/comfy_5.img
67	36	31	39	/soya2/sourcing/img_soya/enf_03_KIDSP1_5.png	/soya2/sourcing/img_mkt/jty_knee_4.webp
67	36	31	39	/soya2/sourcing/img_soya/h2_02_2-housse_Oreiller_de_Rechange_Soya_img3.webp	/soya2/sourcing/img_mkt/mic_jty_3.webp
67	36	31	40	/soya/gallery/10.jpg	/soya2/sourcing/img_mkt/mic_tnjk_11.webp
67	36	31	40	/soya/gallery/10.jpg	/soya2/sourcing/img_mkt/mic_tnjk_4.webp
67	36	31	40	/soya/gallery/10.jpg	/soya2/sourcing/img_mkt/mic_tnjk_7.webp
67	36	31	40	/soya/gallery/35.jpg	/soya_prix/imgs/htconfort_1.img
67	36	31	40	/soya2/sourcing/img_soya/enf_19_KIDS_YELLOW_3.png	/soya2/sourcing/img_mkt/derila_1.img
67	36	31	40	/soya2/sourcing/img_soya/regl_01_14-Ensemble_Oreillers_Reglables_img2.webp	/soya_prix/imgs/somnilys_1.img
67	36	31	41	/soya/gallery/39.jpg	/soya2/sourcing/img_mkt/derila_6.img
67	36	31	41	/soya2/sourcing/img_soya/enf_20_KIDS_YELLOW_5.png	/soya_prix/imgs/zamatsle_2.img
67	36	31	41	/soya2/sourcing/img_soya/v2_04_1-oreiller-soya-2_0_img5_a8a3199e-0071-4043-a899-f89baff5294	/soya2/sourcing/img_mkt/derila_6.img
67	36	31	43	/soya/gallery/25.jpg	/soya2/sourcing/img_mkt/jty_knee_3.webp
67	36	31	43	/soya2/sourcing/img_soya/voy_00_9-Oreiller-de-Voyage-Ergonomique-Soyacouverture_HD.webp	/soya_prix/imgs/inphysio_2.img
67	36	31	44	/soya2/sourcing/img_soya/enf_14_KIDS_YELLOW_6.jpg	/soya_prix/imgs/htconfort_2.img
67	36	31	45	/soya2/sourcing/img_soya/enf_04_KIDSP1_1.png	/soya2/sourcing/img_mkt/mic_jty_2.webp
67	36	31	45	/soya2/sourcing/img_soya/henf_03_KIDSP1_1.png	/soya2/sourcing/img_mkt/mic_jty_2.webp
67	36	31	47	/soya2/sourcing/img_soya/v3_31_Firefly_Gemini_Flash_Generate_the_same_image_exactly_as_the_	/soya2/sourcing/img_mkt/comfy_2.img
67	36	31	50	/soya/gallery/36.jpg	/soya2/sourcing/img_mkt/confal_0.img
67	36	31	50	/soya/gallery/36.jpg	/soya_prix/imgs/confortalign_0.img
67	36	31	50	/soya/gallery/37.jpg	/soya2/sourcing/img_mkt/confal_0.img
67	36	31	50	/soya/gallery/37.jpg	/soya_prix/imgs/confortalign_0.img
67	36	31	51	/soya2/sourcing/img_soya/lomb_04_3_9225ca02-f60c-47d3-b26c-49df6ebba454.png	/soya2/sourcing/img_mkt/jty_p6036_6.webp
67	36	31	53	/soya2/sourcing/img_soya/v1_02_8-Oreiller_Soya_1.0_img3.webp	/soya_prix/imgs/zamatsle_2.img
67	38	29	24	/soya/gallery/33.jpg	/soya2/sourcing/img_mkt/mic_tnjk_11.webp
67	38	29	24	/soya/gallery/33.jpg	/soya2/sourcing/img_mkt/mic_tnjk_4.webp
67	38	29	24	/soya/gallery/33.jpg	/soya2/sourcing/img_mkt/mic_tnjk_7.webp
67	38	29	24	/soya2/sourcing/img_soya/v1_01_8-Oreiller_Soya_1.0_img2.webp	/soya_prix/imgs/inphysio_0.img
67	38	29	25	/soya/gallery/06.jpg	/soya2/sourcing/img_mkt/comfy_0.img
67	38	29	25	/soya/gallery/06.jpg	/soya_prix/imgs/comfysle_0.img
67	38	29	25	/soya/gallery/18.jpg	/soya2/sourcing/img_mkt/comfy_0.img
67	38	29	25	/soya/gallery/18.jpg	/soya_prix/imgs/comfysle_0.img
67	38	29	25	/soya/gallery/22.jpg	/soya2/sourcing/img_mkt/comfy_0.img
67	38	29	25	/soya/gallery/22.jpg	/soya_prix/imgs/comfysle_0.img
67	38	29	25	/soya/gallery/28.jpg	/soya2/sourcing/img_mkt/comfy_0.img
67	38	29	25	/soya/gallery/28.jpg	/soya_prix/imgs/comfysle_0.img
67	38	29	30	/soya/gallery/10.jpg	/soya2/sourcing/img_mkt/derila_6.img
67	38	29	30	/soya/gallery/21.jpg	/soya2/sourcing/img_mkt/comfy_2.img
67	38	29	32	/soya2/sourcing/img_soya/v3_32_Soya_3.0_Grey_1.png	/soya2/sourcing/img_mkt/mic_tnjk_10.webp
67	38	29	32	/soya2/sourcing/img_soya/v3_32_Soya_3.0_Grey_1.png	/soya2/sourcing/img_mkt/mic_tnjk_6.webp
67	38	29	32	/soya2/sourcing/img_soya/v3_32_Soya_3.0_Grey_1.png	/soya2/sourcing/img_mkt/mic_tnjk_9.webp
67	38	29	33	/soya2/sourcing/img_soya/v2_06_1-oreiller-soya-2_0_img6_9601dd3b-66d6-4311-b41e-5fd7712bdc1	/soya2/sourcing/img_mkt/mic_tnjk_10.webp
67	38	29	33	/soya2/sourcing/img_soya/v2_06_1-oreiller-soya-2_0_img6_9601dd3b-66d6-4311-b41e-5fd7712bdc1	/soya2/sourcing/img_mkt/mic_tnjk_6.webp
67	38	29	33	/soya2/sourcing/img_soya/v2_06_1-oreiller-soya-2_0_img6_9601dd3b-66d6-4311-b41e-5fd7712bdc1	/soya2/sourcing/img_mkt/mic_tnjk_9.webp
67	38	29	34	/soya/gallery/05.jpg	/soya2/sourcing/img_mkt/mic_tnjk_10.webp
67	38	29	34	/soya/gallery/05.jpg	/soya2/sourcing/img_mkt/mic_tnjk_6.webp
67	38	29	34	/soya/gallery/05.jpg	/soya2/sourcing/img_mkt/mic_tnjk_9.webp
67	38	29	34	/soya/gallery/09.jpg	/soya2/sourcing/img_mkt/comfy_2.img
67	38	29	36	/soya/gallery/32.jpg	/soya2/sourcing/img_mkt/derila_1.img
67	38	29	37	/soya2/sourcing/img_soya/v3_35_SOYA_3.0_Grey_1.jpg	/soya2/sourcing/img_mkt/jty_knee_4.webp
67	38	29	38	/soya/gallery/20.jpg	/soya_prix/imgs/somnilys_2.img
67	38	29	38	/soya/gallery/32.jpg	/soya_prix/imgs/zamatsle_2.img
67	38	29	39	/soya2/sourcing/img_soya/v3_30_IMG_9178.png	/soya2/sourcing/img_mkt/derila_2.img
67	38	29	39	/soya2/sourcing/img_soya/v3_42_41.1.png	/soya2/sourcing/img_mkt/derila_2.img
67	38	29	43	/soya/gallery/01.jpg	/soya2/sourcing/img_mkt/confal_4.img
67	38	29	43	/soya/gallery/12.jpg	/soya2/sourcing/img_mkt/confal_4.img
67	38	29	43	/soya/gallery/24.jpg	/soya2/sourcing/img_mkt/confal_4.img
67	38	29	43	/soya/gallery/26.jpg	/soya_prix/imgs/zamatsle_3.img
67	38	29	44	/soya/gallery/31.jpg	/soya2/sourcing/img_mkt/jty_p6036_4.webp
67	38	29	46	/soya/gallery/34.jpg	/soya2/sourcing/img_mkt/confal_5.img
67	38	29	51	/soya2/sourcing/img_soya/enf_05_KIDSP1_3.jpg	/soya_prix/imgs/comfysle_2.img
67	38	29	51	/soya2/sourcing/img_soya/enf_19_KIDS_YELLOW_3.png	/soya_prix/imgs/comfysle_2.img
67	38	29	52	/soya2/sourcing/img_soya/v2_05_Oreiller_position_4.png	/soya2/sourcing/img_mkt/comfy_2.img
67	40	27	31	/soya/gallery/02.jpg	/soya2/sourcing/img_mkt/mic_tnjk_10.webp
67	40	27	31	/soya/gallery/02.jpg	/soya2/sourcing/img_mkt/mic_tnjk_6.webp
67	40	27	31	/soya/gallery/02.jpg	/soya2/sourcing/img_mkt/mic_tnjk_9.webp
67	40	27	44	/soya2/sourcing/img_soya/enf_13_KIDS_PINK_3.png	/soya2/sourcing/img_mkt/derila_0.img
68	26	42	28	/soya2/sourcing/img_soya/henf_00_KIDS_P_1_2.png	/soya_prix/imgs/inphysio_1.img
68	26	42	28	/soya2/sourcing/img_soya/henf_01_KIDS_P_1_4.png	/soya_prix/imgs/inphysio_1.img
68	26	42	36	/soya/gallery/09.jpg	/soya2/sourcing/img_mkt/comfy_7.img
68	26	42	36	/soya/gallery/21.jpg	/soya2/sourcing/img_mkt/comfy_7.img
68	26	42	42	/soya/gallery/03.jpg	/soya_prix/imgs/htconfort_1.img
68	26	42	42	/soya/gallery/14.jpg	/soya_prix/imgs/htconfort_1.img
68	26	42	42	/soya/gallery/27.jpg	/soya_prix/imgs/htconfort_1.img
68	28	40	17	/soya2/sourcing/img_soya/enf_18_KIDS_YELLOW_2.png	/soya2/sourcing/img_mkt/confal_4.img
68	28	40	17	/soya2/sourcing/img_soya/henf_05_KIDS_YELLOW_2.png	/soya2/sourcing/img_mkt/confal_4.img
68	28	40	19	/soya/gallery/13.jpg	/soya_prix/imgs/somnilys_2.img
68	28	40	22	/soya/gallery/10.jpg	/soya2/sourcing/img_mkt/confal_2.img
68	28	40	22	/soya/gallery/10.jpg	/soya_prix/imgs/confortalign_2.img
68	28	40	27	/soya2/sourcing/img_soya/v3_30_IMG_9178.png	/soya2/sourcing/img_mkt/jty_p6036_2.webp
68	28	40	28	/soya2/sourcing/img_soya/v2_08_11_bf88b3df-377c-4ddb-b78a-cc7a164e7755.png	/soya_prix/imgs/htconfort_2.img
68	28	40	30	/soya2/sourcing/img_soya/enf_07_KIDS_PINK_6.jpg	/soya2/sourcing/img_mkt/jty_knee_5.webp
68	28	40	32	/soya/gallery/15.jpg	/soya2/sourcing/img_mkt/jty_knee_6.webp
68	28	40	33	/soya/gallery/21.jpg	/soya2/sourcing/img_mkt/jty_p6036_2.webp
68	28	40	35	/soya/gallery/09.jpg	/soya2/sourcing/img_mkt/jty_p6036_2.webp
68	28	40	36	/soya/gallery/11.jpg	/soya2/sourcing/img_mkt/derila_3.img
68	28	40	39	/soya2/sourcing/img_soya/v2_07_1-oreiller-soya-2_0_img7_43909438-1603-4e59-add4-f987f4acd78	/soya2/sourcing/img_mkt/derila_5.img
68	30	38	17	/soya/gallery/02.jpg	/soya2/sourcing/img_mkt/mic_jty_3.webp
68	30	38	18	/soya/gallery/10.jpg	/soya2/sourcing/img_mkt/jty_knee_1.webp
68	30	38	21	/soya/gallery/11.jpg	/soya2/sourcing/img_mkt/jty_p6036_5.webp
68	30	38	22	/soya2/sourcing/img_soya/lomb_02_4-Coussin_Lombaire_Ergonomique_Soya_img3.webp	/soya2/sourcing/img_mkt/jty_p6036_5.webp
68	30	38	22	/soya2/sourcing/img_soya/v3_31_Firefly_Gemini_Flash_Generate_the_same_image_exactly_as_the_	/soya2/sourcing/img_mkt/jty_p6036_5.webp
68	30	38	23	/soya/gallery/11.jpg	/soya2/sourcing/img_mkt/mic_tnjk_11.webp
68	30	38	23	/soya/gallery/11.jpg	/soya2/sourcing/img_mkt/mic_tnjk_4.webp
68	30	38	23	/soya/gallery/11.jpg	/soya2/sourcing/img_mkt/mic_tnjk_7.webp
68	30	38	23	/soya2/sourcing/img_soya/h2_03_2-housse_Oreiller_de_Rechange_Soya_img5.webp	/soya2/sourcing/img_mkt/confal_1.img
68	30	38	23	/soya2/sourcing/img_soya/h2_03_2-housse_Oreiller_de_Rechange_Soya_img5.webp	/soya_prix/imgs/confortalign_1.img
68	30	38	23	/soya2/sourcing/img_soya/v3_42_41.1.png	/soya2/sourcing/img_mkt/mic_tnjk_11.webp
68	30	38	23	/soya2/sourcing/img_soya/v3_42_41.1.png	/soya2/sourcing/img_mkt/mic_tnjk_4.webp
68	30	38	23	/soya2/sourcing/img_soya/v3_42_41.1.png	/soya2/sourcing/img_mkt/mic_tnjk_7.webp
68	30	38	26	/soya2/sourcing/img_soya/henf_02_KIDS_P_1_3.png	/soya_prix/imgs/somnilys_1.img
68	30	38	28	/soya/gallery/08.jpg	/soya_prix/imgs/comfysle_2.img
68	30	38	28	/soya2/sourcing/img_soya/v1_01_8-Oreiller_Soya_1.0_img2.webp	/soya2/sourcing/img_mkt/comfy_7.img
68	30	38	29	/soya2/sourcing/img_soya/enf_01_KIDSP1_4.jpg	/soya2/sourcing/img_mkt/comfy_7.img
68	30	38	29	/soya2/sourcing/img_soya/enf_03_KIDSP1_5.png	/soya2/sourcing/img_mkt/mic_jty_1.webp
68	30	38	29	/soya2/sourcing/img_soya/h2_01_2-housse_Oreiller_de_Rechange_Soya_img4.webp	/soya2/sourcing/img_mkt/mic_jty_12.webp
68	30	38	29	/soya2/sourcing/img_soya/h2_03_2-housse_Oreiller_de_Rechange_Soya_img5.webp	/soya2/sourcing/img_mkt/jty_knee_1.webp
68	30	38	29	/soya2/sourcing/img_soya/v2_03_1-oreiller-soya-2_0_img4_39d31902-82e0-42b3-a8cb-6b71e2ebfe7	/soya2/sourcing/img_mkt/mic_jty_12.webp
68	30	38	30	/soya/gallery/15.jpg	/soya_prix/imgs/inphysio_1.img
68	30	38	30	/soya2/sourcing/img_soya/v2_04_1-oreiller-soya-2_0_img5_a8a3199e-0071-4043-a899-f89baff5294	/soya_prix/imgs/somnilys_0.img
68	30	38	30	/soya2/sourcing/img_soya/v3_42_41.1.png	/soya2/sourcing/img_mkt/jty_knee_2.webp
68	30	38	30	/soya2/sourcing/img_soya/voy_02_9-Oreiller-de-Voyage-Ergonomique-Soya_img3.webp	/soya2/sourcing/img_mkt/jty_p6036_2.webp
68	30	38	32	/soya/gallery/15.jpg	/soya2/sourcing/img_mkt/jty_knee_1.webp
68	30	38	32	/soya2/sourcing/img_soya/v2_00_1-oreiller-soya-2_0HD.webp	/soya2/sourcing/img_mkt/confal_3.img
68	30	38	33	/soya/gallery/02.jpg	/soya2/sourcing/img_mkt/derila_3.img
68	30	38	33	/soya2/sourcing/img_soya/h2_02_2-housse_Oreiller_de_Rechange_Soya_img3.webp	/soya2/sourcing/img_mkt/comfy_6.img
68	30	38	33	/soya2/sourcing/img_soya/v2_06_1-oreiller-soya-2_0_img6_9601dd3b-66d6-4311-b41e-5fd7712bdc1	/soya2/sourcing/img_mkt/comfy_3.img
68	30	38	34	/soya/gallery/15.jpg	/soya2/sourcing/img_mkt/jty_knee_3.webp
68	30	38	34	/soya2/sourcing/img_soya/enf_10_KIDS_PINK_1.png	/soya2/sourcing/img_mkt/mic_jty_12.webp
68	30	38	35	/soya/gallery/17.jpg	/soya2/sourcing/img_mkt/confal_1.img
68	30	38	35	/soya/gallery/17.jpg	/soya_prix/imgs/confortalign_1.img
68	30	38	35	/soya/gallery/32.jpg	/soya_prix/imgs/somnilys_1.img
68	30	38	35	/soya/gallery/33.jpg	/soya2/sourcing/img_mkt/mic_tnjk_10.webp
68	30	38	35	/soya/gallery/33.jpg	/soya2/sourcing/img_mkt/mic_tnjk_6.webp
68	30	38	35	/soya/gallery/33.jpg	/soya2/sourcing/img_mkt/mic_tnjk_9.webp
68	30	38	35	/soya/gallery/39.jpg	/soya2/sourcing/img_mkt/jty_knee_1.webp
68	30	38	35	/soya2/sourcing/img_soya/lomb_00_4-Coussin_Lombaire_Ergonomique_Soya_couverture_HD.webp	/soya2/sourcing/img_mkt/derila_3.img
68	30	38	36	/soya/gallery/13.jpg	/soya2/sourcing/img_mkt/derila_3.img
68	30	38	36	/soya/gallery/25.jpg	/soya2/sourcing/img_mkt/derila_3.img
68	30	38	36	/soya2/sourcing/img_soya/v2_08_11_bf88b3df-377c-4ddb-b78a-cc7a164e7755.png	/soya2/sourcing/img_mkt/confal_0.img
68	30	38	36	/soya2/sourcing/img_soya/v2_08_11_bf88b3df-377c-4ddb-b78a-cc7a164e7755.png	/soya_prix/imgs/confortalign_0.img
68	30	38	36	/soya2/sourcing/img_soya/v3_31_Firefly_Gemini_Flash_Generate_the_same_image_exactly_as_the_	/soya2/sourcing/img_mkt/comfy_1.img
68	30	38	36	/soya2/sourcing/img_soya/v3_31_Firefly_Gemini_Flash_Generate_the_same_image_exactly_as_the_	/soya_prix/imgs/comfysle_1.img
68	30	38	41	/soya2/sourcing/img_soya/enf_12_KIDS_PINK_5.png	/soya2/sourcing/img_mkt/jty_knee_3.webp
68	30	38	43	/soya/gallery/05.jpg	/soya2/sourcing/img_mkt/jty_p6036_6.webp
68	30	38	44	/soya2/sourcing/img_soya/h3_00_13_c9363db8-d780-4903-9a97-df55d0478686.png	/soya2/sourcing/img_mkt/mic_jty_5.webp
68	30	38	44	/soya2/sourcing/img_soya/v2_00_1-oreiller-soya-2_0HD.webp	/soya_prix/imgs/htconfort_1.img
68	30	38	50	/soya2/sourcing/img_soya/v3_30_IMG_9178.png	/soya2/sourcing/img_mkt/mic_jty_8.webp
68	32	36	11	/soya/gallery/29.jpg	/soya2/sourcing/img_mkt/confal_5.img
68	32	36	18	/soya2/sourcing/img_soya/enf_03_KIDSP1_5.png	/soya_prix/imgs/comfysle_2.img
68	32	36	22	/soya/gallery/01.jpg	/soya2/sourcing/img_mkt/jty_p6036_5.webp
68	32	36	22	/soya/gallery/12.jpg	/soya2/sourcing/img_mkt/jty_p6036_5.webp
68	32	36	22	/soya/gallery/24.jpg	/soya2/sourcing/img_mkt/jty_p6036_5.webp
68	32	36	22	/soya2/sourcing/img_soya/h3_14_7687678_2.png	/soya_prix/imgs/comfysle_2.img
68	32	36	22	/soya2/sourcing/img_soya/v3_29_7687678_2_0409bb9a-6b40-434d-807f-98da5554945a.png	/soya_prix/imgs/comfysle_2.img
68	32	36	25	/soya2/sourcing/img_soya/regl_01_14-Ensemble_Oreillers_Reglables_img2.webp	/soya2/sourcing/img_mkt/mic_jty_1.webp
68	32	36	26	/soya/gallery/19.jpg	/soya2/sourcing/img_mkt/confal_1.img
68	32	36	26	/soya/gallery/19.jpg	/soya_prix/imgs/confortalign_1.img
68	32	36	26	/soya2/sourcing/img_soya/enf_03_KIDSP1_5.png	/soya2/sourcing/img_mkt/mic_jty_8.webp
68	32	36	26	/soya2/sourcing/img_soya/h2_02_2-housse_Oreiller_de_Rechange_Soya_img3.webp	/soya_prix/imgs/inphysio_2.img
68	32	36	27	/soya2/sourcing/img_soya/h2_00_2-housse_Oreiller_de_Rechange_Soya_HD.webp	/soya2/sourcing/img_mkt/jty_p6036_3.webp
68	32	36	27	/soya2/sourcing/img_soya/h2_01_2-housse_Oreiller_de_Rechange_Soya_img4.webp	/soya2/sourcing/img_mkt/jty_knee_3.webp
68	32	36	27	/soya2/sourcing/img_soya/regl_01_14-Ensemble_Oreillers_Reglables_img2.webp	/soya2/sourcing/img_mkt/derila_6.img
68	32	36	27	/soya2/sourcing/img_soya/v1_04_8-Oreiller_Soya_1.0_img5.webp	/soya_prix/imgs/comfysle_2.img
68	32	36	27	/soya2/sourcing/img_soya/v2_03_1-oreiller-soya-2_0_img4_39d31902-82e0-42b3-a8cb-6b71e2ebfe7	/soya2/sourcing/img_mkt/jty_knee_3.webp
68	32	36	28	/soya/gallery/20.jpg	/soya2/sourcing/img_mkt/mic_jty_12.webp
68	32	36	28	/soya/gallery/36.jpg	/soya2/sourcing/img_mkt/jty_knee_4.webp
68	32	36	28	/soya/gallery/37.jpg	/soya2/sourcing/img_mkt/jty_knee_4.webp
68	32	36	28	/soya2/sourcing/img_soya/h3_13_Soya_3.0_Grey_2.png	/soya2/sourcing/img_mkt/jty_knee_4.webp
68	32	36	28	/soya2/sourcing/img_soya/v2_08_11_bf88b3df-377c-4ddb-b78a-cc7a164e7755.png	/soya2/sourcing/img_mkt/mic_jty_1.webp
68	32	36	28	/soya2/sourcing/img_soya/v3_28_Soya_3.0_Grey_2_47c0e3de-4c91-48dd-960e-4a36d6b20353.png	/soya2/sourcing/img_mkt/jty_knee_4.webp
68	32	36	29	/soya2/sourcing/img_soya/h2_00_2-housse_Oreiller_de_Rechange_Soya_HD.webp	/soya_prix/imgs/somnilys_2.img
68	32	36	29	/soya2/sourcing/img_soya/h3_00_13_c9363db8-d780-4903-9a97-df55d0478686.png	/soya2/sourcing/img_mkt/derila_3.img
68	32	36	29	/soya2/sourcing/img_soya/h3_12_7687678_3.png	/soya2/sourcing/img_mkt/derila_3.img
68	32	36	30	/soya/gallery/29.jpg	/soya2/sourcing/img_mkt/mic_jty_12.webp
68	32	36	30	/soya2/sourcing/img_soya/v2_02_1-oreiller-soya-2_0_img3_5f834f33-5e47-49e1-a6a1-34e17f3341b	/soya2/sourcing/img_mkt/mic_tnjk_11.webp
68	32	36	30	/soya2/sourcing/img_soya/v2_02_1-oreiller-soya-2_0_img3_5f834f33-5e47-49e1-a6a1-34e17f3341b	/soya2/sourcing/img_mkt/mic_tnjk_4.webp
68	32	36	30	/soya2/sourcing/img_soya/v2_02_1-oreiller-soya-2_0_img3_5f834f33-5e47-49e1-a6a1-34e17f3341b	/soya2/sourcing/img_mkt/mic_tnjk_7.webp
68	32	36	30	/soya2/sourcing/img_soya/v3_34_Soya_3.0_Grey.png	/soya2/sourcing/img_mkt/jty_p6036_2.webp
68	32	36	31	/soya/gallery/20.jpg	/soya2/sourcing/img_mkt/derila_5.img
68	32	36	31	/soya2/sourcing/img_soya/enf_12_KIDS_PINK_5.png	/soya2/sourcing/img_mkt/jty_knee_4.webp
68	32	36	31	/soya2/sourcing/img_soya/h3_13_Soya_3.0_Grey_2.png	/soya2/sourcing/img_mkt/mic_tnjk_10.webp
68	32	36	31	/soya2/sourcing/img_soya/h3_13_Soya_3.0_Grey_2.png	/soya2/sourcing/img_mkt/mic_tnjk_6.webp
68	32	36	31	/soya2/sourcing/img_soya/h3_13_Soya_3.0_Grey_2.png	/soya2/sourcing/img_mkt/mic_tnjk_9.webp
68	32	36	31	/soya2/sourcing/img_soya/v3_28_Soya_3.0_Grey_2_47c0e3de-4c91-48dd-960e-4a36d6b20353.png	/soya2/sourcing/img_mkt/mic_tnjk_10.webp
68	32	36	31	/soya2/sourcing/img_soya/v3_28_Soya_3.0_Grey_2_47c0e3de-4c91-48dd-960e-4a36d6b20353.png	/soya2/sourcing/img_mkt/mic_tnjk_6.webp
68	32	36	31	/soya2/sourcing/img_soya/v3_28_Soya_3.0_Grey_2_47c0e3de-4c91-48dd-960e-4a36d6b20353.png	/soya2/sourcing/img_mkt/mic_tnjk_9.webp
68	32	36	32	/soya/gallery/07.jpg	/soya2/sourcing/img_mkt/comfy_4.img
68	32	36	32	/soya/gallery/23.jpg	/soya2/sourcing/img_mkt/jty_p6036_1.webp
68	32	36	32	/soya/gallery/38.jpg	/soya2/sourcing/img_mkt/mic_jty_1.webp
68	32	36	32	/soya2/sourcing/img_soya/enf_19_KIDS_YELLOW_3.png	/soya2/sourcing/img_mkt/jty_knee_4.webp
68	32	36	33	/soya2/sourcing/img_soya/h3_14_7687678_2.png	/soya2/sourcing/img_mkt/mic_jty_1.webp
68	32	36	33	/soya2/sourcing/img_soya/v1_03_8-Oreiller_Soya_1.0_img4.webp	/soya2/sourcing/img_mkt/derila_6.img
68	32	36	33	/soya2/sourcing/img_soya/v3_29_7687678_2_0409bb9a-6b40-434d-807f-98da5554945a.png	/soya2/sourcing/img_mkt/mic_jty_1.webp
68	32	36	34	/soya2/sourcing/img_soya/enf_00_KIDSP2.jpg	/soya2/sourcing/img_mkt/confal_4.img
68	32	36	34	/soya2/sourcing/img_soya/v3_33_Soya_3.0_Grey_4.png	/soya_prix/imgs/comfysle_3.img
68	32	36	35	/soya/gallery/06.jpg	/soya2/sourcing/img_mkt/derila_6.img
68	32	36	35	/soya/gallery/18.jpg	/soya2/sourcing/img_mkt/derila_6.img
68	32	36	35	/soya/gallery/22.jpg	/soya2/sourcing/img_mkt/derila_6.img
68	32	36	35	/soya/gallery/28.jpg	/soya2/sourcing/img_mkt/derila_6.img
68	32	36	36	/soya/gallery/25.jpg	/soya2/sourcing/img_mkt/derila_0.img
68	32	36	36	/soya2/sourcing/img_soya/h3_13_Soya_3.0_Grey_2.png	/soya2/sourcing/img_mkt/jty_knee_1.webp
68	32	36	36	/soya2/sourcing/img_soya/v3_28_Soya_3.0_Grey_2_47c0e3de-4c91-48dd-960e-4a36d6b20353.png	/soya2/sourcing/img_mkt/jty_knee_1.webp
68	32	36	37	/soya2/sourcing/img_soya/v2_06_1-oreiller-soya-2_0_img6_9601dd3b-66d6-4311-b41e-5fd7712bdc1	/soya2/sourcing/img_mkt/jty_knee_2.webp
68	32	36	38	/soya/gallery/35.jpg	/soya2/sourcing/img_mkt/jty_p6036_6.webp
68	32	36	39	/soya/gallery/26.jpg	/soya2/sourcing/img_mkt/comfy_3.img
68	32	36	39	/soya2/sourcing/img_soya/lomb_01_4-Coussin_Lombaire_Ergonomique_Soya_img2.webp	/soya2/sourcing/img_mkt/comfy_5.img
68	32	36	39	/soya2/sourcing/img_soya/v2_08_11_bf88b3df-377c-4ddb-b78a-cc7a164e7755.png	/soya2/sourcing/img_mkt/mic_jty_3.webp
68	32	36	39	/soya2/sourcing/img_soya/v3_00_18.png	/soya_prix/imgs/zamatsle_1.img
68	32	36	39	/soya2/sourcing/img_soya/v3_34_Soya_3.0_Grey.png	/soya_prix/imgs/htconfort_0.img
68	32	36	39	/soya2/sourcing/img_soya/v3_36_34.png	/soya_prix/imgs/zamatsle_1.img
68	32	36	40	/soya2/sourcing/img_soya/enf_19_KIDS_YELLOW_3.png	/soya_prix/imgs/inphysio_2.img
68	32	36	40	/soya2/sourcing/img_soya/h2_00_2-housse_Oreiller_de_Rechange_Soya_HD.webp	/soya_prix/imgs/htconfort_0.img
68	32	36	40	/soya2/sourcing/img_soya/voy_01_9-Oreiller-de-Voyage-Ergonomique-Soya_img2.webp	/soya2/sourcing/img_mkt/derila_0.img
68	32	36	41	/soya2/sourcing/img_soya/enf_02_KIDSP1_6.png	/soya2/sourcing/img_mkt/confal_2.img
68	32	36	41	/soya2/sourcing/img_soya/enf_02_KIDSP1_6.png	/soya_prix/imgs/confortalign_2.img
68	32	36	41	/soya2/sourcing/img_soya/enf_12_KIDS_PINK_5.png	/soya_prix/imgs/inphysio_2.img
68	32	36	41	/soya2/sourcing/img_soya/v3_00_18.png	/soya2/sourcing/img_mkt/derila_0.img
68	32	36	41	/soya2/sourcing/img_soya/v3_00_18.png	/soya_prix/imgs/zamatsle_0.img
68	32	36	41	/soya2/sourcing/img_soya/v3_36_34.png	/soya2/sourcing/img_mkt/derila_0.img
68	32	36	41	/soya2/sourcing/img_soya/v3_36_34.png	/soya_prix/imgs/zamatsle_0.img
68	32	36	43	/soya2/sourcing/img_soya/v3_27_Firefly_Gemini_Flash_Generate_the_same_image_exactly_as_the_	/soya_prix/imgs/somnilys_1.img
68	32	36	43	/soya2/sourcing/img_soya/v3_30_IMG_9178.png	/soya2/sourcing/img_mkt/mic_jty_5.webp
68	32	36	44	/soya2/sourcing/img_soya/lomb_03_4_dc2e6161-802a-4c42-a1d6-b9a0a02ce466.png	/soya_prix/imgs/htconfort_2.img
68	32	36	46	/soya/gallery/35.jpg	/soya_prix/imgs/htconfort_2.img
68	32	36	47	/soya/gallery/19.jpg	/soya2/sourcing/img_mkt/jty_knee_5.webp
68	32	36	47	/soya2/sourcing/img_soya/henf_02_KIDS_P_1_3.png	/soya_prix/imgs/inphysio_2.img
68	32	36	48	/soya2/sourcing/img_soya/v3_12_2_782a3829-4b96-451b-93e4-630d8f06e705.png	/soya2/sourcing/img_mkt/jty_knee_3.webp
68	32	36	49	/soya/gallery/11.jpg	/soya_prix/imgs/htconfort_2.img
68	32	36	51	/soya2/sourcing/img_soya/v3_00_18.png	/soya_prix/imgs/comfysle_2.img
68	32	36	51	/soya2/sourcing/img_soya/v3_36_34.png	/soya_prix/imgs/comfysle_2.img
68	34	34	18	/soya2/sourcing/img_soya/enf_03_KIDSP1_5.png	/soya_prix/imgs/htconfort_0.img
68	34	34	18	/soya2/sourcing/img_soya/lomb_02_4-Coussin_Lombaire_Ergonomique_Soya_img3.webp	/soya2/sourcing/img_mkt/jty_p6036_3.webp
68	34	34	19	/soya/gallery/31.jpg	/soya_prix/imgs/inphysio_1.img
68	34	34	19	/soya2/sourcing/img_soya/voy_02_9-Oreiller-de-Voyage-Ergonomique-Soya_img3.webp	/soya_prix/imgs/zamatsle_0.img
68	34	34	20	/soya2/sourcing/img_soya/enf_06_KIDSP1_1.jpg	/soya2/sourcing/img_mkt/jty_p6036_3.webp
68	34	34	21	/soya2/sourcing/img_soya/enf_07_KIDS_PINK_6.jpg	/soya2/sourcing/img_mkt/jty_knee_1.webp
68	34	34	21	/soya2/sourcing/img_soya/enf_17_KIDS_YELLOW_1.png	/soya_prix/imgs/htconfort_0.img
68	34	34	21	/soya2/sourcing/img_soya/v1_01_8-Oreiller_Soya_1.0_img2.webp	/soya2/sourcing/img_mkt/derila_1.img
68	34	34	22	/soya/gallery/07.jpg	/soya_prix/imgs/inphysio_0.img
68	34	34	22	/soya2/sourcing/img_soya/lomb_02_4-Coussin_Lombaire_Ergonomique_Soya_img3.webp	/soya2/sourcing/img_mkt/mic_tnjk_11.webp
68	34	34	22	/soya2/sourcing/img_soya/lomb_02_4-Coussin_Lombaire_Ergonomique_Soya_img3.webp	/soya2/sourcing/img_mkt/mic_tnjk_4.webp
68	34	34	22	/soya2/sourcing/img_soya/lomb_02_4-Coussin_Lombaire_Ergonomique_Soya_img3.webp	/soya2/sourcing/img_mkt/mic_tnjk_7.webp
68	34	34	23	/soya2/sourcing/img_soya/enf_00_KIDSP2.jpg	/soya2/sourcing/img_mkt/jty_knee_1.webp
68	34	34	24	/soya2/sourcing/img_soya/voy_03_9-Oreiller-de-Voyage-Ergonomique-Soya_img4.webp	/soya2/sourcing/img_mkt/confal_3.img
68	34	34	24	/soya2/sourcing/img_soya/voy_04_9-Oreiller-de-Voyage-Ergonomique-Soya_img5.webp	/soya2/sourcing/img_mkt/mic_jty_5.webp
68	34	34	24	/soya2/sourcing/img_soya/voy_05_9-Oreiller-de-Voyage-Ergonomique-Soya_img6.webp	/soya2/sourcing/img_mkt/mic_jty_5.webp
68	34	34	24	/soya2/sourcing/img_soya/voy_06_9-Oreiller-de-Voyage-Ergonomique-Soya_img7.webp	/soya2/sourcing/img_mkt/mic_jty_5.webp
68	34	34	26	/soya2/sourcing/img_soya/enf_06_KIDSP1_1.jpg	/soya2/sourcing/img_mkt/confal_0.img
68	34	34	26	/soya2/sourcing/img_soya/enf_06_KIDSP1_1.jpg	/soya_prix/imgs/confortalign_0.img
68	34	34	26	/soya2/sourcing/img_soya/v2_08_11_bf88b3df-377c-4ddb-b78a-cc7a164e7755.png	/soya2/sourcing/img_mkt/comfy_1.img
68	34	34	26	/soya2/sourcing/img_soya/v2_08_11_bf88b3df-377c-4ddb-b78a-cc7a164e7755.png	/soya_prix/imgs/comfysle_1.img
68	34	34	26	/soya2/sourcing/img_soya/v2_08_11_bf88b3df-377c-4ddb-b78a-cc7a164e7755.png	/soya_prix/imgs/somnilys_2.img
68	34	34	27	/soya/gallery/34.jpg	/soya2/sourcing/img_mkt/mic_tnjk_11.webp
68	34	34	27	/soya/gallery/34.jpg	/soya2/sourcing/img_mkt/mic_tnjk_4.webp
68	34	34	27	/soya/gallery/34.jpg	/soya2/sourcing/img_mkt/mic_tnjk_7.webp
68	34	34	27	/soya2/sourcing/img_soya/enf_20_KIDS_YELLOW_5.png	/soya2/sourcing/img_mkt/jty_knee_4.webp
68	34	34	27	/soya2/sourcing/img_soya/voy_04_9-Oreiller-de-Voyage-Ergonomique-Soya_img5.webp	/soya2/sourcing/img_mkt/derila_4.img
68	34	34	27	/soya2/sourcing/img_soya/voy_05_9-Oreiller-de-Voyage-Ergonomique-Soya_img6.webp	/soya2/sourcing/img_mkt/derila_4.img
68	34	34	27	/soya2/sourcing/img_soya/voy_06_9-Oreiller-de-Voyage-Ergonomique-Soya_img7.webp	/soya2/sourcing/img_mkt/derila_4.img
68	34	34	29	/soya/gallery/36.jpg	/soya2/sourcing/img_mkt/comfy_4.img
68	34	34	29	/soya/gallery/37.jpg	/soya2/sourcing/img_mkt/comfy_4.img
68	34	34	29	/soya2/sourcing/img_soya/enf_07_KIDS_PINK_6.jpg	/soya2/sourcing/img_mkt/jty_knee_6.webp
68	34	34	30	/soya/gallery/04.jpg	/soya2/sourcing/img_mkt/comfy_3.img
68	34	34	30	/soya2/sourcing/img_soya/enf_05_KIDSP1_3.jpg	/soya2/sourcing/img_mkt/confal_3.img
68	34	34	31	/soya2/sourcing/img_soya/enf_06_KIDSP1_1.jpg	/soya2/sourcing/img_mkt/derila_4.img
68	34	34	31	/soya2/sourcing/img_soya/v3_42_41.1.png	/soya_prix/imgs/zamatsle_2.img
68	34	34	32	/soya2/sourcing/img_soya/h2_02_2-housse_Oreiller_de_Rechange_Soya_img3.webp	/soya2/sourcing/img_mkt/comfy_5.img
68	34	34	32	/soya2/sourcing/img_soya/v2_01_1-oreiller-soya-2_0_img2_7d72b6af-35c7-4427-8f15-843f227d977	/soya2/sourcing/img_mkt/comfy_4.img
68	34	34	33	/soya/gallery/02.jpg	/soya2/sourcing/img_mkt/derila_0.img
68	34	34	33	/soya2/sourcing/img_soya/enf_05_KIDSP1_3.jpg	/soya_prix/imgs/somnilys_0.img
68	34	34	34	/soya/gallery/11.jpg	/soya2/sourcing/img_mkt/comfy_3.img
68	34	34	34	/soya/gallery/34.jpg	/soya2/sourcing/img_mkt/derila_4.img
68	34	34	34	/soya2/sourcing/img_soya/v3_31_Firefly_Gemini_Flash_Generate_the_same_image_exactly_as_the_	/soya2/sourcing/img_mkt/jty_p6036_6.webp
68	34	34	34	/soya2/sourcing/img_soya/v3_35_SOYA_3.0_Grey_1.jpg	/soya2/sourcing/img_mkt/comfy_7.img
68	34	34	35	/soya2/sourcing/img_soya/v2_04_1-oreiller-soya-2_0_img5_a8a3199e-0071-4043-a899-f89baff5294	/soya_prix/imgs/comfysle_3.img
68	34	34	36	/soya/gallery/04.jpg	/soya2/sourcing/img_mkt/derila_0.img
68	34	34	36	/soya/gallery/13.jpg	/soya2/sourcing/img_mkt/derila_0.img
68	34	34	36	/soya/gallery/35.jpg	/soya2/sourcing/img_mkt/derila_1.img
68	34	34	36	/soya2/sourcing/img_soya/enf_14_KIDS_YELLOW_6.jpg	/soya2/sourcing/img_mkt/confal_1.img
68	34	34	36	/soya2/sourcing/img_soya/enf_14_KIDS_YELLOW_6.jpg	/soya_prix/imgs/confortalign_1.img
68	34	34	36	/soya2/sourcing/img_soya/v3_27_Firefly_Gemini_Flash_Generate_the_same_image_exactly_as_the_	/soya2/sourcing/img_mkt/confal_2.img
68	34	34	36	/soya2/sourcing/img_soya/v3_27_Firefly_Gemini_Flash_Generate_the_same_image_exactly_as_the_	/soya_prix/imgs/confortalign_2.img
68	34	34	37	/soya/gallery/35.jpg	/soya2/sourcing/img_mkt/comfy_3.img
68	34	34	37	/soya2/sourcing/img_soya/v3_30_IMG_9178.png	/soya2/sourcing/img_mkt/jty_p6036_6.webp
68	34	34	39	/soya/gallery/02.jpg	/soya2/sourcing/img_mkt/jty_p6036_4.webp
68	34	34	39	/soya2/sourcing/img_soya/h3_04_14_feded688-a4ff-4333-8fba-e9a2e53c877a.png	/soya2/sourcing/img_mkt/confal_3.img
68	34	34	39	/soya2/sourcing/img_soya/v1_03_8-Oreiller_Soya_1.0_img4.webp	/soya2/sourcing/img_mkt/jty_p6036_3.webp
68	34	34	39	/soya2/sourcing/img_soya/v3_24_SOYA_3.0_Grey-2.jpg	/soya_prix/imgs/somnilys_1.img
68	34	34	40	/soya2/sourcing/img_soya/enf_02_KIDSP1_6.png	/soya2/sourcing/img_mkt/jty_knee_5.webp
68	34	34	40	/soya2/sourcing/img_soya/voy_01_9-Oreiller-de-Voyage-Ergonomique-Soya_img2.webp	/soya2/sourcing/img_mkt/mic_jty_8.webp
68	34	34	41	/soya/gallery/07.jpg	/soya2/sourcing/img_mkt/confal_2.img
68	34	34	41	/soya/gallery/07.jpg	/soya_prix/imgs/confortalign_2.img
68	34	34	41	/soya2/sourcing/img_soya/voy_00_9-Oreiller-de-Voyage-Ergonomique-Soyacouverture_HD.webp	/soya_prix/imgs/htconfort_2.img
68	34	34	41	/soya2/sourcing/img_soya/voy_01_9-Oreiller-de-Voyage-Ergonomique-Soya_img2.webp	/soya2/sourcing/img_mkt/mic_jty_5.webp
68	34	34	42	/soya/gallery/02.jpg	/soya2/sourcing/img_mkt/derila_6.img
68	34	34	43	/soya2/sourcing/img_soya/v3_32_Soya_3.0_Grey_1.png	/soya2/sourcing/img_mkt/derila_6.img
68	34	34	44	/soya/gallery/03.jpg	/soya2/sourcing/img_mkt/derila_2.img
68	34	34	44	/soya/gallery/14.jpg	/soya2/sourcing/img_mkt/derila_2.img
68	34	34	44	/soya/gallery/27.jpg	/soya2/sourcing/img_mkt/derila_2.img
68	34	34	44	/soya/gallery/39.jpg	/soya2/sourcing/img_mkt/comfy_6.img
68	34	34	46	/soya2/sourcing/img_soya/h3_04_14_feded688-a4ff-4333-8fba-e9a2e53c877a.png	/soya_prix/imgs/inphysio_0.img
68	34	34	47	/soya/gallery/31.jpg	/soya2/sourcing/img_mkt/derila_2.img
68	34	34	47	/soya2/sourcing/img_soya/v1_00_8-Oreiller_Soya_1.0_couverture_HD.webp	/soya2/sourcing/img_mkt/derila_2.img
68	34	34	47	/soya2/sourcing/img_soya/v3_33_Soya_3.0_Grey_4.png	/soya2/sourcing/img_mkt/comfy_2.img
68	34	34	48	/soya2/sourcing/img_soya/v1_00_8-Oreiller_Soya_1.0_couverture_HD.webp	/soya2/sourcing/img_mkt/comfy_6.img
68	34	34	49	/soya2/sourcing/img_soya/enf_12_KIDS_PINK_5.png	/soya2/sourcing/img_mkt/derila_2.img
68	34	34	49	/soya2/sourcing/img_soya/regl_00_14-Ensemble_Oreillers_Reglables_couverture_HD.webp	/soya2/sourcing/img_mkt/comfy_0.img
68	34	34	50	/soya2/sourcing/img_soya/v1_02_8-Oreiller_Soya_1.0_img3.webp	/soya_prix/imgs/somnilys_0.img
68	34	34	51	/soya/gallery/17.jpg	/soya2/sourcing/img_mkt/derila_2.img
68	34	34	51	/soya/gallery/25.jpg	/soya_prix/imgs/htconfort_2.img
68	34	34	52	/soya/gallery/25.jpg	/soya2/sourcing/img_mkt/mic_jty_8.webp
68	34	34	52	/soya2/sourcing/img_soya/v3_35_SOYA_3.0_Grey_1.jpg	/soya2/sourcing/img_mkt/mic_jty_8.webp
68	36	32	15	/soya/gallery/13.jpg	/soya2/sourcing/img_mkt/confal_0.img
68	36	32	15	/soya/gallery/13.jpg	/soya_prix/imgs/confortalign_0.img
68	36	32	16	/soya2/sourcing/img_soya/h3_13_Soya_3.0_Grey_2.png	/soya_prix/imgs/comfysle_0.img
68	36	32	16	/soya2/sourcing/img_soya/v3_28_Soya_3.0_Grey_2_47c0e3de-4c91-48dd-960e-4a36d6b20353.png	/soya_prix/imgs/comfysle_0.img
68	36	32	17	/soya/gallery/29.jpg	/soya_prix/imgs/inphysio_0.img
68	36	32	17	/soya/gallery/39.jpg	/soya2/sourcing/img_mkt/comfy_5.img
68	36	32	20	/soya2/sourcing/img_soya/enf_15_KIDS_YELLOW_4.png	/soya_prix/imgs/zamatsle_0.img
68	36	32	20	/soya2/sourcing/img_soya/v3_34_Soya_3.0_Grey.png	/soya2/sourcing/img_mkt/jty_p6036_5.webp
68	36	32	22	/soya/gallery/03.jpg	/soya2/sourcing/img_mkt/comfy_5.img
68	36	32	22	/soya/gallery/14.jpg	/soya2/sourcing/img_mkt/comfy_5.img
68	36	32	22	/soya/gallery/26.jpg	/soya2/sourcing/img_mkt/jty_p6036_5.webp
68	36	32	22	/soya/gallery/27.jpg	/soya2/sourcing/img_mkt/comfy_5.img
68	36	32	22	/soya2/sourcing/img_soya/enf_05_KIDSP1_3.jpg	/soya2/sourcing/img_mkt/jty_knee_1.webp
68	36	32	22	/soya2/sourcing/img_soya/henf_00_KIDS_P_1_2.png	/soya2/sourcing/img_mkt/comfy_5.img
68	36	32	23	/soya/gallery/19.jpg	/soya_prix/imgs/inphysio_0.img
68	36	32	24	/soya2/sourcing/img_soya/v2_00_1-oreiller-soya-2_0HD.webp	/soya2/sourcing/img_mkt/jty_knee_1.webp
68	36	32	24	/soya2/sourcing/img_soya/v3_34_Soya_3.0_Grey.png	/soya2/sourcing/img_mkt/mic_jty_1.webp
68	36	32	26	/soya2/sourcing/img_soya/enf_05_KIDSP1_3.jpg	/soya2/sourcing/img_mkt/jty_knee_6.webp
68	36	32	26	/soya2/sourcing/img_soya/v1_04_8-Oreiller_Soya_1.0_img5.webp	/soya2/sourcing/img_mkt/derila_1.img
68	36	32	26	/soya2/sourcing/img_soya/voy_00_9-Oreiller-de-Voyage-Ergonomique-Soyacouverture_HD.webp	/soya2/sourcing/img_mkt/mic_jty_3.webp
68	36	32	27	/soya2/sourcing/img_soya/voy_00_9-Oreiller-de-Voyage-Ergonomique-Soyacouverture_HD.webp	/soya2/sourcing/img_mkt/jty_p6036_5.webp
68	36	32	28	/soya2/sourcing/img_soya/h3_04_14_feded688-a4ff-4333-8fba-e9a2e53c877a.png	/soya2/sourcing/img_mkt/jty_knee_5.webp
68	36	32	28	/soya2/sourcing/img_soya/lomb_01_4-Coussin_Lombaire_Ergonomique_Soya_img2.webp	/soya2/sourcing/img_mkt/mic_tnjk_10.webp
68	36	32	28	/soya2/sourcing/img_soya/lomb_01_4-Coussin_Lombaire_Ergonomique_Soya_img2.webp	/soya2/sourcing/img_mkt/mic_tnjk_6.webp
68	36	32	28	/soya2/sourcing/img_soya/lomb_01_4-Coussin_Lombaire_Ergonomique_Soya_img2.webp	/soya2/sourcing/img_mkt/mic_tnjk_9.webp
68	36	32	29	/soya/gallery/23.jpg	/soya_prix/imgs/comfysle_2.img
68	36	32	29	/soya2/sourcing/img_soya/h3_13_Soya_3.0_Grey_2.png	/soya_prix/imgs/somnilys_1.img
68	36	32	29	/soya2/sourcing/img_soya/v3_28_Soya_3.0_Grey_2_47c0e3de-4c91-48dd-960e-4a36d6b20353.png	/soya_prix/imgs/somnilys_1.img
68	36	32	30	/soya/gallery/08.jpg	/soya2/sourcing/img_mkt/mic_jty_8.webp
68	36	32	30	/soya2/sourcing/img_soya/v3_31_Firefly_Gemini_Flash_Generate_the_same_image_exactly_as_the_	/soya2/sourcing/img_mkt/derila_1.img
68	36	32	31	/soya2/sourcing/img_soya/lomb_02_4-Coussin_Lombaire_Ergonomique_Soya_img3.webp	/soya2/sourcing/img_mkt/derila_0.img
68	36	32	31	/soya2/sourcing/img_soya/voy_00_9-Oreiller-de-Voyage-Ergonomique-Soyacouverture_HD.webp	/soya_prix/imgs/zamatsle_2.img
68	36	32	33	/soya2/sourcing/img_soya/voy_01_9-Oreiller-de-Voyage-Ergonomique-Soya_img2.webp	/soya2/sourcing/img_mkt/jty_p6036_2.webp
68	36	32	34	/soya/gallery/34.jpg	/soya2/sourcing/img_mkt/comfy_3.img
68	36	32	34	/soya2/sourcing/img_soya/enf_09_KIDS_PINK_2.png	/soya2/sourcing/img_mkt/jty_p6036_5.webp
68	36	32	34	/soya2/sourcing/img_soya/v2_02_1-oreiller-soya-2_0_img3_5f834f33-5e47-49e1-a6a1-34e17f3341b	/soya2/sourcing/img_mkt/confal_0.img
68	36	32	34	/soya2/sourcing/img_soya/v2_02_1-oreiller-soya-2_0_img3_5f834f33-5e47-49e1-a6a1-34e17f3341b	/soya_prix/imgs/confortalign_0.img
68	36	32	35	/soya2/sourcing/img_soya/enf_00_KIDSP2.jpg	/soya_prix/imgs/inphysio_2.img
68	36	32	35	/soya2/sourcing/img_soya/v3_32_Soya_3.0_Grey_1.png	/soya2/sourcing/img_mkt/comfy_1.img
68	36	32	35	/soya2/sourcing/img_soya/v3_32_Soya_3.0_Grey_1.png	/soya_prix/imgs/comfysle_1.img
68	36	32	36	/soya2/sourcing/img_soya/enf_14_KIDS_YELLOW_6.jpg	/soya_prix/imgs/inphysio_2.img
68	36	32	37	/soya2/sourcing/img_soya/enf_08_KIDS_PINK_4.png	/soya2/sourcing/img_mkt/confal_3.img
68	36	32	37	/soya2/sourcing/img_soya/v3_42_41.1.png	/soya2/sourcing/img_mkt/comfy_1.img
68	36	32	37	/soya2/sourcing/img_soya/v3_42_41.1.png	/soya_prix/imgs/comfysle_1.img
68	36	32	38	/soya/gallery/30.jpg	/soya2/sourcing/img_mkt/mic_tnjk_11.webp
68	36	32	38	/soya/gallery/30.jpg	/soya2/sourcing/img_mkt/mic_tnjk_4.webp
68	36	32	38	/soya/gallery/30.jpg	/soya2/sourcing/img_mkt/mic_tnjk_7.webp
68	36	32	38	/soya2/sourcing/img_soya/enf_09_KIDS_PINK_2.png	/soya_prix/imgs/somnilys_2.img
68	36	32	38	/soya2/sourcing/img_soya/enf_17_KIDS_YELLOW_1.png	/soya2/sourcing/img_mkt/confal_0.img
68	36	32	38	/soya2/sourcing/img_soya/enf_17_KIDS_YELLOW_1.png	/soya2/sourcing/img_mkt/jty_p6036_1.webp
68	36	32	38	/soya2/sourcing/img_soya/enf_17_KIDS_YELLOW_1.png	/soya_prix/imgs/confortalign_0.img
68	36	32	38	/soya2/sourcing/img_soya/h2_02_2-housse_Oreiller_de_Rechange_Soya_img3.webp	/soya2/sourcing/img_mkt/confal_3.img
68	36	32	39	/soya/gallery/08.jpg	/soya_prix/imgs/somnilys_2.img
68	36	32	39	/soya2/sourcing/img_soya/h2_00_2-housse_Oreiller_de_Rechange_Soya_HD.webp	/soya2/sourcing/img_mkt/comfy_1.img
68	36	32	39	/soya2/sourcing/img_soya/h2_00_2-housse_Oreiller_de_Rechange_Soya_HD.webp	/soya_prix/imgs/comfysle_1.img
68	36	32	39	/soya2/sourcing/img_soya/v2_01_1-oreiller-soya-2_0_img2_7d72b6af-35c7-4427-8f15-843f227d977	/soya2/sourcing/img_mkt/jty_knee_1.webp
68	36	32	39	/soya2/sourcing/img_soya/v2_06_1-oreiller-soya-2_0_img6_9601dd3b-66d6-4311-b41e-5fd7712bdc1	/soya_prix/imgs/zamatsle_0.img
68	36	32	40	/soya2/sourcing/img_soya/regl_02_14-Ensemble_Oreillers_Reglables_img3.webp	/soya2/sourcing/img_mkt/mic_jty_3.webp
68	36	32	40	/soya2/sourcing/img_soya/v2_07_1-oreiller-soya-2_0_img7_43909438-1603-4e59-add4-f987f4acd78	/soya2/sourcing/img_mkt/confal_2.img
68	36	32	40	/soya2/sourcing/img_soya/v2_07_1-oreiller-soya-2_0_img7_43909438-1603-4e59-add4-f987f4acd78	/soya_prix/imgs/confortalign_2.img
68	36	32	41	/soya2/sourcing/img_soya/enf_17_KIDS_YELLOW_1.png	/soya2/sourcing/img_mkt/derila_4.img
68	36	32	41	/soya2/sourcing/img_soya/h3_15_7687678_1.png	/soya2/sourcing/img_mkt/jty_knee_3.webp
68	36	32	41	/soya2/sourcing/img_soya/v1_00_8-Oreiller_Soya_1.0_couverture_HD.webp	/soya_prix/imgs/htconfort_1.img
68	36	32	41	/soya2/sourcing/img_soya/v3_34_Soya_3.0_Grey.png	/soya_prix/imgs/comfysle_2.img
68	36	32	41	/soya2/sourcing/img_soya/voy_00_9-Oreiller-de-Voyage-Ergonomique-Soyacouverture_HD.webp	/soya2/sourcing/img_mkt/jty_p6036_6.webp
68	36	32	42	/soya/gallery/25.jpg	/soya2/sourcing/img_mkt/jty_p6036_4.webp
68	36	32	42	/soya2/sourcing/img_soya/enf_10_KIDS_PINK_1.png	/soya2/sourcing/img_mkt/comfy_5.img
68	36	32	43	/soya/gallery/26.jpg	/soya_prix/imgs/zamatsle_0.img
68	36	32	43	/soya2/sourcing/img_soya/h3_12_7687678_3.png	/soya2/sourcing/img_mkt/jty_knee_2.webp
68	36	32	44	/soya/gallery/15.jpg	/soya_prix/imgs/htconfort_1.img
68	36	32	44	/soya/gallery/23.jpg	/soya_prix/imgs/somnilys_2.img
68	36	32	44	/soya/gallery/29.jpg	/soya2/sourcing/img_mkt/jty_knee_6.webp
68	36	32	44	/soya2/sourcing/img_soya/lomb_03_4_dc2e6161-802a-4c42-a1d6-b9a0a02ce466.png	/soya2/sourcing/img_mkt/derila_1.img
68	36	32	44	/soya2/sourcing/img_soya/v3_00_18.png	/soya2/sourcing/img_mkt/derila_6.img
68	36	32	44	/soya2/sourcing/img_soya/v3_36_34.png	/soya2/sourcing/img_mkt/derila_6.img
68	36	32	45	/soya/gallery/15.jpg	/soya2/sourcing/img_mkt/confal_5.img
68	36	32	47	/soya2/sourcing/img_soya/enf_07_KIDS_PINK_6.jpg	/soya2/sourcing/img_mkt/derila_2.img
68	36	32	51	/soya2/sourcing/img_soya/v2_05_Oreiller_position_4.png	/soya_prix/imgs/htconfort_2.img
68	36	32	55	/soya2/sourcing/img_soya/h3_04_14_feded688-a4ff-4333-8fba-e9a2e53c877a.png	/soya2/sourcing/img_mkt/comfy_0.img
68	38	30	23	/soya/gallery/08.jpg	/soya2/sourcing/img_mkt/jty_p6036_2.webp
68	38	30	23	/soya2/sourcing/img_soya/h3_14_7687678_2.png	/soya2/sourcing/img_mkt/derila_1.img
68	38	30	23	/soya2/sourcing/img_soya/v3_29_7687678_2_0409bb9a-6b40-434d-807f-98da5554945a.png	/soya2/sourcing/img_mkt/derila_1.img
68	38	30	28	/soya2/sourcing/img_soya/h3_08_15_eb23f129-89f3-4ffc-be96-9e67ce1c745f.png	/soya2/sourcing/img_mkt/jty_knee_5.webp
68	38	30	30	/soya/gallery/21.jpg	/soya_prix/imgs/comfysle_2.img
68	38	30	30	/soya/gallery/29.jpg	/soya_prix/imgs/inphysio_1.img
68	38	30	30	/soya2/sourcing/img_soya/enf_02_KIDSP1_6.png	/soya2/sourcing/img_mkt/mic_tnjk_10.webp
68	38	30	30	/soya2/sourcing/img_soya/enf_02_KIDSP1_6.png	/soya2/sourcing/img_mkt/mic_tnjk_6.webp
68	38	30	30	/soya2/sourcing/img_soya/enf_02_KIDSP1_6.png	/soya2/sourcing/img_mkt/mic_tnjk_9.webp
68	38	30	31	/soya2/sourcing/img_soya/regl_01_14-Ensemble_Oreillers_Reglables_img2.webp	/soya2/sourcing/img_mkt/jty_p6036_3.webp
68	38	30	32	/soya/gallery/23.jpg	/soya2/sourcing/img_mkt/derila_1.img
68	38	30	34	/soya/gallery/09.jpg	/soya_prix/imgs/comfysle_2.img
68	38	30	34	/soya/gallery/20.jpg	/soya_prix/imgs/inphysio_1.img
68	38	30	36	/soya/gallery/34.jpg	/soya_prix/imgs/zamatsle_1.img
68	38	30	36	/soya2/sourcing/img_soya/v3_33_Soya_3.0_Grey_4.png	/soya2/sourcing/img_mkt/mic_jty_12.webp
68	38	30	37	/soya2/sourcing/img_soya/regl_01_14-Ensemble_Oreillers_Reglables_img2.webp	/soya_prix/imgs/somnilys_2.img
68	38	30	38	/soya2/sourcing/img_soya/v1_00_8-Oreiller_Soya_1.0_couverture_HD.webp	/soya_prix/imgs/inphysio_0.img
68	38	30	39	/soya2/sourcing/img_soya/henf_02_KIDS_P_1_3.png	/soya2/sourcing/img_mkt/confal_2.img
68	38	30	39	/soya2/sourcing/img_soya/henf_02_KIDS_P_1_3.png	/soya_prix/imgs/confortalign_2.img
68	38	30	40	/soya/gallery/19.jpg	/soya2/sourcing/img_mkt/jty_knee_4.webp
68	38	30	41	/soya2/sourcing/img_soya/enf_14_KIDS_YELLOW_6.jpg	/soya2/sourcing/img_mkt/confal_5.img
68	38	30	41	/soya2/sourcing/img_soya/lomb_03_4_dc2e6161-802a-4c42-a1d6-b9a0a02ce466.png	/soya_prix/imgs/zamatsle_0.img
68	38	30	42	/soya2/sourcing/img_soya/h3_15_7687678_1.png	/soya2/sourcing/img_mkt/derila_5.img
68	38	30	43	/soya/gallery/30.jpg	/soya2/sourcing/img_mkt/jty_p6036_4.webp
68	38	30	43	/soya2/sourcing/img_soya/enf_06_KIDSP1_1.jpg	/soya2/sourcing/img_mkt/derila_0.img
68	38	30	44	/soya2/sourcing/img_soya/v2_04_1-oreiller-soya-2_0_img5_a8a3199e-0071-4043-a899-f89baff5294	/soya2/sourcing/img_mkt/confal_4.img
68	38	30	45	/soya/gallery/26.jpg	/soya2/sourcing/img_mkt/derila_0.img
68	38	30	52	/soya2/sourcing/img_soya/v2_05_Oreiller_position_4.png	/soya_prix/imgs/comfysle_2.img
68	40	28	26	/soya2/sourcing/img_soya/h2_01_2-housse_Oreiller_de_Rechange_Soya_img4.webp	/soya2/sourcing/img_mkt/confal_5.img
68	40	28	26	/soya2/sourcing/img_soya/v2_03_1-oreiller-soya-2_0_img4_39d31902-82e0-42b3-a8cb-6b71e2ebfe7	/soya2/sourcing/img_mkt/confal_5.img
68	40	28	27	/soya/gallery/38.jpg	/soya2/sourcing/img_mkt/derila_0.img
68	40	28	34	/soya2/sourcing/img_soya/enf_04_KIDSP1_1.png	/soya_prix/imgs/inphysio_1.img
68	40	28	34	/soya2/sourcing/img_soya/henf_03_KIDSP1_1.png	/soya_prix/imgs/inphysio_1.img
68	40	28	38	/soya/gallery/34.jpg	/soya_prix/imgs/zamatsle_0.img
68	40	28	39	/soya2/sourcing/img_soya/v3_42_41.1.png	/soya2/sourcing/img_mkt/mic_jty_1.webp
68	40	28	44	/soya/gallery/05.jpg	/soya2/sourcing/img_mkt/jty_p6036_4.webp
68	40	28	44	/soya2/sourcing/img_soya/enf_03_KIDSP1_5.png	/soya2/sourcing/img_mkt/mic_jty_3.webp
68	40	28	45	/soya2/sourcing/img_soya/regl_00_14-Ensemble_Oreillers_Reglables_couverture_HD.webp	/soya_prix/imgs/inphysio_2.img
68	40	28	59	/soya/gallery/30.jpg	/soya2/sourcing/img_mkt/derila_0.img
68	42	26	38	/soya/gallery/31.jpg	/soya_prix/imgs/zamatsle_3.img
69	28	41	19	/soya2/sourcing/img_soya/v3_34_Soya_3.0_Grey.png	/soya2/sourcing/img_mkt/jty_knee_5.webp
69	28	41	41	/soya2/sourcing/img_soya/v1_02_8-Oreiller_Soya_1.0_img3.webp	/soya_prix/imgs/htconfort_2.img
69	30	39	14	/soya2/sourcing/img_soya/enf_00_KIDSP2.jpg	/soya2/sourcing/img_mkt/mic_jty_3.webp
69	30	39	23	/soya/gallery/13.jpg	/soya_prix/imgs/inphysio_1.img
69	30	39	23	/soya/gallery/25.jpg	/soya_prix/imgs/inphysio_1.img
69	30	39	27	/soya2/sourcing/img_soya/v1_02_8-Oreiller_Soya_1.0_img3.webp	/soya2/sourcing/img_mkt/jty_p6036_3.webp
69	30	39	29	/soya2/sourcing/img_soya/enf_15_KIDS_YELLOW_4.png	/soya2/sourcing/img_mkt/confal_1.img
69	30	39	29	/soya2/sourcing/img_soya/enf_15_KIDS_YELLOW_4.png	/soya_prix/imgs/confortalign_1.img
69	30	39	30	/soya2/sourcing/img_soya/v3_30_IMG_9178.png	/soya_prix/imgs/somnilys_0.img
69	30	39	32	/soya2/sourcing/img_soya/v3_34_Soya_3.0_Grey.png	/soya2/sourcing/img_mkt/jty_knee_6.webp
69	30	39	34	/soya/gallery/16.jpg	/soya2/sourcing/img_mkt/jty_knee_1.webp
69	30	39	34	/soya2/sourcing/img_soya/v2_06_1-oreiller-soya-2_0_img6_9601dd3b-66d6-4311-b41e-5fd7712bdc1	/soya_prix/imgs/comfysle_3.img
69	30	39	36	/soya2/sourcing/img_soya/v2_04_1-oreiller-soya-2_0_img5_a8a3199e-0071-4043-a899-f89baff5294	/soya2/sourcing/img_mkt/derila_3.img
69	30	39	37	/soya2/sourcing/img_soya/enf_03_KIDSP1_5.png	/soya2/sourcing/img_mkt/confal_2.img
69	30	39	37	/soya2/sourcing/img_soya/enf_03_KIDSP1_5.png	/soya_prix/imgs/confortalign_2.img
69	30	39	37	/soya2/sourcing/img_soya/h3_13_Soya_3.0_Grey_2.png	/soya2/sourcing/img_mkt/comfy_7.img
69	30	39	37	/soya2/sourcing/img_soya/v3_28_Soya_3.0_Grey_2_47c0e3de-4c91-48dd-960e-4a36d6b20353.png	/soya2/sourcing/img_mkt/comfy_7.img
69	30	39	38	/soya2/sourcing/img_soya/enf_17_KIDS_YELLOW_1.png	/soya2/sourcing/img_mkt/mic_jty_12.webp
69	30	39	38	/soya2/sourcing/img_soya/v2_08_11_bf88b3df-377c-4ddb-b78a-cc7a164e7755.png	/soya2/sourcing/img_mkt/jty_knee_6.webp
69	30	39	40	/soya/gallery/01.jpg	/soya2/sourcing/img_mkt/jty_knee_4.webp
69	30	39	40	/soya/gallery/03.jpg	/soya2/sourcing/img_mkt/jty_p6036_6.webp
69	30	39	40	/soya/gallery/12.jpg	/soya2/sourcing/img_mkt/jty_knee_4.webp
69	30	39	40	/soya/gallery/14.jpg	/soya2/sourcing/img_mkt/jty_p6036_6.webp
69	30	39	40	/soya/gallery/24.jpg	/soya2/sourcing/img_mkt/jty_knee_4.webp
69	30	39	40	/soya/gallery/27.jpg	/soya2/sourcing/img_mkt/jty_p6036_6.webp
69	30	39	40	/soya2/sourcing/img_soya/lomb_04_3_9225ca02-f60c-47d3-b26c-49df6ebba454.png	/soya_prix/imgs/zamatsle_1.img
69	30	39	40	/soya2/sourcing/img_soya/v1_01_8-Oreiller_Soya_1.0_img2.webp	/soya_prix/imgs/somnilys_1.img
69	30	39	43	/soya/gallery/04.jpg	/soya_prix/imgs/inphysio_2.img
69	30	39	44	/soya/gallery/06.jpg	/soya_prix/imgs/somnilys_1.img
69	30	39	44	/soya/gallery/18.jpg	/soya_prix/imgs/somnilys_1.img
69	30	39	44	/soya/gallery/22.jpg	/soya_prix/imgs/somnilys_1.img
69	30	39	44	/soya/gallery/28.jpg	/soya_prix/imgs/somnilys_1.img
69	30	39	46	/soya2/sourcing/img_soya/v2_06_1-oreiller-soya-2_0_img6_9601dd3b-66d6-4311-b41e-5fd7712bdc1	/soya2/sourcing/img_mkt/derila_2.img
69	30	39	47	/soya2/sourcing/img_soya/enf_19_KIDS_YELLOW_3.png	/soya2/sourcing/img_mkt/mic_jty_8.webp
69	30	39	48	/soya2/sourcing/img_soya/enf_12_KIDS_PINK_5.png	/soya2/sourcing/img_mkt/mic_jty_8.webp
69	30	39	50	/soya2/sourcing/img_soya/v2_04_1-oreiller-soya-2_0_img5_a8a3199e-0071-4043-a899-f89baff5294	/soya2/sourcing/img_mkt/mic_jty_8.webp
69	32	37	12	/soya2/sourcing/img_soya/v3_25_Soya_3.0_grey_2_2e59cacb-6ebc-4f36-8a81-44478c9d4589.png	/soya2/sourcing/img_mkt/confal_5.img
69	32	37	16	/soya2/sourcing/img_soya/enf_03_KIDSP1_5.png	/soya2/sourcing/img_mkt/confal_5.img
69	32	37	18	/soya/gallery/35.jpg	/soya_prix/imgs/inphysio_1.img
69	32	37	18	/soya2/sourcing/img_soya/enf_03_KIDSP1_5.png	/soya2/sourcing/img_mkt/comfy_2.img
69	32	37	19	/soya2/sourcing/img_soya/enf_17_KIDS_YELLOW_1.png	/soya2/sourcing/img_mkt/confal_5.img
69	32	37	21	/soya/gallery/05.jpg	/soya2/sourcing/img_mkt/jty_knee_1.webp
69	32	37	22	/soya2/sourcing/img_soya/enf_14_KIDS_YELLOW_6.jpg	/soya2/sourcing/img_mkt/mic_tnjk_11.webp
69	32	37	22	/soya2/sourcing/img_soya/enf_14_KIDS_YELLOW_6.jpg	/soya2/sourcing/img_mkt/mic_tnjk_4.webp
69	32	37	22	/soya2/sourcing/img_soya/enf_14_KIDS_YELLOW_6.jpg	/soya2/sourcing/img_mkt/mic_tnjk_7.webp
69	32	37	22	/soya2/sourcing/img_soya/enf_15_KIDS_YELLOW_4.png	/soya2/sourcing/img_mkt/confal_5.img
69	32	37	23	/soya/gallery/38.jpg	/soya2/sourcing/img_mkt/comfy_2.img
69	32	37	23	/soya2/sourcing/img_soya/v2_08_11_bf88b3df-377c-4ddb-b78a-cc7a164e7755.png	/soya_prix/imgs/zamatsle_3.img
69	32	37	24	/soya2/sourcing/img_soya/v3_27_Firefly_Gemini_Flash_Generate_the_same_image_exactly_as_the_	/soya_prix/imgs/zamatsle_2.img
69	32	37	26	/soya2/sourcing/img_soya/v3_34_Soya_3.0_Grey.png	/soya2/sourcing/img_mkt/jty_knee_4.webp
69	32	37	27	/soya2/sourcing/img_soya/enf_13_KIDS_PINK_3.png	/soya2/sourcing/img_mkt/confal_0.img
69	32	37	27	/soya2/sourcing/img_soya/enf_13_KIDS_PINK_3.png	/soya_prix/imgs/confortalign_0.img
69	32	37	27	/soya2/sourcing/img_soya/lomb_04_3_9225ca02-f60c-47d3-b26c-49df6ebba454.png	/soya2/sourcing/img_mkt/jty_p6036_3.webp
69	32	37	27	/soya2/sourcing/img_soya/v1_04_8-Oreiller_Soya_1.0_img5.webp	/soya2/sourcing/img_mkt/comfy_2.img
69	32	37	28	/soya/gallery/15.jpg	/soya2/sourcing/img_mkt/jty_p6036_2.webp
69	32	37	28	/soya2/sourcing/img_soya/h3_12_7687678_3.png	/soya2/sourcing/img_mkt/jty_knee_6.webp
69	32	37	28	/soya2/sourcing/img_soya/v2_06_1-oreiller-soya-2_0_img6_9601dd3b-66d6-4311-b41e-5fd7712bdc1	/soya2/sourcing/img_mkt/jty_knee_1.webp
69	32	37	29	/soya/gallery/39.jpg	/soya2/sourcing/img_mkt/jty_p6036_2.webp
69	32	37	29	/soya2/sourcing/img_soya/voy_01_9-Oreiller-de-Voyage-Ergonomique-Soya_img2.webp	/soya2/sourcing/img_mkt/jty_knee_4.webp
69	32	37	30	/soya/gallery/20.jpg	/soya_prix/imgs/htconfort_2.img
69	32	37	30	/soya2/sourcing/img_soya/h3_00_13_c9363db8-d780-4903-9a97-df55d0478686.png	/soya2/sourcing/img_mkt/jty_knee_6.webp
69	32	37	31	/soya/gallery/07.jpg	/soya2/sourcing/img_mkt/jty_p6036_2.webp
69	32	37	32	/soya2/sourcing/img_soya/h3_04_14_feded688-a4ff-4333-8fba-e9a2e53c877a.png	/soya2/sourcing/img_mkt/derila_3.img
69	32	37	32	/soya2/sourcing/img_soya/h3_08_15_eb23f129-89f3-4ffc-be96-9e67ce1c745f.png	/soya2/sourcing/img_mkt/derila_3.img
69	32	37	32	/soya2/sourcing/img_soya/v3_34_Soya_3.0_Grey.png	/soya2/sourcing/img_mkt/jty_knee_3.webp
69	32	37	32	/soya2/sourcing/img_soya/v3_34_Soya_3.0_Grey.png	/soya_prix/imgs/inphysio_1.img
69	32	37	33	/soya/gallery/02.jpg	/soya2/sourcing/img_mkt/derila_5.img
69	32	37	33	/soya/gallery/04.jpg	/soya2/sourcing/img_mkt/confal_1.img
69	32	37	33	/soya/gallery/04.jpg	/soya_prix/imgs/confortalign_1.img
69	32	37	33	/soya2/sourcing/img_soya/v3_33_Soya_3.0_Grey_4.png	/soya2/sourcing/img_mkt/comfy_3.img
69	32	37	34	/soya/gallery/26.jpg	/soya2/sourcing/img_mkt/jty_knee_3.webp
69	32	37	34	/soya/gallery/34.jpg	/soya_prix/imgs/somnilys_1.img
69	32	37	34	/soya2/sourcing/img_soya/enf_15_KIDS_YELLOW_4.png	/soya2/sourcing/img_mkt/comfy_4.img
69	32	37	36	/soya/gallery/26.jpg	/soya2/sourcing/img_mkt/confal_3.img
69	32	37	36	/soya2/sourcing/img_soya/enf_06_KIDSP1_1.jpg	/soya2/sourcing/img_mkt/confal_1.img
69	32	37	36	/soya2/sourcing/img_soya/enf_06_KIDSP1_1.jpg	/soya_prix/imgs/confortalign_1.img
69	32	37	36	/soya2/sourcing/img_soya/enf_16_KIDS_YELLOW_7.png	/soya2/sourcing/img_mkt/confal_4.img
69	32	37	36	/soya2/sourcing/img_soya/h3_04_14_feded688-a4ff-4333-8fba-e9a2e53c877a.png	/soya2/sourcing/img_mkt/derila_0.img
69	32	37	36	/soya2/sourcing/img_soya/h3_15_7687678_1.png	/soya2/sourcing/img_mkt/comfy_7.img
69	32	37	36	/soya2/sourcing/img_soya/henf_00_KIDS_P_1_2.png	/soya2/sourcing/img_mkt/mic_jty_1.webp
69	32	37	36	/soya2/sourcing/img_soya/v3_31_Firefly_Gemini_Flash_Generate_the_same_image_exactly_as_the_	/soya_prix/imgs/inphysio_2.img
69	32	37	36	/soya2/sourcing/img_soya/v3_33_Soya_3.0_Grey_4.png	/soya2/sourcing/img_mkt/comfy_1.img
69	32	37	36	/soya2/sourcing/img_soya/v3_33_Soya_3.0_Grey_4.png	/soya_prix/imgs/comfysle_1.img
69	32	37	39	/soya/gallery/04.jpg	/soya2/sourcing/img_mkt/derila_2.img
69	32	37	39	/soya2/sourcing/img_soya/lomb_02_4-Coussin_Lombaire_Ergonomique_Soya_img3.webp	/soya2/sourcing/img_mkt/confal_5.img
69	32	37	39	/soya2/sourcing/img_soya/regl_01_14-Ensemble_Oreillers_Reglables_img2.webp	/soya2/sourcing/img_mkt/jty_knee_4.webp
69	32	37	40	/soya/gallery/02.jpg	/soya2/sourcing/img_mkt/jty_knee_4.webp
69	32	37	40	/soya/gallery/26.jpg	/soya_prix/imgs/comfysle_3.img
69	32	37	40	/soya2/sourcing/img_soya/enf_04_KIDSP1_1.png	/soya2/sourcing/img_mkt/jty_p6036_5.webp
69	32	37	40	/soya2/sourcing/img_soya/enf_05_KIDSP1_3.jpg	/soya2/sourcing/img_mkt/jty_p6036_6.webp
69	32	37	40	/soya2/sourcing/img_soya/enf_19_KIDS_YELLOW_3.png	/soya2/sourcing/img_mkt/jty_p6036_6.webp
69	32	37	40	/soya2/sourcing/img_soya/henf_03_KIDSP1_1.png	/soya2/sourcing/img_mkt/jty_p6036_5.webp
69	32	37	41	/soya/gallery/31.jpg	/soya2/sourcing/img_mkt/jty_p6036_6.webp
69	32	37	41	/soya2/sourcing/img_soya/enf_03_KIDSP1_5.png	/soya2/sourcing/img_mkt/jty_knee_6.webp
69	32	37	42	/soya2/sourcing/img_soya/enf_19_KIDS_YELLOW_3.png	/soya_prix/imgs/htconfort_2.img
69	32	37	42	/soya2/sourcing/img_soya/lomb_04_3_9225ca02-f60c-47d3-b26c-49df6ebba454.png	/soya2/sourcing/img_mkt/jty_p6036_4.webp
69	32	37	43	/soya/gallery/17.jpg	/soya2/sourcing/img_mkt/jty_p6036_6.webp
69	32	37	43	/soya2/sourcing/img_soya/enf_17_KIDS_YELLOW_1.png	/soya_prix/imgs/somnilys_1.img
69	32	37	43	/soya2/sourcing/img_soya/voy_04_9-Oreiller-de-Voyage-Ergonomique-Soya_img5.webp	/soya_prix/imgs/somnilys_1.img
69	32	37	43	/soya2/sourcing/img_soya/voy_05_9-Oreiller-de-Voyage-Ergonomique-Soya_img6.webp	/soya_prix/imgs/somnilys_1.img
69	32	37	43	/soya2/sourcing/img_soya/voy_06_9-Oreiller-de-Voyage-Ergonomique-Soya_img7.webp	/soya_prix/imgs/somnilys_1.img
69	32	37	44	/soya2/sourcing/img_soya/v3_12_2_782a3829-4b96-451b-93e4-630d8f06e705.png	/soya2/sourcing/img_mkt/derila_6.img
69	32	37	45	/soya2/sourcing/img_soya/h3_08_15_eb23f129-89f3-4ffc-be96-9e67ce1c745f.png	/soya_prix/imgs/htconfort_2.img
69	32	37	46	/soya2/sourcing/img_soya/enf_13_KIDS_PINK_3.png	/soya2/sourcing/img_mkt/jty_p6036_4.webp
69	32	37	46	/soya2/sourcing/img_soya/h3_00_13_c9363db8-d780-4903-9a97-df55d0478686.png	/soya2/sourcing/img_mkt/comfy_0.img
69	32	37	48	/soya/gallery/02.jpg	/soya2/sourcing/img_mkt/comfy_0.img
69	32	37	48	/soya2/sourcing/img_soya/h3_12_7687678_3.png	/soya2/sourcing/img_mkt/comfy_0.img
69	32	37	51	/soya2/sourcing/img_soya/v3_00_18.png	/soya2/sourcing/img_mkt/comfy_2.img
69	32	37	51	/soya2/sourcing/img_soya/v3_36_34.png	/soya2/sourcing/img_mkt/comfy_2.img
69	32	37	53	/soya/gallery/30.jpg	/soya2/sourcing/img_mkt/confal_5.img
69	32	37	54	/soya2/sourcing/img_soya/v3_25_Soya_3.0_grey_2_2e59cacb-6ebc-4f36-8a81-44478c9d4589.png	/soya2/sourcing/img_mkt/jty_knee_5.webp
69	34	35	12	/soya/gallery/32.jpg	/soya2/sourcing/img_mkt/jty_p6036_1.webp
69	34	35	21	/soya2/sourcing/img_soya/enf_12_KIDS_PINK_5.png	/soya2/sourcing/img_mkt/mic_tnjk_11.webp
69	34	35	21	/soya2/sourcing/img_soya/enf_12_KIDS_PINK_5.png	/soya2/sourcing/img_mkt/mic_tnjk_4.webp
69	34	35	21	/soya2/sourcing/img_soya/enf_12_KIDS_PINK_5.png	/soya2/sourcing/img_mkt/mic_tnjk_7.webp
69	34	35	22	/soya2/sourcing/img_soya/voy_02_9-Oreiller-de-Voyage-Ergonomique-Soya_img3.webp	/soya_prix/imgs/comfysle_0.img
69	34	35	25	/soya2/sourcing/img_soya/enf_01_KIDSP1_4.jpg	/soya2/sourcing/img_mkt/comfy_6.img
69	34	35	25	/soya2/sourcing/img_soya/henf_02_KIDS_P_1_3.png	/soya2/sourcing/img_mkt/jty_p6036_1.webp
69	34	35	27	/soya/gallery/21.jpg	/soya_prix/imgs/comfysle_0.img
69	34	35	27	/soya2/sourcing/img_soya/enf_20_KIDS_YELLOW_5.png	/soya2/sourcing/img_mkt/confal_0.img
69	34	35	27	/soya2/sourcing/img_soya/enf_20_KIDS_YELLOW_5.png	/soya_prix/imgs/confortalign_0.img
69	34	35	28	/soya/gallery/07.jpg	/soya2/sourcing/img_mkt/comfy_7.img
69	34	35	28	/soya/gallery/08.jpg	/soya_prix/imgs/somnilys_0.img
69	34	35	28	/soya2/sourcing/img_soya/enf_06_KIDSP1_1.jpg	/soya2/sourcing/img_mkt/jty_knee_4.webp
69	34	35	29	/soya/gallery/08.jpg	/soya2/sourcing/img_mkt/mic_jty_12.webp
69	34	35	29	/soya/gallery/09.jpg	/soya_prix/imgs/comfysle_0.img
69	34	35	31	/soya/gallery/04.jpg	/soya_prix/imgs/comfysle_3.img
69	34	35	31	/soya2/sourcing/img_soya/v3_32_Soya_3.0_Grey_1.png	/soya2/sourcing/img_mkt/confal_3.img
69	34	35	32	/soya/gallery/25.jpg	/soya2/sourcing/img_mkt/jty_knee_5.webp
69	34	35	32	/soya2/sourcing/img_soya/lomb_02_4-Coussin_Lombaire_Ergonomique_Soya_img3.webp	/soya2/sourcing/img_mkt/confal_1.img
69	34	35	32	/soya2/sourcing/img_soya/lomb_02_4-Coussin_Lombaire_Ergonomique_Soya_img3.webp	/soya_prix/imgs/confortalign_1.img
69	34	35	33	/soya/gallery/29.jpg	/soya2/sourcing/img_mkt/mic_jty_8.webp
69	34	35	33	/soya/gallery/33.jpg	/soya2/sourcing/img_mkt/derila_3.img
69	34	35	33	/soya2/sourcing/img_soya/h3_13_Soya_3.0_Grey_2.png	/soya2/sourcing/img_mkt/derila_3.img
69	34	35	33	/soya2/sourcing/img_soya/v3_28_Soya_3.0_Grey_2_47c0e3de-4c91-48dd-960e-4a36d6b20353.png	/soya2/sourcing/img_mkt/derila_3.img
69	34	35	33	/soya2/sourcing/img_soya/voy_02_9-Oreiller-de-Voyage-Ergonomique-Soya_img3.webp	/soya2/sourcing/img_mkt/mic_tnjk_10.webp
69	34	35	33	/soya2/sourcing/img_soya/voy_02_9-Oreiller-de-Voyage-Ergonomique-Soya_img3.webp	/soya2/sourcing/img_mkt/mic_tnjk_6.webp
69	34	35	33	/soya2/sourcing/img_soya/voy_02_9-Oreiller-de-Voyage-Ergonomique-Soya_img3.webp	/soya2/sourcing/img_mkt/mic_tnjk_9.webp
69	34	35	34	/soya2/sourcing/img_soya/h2_02_2-housse_Oreiller_de_Rechange_Soya_img3.webp	/soya2/sourcing/img_mkt/mic_tnjk_11.webp
69	34	35	34	/soya2/sourcing/img_soya/h2_02_2-housse_Oreiller_de_Rechange_Soya_img3.webp	/soya2/sourcing/img_mkt/mic_tnjk_4.webp
69	34	35	34	/soya2/sourcing/img_soya/h2_02_2-housse_Oreiller_de_Rechange_Soya_img3.webp	/soya2/sourcing/img_mkt/mic_tnjk_7.webp
69	34	35	34	/soya2/sourcing/img_soya/h3_12_7687678_3.png	/soya2/sourcing/img_mkt/jty_knee_1.webp
69	34	35	34	/soya2/sourcing/img_soya/lomb_02_4-Coussin_Lombaire_Ergonomique_Soya_img3.webp	/soya2/sourcing/img_mkt/jty_knee_1.webp
69	34	35	34	/soya2/sourcing/img_soya/v2_05_Oreiller_position_4.png	/soya2/sourcing/img_mkt/derila_5.img
69	34	35	35	/soya/gallery/11.jpg	/soya_prix/imgs/comfysle_3.img
69	34	35	35	/soya2/sourcing/img_soya/h2_02_2-housse_Oreiller_de_Rechange_Soya_img3.webp	/soya2/sourcing/img_mkt/derila_3.img
69	34	35	35	/soya2/sourcing/img_soya/regl_02_14-Ensemble_Oreillers_Reglables_img3.webp	/soya2/sourcing/img_mkt/comfy_5.img
69	34	35	36	/soya/gallery/13.jpg	/soya2/sourcing/img_mkt/comfy_4.img
69	34	35	37	/soya2/sourcing/img_soya/v3_34_Soya_3.0_Grey.png	/soya2/sourcing/img_mkt/comfy_4.img
69	34	35	38	/soya/gallery/33.jpg	/soya2/sourcing/img_mkt/confal_0.img
69	34	35	38	/soya/gallery/33.jpg	/soya_prix/imgs/confortalign_0.img
69	34	35	38	/soya/gallery/35.jpg	/soya_prix/imgs/comfysle_3.img
69	34	35	38	/soya2/sourcing/img_soya/enf_19_KIDS_YELLOW_3.png	/soya_prix/imgs/zamatsle_2.img
69	34	35	39	/soya/gallery/02.jpg	/soya_prix/imgs/inphysio_0.img
69	34	35	39	/soya2/sourcing/img_soya/lomb_03_4_dc2e6161-802a-4c42-a1d6-b9a0a02ce466.png	/soya2/sourcing/img_mkt/comfy_6.img
69	34	35	39	/soya2/sourcing/img_soya/v2_04_1-oreiller-soya-2_0_img5_a8a3199e-0071-4043-a899-f89baff5294	/soya2/sourcing/img_mkt/mic_jty_5.webp
69	34	35	40	/soya/gallery/02.jpg	/soya2/sourcing/img_mkt/jty_knee_3.webp
69	34	35	40	/soya2/sourcing/img_soya/voy_00_9-Oreiller-de-Voyage-Ergonomique-Soyacouverture_HD.webp	/soya2/sourcing/img_mkt/confal_5.img
69	34	35	41	/soya/gallery/31.jpg	/soya2/sourcing/img_mkt/derila_6.img
69	34	35	41	/soya2/sourcing/img_soya/v3_34_Soya_3.0_Grey.png	/soya2/sourcing/img_mkt/mic_tnjk_10.webp
69	34	35	41	/soya2/sourcing/img_soya/v3_34_Soya_3.0_Grey.png	/soya2/sourcing/img_mkt/mic_tnjk_6.webp
69	34	35	41	/soya2/sourcing/img_soya/v3_34_Soya_3.0_Grey.png	/soya2/sourcing/img_mkt/mic_tnjk_9.webp
69	34	35	42	/soya2/sourcing/img_soya/h3_00_13_c9363db8-d780-4903-9a97-df55d0478686.png	/soya_prix/imgs/inphysio_2.img
69	34	35	42	/soya2/sourcing/img_soya/v3_35_SOYA_3.0_Grey_1.jpg	/soya2/sourcing/img_mkt/confal_5.img
69	34	35	43	/soya2/sourcing/img_soya/lomb_04_3_9225ca02-f60c-47d3-b26c-49df6ebba454.png	/soya2/sourcing/img_mkt/mic_jty_5.webp
69	34	35	43	/soya2/sourcing/img_soya/v3_31_Firefly_Gemini_Flash_Generate_the_same_image_exactly_as_the_	/soya2/sourcing/img_mkt/confal_4.img
69	34	35	44	/soya2/sourcing/img_soya/h2_00_2-housse_Oreiller_de_Rechange_Soya_HD.webp	/soya2/sourcing/img_mkt/mic_tnjk_10.webp
69	34	35	44	/soya2/sourcing/img_soya/h2_00_2-housse_Oreiller_de_Rechange_Soya_HD.webp	/soya2/sourcing/img_mkt/mic_tnjk_6.webp
69	34	35	44	/soya2/sourcing/img_soya/h2_00_2-housse_Oreiller_de_Rechange_Soya_HD.webp	/soya2/sourcing/img_mkt/mic_tnjk_9.webp
69	34	35	45	/soya2/sourcing/img_soya/lomb_00_4-Coussin_Lombaire_Ergonomique_Soya_couverture_HD.webp	/soya2/sourcing/img_mkt/confal_5.img
69	34	35	45	/soya2/sourcing/img_soya/v3_12_2_782a3829-4b96-451b-93e4-630d8f06e705.png	/soya2/sourcing/img_mkt/mic_jty_8.webp
69	34	35	45	/soya2/sourcing/img_soya/voy_00_9-Oreiller-de-Voyage-Ergonomique-Soyacouverture_HD.webp	/soya2/sourcing/img_mkt/comfy_0.img
69	34	35	46	/soya/gallery/26.jpg	/soya2/sourcing/img_mkt/derila_2.img
69	34	35	46	/soya2/sourcing/img_soya/v3_00_18.png	/soya2/sourcing/img_mkt/jty_knee_3.webp
69	34	35	46	/soya2/sourcing/img_soya/v3_36_34.png	/soya2/sourcing/img_mkt/jty_knee_3.webp
69	34	35	47	/soya2/sourcing/img_soya/v3_33_Soya_3.0_Grey_4.png	/soya_prix/imgs/comfysle_2.img
69	34	35	48	/soya/gallery/35.jpg	/soya2/sourcing/img_mkt/comfy_0.img
69	34	35	48	/soya/gallery/35.jpg	/soya_prix/imgs/comfysle_0.img
69	34	35	50	/soya2/sourcing/img_soya/v2_07_1-oreiller-soya-2_0_img7_43909438-1603-4e59-add4-f987f4acd78	/soya2/sourcing/img_mkt/derila_6.img
69	34	35	51	/soya/gallery/34.jpg	/soya2/sourcing/img_mkt/comfy_0.img
69	34	35	51	/soya/gallery/34.jpg	/soya_prix/imgs/comfysle_0.img
69	34	35	52	/soya2/sourcing/img_soya/v2_05_Oreiller_position_4.png	/soya2/sourcing/img_mkt/comfy_6.img
69	36	33	18	/soya/gallery/15.jpg	/soya2/sourcing/img_mkt/jty_p6036_5.webp
69	36	33	21	/soya2/sourcing/img_soya/enf_10_KIDS_PINK_1.png	/soya_prix/imgs/htconfort_0.img
69	36	33	25	/soya/gallery/17.jpg	/soya2/sourcing/img_mkt/mic_tnjk_11.webp
69	36	33	25	/soya/gallery/17.jpg	/soya2/sourcing/img_mkt/mic_tnjk_4.webp
69	36	33	25	/soya/gallery/17.jpg	/soya2/sourcing/img_mkt/mic_tnjk_7.webp
69	36	33	26	/soya/gallery/35.jpg	/soya2/sourcing/img_mkt/jty_knee_1.webp
69	36	33	26	/soya2/sourcing/img_soya/v2_02_1-oreiller-soya-2_0_img3_5f834f33-5e47-49e1-a6a1-34e17f3341b	/soya2/sourcing/img_mkt/jty_knee_3.webp
69	36	33	29	/soya2/sourcing/img_soya/enf_07_KIDS_PINK_6.jpg	/soya_prix/imgs/somnilys_2.img
69	36	33	29	/soya2/sourcing/img_soya/v3_35_SOYA_3.0_Grey_1.jpg	/soya2/sourcing/img_mkt/jty_knee_6.webp
69	36	33	30	/soya/gallery/02.jpg	/soya2/sourcing/img_mkt/confal_1.img
69	36	33	30	/soya/gallery/02.jpg	/soya_prix/imgs/confortalign_1.img
69	36	33	30	/soya/gallery/29.jpg	/soya2/sourcing/img_mkt/jty_p6036_1.webp
69	36	33	30	/soya/gallery/39.jpg	/soya2/sourcing/img_mkt/derila_4.img
69	36	33	30	/soya2/sourcing/img_soya/voy_00_9-Oreiller-de-Voyage-Ergonomique-Soyacouverture_HD.webp	/soya_prix/imgs/somnilys_0.img
69	36	33	31	/soya/gallery/08.jpg	/soya2/sourcing/img_mkt/confal_2.img
69	36	33	31	/soya/gallery/08.jpg	/soya_prix/imgs/confortalign_2.img
69	36	33	31	/soya2/sourcing/img_soya/h3_12_7687678_3.png	/soya2/sourcing/img_mkt/jty_knee_5.webp
69	36	33	31	/soya2/sourcing/img_soya/voy_00_9-Oreiller-de-Voyage-Ergonomique-Soyacouverture_HD.webp	/soya_prix/imgs/inphysio_1.img
69	36	33	31	/soya2/sourcing/img_soya/voy_01_9-Oreiller-de-Voyage-Ergonomique-Soya_img2.webp	/soya2/sourcing/img_mkt/comfy_5.img
69	36	33	31	/soya2/sourcing/img_soya/voy_02_9-Oreiller-de-Voyage-Ergonomique-Soya_img3.webp	/soya2/sourcing/img_mkt/derila_5.img
69	36	33	32	/soya/gallery/08.jpg	/soya2/sourcing/img_mkt/comfy_4.img
69	36	33	32	/soya2/sourcing/img_soya/lomb_01_4-Coussin_Lombaire_Ergonomique_Soya_img2.webp	/soya2/sourcing/img_mkt/mic_jty_3.webp
69	36	33	32	/soya2/sourcing/img_soya/voy_04_9-Oreiller-de-Voyage-Ergonomique-Soya_img5.webp	/soya2/sourcing/img_mkt/comfy_5.img
69	36	33	32	/soya2/sourcing/img_soya/voy_05_9-Oreiller-de-Voyage-Ergonomique-Soya_img6.webp	/soya2/sourcing/img_mkt/comfy_5.img
69	36	33	32	/soya2/sourcing/img_soya/voy_06_9-Oreiller-de-Voyage-Ergonomique-Soya_img7.webp	/soya2/sourcing/img_mkt/comfy_5.img
69	36	33	33	/soya/gallery/05.jpg	/soya_prix/imgs/comfysle_3.img
69	36	33	33	/soya/gallery/16.jpg	/soya2/sourcing/img_mkt/confal_5.img
69	36	33	33	/soya2/sourcing/img_soya/v3_00_18.png	/soya2/sourcing/img_mkt/mic_tnjk_10.webp
69	36	33	33	/soya2/sourcing/img_soya/v3_00_18.png	/soya2/sourcing/img_mkt/mic_tnjk_6.webp
69	36	33	33	/soya2/sourcing/img_soya/v3_00_18.png	/soya2/sourcing/img_mkt/mic_tnjk_9.webp
69	36	33	33	/soya2/sourcing/img_soya/v3_36_34.png	/soya2/sourcing/img_mkt/mic_tnjk_10.webp
69	36	33	33	/soya2/sourcing/img_soya/v3_36_34.png	/soya2/sourcing/img_mkt/mic_tnjk_6.webp
69	36	33	33	/soya2/sourcing/img_soya/v3_36_34.png	/soya2/sourcing/img_mkt/mic_tnjk_9.webp
69	36	33	34	/soya/gallery/36.jpg	/soya2/sourcing/img_mkt/jty_p6036_2.webp
69	36	33	34	/soya/gallery/37.jpg	/soya2/sourcing/img_mkt/jty_p6036_2.webp
69	36	33	34	/soya2/sourcing/img_soya/enf_03_KIDSP1_5.png	/soya2/sourcing/img_mkt/confal_4.img
69	36	33	34	/soya2/sourcing/img_soya/enf_10_KIDS_PINK_1.png	/soya2/sourcing/img_mkt/jty_p6036_2.webp
69	36	33	34	/soya2/sourcing/img_soya/lomb_04_3_9225ca02-f60c-47d3-b26c-49df6ebba454.png	/soya2/sourcing/img_mkt/derila_4.img
69	36	33	35	/soya/gallery/34.jpg	/soya_prix/imgs/comfysle_3.img
69	36	33	35	/soya2/sourcing/img_soya/lomb_02_4-Coussin_Lombaire_Ergonomique_Soya_img3.webp	/soya_prix/imgs/somnilys_1.img
69	36	33	36	/soya/gallery/13.jpg	/soya_prix/imgs/somnilys_1.img
69	36	33	36	/soya/gallery/25.jpg	/soya_prix/imgs/somnilys_1.img
69	36	33	36	/soya2/sourcing/img_soya/enf_00_KIDSP2.jpg	/soya2/sourcing/img_mkt/derila_3.img
69	36	33	37	/soya/gallery/39.jpg	/soya2/sourcing/img_mkt/jty_p6036_6.webp
69	36	33	37	/soya2/sourcing/img_soya/h2_03_2-housse_Oreiller_de_Rechange_Soya_img5.webp	/soya2/sourcing/img_mkt/mic_jty_1.webp
69	36	33	37	/soya2/sourcing/img_soya/regl_01_14-Ensemble_Oreillers_Reglables_img2.webp	/soya2/sourcing/img_mkt/comfy_5.img
69	36	33	38	/soya2/sourcing/img_soya/enf_04_KIDSP1_1.png	/soya_prix/imgs/somnilys_2.img
69	36	33	38	/soya2/sourcing/img_soya/henf_03_KIDSP1_1.png	/soya_prix/imgs/somnilys_2.img
69	36	33	38	/soya2/sourcing/img_soya/lomb_02_4-Coussin_Lombaire_Ergonomique_Soya_img3.webp	/soya2/sourcing/img_mkt/derila_2.img
69	36	33	38	/soya2/sourcing/img_soya/regl_00_14-Ensemble_Oreillers_Reglables_couverture_HD.webp	/soya2/sourcing/img_mkt/comfy_7.img
69	36	33	38	/soya2/sourcing/img_soya/voy_00_9-Oreiller-de-Voyage-Ergonomique-Soyacouverture_HD.webp	/soya_prix/imgs/somnilys_1.img
69	36	33	39	/soya/gallery/02.jpg	/soya2/sourcing/img_mkt/confal_5.img
69	36	33	39	/soya2/sourcing/img_soya/regl_02_14-Ensemble_Oreillers_Reglables_img3.webp	/soya2/sourcing/img_mkt/confal_3.img
69	36	33	39	/soya2/sourcing/img_soya/v1_02_8-Oreiller_Soya_1.0_img3.webp	/soya2/sourcing/img_mkt/derila_6.img
69	36	33	39	/soya2/sourcing/img_soya/v3_32_Soya_3.0_Grey_1.png	/soya2/sourcing/img_mkt/jty_knee_3.webp
69	36	33	40	/soya/gallery/07.jpg	/soya2/sourcing/img_mkt/derila_3.img
69	36	33	40	/soya/gallery/15.jpg	/soya_prix/imgs/htconfort_2.img
69	36	33	40	/soya2/sourcing/img_soya/enf_18_KIDS_YELLOW_2.png	/soya_prix/imgs/somnilys_2.img
69	36	33	40	/soya2/sourcing/img_soya/henf_05_KIDS_YELLOW_2.png	/soya_prix/imgs/somnilys_2.img
69	36	33	41	/soya/gallery/19.jpg	/soya2/sourcing/img_mkt/derila_3.img
69	36	33	41	/soya/gallery/30.jpg	/soya2/sourcing/img_mkt/derila_5.img
69	36	33	41	/soya2/sourcing/img_soya/h2_01_2-housse_Oreiller_de_Rechange_Soya_img4.webp	/soya2/sourcing/img_mkt/mic_tnjk_11.webp
69	36	33	41	/soya2/sourcing/img_soya/h2_01_2-housse_Oreiller_de_Rechange_Soya_img4.webp	/soya2/sourcing/img_mkt/mic_tnjk_4.webp
69	36	33	41	/soya2/sourcing/img_soya/h2_01_2-housse_Oreiller_de_Rechange_Soya_img4.webp	/soya2/sourcing/img_mkt/mic_tnjk_7.webp
69	36	33	41	/soya2/sourcing/img_soya/regl_00_14-Ensemble_Oreillers_Reglables_couverture_HD.webp	/soya2/sourcing/img_mkt/jty_p6036_6.webp
69	36	33	41	/soya2/sourcing/img_soya/v2_03_1-oreiller-soya-2_0_img4_39d31902-82e0-42b3-a8cb-6b71e2ebfe7	/soya2/sourcing/img_mkt/mic_tnjk_11.webp
69	36	33	41	/soya2/sourcing/img_soya/v2_03_1-oreiller-soya-2_0_img4_39d31902-82e0-42b3-a8cb-6b71e2ebfe7	/soya2/sourcing/img_mkt/mic_tnjk_4.webp
69	36	33	41	/soya2/sourcing/img_soya/v2_03_1-oreiller-soya-2_0_img4_39d31902-82e0-42b3-a8cb-6b71e2ebfe7	/soya2/sourcing/img_mkt/mic_tnjk_7.webp
69	36	33	41	/soya2/sourcing/img_soya/v3_34_Soya_3.0_Grey.png	/soya2/sourcing/img_mkt/comfy_2.img
69	36	33	42	/soya/gallery/10.jpg	/soya_prix/imgs/zamatsle_2.img
69	36	33	42	/soya2/sourcing/img_soya/enf_20_KIDS_YELLOW_5.png	/soya_prix/imgs/comfysle_2.img
69	36	33	42	/soya2/sourcing/img_soya/henf_02_KIDS_P_1_3.png	/soya2/sourcing/img_mkt/jty_knee_2.webp
69	36	33	42	/soya2/sourcing/img_soya/v2_05_Oreiller_position_4.png	/soya2/sourcing/img_mkt/confal_5.img
69	36	33	42	/soya2/sourcing/img_soya/v3_00_18.png	/soya_prix/imgs/inphysio_2.img
69	36	33	42	/soya2/sourcing/img_soya/v3_36_34.png	/soya_prix/imgs/inphysio_2.img
69	36	33	42	/soya2/sourcing/img_soya/voy_00_9-Oreiller-de-Voyage-Ergonomique-Soyacouverture_HD.webp	/soya2/sourcing/img_mkt/confal_4.img
69	36	33	43	/soya/gallery/13.jpg	/soya2/sourcing/img_mkt/jty_knee_3.webp
69	36	33	43	/soya2/sourcing/img_soya/v3_30_IMG_9178.png	/soya2/sourcing/img_mkt/confal_2.img
69	36	33	43	/soya2/sourcing/img_soya/v3_30_IMG_9178.png	/soya_prix/imgs/confortalign_2.img
69	36	33	44	/soya2/sourcing/img_soya/enf_20_KIDS_YELLOW_5.png	/soya_prix/imgs/zamatsle_0.img
69	36	33	44	/soya2/sourcing/img_soya/h3_13_Soya_3.0_Grey_2.png	/soya_prix/imgs/somnilys_2.img
69	36	33	44	/soya2/sourcing/img_soya/lomb_04_3_9225ca02-f60c-47d3-b26c-49df6ebba454.png	/soya2/sourcing/img_mkt/mic_jty_8.webp
69	36	33	44	/soya2/sourcing/img_soya/v3_28_Soya_3.0_Grey_2_47c0e3de-4c91-48dd-960e-4a36d6b20353.png	/soya_prix/imgs/somnilys_2.img
69	36	33	45	/soya/gallery/26.jpg	/soya2/sourcing/img_mkt/confal_5.img
69	36	33	45	/soya2/sourcing/img_soya/lomb_03_4_dc2e6161-802a-4c42-a1d6-b9a0a02ce466.png	/soya_prix/imgs/somnilys_0.img
69	36	33	48	/soya2/sourcing/img_soya/enf_19_KIDS_YELLOW_3.png	/soya2/sourcing/img_mkt/derila_6.img
69	36	33	48	/soya2/sourcing/img_soya/voy_04_9-Oreiller-de-Voyage-Ergonomique-Soya_img5.webp	/soya2/sourcing/img_mkt/jty_knee_4.webp
69	36	33	48	/soya2/sourcing/img_soya/voy_05_9-Oreiller-de-Voyage-Ergonomique-Soya_img6.webp	/soya2/sourcing/img_mkt/jty_knee_4.webp
69	36	33	48	/soya2/sourcing/img_soya/voy_06_9-Oreiller-de-Voyage-Ergonomique-Soya_img7.webp	/soya2/sourcing/img_mkt/jty_knee_4.webp
69	36	33	50	/soya2/sourcing/img_soya/v3_00_18.png	/soya2/sourcing/img_mkt/derila_2.img
69	36	33	50	/soya2/sourcing/img_soya/v3_36_34.png	/soya2/sourcing/img_mkt/derila_2.img
69	38	31	27	/soya/gallery/05.jpg	/soya2/sourcing/img_mkt/jty_knee_6.webp
69	38	31	27	/soya2/sourcing/img_soya/v1_00_8-Oreiller_Soya_1.0_couverture_HD.webp	/soya_prix/imgs/somnilys_2.img
69	38	31	27	/soya2/sourcing/img_soya/voy_01_9-Oreiller-de-Voyage-Ergonomique-Soya_img2.webp	/soya2/sourcing/img_mkt/confal_2.img
69	38	31	27	/soya2/sourcing/img_soya/voy_01_9-Oreiller-de-Voyage-Ergonomique-Soya_img2.webp	/soya_prix/imgs/confortalign_2.img
69	38	31	31	/soya2/sourcing/img_soya/enf_09_KIDS_PINK_2.png	/soya2/sourcing/img_mkt/mic_tnjk_10.webp
69	38	31	31	/soya2/sourcing/img_soya/enf_09_KIDS_PINK_2.png	/soya2/sourcing/img_mkt/mic_tnjk_6.webp
69	38	31	31	/soya2/sourcing/img_soya/enf_09_KIDS_PINK_2.png	/soya2/sourcing/img_mkt/mic_tnjk_9.webp
69	38	31	31	/soya2/sourcing/img_soya/regl_02_14-Ensemble_Oreillers_Reglables_img3.webp	/soya2/sourcing/img_mkt/jty_knee_6.webp
69	38	31	32	/soya/gallery/31.jpg	/soya2/sourcing/img_mkt/derila_4.img
69	38	31	34	/soya2/sourcing/img_soya/enf_08_KIDS_PINK_4.png	/soya2/sourcing/img_mkt/mic_jty_2.webp
69	38	31	35	/soya2/sourcing/img_soya/enf_14_KIDS_YELLOW_6.jpg	/soya2/sourcing/img_mkt/derila_3.img
69	38	31	35	/soya2/sourcing/img_soya/v3_27_Firefly_Gemini_Flash_Generate_the_same_image_exactly_as_the_	/soya2/sourcing/img_mkt/derila_3.img
69	38	31	37	/soya/gallery/32.jpg	/soya2/sourcing/img_mkt/comfy_3.img
69	38	31	37	/soya2/sourcing/img_soya/h3_15_7687678_1.png	/soya2/sourcing/img_mkt/jty_p6036_6.webp
69	38	31	38	/soya2/sourcing/img_soya/regl_00_14-Ensemble_Oreillers_Reglables_couverture_HD.webp	/soya2/sourcing/img_mkt/jty_p6036_4.webp
69	38	31	39	/soya/gallery/11.jpg	/soya2/sourcing/img_mkt/derila_2.img
69	38	31	39	/soya2/sourcing/img_soya/enf_15_KIDS_YELLOW_4.png	/soya2/sourcing/img_mkt/comfy_5.img
69	38	31	39	/soya2/sourcing/img_soya/enf_15_KIDS_YELLOW_4.png	/soya_prix/imgs/inphysio_1.img
69	38	31	41	/soya2/sourcing/img_soya/enf_13_KIDS_PINK_3.png	/soya_prix/imgs/zamatsle_2.img
69	38	31	41	/soya2/sourcing/img_soya/enf_18_KIDS_YELLOW_2.png	/soya2/sourcing/img_mkt/derila_4.img
69	38	31	41	/soya2/sourcing/img_soya/henf_05_KIDS_YELLOW_2.png	/soya2/sourcing/img_mkt/derila_4.img
69	38	31	42	/soya2/sourcing/img_soya/enf_13_KIDS_PINK_3.png	/soya_prix/imgs/comfysle_2.img
69	38	31	42	/soya2/sourcing/img_soya/enf_20_KIDS_YELLOW_5.png	/soya_prix/imgs/zamatsle_1.img
69	38	31	43	/soya2/sourcing/img_soya/enf_00_KIDSP2.jpg	/soya2/sourcing/img_mkt/derila_6.img
69	38	31	43	/soya2/sourcing/img_soya/enf_03_KIDSP1_5.png	/soya2/sourcing/img_mkt/comfy_5.img
69	38	31	44	/soya2/sourcing/img_soya/enf_13_KIDS_PINK_3.png	/soya_prix/imgs/zamatsle_0.img
69	38	31	44	/soya2/sourcing/img_soya/enf_20_KIDS_YELLOW_5.png	/soya2/sourcing/img_mkt/derila_0.img
69	38	31	49	/soya2/sourcing/img_soya/v3_25_Soya_3.0_grey_2_2e59cacb-6ebc-4f36-8a81-44478c9d4589.png	/soya2/sourcing/img_mkt/jty_knee_4.webp
69	40	29	40	/soya/gallery/32.jpg	/soya2/sourcing/img_mkt/comfy_1.img
69	40	29	40	/soya/gallery/32.jpg	/soya_prix/imgs/comfysle_1.img
69	40	29	42	/soya2/sourcing/img_soya/enf_13_KIDS_PINK_3.png	/soya_prix/imgs/zamatsle_1.img
69	40	29	43	/soya2/sourcing/img_soya/enf_13_KIDS_PINK_3.png	/soya2/sourcing/img_mkt/comfy_1.img
69	40	29	43	/soya2/sourcing/img_soya/enf_13_KIDS_PINK_3.png	/soya_prix/imgs/comfysle_1.img
69	42	27	38	/soya/gallery/34.jpg	/soya_prix/imgs/zamatsle_3.img
69	44	25	33	/soya2/sourcing/img_soya/v1_02_8-Oreiller_Soya_1.0_img3.webp	/soya2/sourcing/img_mkt/mic_jty_5.webp
70	28	42	27	/soya2/sourcing/img_soya/henf_02_KIDS_P_1_3.png	/soya_prix/imgs/inphysio_1.img
70	30	40	23	/soya2/sourcing/img_soya/lomb_04_3_9225ca02-f60c-47d3-b26c-49df6ebba454.png	/soya2/sourcing/img_mkt/jty_knee_1.webp
70	30	40	25	/soya2/sourcing/img_soya/enf_11_KIDS_PINK_7.png	/soya2/sourcing/img_mkt/confal_2.img
70	30	40	25	/soya2/sourcing/img_soya/enf_11_KIDS_PINK_7.png	/soya_prix/imgs/confortalign_2.img
70	30	40	25	/soya2/sourcing/img_soya/henf_04_KIDS_PINK_7.png	/soya2/sourcing/img_mkt/confal_2.img
70	30	40	25	/soya2/sourcing/img_soya/henf_04_KIDS_PINK_7.png	/soya_prix/imgs/confortalign_2.img
70	30	40	26	/soya2/sourcing/img_soya/enf_18_KIDS_YELLOW_2.png	/soya2/sourcing/img_mkt/jty_knee_4.webp
70	30	40	26	/soya2/sourcing/img_soya/henf_05_KIDS_YELLOW_2.png	/soya2/sourcing/img_mkt/jty_knee_4.webp
70	30	40	27	/soya2/sourcing/img_soya/henf_01_KIDS_P_1_4.png	/soya_prix/imgs/somnilys_1.img
70	30	40	28	/soya/gallery/39.jpg	/soya_prix/imgs/somnilys_0.img
70	30	40	29	/soya2/sourcing/img_soya/enf_13_KIDS_PINK_3.png	/soya2/sourcing/img_mkt/jty_knee_6.webp
70	30	40	31	/soya2/sourcing/img_soya/enf_08_KIDS_PINK_4.png	/soya2/sourcing/img_mkt/confal_1.img
70	30	40	31	/soya2/sourcing/img_soya/enf_08_KIDS_PINK_4.png	/soya_prix/imgs/confortalign_1.img
70	30	40	33	/soya/gallery/01.jpg	/soya_prix/imgs/htconfort_0.img
70	30	40	33	/soya/gallery/12.jpg	/soya_prix/imgs/htconfort_0.img
70	30	40	33	/soya/gallery/24.jpg	/soya_prix/imgs/htconfort_0.img
70	30	40	33	/soya2/sourcing/img_soya/v2_08_11_bf88b3df-377c-4ddb-b78a-cc7a164e7755.png	/soya2/sourcing/img_mkt/jty_p6036_4.webp
70	30	40	33	/soya2/sourcing/img_soya/v3_25_Soya_3.0_grey_2_2e59cacb-6ebc-4f36-8a81-44478c9d4589.png	/soya2/sourcing/img_mkt/mic_jty_1.webp
70	30	40	33	/soya2/sourcing/img_soya/v3_31_Firefly_Gemini_Flash_Generate_the_same_image_exactly_as_the_	/soya_prix/imgs/htconfort_0.img
70	30	40	34	/soya/gallery/03.jpg	/soya_prix/imgs/comfysle_3.img
70	30	40	34	/soya/gallery/14.jpg	/soya_prix/imgs/comfysle_3.img
70	30	40	34	/soya/gallery/27.jpg	/soya_prix/imgs/comfysle_3.img
70	30	40	34	/soya2/sourcing/img_soya/v2_02_1-oreiller-soya-2_0_img3_5f834f33-5e47-49e1-a6a1-34e17f3341b	/soya2/sourcing/img_mkt/mic_jty_1.webp
70	30	40	36	/soya2/sourcing/img_soya/lomb_02_4-Coussin_Lombaire_Ergonomique_Soya_img3.webp	/soya2/sourcing/img_mkt/jty_p6036_6.webp
70	30	40	37	/soya2/sourcing/img_soya/lomb_04_3_9225ca02-f60c-47d3-b26c-49df6ebba454.png	/soya2/sourcing/img_mkt/confal_3.img
70	30	40	38	/soya/gallery/17.jpg	/soya2/sourcing/img_mkt/derila_5.img
70	30	40	39	/soya/gallery/01.jpg	/soya2/sourcing/img_mkt/jty_p6036_4.webp
70	30	40	39	/soya/gallery/12.jpg	/soya2/sourcing/img_mkt/jty_p6036_4.webp
70	30	40	39	/soya/gallery/24.jpg	/soya2/sourcing/img_mkt/jty_p6036_4.webp
70	30	40	40	/soya/gallery/26.jpg	/soya2/sourcing/img_mkt/jty_p6036_6.webp
70	30	40	41	/soya2/sourcing/img_soya/voy_02_9-Oreiller-de-Voyage-Ergonomique-Soya_img3.webp	/soya2/sourcing/img_mkt/derila_3.img
70	30	40	44	/soya2/sourcing/img_soya/v1_02_8-Oreiller_Soya_1.0_img3.webp	/soya2/sourcing/img_mkt/comfy_2.img
70	30	40	45	/soya2/sourcing/img_soya/v1_00_8-Oreiller_Soya_1.0_couverture_HD.webp	/soya2/sourcing/img_mkt/jty_knee_3.webp
70	30	40	47	/soya2/sourcing/img_soya/enf_13_KIDS_PINK_3.png	/soya2/sourcing/img_mkt/comfy_0.img
70	30	40	47	/soya2/sourcing/img_soya/enf_13_KIDS_PINK_3.png	/soya_prix/imgs/comfysle_0.img
70	30	40	47	/soya2/sourcing/img_soya/enf_20_KIDS_YELLOW_5.png	/soya2/sourcing/img_mkt/comfy_0.img
70	30	40	47	/soya2/sourcing/img_soya/enf_20_KIDS_YELLOW_5.png	/soya_prix/imgs/comfysle_0.img
70	32	38	13	/soya2/sourcing/img_soya/v2_06_1-oreiller-soya-2_0_img6_9601dd3b-66d6-4311-b41e-5fd7712bdc1	/soya2/sourcing/img_mkt/mic_jty_3.webp
70	32	38	18	/soya2/sourcing/img_soya/v2_05_Oreiller_position_4.png	/soya2/sourcing/img_mkt/mic_jty_3.webp
70	32	38	18	/soya2/sourcing/img_soya/v3_27_Firefly_Gemini_Flash_Generate_the_same_image_exactly_as_the_	/soya2/sourcing/img_mkt/derila_2.img
70	32	38	21	/soya/gallery/17.jpg	/soya2/sourcing/img_mkt/jty_knee_1.webp
70	32	38	22	/soya2/sourcing/img_soya/enf_08_KIDS_PINK_4.png	/soya2/sourcing/img_mkt/confal_5.img
70	32	38	23	/soya/gallery/33.jpg	/soya_prix/imgs/somnilys_0.img
70	32	38	23	/soya/gallery/38.jpg	/soya_prix/imgs/comfysle_2.img
70	32	38	27	/soya2/sourcing/img_soya/enf_11_KIDS_PINK_7.png	/soya2/sourcing/img_mkt/jty_knee_4.webp
70	32	38	27	/soya2/sourcing/img_soya/henf_04_KIDS_PINK_7.png	/soya2/sourcing/img_mkt/jty_knee_4.webp
70	32	38	27	/soya2/sourcing/img_soya/lomb_01_4-Coussin_Lombaire_Ergonomique_Soya_img2.webp	/soya_prix/imgs/comfysle_0.img
70	32	38	28	/soya2/sourcing/img_soya/enf_04_KIDSP1_1.png	/soya2/sourcing/img_mkt/confal_2.img
70	32	38	28	/soya2/sourcing/img_soya/enf_04_KIDSP1_1.png	/soya2/sourcing/img_mkt/jty_knee_4.webp
70	32	38	28	/soya2/sourcing/img_soya/enf_04_KIDSP1_1.png	/soya_prix/imgs/confortalign_2.img
70	32	38	28	/soya2/sourcing/img_soya/henf_03_KIDSP1_1.png	/soya2/sourcing/img_mkt/confal_2.img
70	32	38	28	/soya2/sourcing/img_soya/henf_03_KIDSP1_1.png	/soya2/sourcing/img_mkt/jty_knee_4.webp
70	32	38	28	/soya2/sourcing/img_soya/henf_03_KIDSP1_1.png	/soya_prix/imgs/confortalign_2.img
70	32	38	28	/soya2/sourcing/img_soya/regl_02_14-Ensemble_Oreillers_Reglables_img3.webp	/soya2/sourcing/img_mkt/comfy_7.img
70	32	38	29	/soya2/sourcing/img_soya/enf_20_KIDS_YELLOW_5.png	/soya2/sourcing/img_mkt/jty_knee_6.webp
70	32	38	29	/soya2/sourcing/img_soya/v1_04_8-Oreiller_Soya_1.0_img5.webp	/soya2/sourcing/img_mkt/mic_jty_8.webp
70	32	38	30	/soya/gallery/32.jpg	/soya2/sourcing/img_mkt/jty_knee_6.webp
70	32	38	31	/soya/gallery/08.jpg	/soya2/sourcing/img_mkt/jty_p6036_1.webp
70	32	38	32	/soya2/sourcing/img_soya/h3_00_13_c9363db8-d780-4903-9a97-df55d0478686.png	/soya2/sourcing/img_mkt/jty_p6036_2.webp
70	32	38	32	/soya2/sourcing/img_soya/h3_12_7687678_3.png	/soya2/sourcing/img_mkt/jty_p6036_2.webp
70	32	38	34	/soya/gallery/23.jpg	/soya2/sourcing/img_mkt/jty_p6036_3.webp
70	32	38	35	/soya2/sourcing/img_soya/v1_03_8-Oreiller_Soya_1.0_img4.webp	/soya2/sourcing/img_mkt/jty_p6036_1.webp
70	32	38	37	/soya/gallery/23.jpg	/soya2/sourcing/img_mkt/derila_3.img
70	32	38	37	/soya2/sourcing/img_soya/enf_13_KIDS_PINK_3.png	/soya2/sourcing/img_mkt/confal_1.img
70	32	38	37	/soya2/sourcing/img_soya/enf_13_KIDS_PINK_3.png	/soya_prix/imgs/confortalign_1.img
70	32	38	38	/soya/gallery/05.jpg	/soya_prix/imgs/zamatsle_1.img
70	32	38	38	/soya2/sourcing/img_soya/v3_00_18.png	/soya_prix/imgs/zamatsle_2.img
70	32	38	38	/soya2/sourcing/img_soya/v3_36_34.png	/soya_prix/imgs/zamatsle_2.img
70	32	38	39	/soya/gallery/03.jpg	/soya2/sourcing/img_mkt/derila_5.img
70	32	38	39	/soya/gallery/03.jpg	/soya_prix/imgs/zamatsle_3.img
70	32	38	39	/soya/gallery/14.jpg	/soya2/sourcing/img_mkt/derila_5.img
70	32	38	39	/soya/gallery/14.jpg	/soya_prix/imgs/zamatsle_3.img
70	32	38	39	/soya/gallery/27.jpg	/soya2/sourcing/img_mkt/derila_5.img
70	32	38	39	/soya/gallery/27.jpg	/soya_prix/imgs/zamatsle_3.img
70	32	38	39	/soya2/sourcing/img_soya/enf_05_KIDSP1_3.jpg	/soya_prix/imgs/zamatsle_3.img
70	32	38	39	/soya2/sourcing/img_soya/enf_19_KIDS_YELLOW_3.png	/soya_prix/imgs/zamatsle_3.img
70	32	38	40	/soya2/sourcing/img_soya/enf_05_KIDSP1_3.jpg	/soya_prix/imgs/inphysio_2.img
70	32	38	42	/soya2/sourcing/img_soya/enf_10_KIDS_PINK_1.png	/soya_prix/imgs/inphysio_1.img
70	32	38	43	/soya/gallery/05.jpg	/soya2/sourcing/img_mkt/mic_jty_5.webp
70	32	38	43	/soya2/sourcing/img_soya/v3_34_Soya_3.0_Grey.png	/soya2/sourcing/img_mkt/jty_knee_2.webp
70	32	38	44	/soya2/sourcing/img_soya/h3_12_7687678_3.png	/soya2/sourcing/img_mkt/mic_jty_5.webp
70	32	38	45	/soya/gallery/29.jpg	/soya2/sourcing/img_mkt/confal_4.img
70	32	38	45	/soya/gallery/39.jpg	/soya2/sourcing/img_mkt/comfy_0.img
70	32	38	48	/soya/gallery/15.jpg	/soya2/sourcing/img_mkt/comfy_0.img
70	32	38	48	/soya/gallery/15.jpg	/soya_prix/imgs/comfysle_0.img
70	32	38	48	/soya2/sourcing/img_soya/enf_13_KIDS_PINK_3.png	/soya2/sourcing/img_mkt/comfy_6.img
70	32	38	48	/soya2/sourcing/img_soya/henf_01_KIDS_P_1_4.png	/soya_prix/imgs/inphysio_2.img
70	32	38	48	/soya2/sourcing/img_soya/v2_00_1-oreiller-soya-2_0HD.webp	/soya2/sourcing/img_mkt/derila_2.img
70	32	38	49	/soya2/sourcing/img_soya/h3_08_15_eb23f129-89f3-4ffc-be96-9e67ce1c745f.png	/soya_prix/imgs/inphysio_2.img
70	34	36	18	/soya2/sourcing/img_soya/lomb_04_3_9225ca02-f60c-47d3-b26c-49df6ebba454.png	/soya2/sourcing/img_mkt/jty_knee_5.webp
70	34	36	18	/soya2/sourcing/img_soya/v3_33_Soya_3.0_Grey_4.png	/soya2/sourcing/img_mkt/comfy_5.img
70	34	36	22	/soya/gallery/02.jpg	/soya2/sourcing/img_mkt/mic_tnjk_11.webp
70	34	36	22	/soya/gallery/02.jpg	/soya2/sourcing/img_mkt/mic_tnjk_4.webp
70	34	36	22	/soya/gallery/02.jpg	/soya2/sourcing/img_mkt/mic_tnjk_7.webp
70	34	36	22	/soya/gallery/04.jpg	/soya2/sourcing/img_mkt/mic_jty_3.webp
70	34	36	22	/soya2/sourcing/img_soya/enf_14_KIDS_YELLOW_6.jpg	/soya2/sourcing/img_mkt/jty_knee_1.webp
70	34	36	23	/soya2/sourcing/img_soya/enf_13_KIDS_PINK_3.png	/soya2/sourcing/img_mkt/comfy_5.img
70	34	36	25	/soya/gallery/08.jpg	/soya2/sourcing/img_mkt/comfy_1.img
70	34	36	25	/soya/gallery/08.jpg	/soya_prix/imgs/comfysle_1.img
70	34	36	25	/soya2/sourcing/img_soya/enf_15_KIDS_YELLOW_4.png	/soya2/sourcing/img_mkt/jty_p6036_6.webp
70	34	36	25	/soya2/sourcing/img_soya/v3_25_Soya_3.0_grey_2_2e59cacb-6ebc-4f36-8a81-44478c9d4589.png	/soya_prix/imgs/somnilys_2.img
70	34	36	26	/soya2/sourcing/img_soya/regl_02_14-Ensemble_Oreillers_Reglables_img3.webp	/soya2/sourcing/img_mkt/mic_jty_8.webp
70	34	36	27	/soya2/sourcing/img_soya/v3_32_Soya_3.0_Grey_1.png	/soya2/sourcing/img_mkt/mic_tnjk_11.webp
70	34	36	27	/soya2/sourcing/img_soya/v3_32_Soya_3.0_Grey_1.png	/soya2/sourcing/img_mkt/mic_tnjk_4.webp
70	34	36	27	/soya2/sourcing/img_soya/v3_32_Soya_3.0_Grey_1.png	/soya2/sourcing/img_mkt/mic_tnjk_7.webp
70	34	36	28	/soya2/sourcing/img_soya/v2_07_1-oreiller-soya-2_0_img7_43909438-1603-4e59-add4-f987f4acd78	/soya2/sourcing/img_mkt/confal_3.img
70	34	36	28	/soya2/sourcing/img_soya/v2_08_11_bf88b3df-377c-4ddb-b78a-cc7a164e7755.png	/soya2/sourcing/img_mkt/jty_p6036_6.webp
70	34	36	28	/soya2/sourcing/img_soya/v3_12_2_782a3829-4b96-451b-93e4-630d8f06e705.png	/soya_prix/imgs/inphysio_2.img
70	34	36	30	/soya/gallery/26.jpg	/soya2/sourcing/img_mkt/jty_p6036_2.webp
70	34	36	30	/soya2/sourcing/img_soya/enf_18_KIDS_YELLOW_2.png	/soya2/sourcing/img_mkt/jty_knee_1.webp
70	34	36	30	/soya2/sourcing/img_soya/henf_05_KIDS_YELLOW_2.png	/soya2/sourcing/img_mkt/jty_knee_1.webp
70	34	36	30	/soya2/sourcing/img_soya/v1_04_8-Oreiller_Soya_1.0_img5.webp	/soya2/sourcing/img_mkt/derila_6.img
70	34	36	30	/soya2/sourcing/img_soya/v3_27_Firefly_Gemini_Flash_Generate_the_same_image_exactly_as_the_	/soya2/sourcing/img_mkt/mic_jty_12.webp
70	34	36	30	/soya2/sourcing/img_soya/voy_04_9-Oreiller-de-Voyage-Ergonomique-Soya_img5.webp	/soya_prix/imgs/somnilys_2.img
70	34	36	30	/soya2/sourcing/img_soya/voy_05_9-Oreiller-de-Voyage-Ergonomique-Soya_img6.webp	/soya_prix/imgs/somnilys_2.img
70	34	36	30	/soya2/sourcing/img_soya/voy_06_9-Oreiller-de-Voyage-Ergonomique-Soya_img7.webp	/soya_prix/imgs/somnilys_2.img
70	34	36	31	/soya/gallery/19.jpg	/soya2/sourcing/img_mkt/mic_tnjk_10.webp
70	34	36	31	/soya/gallery/19.jpg	/soya2/sourcing/img_mkt/mic_tnjk_6.webp
70	34	36	31	/soya/gallery/19.jpg	/soya2/sourcing/img_mkt/mic_tnjk_9.webp
70	34	36	31	/soya2/sourcing/img_soya/lomb_00_4-Coussin_Lombaire_Ergonomique_Soya_couverture_HD.webp	/soya2/sourcing/img_mkt/derila_4.img
70	34	36	32	/soya/gallery/29.jpg	/soya2/sourcing/img_mkt/jty_knee_3.webp
70	34	36	32	/soya2/sourcing/img_soya/v3_30_IMG_9178.png	/soya2/sourcing/img_mkt/comfy_3.img
70	34	36	33	/soya/gallery/17.jpg	/soya_prix/imgs/comfysle_3.img
70	34	36	33	/soya/gallery/30.jpg	/soya2/sourcing/img_mkt/mic_jty_8.webp
70	34	36	33	/soya2/sourcing/img_soya/enf_19_KIDS_YELLOW_3.png	/soya_prix/imgs/somnilys_0.img
70	34	36	34	/soya2/sourcing/img_soya/enf_17_KIDS_YELLOW_1.png	/soya2/sourcing/img_mkt/mic_jty_1.webp
70	34	36	35	/soya2/sourcing/img_soya/enf_08_KIDS_PINK_4.png	/soya2/sourcing/img_mkt/confal_2.img
70	34	36	35	/soya2/sourcing/img_soya/enf_08_KIDS_PINK_4.png	/soya_prix/imgs/confortalign_2.img
70	34	36	36	/soya/gallery/02.jpg	/soya2/sourcing/img_mkt/mic_jty_1.webp
70	34	36	36	/soya/gallery/20.jpg	/soya2/sourcing/img_mkt/jty_knee_6.webp
70	34	36	36	/soya/gallery/36.jpg	/soya2/sourcing/img_mkt/jty_knee_1.webp
70	34	36	36	/soya/gallery/37.jpg	/soya2/sourcing/img_mkt/jty_knee_1.webp
70	34	36	36	/soya2/sourcing/img_soya/v3_24_SOYA_3.0_Grey-2.jpg	/soya_prix/imgs/inphysio_2.img
70	34	36	37	/soya/gallery/04.jpg	/soya2/sourcing/img_mkt/derila_1.img
70	34	36	37	/soya2/sourcing/img_soya/regl_02_14-Ensemble_Oreillers_Reglables_img3.webp	/soya2/sourcing/img_mkt/mic_tnjk_11.webp
70	34	36	37	/soya2/sourcing/img_soya/regl_02_14-Ensemble_Oreillers_Reglables_img3.webp	/soya2/sourcing/img_mkt/mic_tnjk_4.webp
70	34	36	37	/soya2/sourcing/img_soya/regl_02_14-Ensemble_Oreillers_Reglables_img3.webp	/soya2/sourcing/img_mkt/mic_tnjk_7.webp
70	34	36	37	/soya2/sourcing/img_soya/v3_31_Firefly_Gemini_Flash_Generate_the_same_image_exactly_as_the_	/soya2/sourcing/img_mkt/jty_p6036_4.webp
70	34	36	37	/soya2/sourcing/img_soya/v3_33_Soya_3.0_Grey_4.png	/soya_prix/imgs/zamatsle_3.img
70	34	36	38	/soya2/sourcing/img_soya/regl_02_14-Ensemble_Oreillers_Reglables_img3.webp	/soya2/sourcing/img_mkt/derila_3.img
70	34	36	39	/soya2/sourcing/img_soya/h3_08_15_eb23f129-89f3-4ffc-be96-9e67ce1c745f.png	/soya2/sourcing/img_mkt/confal_3.img
70	34	36	39	/soya2/sourcing/img_soya/v2_06_1-oreiller-soya-2_0_img6_9601dd3b-66d6-4311-b41e-5fd7712bdc1	/soya2/sourcing/img_mkt/derila_0.img
70	34	36	40	/soya/gallery/35.jpg	/soya2/sourcing/img_mkt/mic_jty_1.webp
70	34	36	40	/soya2/sourcing/img_soya/lomb_00_4-Coussin_Lombaire_Ergonomique_Soya_couverture_HD.webp	/soya2/sourcing/img_mkt/mic_jty_5.webp
70	34	36	40	/soya2/sourcing/img_soya/v2_07_1-oreiller-soya-2_0_img7_43909438-1603-4e59-add4-f987f4acd78	/soya2/sourcing/img_mkt/comfy_0.img
70	34	36	41	/soya2/sourcing/img_soya/henf_02_KIDS_P_1_3.png	/soya2/sourcing/img_mkt/confal_3.img
70	34	36	41	/soya2/sourcing/img_soya/v1_02_8-Oreiller_Soya_1.0_img3.webp	/soya2/sourcing/img_mkt/confal_1.img
70	34	36	41	/soya2/sourcing/img_soya/v1_02_8-Oreiller_Soya_1.0_img3.webp	/soya_prix/imgs/confortalign_1.img
70	34	36	41	/soya2/sourcing/img_soya/v1_02_8-Oreiller_Soya_1.0_img3.webp	/soya_prix/imgs/inphysio_2.img
70	34	36	42	/soya2/sourcing/img_soya/enf_13_KIDS_PINK_3.png	/soya2/sourcing/img_mkt/derila_5.img
70	34	36	43	/soya/gallery/15.jpg	/soya_prix/imgs/somnilys_0.img
70	34	36	43	/soya2/sourcing/img_soya/v2_04_1-oreiller-soya-2_0_img5_a8a3199e-0071-4043-a899-f89baff5294	/soya2/sourcing/img_mkt/jty_knee_3.webp
70	34	36	43	/soya2/sourcing/img_soya/v3_34_Soya_3.0_Grey.png	/soya2/sourcing/img_mkt/jty_p6036_4.webp
70	34	36	44	/soya2/sourcing/img_soya/regl_00_14-Ensemble_Oreillers_Reglables_couverture_HD.webp	/soya2/sourcing/img_mkt/confal_5.img
70	34	36	44	/soya2/sourcing/img_soya/v2_01_1-oreiller-soya-2_0_img2_7d72b6af-35c7-4427-8f15-843f227d977	/soya_prix/imgs/somnilys_1.img
70	34	36	45	/soya2/sourcing/img_soya/enf_13_KIDS_PINK_3.png	/soya_prix/imgs/htconfort_1.img
70	34	36	45	/soya2/sourcing/img_soya/v3_35_SOYA_3.0_Grey_1.jpg	/soya2/sourcing/img_mkt/derila_6.img
70	34	36	46	/soya2/sourcing/img_soya/h3_08_15_eb23f129-89f3-4ffc-be96-9e67ce1c745f.png	/soya_prix/imgs/inphysio_0.img
70	34	36	48	/soya/gallery/04.jpg	/soya2/sourcing/img_mkt/mic_jty_8.webp
70	34	36	48	/soya2/sourcing/img_soya/v3_24_SOYA_3.0_Grey-2.jpg	/soya2/sourcing/img_mkt/jty_knee_3.webp
70	34	36	49	/soya2/sourcing/img_soya/h3_04_14_feded688-a4ff-4333-8fba-e9a2e53c877a.png	/soya_prix/imgs/inphysio_2.img
70	34	36	49	/soya2/sourcing/img_soya/v3_42_41.1.png	/soya_prix/imgs/htconfort_2.img
70	34	36	50	/soya/gallery/36.jpg	/soya2/sourcing/img_mkt/comfy_5.img
70	34	36	50	/soya/gallery/37.jpg	/soya2/sourcing/img_mkt/comfy_5.img
70	34	36	50	/soya2/sourcing/img_soya/enf_07_KIDS_PINK_6.jpg	/soya2/sourcing/img_mkt/comfy_6.img
70	36	34	14	/soya2/sourcing/img_soya/lomb_00_4-Coussin_Lombaire_Ergonomique_Soya_couverture_HD.webp	/soya2/sourcing/img_mkt/jty_p6036_1.webp
70	36	34	19	/soya2/sourcing/img_soya/enf_01_KIDSP1_4.jpg	/soya_prix/imgs/zamatsle_0.img
70	36	34	22	/soya/gallery/29.jpg	/soya2/sourcing/img_mkt/confal_1.img
70	36	34	22	/soya/gallery/29.jpg	/soya_prix/imgs/confortalign_1.img
70	36	34	23	/soya2/sourcing/img_soya/v2_08_11_bf88b3df-377c-4ddb-b78a-cc7a164e7755.png	/soya_prix/imgs/htconfort_0.img
70	36	34	24	/soya2/sourcing/img_soya/enf_01_KIDSP1_4.jpg	/soya2/sourcing/img_mkt/mic_tnjk_11.webp
70	36	34	24	/soya2/sourcing/img_soya/enf_01_KIDSP1_4.jpg	/soya2/sourcing/img_mkt/mic_tnjk_4.webp
70	36	34	24	/soya2/sourcing/img_soya/enf_01_KIDSP1_4.jpg	/soya2/sourcing/img_mkt/mic_tnjk_7.webp
70	36	34	24	/soya2/sourcing/img_soya/v2_08_11_bf88b3df-377c-4ddb-b78a-cc7a164e7755.png	/soya_prix/imgs/zamatsle_2.img
70	36	34	27	/soya/gallery/20.jpg	/soya_prix/imgs/zamatsle_3.img
70	36	34	27	/soya2/sourcing/img_soya/enf_15_KIDS_YELLOW_4.png	/soya2/sourcing/img_mkt/mic_tnjk_11.webp
70	36	34	27	/soya2/sourcing/img_soya/enf_15_KIDS_YELLOW_4.png	/soya2/sourcing/img_mkt/mic_tnjk_4.webp
70	36	34	27	/soya2/sourcing/img_soya/enf_15_KIDS_YELLOW_4.png	/soya2/sourcing/img_mkt/mic_tnjk_7.webp
70	36	34	27	/soya2/sourcing/img_soya/v3_25_Soya_3.0_grey_2_2e59cacb-6ebc-4f36-8a81-44478c9d4589.png	/soya2/sourcing/img_mkt/mic_tnjk_11.webp
70	36	34	27	/soya2/sourcing/img_soya/v3_25_Soya_3.0_grey_2_2e59cacb-6ebc-4f36-8a81-44478c9d4589.png	/soya2/sourcing/img_mkt/mic_tnjk_4.webp
70	36	34	27	/soya2/sourcing/img_soya/v3_25_Soya_3.0_grey_2_2e59cacb-6ebc-4f36-8a81-44478c9d4589.png	/soya2/sourcing/img_mkt/mic_tnjk_7.webp
70	36	34	28	/soya2/sourcing/img_soya/h3_04_14_feded688-a4ff-4333-8fba-e9a2e53c877a.png	/soya_prix/imgs/somnilys_1.img
70	36	34	28	/soya2/sourcing/img_soya/h3_08_15_eb23f129-89f3-4ffc-be96-9e67ce1c745f.png	/soya_prix/imgs/somnilys_1.img
70	36	34	31	/soya2/sourcing/img_soya/v3_27_Firefly_Gemini_Flash_Generate_the_same_image_exactly_as_the_	/soya2/sourcing/img_mkt/comfy_4.img
70	36	34	32	/soya/gallery/05.jpg	/soya2/sourcing/img_mkt/comfy_3.img
70	36	34	32	/soya/gallery/23.jpg	/soya2/sourcing/img_mkt/derila_6.img
70	36	34	32	/soya2/sourcing/img_soya/h3_04_14_feded688-a4ff-4333-8fba-e9a2e53c877a.png	/soya2/sourcing/img_mkt/mic_tnjk_10.webp
70	36	34	32	/soya2/sourcing/img_soya/h3_04_14_feded688-a4ff-4333-8fba-e9a2e53c877a.png	/soya2/sourcing/img_mkt/mic_tnjk_6.webp
70	36	34	32	/soya2/sourcing/img_soya/h3_04_14_feded688-a4ff-4333-8fba-e9a2e53c877a.png	/soya2/sourcing/img_mkt/mic_tnjk_9.webp
70	36	34	33	/soya/gallery/10.jpg	/soya2/sourcing/img_mkt/comfy_6.img
70	36	34	34	/soya2/sourcing/img_soya/v2_05_Oreiller_position_4.png	/soya2/sourcing/img_mkt/comfy_3.img
70	36	34	34	/soya2/sourcing/img_soya/v2_05_Oreiller_position_4.png	/soya2/sourcing/img_mkt/jty_knee_2.webp
70	36	34	34	/soya2/sourcing/img_soya/v3_42_41.1.png	/soya2/sourcing/img_mkt/comfy_3.img
70	36	34	35	/soya2/sourcing/img_soya/h3_15_7687678_1.png	/soya2/sourcing/img_mkt/jty_knee_1.webp
70	36	34	36	/soya2/sourcing/img_soya/v2_00_1-oreiller-soya-2_0HD.webp	/soya2/sourcing/img_mkt/confal_1.img
70	36	34	36	/soya2/sourcing/img_soya/v2_00_1-oreiller-soya-2_0HD.webp	/soya_prix/imgs/confortalign_1.img
70	36	34	37	/soya/gallery/10.jpg	/soya2/sourcing/img_mkt/confal_5.img
70	36	34	37	/soya2/sourcing/img_soya/enf_07_KIDS_PINK_6.jpg	/soya_prix/imgs/inphysio_2.img
70	36	34	37	/soya2/sourcing/img_soya/enf_15_KIDS_YELLOW_4.png	/soya2/sourcing/img_mkt/derila_6.img
70	36	34	37	/soya2/sourcing/img_soya/v3_12_2_782a3829-4b96-451b-93e4-630d8f06e705.png	/soya2/sourcing/img_mkt/derila_5.img
70	36	34	38	/soya2/sourcing/img_soya/v1_02_8-Oreiller_Soya_1.0_img3.webp	/soya2/sourcing/img_mkt/comfy_6.img
70	36	34	38	/soya2/sourcing/img_soya/v1_04_8-Oreiller_Soya_1.0_img5.webp	/soya_prix/imgs/somnilys_2.img
70	36	34	38	/soya2/sourcing/img_soya/v3_00_18.png	/soya2/sourcing/img_mkt/comfy_1.img
70	36	34	38	/soya2/sourcing/img_soya/v3_00_18.png	/soya_prix/imgs/comfysle_1.img
70	36	34	38	/soya2/sourcing/img_soya/v3_36_34.png	/soya2/sourcing/img_mkt/comfy_1.img
70	36	34	38	/soya2/sourcing/img_soya/v3_36_34.png	/soya_prix/imgs/comfysle_1.img
70	36	34	39	/soya/gallery/15.jpg	/soya2/sourcing/img_mkt/mic_tnjk_10.webp
70	36	34	39	/soya/gallery/15.jpg	/soya2/sourcing/img_mkt/mic_tnjk_6.webp
70	36	34	39	/soya/gallery/15.jpg	/soya2/sourcing/img_mkt/mic_tnjk_9.webp
70	36	34	39	/soya/gallery/20.jpg	/soya_prix/imgs/somnilys_1.img
70	36	34	39	/soya2/sourcing/img_soya/enf_03_KIDSP1_5.png	/soya2/sourcing/img_mkt/confal_0.img
70	36	34	39	/soya2/sourcing/img_soya/enf_03_KIDSP1_5.png	/soya_prix/imgs/confortalign_0.img
70	36	34	40	/soya/gallery/05.jpg	/soya_prix/imgs/zamatsle_0.img
70	36	34	40	/soya/gallery/10.jpg	/soya2/sourcing/img_mkt/comfy_5.img
70	36	34	40	/soya2/sourcing/img_soya/enf_03_KIDSP1_5.png	/soya2/sourcing/img_mkt/derila_4.img
70	36	34	40	/soya2/sourcing/img_soya/enf_06_KIDSP1_1.jpg	/soya_prix/imgs/zamatsle_2.img
70	36	34	40	/soya2/sourcing/img_soya/enf_08_KIDS_PINK_4.png	/soya_prix/imgs/somnilys_1.img
70	36	34	40	/soya2/sourcing/img_soya/v3_00_18.png	/soya2/sourcing/img_mkt/derila_1.img
70	36	34	40	/soya2/sourcing/img_soya/v3_34_Soya_3.0_Grey.png	/soya_prix/imgs/htconfort_2.img
70	36	34	40	/soya2/sourcing/img_soya/v3_36_34.png	/soya2/sourcing/img_mkt/derila_1.img
70	36	34	41	/soya/gallery/04.jpg	/soya2/sourcing/img_mkt/mic_jty_5.webp
70	36	34	41	/soya/gallery/11.jpg	/soya2/sourcing/img_mkt/mic_jty_5.webp
70	36	34	41	/soya2/sourcing/img_soya/v2_05_Oreiller_position_4.png	/soya2/sourcing/img_mkt/derila_6.img
70	36	34	41	/soya2/sourcing/img_soya/v3_12_2_782a3829-4b96-451b-93e4-630d8f06e705.png	/soya2/sourcing/img_mkt/jty_knee_5.webp
70	36	34	42	/soya2/sourcing/img_soya/enf_20_KIDS_YELLOW_5.png	/soya2/sourcing/img_mkt/comfy_2.img
70	36	34	42	/soya2/sourcing/img_soya/lomb_00_4-Coussin_Lombaire_Ergonomique_Soya_couverture_HD.webp	/soya2/sourcing/img_mkt/derila_1.img
70	36	34	43	/soya2/sourcing/img_soya/enf_03_KIDSP1_5.png	/soya2/sourcing/img_mkt/jty_p6036_1.webp
70	36	34	43	/soya2/sourcing/img_soya/enf_06_KIDSP1_1.jpg	/soya_prix/imgs/comfysle_2.img
70	36	34	43	/soya2/sourcing/img_soya/enf_06_KIDSP1_1.jpg	/soya_prix/imgs/zamatsle_0.img
70	36	34	43	/soya2/sourcing/img_soya/regl_00_14-Ensemble_Oreillers_Reglables_couverture_HD.webp	/soya2/sourcing/img_mkt/jty_knee_3.webp
70	36	34	44	/soya2/sourcing/img_soya/v3_32_Soya_3.0_Grey_1.png	/soya2/sourcing/img_mkt/jty_p6036_4.webp
70	36	34	45	/soya2/sourcing/img_soya/henf_00_KIDS_P_1_2.png	/soya_prix/imgs/inphysio_0.img
70	36	34	45	/soya2/sourcing/img_soya/henf_01_KIDS_P_1_4.png	/soya_prix/imgs/inphysio_0.img
70	36	34	46	/soya/gallery/35.jpg	/soya2/sourcing/img_mkt/derila_6.img
70	36	34	48	/soya/gallery/02.jpg	/soya_prix/imgs/htconfort_2.img
70	36	34	48	/soya2/sourcing/img_soya/v3_31_Firefly_Gemini_Flash_Generate_the_same_image_exactly_as_the_	/soya2/sourcing/img_mkt/derila_6.img
70	36	34	48	/soya2/sourcing/img_soya/voy_03_9-Oreiller-de-Voyage-Ergonomique-Soya_img4.webp	/soya2/sourcing/img_mkt/jty_knee_4.webp
70	36	34	49	/soya/gallery/30.jpg	/soya_prix/imgs/htconfort_0.img
70	36	34	49	/soya2/sourcing/img_soya/v2_06_1-oreiller-soya-2_0_img6_9601dd3b-66d6-4311-b41e-5fd7712bdc1	/soya2/sourcing/img_mkt/mic_jty_8.webp
70	38	32	22	/soya2/sourcing/img_soya/henf_01_KIDS_P_1_4.png	/soya2/sourcing/img_mkt/comfy_5.img
70	38	32	23	/soya2/sourcing/img_soya/henf_02_KIDS_P_1_3.png	/soya2/sourcing/img_mkt/comfy_5.img
70	38	32	24	/soya/gallery/38.jpg	/soya2/sourcing/img_mkt/derila_1.img
70	38	32	24	/soya2/sourcing/img_soya/v3_25_Soya_3.0_grey_2_2e59cacb-6ebc-4f36-8a81-44478c9d4589.png	/soya2/sourcing/img_mkt/comfy_7.img
70	38	32	25	/soya2/sourcing/img_soya/enf_18_KIDS_YELLOW_2.png	/soya2/sourcing/img_mkt/comfy_2.img
70	38	32	25	/soya2/sourcing/img_soya/henf_05_KIDS_YELLOW_2.png	/soya2/sourcing/img_mkt/comfy_2.img
70	38	32	25	/soya2/sourcing/img_soya/voy_02_9-Oreiller-de-Voyage-Ergonomique-Soya_img3.webp	/soya2/sourcing/img_mkt/jty_p6036_4.webp
70	38	32	26	/soya2/sourcing/img_soya/v2_08_11_bf88b3df-377c-4ddb-b78a-cc7a164e7755.png	/soya2/sourcing/img_mkt/derila_1.img
70	38	32	27	/soya/gallery/17.jpg	/soya2/sourcing/img_mkt/jty_knee_6.webp
70	38	32	29	/soya/gallery/36.jpg	/soya_prix/imgs/somnilys_1.img
70	38	32	29	/soya/gallery/37.jpg	/soya_prix/imgs/somnilys_1.img
70	38	32	30	/soya2/sourcing/img_soya/enf_17_KIDS_YELLOW_1.png	/soya2/sourcing/img_mkt/jty_p6036_2.webp
70	38	32	32	/soya/gallery/06.jpg	/soya2/sourcing/img_mkt/mic_jty_8.webp
70	38	32	32	/soya/gallery/07.jpg	/soya2/sourcing/img_mkt/mic_tnjk_10.webp
70	38	32	32	/soya/gallery/07.jpg	/soya2/sourcing/img_mkt/mic_tnjk_6.webp
70	38	32	32	/soya/gallery/07.jpg	/soya2/sourcing/img_mkt/mic_tnjk_9.webp
70	38	32	32	/soya/gallery/18.jpg	/soya2/sourcing/img_mkt/mic_jty_8.webp
70	38	32	32	/soya/gallery/22.jpg	/soya2/sourcing/img_mkt/mic_jty_8.webp
70	38	32	32	/soya/gallery/28.jpg	/soya2/sourcing/img_mkt/mic_jty_8.webp
70	38	32	32	/soya2/sourcing/img_soya/enf_15_KIDS_YELLOW_4.png	/soya2/sourcing/img_mkt/mic_jty_2.webp
70	38	32	32	/soya2/sourcing/img_soya/h2_02_2-housse_Oreiller_de_Rechange_Soya_img3.webp	/soya2/sourcing/img_mkt/jty_knee_6.webp
70	38	32	32	/soya2/sourcing/img_soya/henf_02_KIDS_P_1_3.png	/soya2/sourcing/img_mkt/mic_tnjk_10.webp
70	38	32	32	/soya2/sourcing/img_soya/henf_02_KIDS_P_1_3.png	/soya2/sourcing/img_mkt/mic_tnjk_6.webp
70	38	32	32	/soya2/sourcing/img_soya/henf_02_KIDS_P_1_3.png	/soya2/sourcing/img_mkt/mic_tnjk_9.webp
70	38	32	33	/soya2/sourcing/img_soya/henf_00_KIDS_P_1_2.png	/soya2/sourcing/img_mkt/mic_tnjk_10.webp
70	38	32	33	/soya2/sourcing/img_soya/henf_00_KIDS_P_1_2.png	/soya2/sourcing/img_mkt/mic_tnjk_6.webp
70	38	32	33	/soya2/sourcing/img_soya/henf_00_KIDS_P_1_2.png	/soya2/sourcing/img_mkt/mic_tnjk_9.webp
70	38	32	33	/soya2/sourcing/img_soya/henf_01_KIDS_P_1_4.png	/soya2/sourcing/img_mkt/mic_tnjk_10.webp
70	38	32	33	/soya2/sourcing/img_soya/henf_01_KIDS_P_1_4.png	/soya2/sourcing/img_mkt/mic_tnjk_6.webp
70	38	32	33	/soya2/sourcing/img_soya/henf_01_KIDS_P_1_4.png	/soya2/sourcing/img_mkt/mic_tnjk_9.webp
70	38	32	33	/soya2/sourcing/img_soya/regl_00_14-Ensemble_Oreillers_Reglables_couverture_HD.webp	/soya2/sourcing/img_mkt/confal_1.img
70	38	32	33	/soya2/sourcing/img_soya/regl_00_14-Ensemble_Oreillers_Reglables_couverture_HD.webp	/soya_prix/imgs/confortalign_1.img
70	38	32	34	/soya/gallery/23.jpg	/soya_prix/imgs/zamatsle_2.img
70	38	32	35	/soya2/sourcing/img_soya/v2_01_1-oreiller-soya-2_0_img2_7d72b6af-35c7-4427-8f15-843f227d977	/soya_prix/imgs/inphysio_1.img
70	38	32	36	/soya/gallery/23.jpg	/soya2/sourcing/img_mkt/mic_tnjk_11.webp
70	38	32	36	/soya/gallery/23.jpg	/soya2/sourcing/img_mkt/mic_tnjk_4.webp
70	38	32	36	/soya/gallery/23.jpg	/soya2/sourcing/img_mkt/mic_tnjk_7.webp
70	38	32	37	/soya/gallery/07.jpg	/soya2/sourcing/img_mkt/jty_knee_6.webp
70	38	32	37	/soya2/sourcing/img_soya/lomb_02_4-Coussin_Lombaire_Ergonomique_Soya_img3.webp	/soya_prix/imgs/htconfort_0.img
70	38	32	37	/soya2/sourcing/img_soya/v2_04_1-oreiller-soya-2_0_img5_a8a3199e-0071-4043-a899-f89baff5294	/soya2/sourcing/img_mkt/derila_2.img
70	38	32	38	/soya/gallery/32.jpg	/soya_prix/imgs/comfysle_3.img
70	38	32	39	/soya/gallery/32.jpg	/soya2/sourcing/img_mkt/derila_5.img
70	38	32	41	/soya/gallery/39.jpg	/soya2/sourcing/img_mkt/jty_knee_3.webp
70	38	32	41	/soya2/sourcing/img_soya/enf_06_KIDSP1_1.jpg	/soya_prix/imgs/zamatsle_1.img
70	38	32	42	/soya2/sourcing/img_soya/enf_06_KIDSP1_1.jpg	/soya2/sourcing/img_mkt/comfy_1.img
70	38	32	42	/soya2/sourcing/img_soya/enf_06_KIDSP1_1.jpg	/soya_prix/imgs/comfysle_1.img
70	38	32	42	/soya2/sourcing/img_soya/enf_07_KIDS_PINK_6.jpg	/soya2/sourcing/img_mkt/confal_5.img
70	38	32	42	/soya2/sourcing/img_soya/enf_13_KIDS_PINK_3.png	/soya2/sourcing/img_mkt/comfy_2.img
70	38	32	43	/soya2/sourcing/img_soya/h3_00_13_c9363db8-d780-4903-9a97-df55d0478686.png	/soya2/sourcing/img_mkt/jty_knee_2.webp
70	38	32	43	/soya2/sourcing/img_soya/v1_04_8-Oreiller_Soya_1.0_img5.webp	/soya2/sourcing/img_mkt/derila_3.img
70	38	32	46	/soya2/sourcing/img_soya/v3_24_SOYA_3.0_Grey-2.jpg	/soya2/sourcing/img_mkt/confal_2.img
70	38	32	46	/soya2/sourcing/img_soya/v3_24_SOYA_3.0_Grey-2.jpg	/soya_prix/imgs/confortalign_2.img
70	38	32	50	/soya/gallery/05.jpg	/soya_prix/imgs/comfysle_2.img
70	38	32	51	/soya2/sourcing/img_soya/lomb_04_3_9225ca02-f60c-47d3-b26c-49df6ebba454.png	/soya2/sourcing/img_mkt/derila_2.img
70	38	32	56	/soya/gallery/30.jpg	/soya_prix/imgs/zamatsle_2.img
70	40	30	29	/soya2/sourcing/img_soya/lomb_01_4-Coussin_Lombaire_Ergonomique_Soya_img2.webp	/soya2/sourcing/img_mkt/jty_knee_3.webp
70	40	30	32	/soya2/sourcing/img_soya/voy_01_9-Oreiller-de-Voyage-Ergonomique-Soya_img2.webp	/soya2/sourcing/img_mkt/derila_4.img
70	40	30	41	/soya/gallery/26.jpg	/soya_prix/imgs/zamatsle_1.img
70	40	30	45	/soya2/sourcing/img_soya/v1_00_8-Oreiller_Soya_1.0_couverture_HD.webp	/soya2/sourcing/img_mkt/comfy_0.img
70	40	30	45	/soya2/sourcing/img_soya/v1_00_8-Oreiller_Soya_1.0_couverture_HD.webp	/soya_prix/imgs/comfysle_0.img
70	40	30	55	/soya2/sourcing/img_soya/lomb_04_3_9225ca02-f60c-47d3-b26c-49df6ebba454.png	/soya_prix/imgs/htconfort_1.img
70	42	28	33	/soya/gallery/04.jpg	/soya2/sourcing/img_mkt/comfy_1.img
70	42	28	33	/soya/gallery/04.jpg	/soya_prix/imgs/comfysle_1.img
70	42	28	38	/soya2/sourcing/img_soya/v1_03_8-Oreiller_Soya_1.0_img4.webp	/soya2/sourcing/img_mkt/mic_jty_2.webp
70	42	28	48	/soya2/sourcing/img_soya/lomb_04_3_9225ca02-f60c-47d3-b26c-49df6ebba454.png	/soya_prix/imgs/inphysio_0.img
70	46	24	37	/soya/gallery/32.jpg	/soya_prix/imgs/zamatsle_3.img
71	26	45	16	/soya2/sourcing/img_soya/lomb_03_4_dc2e6161-802a-4c42-a1d6-b9a0a02ce466.png	/soya2/sourcing/img_mkt/jty_knee_1.webp
71	28	43	32	/soya2/sourcing/img_soya/enf_07_KIDS_PINK_6.jpg	/soya2/sourcing/img_mkt/jty_knee_2.webp
71	28	43	38	/soya2/sourcing/img_soya/enf_16_KIDS_YELLOW_7.png	/soya_prix/imgs/somnilys_1.img
71	28	43	38	/soya2/sourcing/img_soya/v1_00_8-Oreiller_Soya_1.0_couverture_HD.webp	/soya_prix/imgs/zamatsle_1.img
71	30	41	20	/soya/gallery/33.jpg	/soya2/sourcing/img_mkt/comfy_1.img
71	30	41	20	/soya/gallery/33.jpg	/soya_prix/imgs/comfysle_1.img
71	30	41	33	/soya/gallery/03.jpg	/soya2/sourcing/img_mkt/comfy_3.img
71	30	41	33	/soya/gallery/14.jpg	/soya2/sourcing/img_mkt/comfy_3.img
71	30	41	33	/soya/gallery/27.jpg	/soya2/sourcing/img_mkt/comfy_3.img
71	30	41	33	/soya2/sourcing/img_soya/enf_03_KIDSP1_5.png	/soya2/sourcing/img_mkt/mic_jty_12.webp
71	30	41	33	/soya2/sourcing/img_soya/enf_14_KIDS_YELLOW_6.jpg	/soya2/sourcing/img_mkt/jty_knee_2.webp
71	30	41	33	/soya2/sourcing/img_soya/lomb_01_4-Coussin_Lombaire_Ergonomique_Soya_img2.webp	/soya_prix/imgs/htconfort_2.img
71	30	41	33	/soya2/sourcing/img_soya/regl_01_14-Ensemble_Oreillers_Reglables_img2.webp	/soya2/sourcing/img_mkt/confal_2.img
71	30	41	33	/soya2/sourcing/img_soya/regl_01_14-Ensemble_Oreillers_Reglables_img2.webp	/soya_prix/imgs/confortalign_2.img
71	30	41	34	/soya2/sourcing/img_soya/h3_00_13_c9363db8-d780-4903-9a97-df55d0478686.png	/soya_prix/imgs/inphysio_1.img
71	30	41	36	/soya2/sourcing/img_soya/v3_30_IMG_9178.png	/soya2/sourcing/img_mkt/jty_knee_5.webp
71	30	41	39	/soya/gallery/10.jpg	/soya2/sourcing/img_mkt/derila_4.img
71	30	41	39	/soya2/sourcing/img_soya/v1_03_8-Oreiller_Soya_1.0_img4.webp	/soya2/sourcing/img_mkt/confal_2.img
71	30	41	39	/soya2/sourcing/img_soya/v1_03_8-Oreiller_Soya_1.0_img4.webp	/soya_prix/imgs/confortalign_2.img
71	30	41	44	/soya2/sourcing/img_soya/v1_02_8-Oreiller_Soya_1.0_img3.webp	/soya_prix/imgs/comfysle_2.img
71	32	39	21	/soya2/sourcing/img_soya/enf_00_KIDSP2.jpg	/soya2/sourcing/img_mkt/mic_tnjk_11.webp
71	32	39	21	/soya2/sourcing/img_soya/enf_00_KIDSP2.jpg	/soya2/sourcing/img_mkt/mic_tnjk_4.webp
71	32	39	21	/soya2/sourcing/img_soya/enf_00_KIDSP2.jpg	/soya2/sourcing/img_mkt/mic_tnjk_7.webp
71	32	39	23	/soya/gallery/34.jpg	/soya2/sourcing/img_mkt/jty_knee_1.webp
71	32	39	23	/soya2/sourcing/img_soya/v3_32_Soya_3.0_Grey_1.png	/soya_prix/imgs/inphysio_1.img
71	32	39	24	/soya2/sourcing/img_soya/henf_00_KIDS_P_1_2.png	/soya2/sourcing/img_mkt/mic_tnjk_11.webp
71	32	39	24	/soya2/sourcing/img_soya/henf_00_KIDS_P_1_2.png	/soya2/sourcing/img_mkt/mic_tnjk_4.webp
71	32	39	24	/soya2/sourcing/img_soya/henf_00_KIDS_P_1_2.png	/soya2/sourcing/img_mkt/mic_tnjk_7.webp
71	32	39	24	/soya2/sourcing/img_soya/henf_01_KIDS_P_1_4.png	/soya2/sourcing/img_mkt/mic_tnjk_11.webp
71	32	39	24	/soya2/sourcing/img_soya/henf_01_KIDS_P_1_4.png	/soya2/sourcing/img_mkt/mic_tnjk_4.webp
71	32	39	24	/soya2/sourcing/img_soya/henf_01_KIDS_P_1_4.png	/soya2/sourcing/img_mkt/mic_tnjk_7.webp
71	32	39	24	/soya2/sourcing/img_soya/v2_06_1-oreiller-soya-2_0_img6_9601dd3b-66d6-4311-b41e-5fd7712bdc1	/soya_prix/imgs/inphysio_1.img
71	32	39	24	/soya2/sourcing/img_soya/v3_27_Firefly_Gemini_Flash_Generate_the_same_image_exactly_as_the_	/soya_prix/imgs/htconfort_2.img
71	32	39	25	/soya2/sourcing/img_soya/enf_11_KIDS_PINK_7.png	/soya2/sourcing/img_mkt/derila_6.img
71	32	39	25	/soya2/sourcing/img_soya/henf_04_KIDS_PINK_7.png	/soya2/sourcing/img_mkt/derila_6.img
71	32	39	29	/soya/gallery/08.jpg	/soya2/sourcing/img_mkt/derila_2.img
71	32	39	29	/soya2/sourcing/img_soya/h2_02_2-housse_Oreiller_de_Rechange_Soya_img3.webp	/soya2/sourcing/img_mkt/comfy_7.img
71	32	39	30	/soya2/sourcing/img_soya/enf_06_KIDSP1_1.jpg	/soya2/sourcing/img_mkt/jty_knee_6.webp
71	32	39	31	/soya2/sourcing/img_soya/henf_00_KIDS_P_1_2.png	/soya2/sourcing/img_mkt/derila_3.img
71	32	39	31	/soya2/sourcing/img_soya/v2_00_1-oreiller-soya-2_0HD.webp	/soya2/sourcing/img_mkt/derila_4.img
71	32	39	32	/soya2/sourcing/img_soya/enf_00_KIDSP2.jpg	/soya2/sourcing/img_mkt/jty_knee_2.webp
71	32	39	33	/soya2/sourcing/img_soya/v3_31_Firefly_Gemini_Flash_Generate_the_same_image_exactly_as_the_	/soya_prix/imgs/inphysio_0.img
71	32	39	34	/soya/gallery/13.jpg	/soya_prix/imgs/somnilys_0.img
71	32	39	34	/soya/gallery/25.jpg	/soya_prix/imgs/somnilys_0.img
71	32	39	34	/soya/gallery/29.jpg	/soya2/sourcing/img_mkt/mic_jty_1.webp
71	32	39	34	/soya2/sourcing/img_soya/h2_02_2-housse_Oreiller_de_Rechange_Soya_img3.webp	/soya2/sourcing/img_mkt/jty_p6036_5.webp
71	32	39	34	/soya2/sourcing/img_soya/v2_02_1-oreiller-soya-2_0_img3_5f834f33-5e47-49e1-a6a1-34e17f3341b	/soya2/sourcing/img_mkt/confal_2.img
71	32	39	34	/soya2/sourcing/img_soya/v2_02_1-oreiller-soya-2_0_img3_5f834f33-5e47-49e1-a6a1-34e17f3341b	/soya_prix/imgs/confortalign_2.img
71	32	39	34	/soya2/sourcing/img_soya/v2_06_1-oreiller-soya-2_0_img6_9601dd3b-66d6-4311-b41e-5fd7712bdc1	/soya2/sourcing/img_mkt/confal_1.img
71	32	39	34	/soya2/sourcing/img_soya/v2_06_1-oreiller-soya-2_0_img6_9601dd3b-66d6-4311-b41e-5fd7712bdc1	/soya_prix/imgs/confortalign_1.img
71	32	39	36	/soya/gallery/04.jpg	/soya_prix/imgs/somnilys_0.img
71	32	39	36	/soya2/sourcing/img_soya/regl_00_14-Ensemble_Oreillers_Reglables_couverture_HD.webp	/soya_prix/imgs/zamatsle_0.img
71	32	39	40	/soya2/sourcing/img_soya/enf_03_KIDSP1_5.png	/soya_prix/imgs/somnilys_1.img
71	32	39	40	/soya2/sourcing/img_soya/v1_00_8-Oreiller_Soya_1.0_couverture_HD.webp	/soya2/sourcing/img_mkt/derila_0.img
71	32	39	41	/soya2/sourcing/img_soya/enf_12_KIDS_PINK_5.png	/soya_prix/imgs/htconfort_2.img
71	32	39	42	/soya2/sourcing/img_soya/v3_35_SOYA_3.0_Grey_1.jpg	/soya2/sourcing/img_mkt/derila_5.img
71	32	39	43	/soya/gallery/13.jpg	/soya_prix/imgs/inphysio_2.img
71	32	39	45	/soya2/sourcing/img_soya/h2_00_2-housse_Oreiller_de_Rechange_Soya_HD.webp	/soya2/sourcing/img_mkt/comfy_0.img
71	32	39	45	/soya2/sourcing/img_soya/h2_00_2-housse_Oreiller_de_Rechange_Soya_HD.webp	/soya_prix/imgs/comfysle_0.img
71	32	39	47	/soya2/sourcing/img_soya/enf_05_KIDSP1_3.jpg	/soya2/sourcing/img_mkt/mic_jty_8.webp
71	32	39	48	/soya/gallery/31.jpg	/soya2/sourcing/img_mkt/mic_jty_8.webp
71	34	37	18	/soya/gallery/36.jpg	/soya_prix/imgs/htconfort_2.img
71	34	37	18	/soya/gallery/37.jpg	/soya_prix/imgs/htconfort_2.img
71	34	37	18	/soya2/sourcing/img_soya/lomb_00_4-Coussin_Lombaire_Ergonomique_Soya_couverture_HD.webp	/soya2/sourcing/img_mkt/jty_knee_1.webp
71	34	37	18	/soya2/sourcing/img_soya/v2_04_1-oreiller-soya-2_0_img5_a8a3199e-0071-4043-a899-f89baff5294	/soya2/sourcing/img_mkt/mic_jty_3.webp
71	34	37	20	/soya2/sourcing/img_soya/enf_03_KIDSP1_5.png	/soya_prix/imgs/somnilys_0.img
71	34	37	20	/soya2/sourcing/img_soya/h3_13_Soya_3.0_Grey_2.png	/soya_prix/imgs/htconfort_2.img
71	34	37	20	/soya2/sourcing/img_soya/lomb_00_4-Coussin_Lombaire_Ergonomique_Soya_couverture_HD.webp	/soya2/sourcing/img_mkt/comfy_5.img
71	34	37	20	/soya2/sourcing/img_soya/v3_28_Soya_3.0_Grey_2_47c0e3de-4c91-48dd-960e-4a36d6b20353.png	/soya_prix/imgs/htconfort_2.img
71	34	37	23	/soya2/sourcing/img_soya/v2_00_1-oreiller-soya-2_0HD.webp	/soya2/sourcing/img_mkt/mic_jty_2.webp
71	34	37	24	/soya2/sourcing/img_soya/v3_33_Soya_3.0_Grey_4.png	/soya2/sourcing/img_mkt/mic_tnjk_11.webp
71	34	37	24	/soya2/sourcing/img_soya/v3_33_Soya_3.0_Grey_4.png	/soya2/sourcing/img_mkt/mic_tnjk_4.webp
71	34	37	24	/soya2/sourcing/img_soya/v3_33_Soya_3.0_Grey_4.png	/soya2/sourcing/img_mkt/mic_tnjk_7.webp
71	34	37	26	/soya2/sourcing/img_soya/enf_04_KIDSP1_1.png	/soya2/sourcing/img_mkt/derila_6.img
71	34	37	26	/soya2/sourcing/img_soya/henf_03_KIDSP1_1.png	/soya2/sourcing/img_mkt/derila_6.img
71	34	37	27	/soya/gallery/09.jpg	/soya2/sourcing/img_mkt/jty_knee_1.webp
71	34	37	27	/soya2/sourcing/img_soya/h2_02_2-housse_Oreiller_de_Rechange_Soya_img3.webp	/soya2/sourcing/img_mkt/mic_jty_8.webp
71	34	37	28	/soya2/sourcing/img_soya/h3_08_15_eb23f129-89f3-4ffc-be96-9e67ce1c745f.png	/soya2/sourcing/img_mkt/comfy_3.img
71	34	37	29	/soya/gallery/09.jpg	/soya2/sourcing/img_mkt/jty_knee_4.webp
71	34	37	29	/soya/gallery/21.jpg	/soya2/sourcing/img_mkt/jty_knee_1.webp
71	34	37	29	/soya/gallery/38.jpg	/soya2/sourcing/img_mkt/confal_4.img
71	34	37	30	/soya/gallery/11.jpg	/soya_prix/imgs/somnilys_0.img
71	34	37	31	/soya/gallery/02.jpg	/soya_prix/imgs/somnilys_0.img
71	34	37	31	/soya/gallery/21.jpg	/soya2/sourcing/img_mkt/jty_knee_4.webp
71	34	37	31	/soya/gallery/34.jpg	/soya2/sourcing/img_mkt/jty_knee_4.webp
71	34	37	31	/soya/gallery/34.jpg	/soya2/sourcing/img_mkt/jty_knee_6.webp
71	34	37	31	/soya2/sourcing/img_soya/v1_03_8-Oreiller_Soya_1.0_img4.webp	/soya2/sourcing/img_mkt/mic_jty_12.webp
71	34	37	32	/soya/gallery/17.jpg	/soya2/sourcing/img_mkt/comfy_3.img
71	34	37	32	/soya2/sourcing/img_soya/lomb_03_4_dc2e6161-802a-4c42-a1d6-b9a0a02ce466.png	/soya2/sourcing/img_mkt/comfy_5.img
71	34	37	33	/soya2/sourcing/img_soya/h2_00_2-housse_Oreiller_de_Rechange_Soya_HD.webp	/soya_prix/imgs/comfysle_3.img
71	34	37	33	/soya2/sourcing/img_soya/v3_30_IMG_9178.png	/soya_prix/imgs/comfysle_3.img
71	34	37	34	/soya/gallery/10.jpg	/soya2/sourcing/img_mkt/jty_p6036_3.webp
71	34	37	35	/soya/gallery/04.jpg	/soya2/sourcing/img_mkt/jty_knee_6.webp
71	34	37	36	/soya/gallery/25.jpg	/soya2/sourcing/img_mkt/comfy_4.img
71	34	37	36	/soya/gallery/35.jpg	/soya2/sourcing/img_mkt/jty_knee_4.webp
71	34	37	36	/soya2/sourcing/img_soya/henf_01_KIDS_P_1_4.png	/soya2/sourcing/img_mkt/mic_jty_1.webp
71	34	37	36	/soya2/sourcing/img_soya/v3_32_Soya_3.0_Grey_1.png	/soya2/sourcing/img_mkt/comfy_4.img
71	34	37	36	/soya2/sourcing/img_soya/voy_01_9-Oreiller-de-Voyage-Ergonomique-Soya_img2.webp	/soya_prix/imgs/somnilys_0.img
71	34	37	37	/soya/gallery/10.jpg	/soya2/sourcing/img_mkt/derila_3.img
71	34	37	37	/soya2/sourcing/img_soya/h2_03_2-housse_Oreiller_de_Rechange_Soya_img5.webp	/soya2/sourcing/img_mkt/derila_6.img
71	34	37	37	/soya2/sourcing/img_soya/v2_08_11_bf88b3df-377c-4ddb-b78a-cc7a164e7755.png	/soya2/sourcing/img_mkt/comfy_4.img
71	34	37	38	/soya/gallery/03.jpg	/soya2/sourcing/img_mkt/comfy_1.img
71	34	37	38	/soya/gallery/03.jpg	/soya_prix/imgs/comfysle_1.img
71	34	37	38	/soya/gallery/05.jpg	/soya2/sourcing/img_mkt/derila_5.img
71	34	37	38	/soya/gallery/14.jpg	/soya2/sourcing/img_mkt/comfy_1.img
71	34	37	38	/soya/gallery/14.jpg	/soya_prix/imgs/comfysle_1.img
71	34	37	38	/soya/gallery/27.jpg	/soya2/sourcing/img_mkt/comfy_1.img
71	34	37	38	/soya/gallery/27.jpg	/soya_prix/imgs/comfysle_1.img
71	34	37	38	/soya2/sourcing/img_soya/lomb_00_4-Coussin_Lombaire_Ergonomique_Soya_couverture_HD.webp	/soya2/sourcing/img_mkt/confal_1.img
71	34	37	38	/soya2/sourcing/img_soya/lomb_00_4-Coussin_Lombaire_Ergonomique_Soya_couverture_HD.webp	/soya_prix/imgs/confortalign_1.img
71	34	37	40	/soya2/sourcing/img_soya/v2_00_1-oreiller-soya-2_0HD.webp	/soya2/sourcing/img_mkt/derila_1.img
71	34	37	41	/soya/gallery/08.jpg	/soya2/sourcing/img_mkt/comfy_5.img
71	34	37	41	/soya/gallery/15.jpg	/soya2/sourcing/img_mkt/jty_knee_2.webp
71	34	37	41	/soya/gallery/31.jpg	/soya2/sourcing/img_mkt/mic_jty_5.webp
71	34	37	41	/soya2/sourcing/img_soya/lomb_03_4_dc2e6161-802a-4c42-a1d6-b9a0a02ce466.png	/soya_prix/imgs/zamatsle_3.img
71	34	37	41	/soya2/sourcing/img_soya/lomb_04_3_9225ca02-f60c-47d3-b26c-49df6ebba454.png	/soya2/sourcing/img_mkt/comfy_1.img
71	34	37	41	/soya2/sourcing/img_soya/lomb_04_3_9225ca02-f60c-47d3-b26c-49df6ebba454.png	/soya_prix/imgs/comfysle_1.img
71	34	37	42	/soya/gallery/05.jpg	/soya_prix/imgs/zamatsle_3.img
71	34	37	42	/soya2/sourcing/img_soya/h2_01_2-housse_Oreiller_de_Rechange_Soya_img4.webp	/soya2/sourcing/img_mkt/derila_3.img
71	34	37	42	/soya2/sourcing/img_soya/lomb_03_4_dc2e6161-802a-4c42-a1d6-b9a0a02ce466.png	/soya2/sourcing/img_mkt/confal_1.img
71	34	37	42	/soya2/sourcing/img_soya/lomb_03_4_dc2e6161-802a-4c42-a1d6-b9a0a02ce466.png	/soya_prix/imgs/confortalign_1.img
71	34	37	42	/soya2/sourcing/img_soya/v2_03_1-oreiller-soya-2_0_img4_39d31902-82e0-42b3-a8cb-6b71e2ebfe7	/soya2/sourcing/img_mkt/derila_3.img
71	34	37	43	/soya2/sourcing/img_soya/v3_42_41.1.png	/soya2/sourcing/img_mkt/jty_knee_3.webp
71	34	37	44	/soya2/sourcing/img_soya/enf_12_KIDS_PINK_5.png	/soya2/sourcing/img_mkt/jty_p6036_4.webp
71	34	37	44	/soya2/sourcing/img_soya/v3_24_SOYA_3.0_Grey-2.jpg	/soya2/sourcing/img_mkt/derila_6.img
71	34	37	45	/soya2/sourcing/img_soya/v1_00_8-Oreiller_Soya_1.0_couverture_HD.webp	/soya_prix/imgs/htconfort_2.img
71	34	37	46	/soya2/sourcing/img_soya/h3_00_13_c9363db8-d780-4903-9a97-df55d0478686.png	/soya_prix/imgs/comfysle_0.img
71	34	37	48	/soya2/sourcing/img_soya/h3_12_7687678_3.png	/soya_prix/imgs/comfysle_0.img
71	34	37	49	/soya2/sourcing/img_soya/enf_06_KIDSP1_1.jpg	/soya2/sourcing/img_mkt/comfy_6.img
71	34	37	50	/soya2/sourcing/img_soya/lomb_03_4_dc2e6161-802a-4c42-a1d6-b9a0a02ce466.png	/soya2/sourcing/img_mkt/derila_2.img
71	36	35	18	/soya/gallery/33.jpg	/soya_prix/imgs/zamatsle_2.img
71	36	35	22	/soya2/sourcing/img_soya/voy_02_9-Oreiller-de-Voyage-Ergonomique-Soya_img3.webp	/soya2/sourcing/img_mkt/comfy_0.img
71	36	35	25	/soya/gallery/39.jpg	/soya2/sourcing/img_mkt/jty_p6036_5.webp
71	36	35	25	/soya2/sourcing/img_soya/h2_03_2-housse_Oreiller_de_Rechange_Soya_img5.webp	/soya2/sourcing/img_mkt/mic_tnjk_11.webp
71	36	35	25	/soya2/sourcing/img_soya/h2_03_2-housse_Oreiller_de_Rechange_Soya_img5.webp	/soya2/sourcing/img_mkt/mic_tnjk_4.webp
71	36	35	25	/soya2/sourcing/img_soya/h2_03_2-housse_Oreiller_de_Rechange_Soya_img5.webp	/soya2/sourcing/img_mkt/mic_tnjk_7.webp
71	36	35	26	/soya2/sourcing/img_soya/h2_03_2-housse_Oreiller_de_Rechange_Soya_img5.webp	/soya_prix/imgs/zamatsle_0.img
71	36	35	27	/soya/gallery/07.jpg	/soya2/sourcing/img_mkt/mic_tnjk_11.webp
71	36	35	27	/soya/gallery/07.jpg	/soya2/sourcing/img_mkt/mic_tnjk_4.webp
71	36	35	27	/soya/gallery/07.jpg	/soya2/sourcing/img_mkt/mic_tnjk_7.webp
71	36	35	27	/soya2/sourcing/img_soya/enf_08_KIDS_PINK_4.png	/soya2/sourcing/img_mkt/mic_tnjk_11.webp
71	36	35	27	/soya2/sourcing/img_soya/enf_08_KIDS_PINK_4.png	/soya2/sourcing/img_mkt/mic_tnjk_4.webp
71	36	35	27	/soya2/sourcing/img_soya/enf_08_KIDS_PINK_4.png	/soya2/sourcing/img_mkt/mic_tnjk_7.webp
71	36	35	27	/soya2/sourcing/img_soya/v1_03_8-Oreiller_Soya_1.0_img4.webp	/soya2/sourcing/img_mkt/jty_knee_3.webp
71	36	35	29	/soya2/sourcing/img_soya/h2_02_2-housse_Oreiller_de_Rechange_Soya_img3.webp	/soya2/sourcing/img_mkt/jty_knee_2.webp
71	36	35	29	/soya2/sourcing/img_soya/v1_01_8-Oreiller_Soya_1.0_img2.webp	/soya2/sourcing/img_mkt/jty_knee_3.webp
71	36	35	29	/soya2/sourcing/img_soya/v3_27_Firefly_Gemini_Flash_Generate_the_same_image_exactly_as_the_	/soya2/sourcing/img_mkt/mic_jty_8.webp
71	36	35	31	/soya2/sourcing/img_soya/regl_02_14-Ensemble_Oreillers_Reglables_img3.webp	/soya2/sourcing/img_mkt/confal_1.img
71	36	35	31	/soya2/sourcing/img_soya/regl_02_14-Ensemble_Oreillers_Reglables_img3.webp	/soya_prix/imgs/confortalign_1.img
71	36	35	32	/soya/gallery/29.jpg	/soya2/sourcing/img_mkt/confal_0.img
71	36	35	32	/soya/gallery/29.jpg	/soya_prix/imgs/confortalign_0.img
71	36	35	32	/soya2/sourcing/img_soya/enf_06_KIDSP1_1.jpg	/soya2/sourcing/img_mkt/jty_knee_1.webp
71	36	35	32	/soya2/sourcing/img_soya/enf_12_KIDS_PINK_5.png	/soya2/sourcing/img_mkt/jty_knee_2.webp
71	36	35	32	/soya2/sourcing/img_soya/h2_02_2-housse_Oreiller_de_Rechange_Soya_img3.webp	/soya2/sourcing/img_mkt/derila_6.img
71	36	35	34	/soya/gallery/01.jpg	/soya_prix/imgs/comfysle_3.img
71	36	35	34	/soya/gallery/12.jpg	/soya_prix/imgs/comfysle_3.img
71	36	35	34	/soya/gallery/24.jpg	/soya_prix/imgs/comfysle_3.img
71	36	35	34	/soya/gallery/34.jpg	/soya2/sourcing/img_mkt/mic_tnjk_10.webp
71	36	35	34	/soya/gallery/34.jpg	/soya2/sourcing/img_mkt/mic_tnjk_6.webp
71	36	35	34	/soya/gallery/34.jpg	/soya2/sourcing/img_mkt/mic_tnjk_9.webp
71	36	35	34	/soya2/sourcing/img_soya/h3_00_13_c9363db8-d780-4903-9a97-df55d0478686.png	/soya2/sourcing/img_mkt/jty_knee_1.webp
71	36	35	35	/soya/gallery/06.jpg	/soya2/sourcing/img_mkt/jty_knee_4.webp
71	36	35	35	/soya/gallery/18.jpg	/soya2/sourcing/img_mkt/jty_knee_4.webp
71	36	35	35	/soya/gallery/22.jpg	/soya2/sourcing/img_mkt/jty_knee_4.webp
71	36	35	35	/soya/gallery/28.jpg	/soya2/sourcing/img_mkt/jty_knee_4.webp
71	36	35	35	/soya2/sourcing/img_soya/enf_08_KIDS_PINK_4.png	/soya2/sourcing/img_mkt/derila_6.img
71	36	35	35	/soya2/sourcing/img_soya/v1_00_8-Oreiller_Soya_1.0_couverture_HD.webp	/soya_prix/imgs/zamatsle_2.img
71	36	35	35	/soya2/sourcing/img_soya/v2_05_Oreiller_position_4.png	/soya_prix/imgs/comfysle_3.img
71	36	35	35	/soya2/sourcing/img_soya/v3_42_41.1.png	/soya_prix/imgs/comfysle_3.img
71	36	35	36	/soya/gallery/23.jpg	/soya2/sourcing/img_mkt/comfy_5.img
71	36	35	37	/soya2/sourcing/img_soya/enf_05_KIDSP1_3.jpg	/soya_prix/imgs/zamatsle_0.img
71	36	35	37	/soya2/sourcing/img_soya/enf_15_KIDS_YELLOW_4.png	/soya2/sourcing/img_mkt/confal_3.img
71	36	35	37	/soya2/sourcing/img_soya/lomb_01_4-Coussin_Lombaire_Ergonomique_Soya_img2.webp	/soya2/sourcing/img_mkt/confal_0.img
71	36	35	37	/soya2/sourcing/img_soya/lomb_01_4-Coussin_Lombaire_Ergonomique_Soya_img2.webp	/soya_prix/imgs/confortalign_0.img
71	36	35	39	/soya/gallery/26.jpg	/soya2/sourcing/img_mkt/comfy_4.img
71	36	35	39	/soya2/sourcing/img_soya/enf_06_KIDSP1_1.jpg	/soya2/sourcing/img_mkt/mic_tnjk_10.webp
71	36	35	39	/soya2/sourcing/img_soya/enf_06_KIDSP1_1.jpg	/soya2/sourcing/img_mkt/mic_tnjk_6.webp
71	36	35	39	/soya2/sourcing/img_soya/enf_06_KIDSP1_1.jpg	/soya2/sourcing/img_mkt/mic_tnjk_9.webp
71	36	35	39	/soya2/sourcing/img_soya/enf_12_KIDS_PINK_5.png	/soya_prix/imgs/zamatsle_2.img
71	36	35	41	/soya2/sourcing/img_soya/h2_00_2-housse_Oreiller_de_Rechange_Soya_HD.webp	/soya_prix/imgs/htconfort_1.img
71	36	35	42	/soya/gallery/15.jpg	/soya_prix/imgs/zamatsle_2.img
71	36	35	42	/soya2/sourcing/img_soya/enf_13_KIDS_PINK_3.png	/soya_prix/imgs/htconfort_0.img
71	36	35	42	/soya2/sourcing/img_soya/v2_00_1-oreiller-soya-2_0HD.webp	/soya2/sourcing/img_mkt/mic_jty_5.webp
71	36	35	42	/soya2/sourcing/img_soya/v3_31_Firefly_Gemini_Flash_Generate_the_same_image_exactly_as_the_	/soya2/sourcing/img_mkt/jty_knee_4.webp
71	36	35	42	/soya2/sourcing/img_soya/voy_01_9-Oreiller-de-Voyage-Ergonomique-Soya_img2.webp	/soya_prix/imgs/inphysio_0.img
71	36	35	42	/soya2/sourcing/img_soya/voy_03_9-Oreiller-de-Voyage-Ergonomique-Soya_img4.webp	/soya2/sourcing/img_mkt/jty_p6036_5.webp
71	36	35	43	/soya2/sourcing/img_soya/enf_06_KIDSP1_1.jpg	/soya2/sourcing/img_mkt/comfy_2.img
71	36	35	43	/soya2/sourcing/img_soya/enf_18_KIDS_YELLOW_2.png	/soya2/sourcing/img_mkt/mic_jty_2.webp
71	36	35	43	/soya2/sourcing/img_soya/henf_05_KIDS_YELLOW_2.png	/soya2/sourcing/img_mkt/mic_jty_2.webp
71	36	35	43	/soya2/sourcing/img_soya/voy_01_9-Oreiller-de-Voyage-Ergonomique-Soya_img2.webp	/soya_prix/imgs/inphysio_2.img
71	36	35	44	/soya2/sourcing/img_soya/v3_32_Soya_3.0_Grey_1.png	/soya2/sourcing/img_mkt/confal_5.img
71	36	35	45	/soya2/sourcing/img_soya/v3_34_Soya_3.0_Grey.png	/soya2/sourcing/img_mkt/confal_5.img
71	36	35	45	/soya2/sourcing/img_soya/voy_00_9-Oreiller-de-Voyage-Ergonomique-Soyacouverture_HD.webp	/soya_prix/imgs/comfysle_0.img
71	36	35	46	/soya/gallery/26.jpg	/soya_prix/imgs/htconfort_1.img
71	36	35	46	/soya/gallery/36.jpg	/soya_prix/imgs/somnilys_2.img
71	36	35	46	/soya/gallery/37.jpg	/soya_prix/imgs/somnilys_2.img
71	36	35	51	/soya/gallery/05.jpg	/soya2/sourcing/img_mkt/derila_2.img
71	38	33	20	/soya/gallery/15.jpg	/soya2/sourcing/img_mkt/jty_p6036_3.webp
71	38	33	25	/soya2/sourcing/img_soya/enf_18_KIDS_YELLOW_2.png	/soya_prix/imgs/comfysle_2.img
71	38	33	25	/soya2/sourcing/img_soya/henf_05_KIDS_YELLOW_2.png	/soya_prix/imgs/comfysle_2.img
71	38	33	28	/soya2/sourcing/img_soya/lomb_00_4-Coussin_Lombaire_Ergonomique_Soya_couverture_HD.webp	/soya2/sourcing/img_mkt/jty_knee_4.webp
71	38	33	30	/soya2/sourcing/img_soya/enf_00_KIDSP2.jpg	/soya2/sourcing/img_mkt/derila_4.img
71	38	33	30	/soya2/sourcing/img_soya/h2_02_2-housse_Oreiller_de_Rechange_Soya_img3.webp	/soya2/sourcing/img_mkt/jty_p6036_2.webp
71	38	33	30	/soya2/sourcing/img_soya/v3_25_Soya_3.0_grey_2_2e59cacb-6ebc-4f36-8a81-44478c9d4589.png	/soya2/sourcing/img_mkt/mic_tnjk_10.webp
71	38	33	30	/soya2/sourcing/img_soya/v3_25_Soya_3.0_grey_2_2e59cacb-6ebc-4f36-8a81-44478c9d4589.png	/soya2/sourcing/img_mkt/mic_tnjk_6.webp
71	38	33	30	/soya2/sourcing/img_soya/v3_25_Soya_3.0_grey_2_2e59cacb-6ebc-4f36-8a81-44478c9d4589.png	/soya2/sourcing/img_mkt/mic_tnjk_9.webp
71	38	33	30	/soya2/sourcing/img_soya/voy_03_9-Oreiller-de-Voyage-Ergonomique-Soya_img4.webp	/soya_prix/imgs/somnilys_2.img
71	38	33	31	/soya2/sourcing/img_soya/enf_18_KIDS_YELLOW_2.png	/soya2/sourcing/img_mkt/comfy_3.img
71	38	33	31	/soya2/sourcing/img_soya/h3_00_13_c9363db8-d780-4903-9a97-df55d0478686.png	/soya2/sourcing/img_mkt/jty_knee_5.webp
71	38	33	31	/soya2/sourcing/img_soya/h3_08_15_eb23f129-89f3-4ffc-be96-9e67ce1c745f.png	/soya2/sourcing/img_mkt/comfy_1.img
71	38	33	31	/soya2/sourcing/img_soya/h3_08_15_eb23f129-89f3-4ffc-be96-9e67ce1c745f.png	/soya_prix/imgs/comfysle_1.img
71	38	33	31	/soya2/sourcing/img_soya/henf_05_KIDS_YELLOW_2.png	/soya2/sourcing/img_mkt/comfy_3.img
71	38	33	32	/soya2/sourcing/img_soya/v2_02_1-oreiller-soya-2_0_img3_5f834f33-5e47-49e1-a6a1-34e17f3341b	/soya_prix/imgs/inphysio_1.img
71	38	33	32	/soya2/sourcing/img_soya/v3_35_SOYA_3.0_Grey_1.jpg	/soya2/sourcing/img_mkt/mic_tnjk_10.webp
71	38	33	32	/soya2/sourcing/img_soya/v3_35_SOYA_3.0_Grey_1.jpg	/soya2/sourcing/img_mkt/mic_tnjk_6.webp
71	38	33	32	/soya2/sourcing/img_soya/v3_35_SOYA_3.0_Grey_1.jpg	/soya2/sourcing/img_mkt/mic_tnjk_9.webp
71	38	33	33	/soya2/sourcing/img_soya/enf_04_KIDSP1_1.png	/soya2/sourcing/img_mkt/comfy_3.img
71	38	33	33	/soya2/sourcing/img_soya/h2_01_2-housse_Oreiller_de_Rechange_Soya_img4.webp	/soya2/sourcing/img_mkt/derila_6.img
71	38	33	33	/soya2/sourcing/img_soya/henf_03_KIDSP1_1.png	/soya2/sourcing/img_mkt/comfy_3.img
71	38	33	33	/soya2/sourcing/img_soya/v2_03_1-oreiller-soya-2_0_img4_39d31902-82e0-42b3-a8cb-6b71e2ebfe7	/soya2/sourcing/img_mkt/derila_6.img
71	38	33	33	/soya2/sourcing/img_soya/v3_25_Soya_3.0_grey_2_2e59cacb-6ebc-4f36-8a81-44478c9d4589.png	/soya_prix/imgs/inphysio_1.img
71	38	33	39	/soya2/sourcing/img_soya/enf_11_KIDS_PINK_7.png	/soya_prix/imgs/somnilys_2.img
71	38	33	39	/soya2/sourcing/img_soya/henf_04_KIDS_PINK_7.png	/soya_prix/imgs/somnilys_2.img
71	38	33	40	/soya2/sourcing/img_soya/enf_01_KIDSP1_4.jpg	/soya2/sourcing/img_mkt/comfy_5.img
71	38	33	41	/soya2/sourcing/img_soya/lomb_04_3_9225ca02-f60c-47d3-b26c-49df6ebba454.png	/soya_prix/imgs/htconfort_2.img
71	38	33	41	/soya2/sourcing/img_soya/v2_06_1-oreiller-soya-2_0_img6_9601dd3b-66d6-4311-b41e-5fd7712bdc1	/soya2/sourcing/img_mkt/confal_4.img
71	38	33	42	/soya2/sourcing/img_soya/enf_11_KIDS_PINK_7.png	/soya2/sourcing/img_mkt/derila_4.img
71	38	33	42	/soya2/sourcing/img_soya/henf_04_KIDS_PINK_7.png	/soya2/sourcing/img_mkt/derila_4.img
71	38	33	43	/soya2/sourcing/img_soya/enf_20_KIDS_YELLOW_5.png	/soya2/sourcing/img_mkt/comfy_1.img
71	38	33	43	/soya2/sourcing/img_soya/enf_20_KIDS_YELLOW_5.png	/soya_prix/imgs/comfysle_1.img
71	38	33	45	/soya2/sourcing/img_soya/lomb_03_4_dc2e6161-802a-4c42-a1d6-b9a0a02ce466.png	/soya_prix/imgs/inphysio_0.img
71	38	33	45	/soya2/sourcing/img_soya/v1_00_8-Oreiller_Soya_1.0_couverture_HD.webp	/soya2/sourcing/img_mkt/derila_6.img
71	38	33	46	/soya2/sourcing/img_soya/regl_00_14-Ensemble_Oreillers_Reglables_couverture_HD.webp	/soya2/sourcing/img_mkt/mic_jty_8.webp
71	38	33	48	/soya/gallery/30.jpg	/soya2/sourcing/img_mkt/derila_2.img
71	38	33	48	/soya2/sourcing/img_soya/v1_00_8-Oreiller_Soya_1.0_couverture_HD.webp	/soya2/sourcing/img_mkt/mic_jty_8.webp
71	38	33	49	/soya2/sourcing/img_soya/enf_14_KIDS_YELLOW_6.jpg	/soya2/sourcing/img_mkt/mic_jty_8.webp
71	38	33	50	/soya/gallery/05.jpg	/soya2/sourcing/img_mkt/comfy_2.img
71	38	33	50	/soya2/sourcing/img_soya/lomb_03_4_dc2e6161-802a-4c42-a1d6-b9a0a02ce466.png	/soya_prix/imgs/htconfort_1.img
71	40	31	20	/soya2/sourcing/img_soya/lomb_00_4-Coussin_Lombaire_Ergonomique_Soya_couverture_HD.webp	/soya_prix/imgs/inphysio_1.img
71	40	31	21	/soya/gallery/29.jpg	/soya2/sourcing/img_mkt/comfy_7.img
71	40	31	37	/soya2/sourcing/img_soya/v2_06_1-oreiller-soya-2_0_img6_9601dd3b-66d6-4311-b41e-5fd7712bdc1	/soya_prix/imgs/zamatsle_3.img
71	40	31	40	/soya2/sourcing/img_soya/enf_01_KIDSP1_4.jpg	/soya_prix/imgs/inphysio_1.img
71	40	31	44	/soya2/sourcing/img_soya/v3_27_Firefly_Gemini_Flash_Generate_the_same_image_exactly_as_the_	/soya_prix/imgs/somnilys_2.img
71	40	31	47	/soya2/sourcing/img_soya/enf_12_KIDS_PINK_5.png	/soya2/sourcing/img_mkt/derila_6.img
72	28	44	31	/soya2/sourcing/img_soya/enf_14_KIDS_YELLOW_6.jpg	/soya2/sourcing/img_mkt/jty_knee_5.webp
72	28	44	34	/soya2/sourcing/img_soya/enf_03_KIDSP1_5.png	/soya2/sourcing/img_mkt/comfy_7.img
72	28	44	36	/soya2/sourcing/img_soya/v3_42_41.1.png	/soya2/sourcing/img_mkt/derila_3.img
72	30	42	20	/soya/gallery/33.jpg	/soya_prix/imgs/comfysle_3.img
72	30	42	29	/soya2/sourcing/img_soya/h3_04_14_feded688-a4ff-4333-8fba-e9a2e53c877a.png	/soya_prix/imgs/inphysio_1.img
72	30	42	30	/soya2/sourcing/img_soya/enf_15_KIDS_YELLOW_4.png	/soya2/sourcing/img_mkt/comfy_7.img
72	30	42	31	/soya2/sourcing/img_soya/henf_02_KIDS_P_1_3.png	/soya2/sourcing/img_mkt/jty_knee_6.webp
72	30	42	34	/soya2/sourcing/img_soya/v3_30_IMG_9178.png	/soya2/sourcing/img_mkt/derila_3.img
72	30	42	35	/soya2/sourcing/img_soya/v3_27_Firefly_Gemini_Flash_Generate_the_same_image_exactly_as_the_	/soya2/sourcing/img_mkt/mic_tnjk_10.webp
72	30	42	35	/soya2/sourcing/img_soya/v3_27_Firefly_Gemini_Flash_Generate_the_same_image_exactly_as_the_	/soya2/sourcing/img_mkt/mic_tnjk_6.webp
72	30	42	35	/soya2/sourcing/img_soya/v3_27_Firefly_Gemini_Flash_Generate_the_same_image_exactly_as_the_	/soya2/sourcing/img_mkt/mic_tnjk_9.webp
72	30	42	39	/soya/gallery/34.jpg	/soya2/sourcing/img_mkt/mic_jty_1.webp
72	30	42	40	/soya2/sourcing/img_soya/voy_03_9-Oreiller-de-Voyage-Ergonomique-Soya_img4.webp	/soya2/sourcing/img_mkt/confal_2.img
72	30	42	40	/soya2/sourcing/img_soya/voy_03_9-Oreiller-de-Voyage-Ergonomique-Soya_img4.webp	/soya_prix/imgs/confortalign_2.img
72	30	42	43	/soya2/sourcing/img_soya/voy_01_9-Oreiller-de-Voyage-Ergonomique-Soya_img2.webp	/soya2/sourcing/img_mkt/derila_1.img
72	32	40	27	/soya2/sourcing/img_soya/henf_00_KIDS_P_1_2.png	/soya_prix/imgs/somnilys_1.img
72	32	40	29	/soya2/sourcing/img_soya/h3_08_15_eb23f129-89f3-4ffc-be96-9e67ce1c745f.png	/soya_prix/imgs/inphysio_1.img
72	32	40	30	/soya2/sourcing/img_soya/henf_00_KIDS_P_1_2.png	/soya2/sourcing/img_mkt/jty_knee_6.webp
72	32	40	30	/soya2/sourcing/img_soya/henf_01_KIDS_P_1_4.png	/soya2/sourcing/img_mkt/jty_knee_6.webp
72	32	40	33	/soya2/sourcing/img_soya/regl_02_14-Ensemble_Oreillers_Reglables_img3.webp	/soya2/sourcing/img_mkt/jty_p6036_5.webp
72	32	40	37	/soya2/sourcing/img_soya/enf_20_KIDS_YELLOW_5.png	/soya2/sourcing/img_mkt/confal_1.img
72	32	40	37	/soya2/sourcing/img_soya/enf_20_KIDS_YELLOW_5.png	/soya_prix/imgs/confortalign_1.img
72	32	40	39	/soya2/sourcing/img_soya/v1_00_8-Oreiller_Soya_1.0_couverture_HD.webp	/soya_prix/imgs/inphysio_2.img
72	32	40	45	/soya/gallery/26.jpg	/soya2/sourcing/img_mkt/jty_p6036_4.webp
72	32	40	45	/soya2/sourcing/img_soya/v2_06_1-oreiller-soya-2_0_img6_9601dd3b-66d6-4311-b41e-5fd7712bdc1	/soya2/sourcing/img_mkt/jty_p6036_4.webp
72	32	40	49	/soya2/sourcing/img_soya/henf_00_KIDS_P_1_2.png	/soya2/sourcing/img_mkt/comfy_6.img
72	34	38	17	/soya2/sourcing/img_soya/v2_05_Oreiller_position_4.png	/soya_prix/imgs/somnilys_2.img
72	34	38	18	/soya2/sourcing/img_soya/v3_32_Soya_3.0_Grey_1.png	/soya2/sourcing/img_mkt/mic_jty_3.webp
72	34	38	18	/soya2/sourcing/img_soya/v3_42_41.1.png	/soya2/sourcing/img_mkt/mic_jty_3.webp
72	34	38	20	/soya/gallery/13.jpg	/soya2/sourcing/img_mkt/mic_jty_3.webp
72	34	38	20	/soya/gallery/25.jpg	/soya2/sourcing/img_mkt/mic_jty_3.webp
72	34	38	22	/soya/gallery/10.jpg	/soya2/sourcing/img_mkt/jty_knee_6.webp
72	34	38	22	/soya/gallery/26.jpg	/soya2/sourcing/img_mkt/jty_p6036_3.webp
72	34	38	23	/soya/gallery/31.jpg	/soya2/sourcing/img_mkt/jty_knee_1.webp
72	34	38	24	/soya/gallery/08.jpg	/soya_prix/imgs/htconfort_0.img
72	34	38	27	/soya2/sourcing/img_soya/lomb_01_4-Coussin_Lombaire_Ergonomique_Soya_img2.webp	/soya2/sourcing/img_mkt/comfy_0.img
72	34	38	27	/soya2/sourcing/img_soya/v3_27_Firefly_Gemini_Flash_Generate_the_same_image_exactly_as_the_	/soya_prix/imgs/somnilys_0.img
72	34	38	28	/soya2/sourcing/img_soya/lomb_03_4_dc2e6161-802a-4c42-a1d6-b9a0a02ce466.png	/soya2/sourcing/img_mkt/jty_p6036_1.webp
72	34	38	29	/soya2/sourcing/img_soya/h3_08_15_eb23f129-89f3-4ffc-be96-9e67ce1c745f.png	/soya_prix/imgs/comfysle_3.img
72	34	38	29	/soya2/sourcing/img_soya/v1_03_8-Oreiller_Soya_1.0_img4.webp	/soya2/sourcing/img_mkt/jty_p6036_2.webp
72	34	38	30	/soya/gallery/10.jpg	/soya_prix/imgs/inphysio_1.img
72	34	38	30	/soya2/sourcing/img_soya/h2_01_2-housse_Oreiller_de_Rechange_Soya_img4.webp	/soya2/sourcing/img_mkt/confal_4.img
72	34	38	30	/soya2/sourcing/img_soya/v2_03_1-oreiller-soya-2_0_img4_39d31902-82e0-42b3-a8cb-6b71e2ebfe7	/soya2/sourcing/img_mkt/confal_4.img
72	34	38	31	/soya2/sourcing/img_soya/enf_13_KIDS_PINK_3.png	/soya2/sourcing/img_mkt/jty_knee_1.webp
72	34	38	32	/soya2/sourcing/img_soya/h2_00_2-housse_Oreiller_de_Rechange_Soya_HD.webp	/soya2/sourcing/img_mkt/comfy_3.img
72	34	38	32	/soya2/sourcing/img_soya/v3_30_IMG_9178.png	/soya2/sourcing/img_mkt/jty_knee_2.webp
72	34	38	34	/soya2/sourcing/img_soya/voy_02_9-Oreiller-de-Voyage-Ergonomique-Soya_img3.webp	/soya_prix/imgs/somnilys_2.img
72	34	38	35	/soya2/sourcing/img_soya/v1_02_8-Oreiller_Soya_1.0_img3.webp	/soya2/sourcing/img_mkt/mic_jty_12.webp
72	34	38	36	/soya2/sourcing/img_soya/enf_05_KIDSP1_3.jpg	/soya_prix/imgs/comfysle_3.img
72	34	38	36	/soya2/sourcing/img_soya/enf_09_KIDS_PINK_2.png	/soya2/sourcing/img_mkt/derila_6.img
72	34	38	36	/soya2/sourcing/img_soya/voy_01_9-Oreiller-de-Voyage-Ergonomique-Soya_img2.webp	/soya_prix/imgs/zamatsle_0.img
72	34	38	37	/soya2/sourcing/img_soya/enf_07_KIDS_PINK_6.jpg	/soya2/sourcing/img_mkt/confal_1.img
72	34	38	37	/soya2/sourcing/img_soya/enf_07_KIDS_PINK_6.jpg	/soya_prix/imgs/confortalign_1.img
72	34	38	38	/soya/gallery/04.jpg	/soya2/sourcing/img_mkt/jty_p6036_4.webp
72	34	38	38	/soya2/sourcing/img_soya/voy_01_9-Oreiller-de-Voyage-Ergonomique-Soya_img2.webp	/soya2/sourcing/img_mkt/jty_p6036_4.webp
72	34	38	39	/soya2/sourcing/img_soya/enf_10_KIDS_PINK_1.png	/soya_prix/imgs/somnilys_1.img
72	34	38	39	/soya2/sourcing/img_soya/v1_03_8-Oreiller_Soya_1.0_img4.webp	/soya2/sourcing/img_mkt/jty_p6036_5.webp
72	34	38	39	/soya2/sourcing/img_soya/v3_33_Soya_3.0_Grey_4.png	/soya2/sourcing/img_mkt/derila_5.img
72	34	38	41	/soya2/sourcing/img_soya/h3_15_7687678_1.png	/soya2/sourcing/img_mkt/mic_jty_12.webp
72	34	38	42	/soya2/sourcing/img_soya/lomb_03_4_dc2e6161-802a-4c42-a1d6-b9a0a02ce466.png	/soya_prix/imgs/zamatsle_2.img
72	34	38	44	/soya/gallery/16.jpg	/soya2/sourcing/img_mkt/derila_6.img
72	34	38	45	/soya/gallery/39.jpg	/soya_prix/imgs/comfysle_0.img
72	34	38	46	/soya/gallery/30.jpg	/soya2/sourcing/img_mkt/jty_p6036_6.webp
72	34	38	46	/soya2/sourcing/img_soya/regl_00_14-Ensemble_Oreillers_Reglables_couverture_HD.webp	/soya2/sourcing/img_mkt/comfy_2.img
72	34	38	47	/soya/gallery/16.jpg	/soya2/sourcing/img_mkt/mic_jty_8.webp
72	34	38	48	/soya2/sourcing/img_soya/enf_20_KIDS_YELLOW_5.png	/soya2/sourcing/img_mkt/comfy_6.img
72	34	38	48	/soya2/sourcing/img_soya/h3_13_Soya_3.0_Grey_2.png	/soya2/sourcing/img_mkt/comfy_5.img
72	34	38	48	/soya2/sourcing/img_soya/henf_00_KIDS_P_1_2.png	/soya_prix/imgs/inphysio_2.img
72	34	38	48	/soya2/sourcing/img_soya/v3_28_Soya_3.0_Grey_2_47c0e3de-4c91-48dd-960e-4a36d6b20353.png	/soya2/sourcing/img_mkt/comfy_5.img
72	34	38	50	/soya2/sourcing/img_soya/h3_08_15_eb23f129-89f3-4ffc-be96-9e67ce1c745f.png	/soya2/sourcing/img_mkt/comfy_6.img
72	34	38	51	/soya/gallery/15.jpg	/soya2/sourcing/img_mkt/comfy_6.img
72	36	36	13	/soya/gallery/01.jpg	/soya2/sourcing/img_mkt/mic_jty_3.webp
72	36	36	13	/soya/gallery/12.jpg	/soya2/sourcing/img_mkt/mic_jty_3.webp
72	36	36	13	/soya/gallery/24.jpg	/soya2/sourcing/img_mkt/mic_jty_3.webp
72	36	36	16	/soya/gallery/33.jpg	/soya2/sourcing/img_mkt/derila_2.img
72	36	36	16	/soya2/sourcing/img_soya/v1_02_8-Oreiller_Soya_1.0_img3.webp	/soya2/sourcing/img_mkt/jty_knee_5.webp
72	36	36	18	/soya2/sourcing/img_soya/lomb_02_4-Coussin_Lombaire_Ergonomique_Soya_img3.webp	/soya2/sourcing/img_mkt/jty_p6036_1.webp
72	36	36	22	/soya2/sourcing/img_soya/enf_19_KIDS_YELLOW_3.png	/soya2/sourcing/img_mkt/jty_knee_1.webp
72	36	36	25	/soya2/sourcing/img_soya/enf_08_KIDS_PINK_4.png	/soya2/sourcing/img_mkt/comfy_0.img
72	36	36	25	/soya2/sourcing/img_soya/enf_08_KIDS_PINK_4.png	/soya_prix/imgs/comfysle_0.img
72	36	36	26	/soya/gallery/20.jpg	/soya_prix/imgs/comfysle_3.img
72	36	36	30	/soya/gallery/33.jpg	/soya2/sourcing/img_mkt/mic_jty_12.webp
72	36	36	30	/soya2/sourcing/img_soya/regl_02_14-Ensemble_Oreillers_Reglables_img3.webp	/soya2/sourcing/img_mkt/jty_knee_2.webp
72	36	36	30	/soya2/sourcing/img_soya/voy_02_9-Oreiller-de-Voyage-Ergonomique-Soya_img3.webp	/soya2/sourcing/img_mkt/confal_0.img
72	36	36	30	/soya2/sourcing/img_soya/voy_02_9-Oreiller-de-Voyage-Ergonomique-Soya_img3.webp	/soya_prix/imgs/confortalign_0.img
72	36	36	31	/soya/gallery/11.jpg	/soya_prix/imgs/zamatsle_2.img
72	36	36	31	/soya2/sourcing/img_soya/enf_11_KIDS_PINK_7.png	/soya2/sourcing/img_mkt/jty_knee_1.webp
72	36	36	31	/soya2/sourcing/img_soya/henf_04_KIDS_PINK_7.png	/soya2/sourcing/img_mkt/jty_knee_1.webp
72	36	36	32	/soya/gallery/01.jpg	/soya2/sourcing/img_mkt/derila_1.img
72	36	36	32	/soya/gallery/12.jpg	/soya2/sourcing/img_mkt/derila_1.img
72	36	36	32	/soya/gallery/24.jpg	/soya2/sourcing/img_mkt/derila_1.img
72	36	36	32	/soya2/sourcing/img_soya/h2_02_2-housse_Oreiller_de_Rechange_Soya_img3.webp	/soya2/sourcing/img_mkt/confal_1.img
72	36	36	32	/soya2/sourcing/img_soya/h2_02_2-housse_Oreiller_de_Rechange_Soya_img3.webp	/soya_prix/imgs/confortalign_1.img
72	36	36	32	/soya2/sourcing/img_soya/h2_02_2-housse_Oreiller_de_Rechange_Soya_img3.webp	/soya_prix/imgs/inphysio_1.img
72	36	36	33	/soya/gallery/01.jpg	/soya2/sourcing/img_mkt/comfy_3.img
72	36	36	33	/soya/gallery/12.jpg	/soya2/sourcing/img_mkt/comfy_3.img
72	36	36	33	/soya/gallery/24.jpg	/soya2/sourcing/img_mkt/comfy_3.img
72	36	36	33	/soya2/sourcing/img_soya/enf_01_KIDSP1_4.jpg	/soya2/sourcing/img_mkt/mic_jty_2.webp
72	36	36	33	/soya2/sourcing/img_soya/enf_16_KIDS_YELLOW_7.png	/soya2/sourcing/img_mkt/jty_p6036_5.webp
72	36	36	33	/soya2/sourcing/img_soya/regl_01_14-Ensemble_Oreillers_Reglables_img2.webp	/soya2/sourcing/img_mkt/mic_tnjk_11.webp
72	36	36	33	/soya2/sourcing/img_soya/regl_01_14-Ensemble_Oreillers_Reglables_img2.webp	/soya2/sourcing/img_mkt/mic_tnjk_4.webp
72	36	36	33	/soya2/sourcing/img_soya/regl_01_14-Ensemble_Oreillers_Reglables_img2.webp	/soya2/sourcing/img_mkt/mic_tnjk_7.webp
72	36	36	33	/soya2/sourcing/img_soya/regl_02_14-Ensemble_Oreillers_Reglables_img3.webp	/soya2/sourcing/img_mkt/derila_6.img
72	36	36	34	/soya/gallery/13.jpg	/soya2/sourcing/img_mkt/comfy_3.img
72	36	36	34	/soya/gallery/25.jpg	/soya2/sourcing/img_mkt/comfy_3.img
72	36	36	35	/soya2/sourcing/img_soya/v3_32_Soya_3.0_Grey_1.png	/soya2/sourcing/img_mkt/mic_jty_1.webp
72	36	36	36	/soya/gallery/08.jpg	/soya2/sourcing/img_mkt/mic_jty_2.webp
72	36	36	36	/soya2/sourcing/img_soya/enf_07_KIDS_PINK_6.jpg	/soya_prix/imgs/inphysio_0.img
72	36	36	36	/soya2/sourcing/img_soya/enf_10_KIDS_PINK_1.png	/soya2/sourcing/img_mkt/confal_2.img
72	36	36	36	/soya2/sourcing/img_soya/enf_10_KIDS_PINK_1.png	/soya_prix/imgs/confortalign_2.img
72	36	36	36	/soya2/sourcing/img_soya/h2_02_2-housse_Oreiller_de_Rechange_Soya_img3.webp	/soya2/sourcing/img_mkt/jty_knee_4.webp
72	36	36	36	/soya2/sourcing/img_soya/regl_00_14-Ensemble_Oreillers_Reglables_couverture_HD.webp	/soya_prix/imgs/inphysio_0.img
72	36	36	36	/soya2/sourcing/img_soya/v1_00_8-Oreiller_Soya_1.0_couverture_HD.webp	/soya2/sourcing/img_mkt/derila_5.img
72	36	36	36	/soya2/sourcing/img_soya/v2_07_1-oreiller-soya-2_0_img7_43909438-1603-4e59-add4-f987f4acd78	/soya_prix/imgs/inphysio_2.img
72	36	36	37	/soya/gallery/25.jpg	/soya2/sourcing/img_mkt/mic_jty_1.webp
72	36	36	37	/soya/gallery/29.jpg	/soya2/sourcing/img_mkt/comfy_4.img
72	36	36	37	/soya2/sourcing/img_soya/regl_01_14-Ensemble_Oreillers_Reglables_img2.webp	/soya2/sourcing/img_mkt/jty_p6036_5.webp
72	36	36	38	/soya2/sourcing/img_soya/enf_20_KIDS_YELLOW_5.png	/soya2/sourcing/img_mkt/mic_tnjk_10.webp
72	36	36	38	/soya2/sourcing/img_soya/enf_20_KIDS_YELLOW_5.png	/soya2/sourcing/img_mkt/mic_tnjk_6.webp
72	36	36	38	/soya2/sourcing/img_soya/enf_20_KIDS_YELLOW_5.png	/soya2/sourcing/img_mkt/mic_tnjk_9.webp
72	36	36	38	/soya2/sourcing/img_soya/v1_02_8-Oreiller_Soya_1.0_img3.webp	/soya2/sourcing/img_mkt/derila_5.img
72	36	36	38	/soya2/sourcing/img_soya/voy_00_9-Oreiller-de-Voyage-Ergonomique-Soyacouverture_HD.webp	/soya2/sourcing/img_mkt/comfy_7.img
72	36	36	39	/soya2/sourcing/img_soya/enf_06_KIDSP1_1.jpg	/soya2/sourcing/img_mkt/comfy_3.img
72	36	36	39	/soya2/sourcing/img_soya/v3_35_SOYA_3.0_Grey_1.jpg	/soya2/sourcing/img_mkt/mic_jty_5.webp
72	36	36	40	/soya2/sourcing/img_soya/v2_07_1-oreiller-soya-2_0_img7_43909438-1603-4e59-add4-f987f4acd78	/soya_prix/imgs/comfysle_0.img
72	36	36	41	/soya2/sourcing/img_soya/voy_04_9-Oreiller-de-Voyage-Ergonomique-Soya_img5.webp	/soya2/sourcing/img_mkt/derila_3.img
72	36	36	41	/soya2/sourcing/img_soya/voy_05_9-Oreiller-de-Voyage-Ergonomique-Soya_img6.webp	/soya2/sourcing/img_mkt/derila_3.img
72	36	36	41	/soya2/sourcing/img_soya/voy_06_9-Oreiller-de-Voyage-Ergonomique-Soya_img7.webp	/soya2/sourcing/img_mkt/derila_3.img
72	36	36	42	/soya2/sourcing/img_soya/v3_25_Soya_3.0_grey_2_2e59cacb-6ebc-4f36-8a81-44478c9d4589.png	/soya2/sourcing/img_mkt/derila_3.img
72	36	36	43	/soya/gallery/31.jpg	/soya_prix/imgs/htconfort_1.img
72	36	36	43	/soya/gallery/35.jpg	/soya2/sourcing/img_mkt/jty_p6036_4.webp
72	38	34	19	/soya2/sourcing/img_soya/enf_00_KIDSP2.jpg	/soya2/sourcing/img_mkt/comfy_5.img
72	38	34	19	/soya2/sourcing/img_soya/enf_07_KIDS_PINK_6.jpg	/soya2/sourcing/img_mkt/comfy_5.img
72	38	34	22	/soya2/sourcing/img_soya/v2_06_1-oreiller-soya-2_0_img6_9601dd3b-66d6-4311-b41e-5fd7712bdc1	/soya2/sourcing/img_mkt/mic_tnjk_11.webp
72	38	34	22	/soya2/sourcing/img_soya/v2_06_1-oreiller-soya-2_0_img6_9601dd3b-66d6-4311-b41e-5fd7712bdc1	/soya2/sourcing/img_mkt/mic_tnjk_4.webp
72	38	34	22	/soya2/sourcing/img_soya/v2_06_1-oreiller-soya-2_0_img6_9601dd3b-66d6-4311-b41e-5fd7712bdc1	/soya2/sourcing/img_mkt/mic_tnjk_7.webp
72	38	34	23	/soya/gallery/01.jpg	/soya2/sourcing/img_mkt/mic_jty_2.webp
72	38	34	23	/soya/gallery/12.jpg	/soya2/sourcing/img_mkt/mic_jty_2.webp
72	38	34	23	/soya/gallery/24.jpg	/soya2/sourcing/img_mkt/mic_jty_2.webp
72	38	34	24	/soya2/sourcing/img_soya/enf_11_KIDS_PINK_7.png	/soya2/sourcing/img_mkt/comfy_2.img
72	38	34	24	/soya2/sourcing/img_soya/henf_04_KIDS_PINK_7.png	/soya2/sourcing/img_mkt/comfy_2.img
72	38	34	25	/soya2/sourcing/img_soya/enf_04_KIDSP1_1.png	/soya2/sourcing/img_mkt/comfy_2.img
72	38	34	25	/soya2/sourcing/img_soya/henf_03_KIDSP1_1.png	/soya2/sourcing/img_mkt/comfy_2.img
72	38	34	27	/soya/gallery/10.jpg	/soya2/sourcing/img_mkt/derila_5.img
72	38	34	28	/soya2/sourcing/img_soya/v2_08_11_bf88b3df-377c-4ddb-b78a-cc7a164e7755.png	/soya2/sourcing/img_mkt/mic_tnjk_11.webp
72	38	34	28	/soya2/sourcing/img_soya/v2_08_11_bf88b3df-377c-4ddb-b78a-cc7a164e7755.png	/soya2/sourcing/img_mkt/mic_tnjk_4.webp
72	38	34	28	/soya2/sourcing/img_soya/v2_08_11_bf88b3df-377c-4ddb-b78a-cc7a164e7755.png	/soya2/sourcing/img_mkt/mic_tnjk_7.webp
72	38	34	29	/soya2/sourcing/img_soya/regl_02_14-Ensemble_Oreillers_Reglables_img3.webp	/soya2/sourcing/img_mkt/jty_p6036_2.webp
72	38	34	30	/soya2/sourcing/img_soya/enf_18_KIDS_YELLOW_2.png	/soya_prix/imgs/comfysle_3.img
72	38	34	30	/soya2/sourcing/img_soya/henf_05_KIDS_YELLOW_2.png	/soya_prix/imgs/comfysle_3.img
72	38	34	32	/soya2/sourcing/img_soya/enf_04_KIDSP1_1.png	/soya_prix/imgs/comfysle_3.img
72	38	34	32	/soya2/sourcing/img_soya/h3_08_15_eb23f129-89f3-4ffc-be96-9e67ce1c745f.png	/soya2/sourcing/img_mkt/mic_tnjk_10.webp
72	38	34	32	/soya2/sourcing/img_soya/h3_08_15_eb23f129-89f3-4ffc-be96-9e67ce1c745f.png	/soya2/sourcing/img_mkt/mic_tnjk_6.webp
72	38	34	32	/soya2/sourcing/img_soya/h3_08_15_eb23f129-89f3-4ffc-be96-9e67ce1c745f.png	/soya2/sourcing/img_mkt/mic_tnjk_9.webp
72	38	34	32	/soya2/sourcing/img_soya/henf_03_KIDSP1_1.png	/soya_prix/imgs/comfysle_3.img
72	38	34	33	/soya2/sourcing/img_soya/v2_02_1-oreiller-soya-2_0_img3_5f834f33-5e47-49e1-a6a1-34e17f3341b	/soya2/sourcing/img_mkt/mic_jty_2.webp
72	38	34	33	/soya2/sourcing/img_soya/voy_01_9-Oreiller-de-Voyage-Ergonomique-Soya_img2.webp	/soya_prix/imgs/htconfort_2.img
72	38	34	34	/soya2/sourcing/img_soya/v2_02_1-oreiller-soya-2_0_img3_5f834f33-5e47-49e1-a6a1-34e17f3341b	/soya_prix/imgs/somnilys_2.img
72	38	34	37	/soya/gallery/13.jpg	/soya2/sourcing/img_mkt/comfy_1.img
72	38	34	37	/soya/gallery/13.jpg	/soya_prix/imgs/comfysle_1.img
72	38	34	37	/soya/gallery/25.jpg	/soya2/sourcing/img_mkt/comfy_1.img
72	38	34	37	/soya/gallery/25.jpg	/soya_prix/imgs/comfysle_1.img
72	38	34	37	/soya2/sourcing/img_soya/enf_01_KIDSP1_4.jpg	/soya2/sourcing/img_mkt/derila_3.img
72	38	34	37	/soya2/sourcing/img_soya/v3_34_Soya_3.0_Grey.png	/soya2/sourcing/img_mkt/comfy_3.img
72	38	34	37	/soya2/sourcing/img_soya/voy_01_9-Oreiller-de-Voyage-Ergonomique-Soya_img2.webp	/soya2/sourcing/img_mkt/jty_p6036_1.webp
72	38	34	38	/soya2/sourcing/img_soya/v2_06_1-oreiller-soya-2_0_img6_9601dd3b-66d6-4311-b41e-5fd7712bdc1	/soya2/sourcing/img_mkt/derila_1.img
72	38	34	39	/soya2/sourcing/img_soya/enf_02_KIDSP1_6.png	/soya2/sourcing/img_mkt/comfy_5.img
72	38	34	39	/soya2/sourcing/img_soya/lomb_00_4-Coussin_Lombaire_Ergonomique_Soya_couverture_HD.webp	/soya_prix/imgs/zamatsle_0.img
72	38	34	40	/soya/gallery/26.jpg	/soya_prix/imgs/zamatsle_2.img
72	38	34	40	/soya2/sourcing/img_soya/enf_06_KIDSP1_1.jpg	/soya2/sourcing/img_mkt/mic_jty_5.webp
72	38	34	44	/soya2/sourcing/img_soya/henf_02_KIDS_P_1_3.png	/soya_prix/imgs/inphysio_0.img
72	38	34	46	/soya/gallery/26.jpg	/soya2/sourcing/img_mkt/derila_1.img
72	38	34	46	/soya2/sourcing/img_soya/v3_27_Firefly_Gemini_Flash_Generate_the_same_image_exactly_as_the_	/soya2/sourcing/img_mkt/comfy_5.img
72	38	34	49	/soya/gallery/35.jpg	/soya2/sourcing/img_mkt/mic_jty_8.webp
72	38	34	49	/soya2/sourcing/img_soya/v3_32_Soya_3.0_Grey_1.png	/soya_prix/imgs/htconfort_2.img
72	38	34	52	/soya2/sourcing/img_soya/lomb_03_4_dc2e6161-802a-4c42-a1d6-b9a0a02ce466.png	/soya2/sourcing/img_mkt/jty_p6036_6.webp
72	40	32	28	/soya2/sourcing/img_soya/h2_03_2-housse_Oreiller_de_Rechange_Soya_img5.webp	/soya2/sourcing/img_mkt/mic_tnjk_10.webp
72	40	32	28	/soya2/sourcing/img_soya/h2_03_2-housse_Oreiller_de_Rechange_Soya_img5.webp	/soya2/sourcing/img_mkt/mic_tnjk_6.webp
72	40	32	28	/soya2/sourcing/img_soya/h2_03_2-housse_Oreiller_de_Rechange_Soya_img5.webp	/soya2/sourcing/img_mkt/mic_tnjk_9.webp
72	40	32	35	/soya2/sourcing/img_soya/h2_00_2-housse_Oreiller_de_Rechange_Soya_HD.webp	/soya2/sourcing/img_mkt/mic_tnjk_11.webp
72	40	32	35	/soya2/sourcing/img_soya/h2_00_2-housse_Oreiller_de_Rechange_Soya_HD.webp	/soya2/sourcing/img_mkt/mic_tnjk_4.webp
72	40	32	35	/soya2/sourcing/img_soya/h2_00_2-housse_Oreiller_de_Rechange_Soya_HD.webp	/soya2/sourcing/img_mkt/mic_tnjk_7.webp
72	40	32	43	/soya2/sourcing/img_soya/lomb_03_4_dc2e6161-802a-4c42-a1d6-b9a0a02ce466.png	/soya_prix/imgs/zamatsle_1.img
72	40	32	46	/soya/gallery/32.jpg	/soya2/sourcing/img_mkt/derila_2.img
72	40	32	46	/soya/gallery/34.jpg	/soya2/sourcing/img_mkt/jty_p6036_4.webp
73	30	43	19	/soya/gallery/33.jpg	/soya2/sourcing/img_mkt/comfy_3.img
73	30	43	32	/soya2/sourcing/img_soya/enf_08_KIDS_PINK_4.png	/soya2/sourcing/img_mkt/comfy_7.img
73	30	43	50	/soya2/sourcing/img_soya/v3_34_Soya_3.0_Grey.png	/soya2/sourcing/img_mkt/comfy_0.img
73	32	41	20	/soya2/sourcing/img_soya/v3_33_Soya_3.0_Grey_4.png	/soya2/sourcing/img_mkt/jty_p6036_5.webp
73	32	41	29	/soya/gallery/09.jpg	/soya2/sourcing/img_mkt/confal_2.img
73	32	41	29	/soya/gallery/09.jpg	/soya_prix/imgs/confortalign_2.img
73	32	41	31	/soya/gallery/21.jpg	/soya2/sourcing/img_mkt/confal_2.img
73	32	41	31	/soya/gallery/21.jpg	/soya_prix/imgs/confortalign_2.img
73	32	41	33	/soya2/sourcing/img_soya/enf_01_KIDSP1_4.jpg	/soya2/sourcing/img_mkt/comfy_4.img
73	32	41	34	/soya2/sourcing/img_soya/h3_12_7687678_3.png	/soya_prix/imgs/inphysio_1.img
73	32	41	37	/soya2/sourcing/img_soya/enf_10_KIDS_PINK_1.png	/soya2/sourcing/img_mkt/comfy_7.img
73	32	41	37	/soya2/sourcing/img_soya/regl_01_14-Ensemble_Oreillers_Reglables_img2.webp	/soya2/sourcing/img_mkt/jty_knee_1.webp
73	32	41	38	/soya/gallery/32.jpg	/soya2/sourcing/img_mkt/mic_jty_1.webp
73	32	41	39	/soya/gallery/17.jpg	/soya2/sourcing/img_mkt/comfy_1.img
73	32	41	39	/soya/gallery/17.jpg	/soya_prix/imgs/comfysle_1.img
73	32	41	41	/soya2/sourcing/img_soya/v2_08_11_bf88b3df-377c-4ddb-b78a-cc7a164e7755.png	/soya2/sourcing/img_mkt/mic_tnjk_10.webp
73	32	41	41	/soya2/sourcing/img_soya/v2_08_11_bf88b3df-377c-4ddb-b78a-cc7a164e7755.png	/soya2/sourcing/img_mkt/mic_tnjk_6.webp
73	32	41	41	/soya2/sourcing/img_soya/v2_08_11_bf88b3df-377c-4ddb-b78a-cc7a164e7755.png	/soya2/sourcing/img_mkt/mic_tnjk_9.webp
73	32	41	45	/soya/gallery/15.jpg	/soya2/sourcing/img_mkt/jty_p6036_4.webp
73	32	41	48	/soya/gallery/26.jpg	/soya2/sourcing/img_mkt/comfy_0.img
73	32	41	48	/soya/gallery/26.jpg	/soya_prix/imgs/comfysle_0.img
73	34	39	11	/soya/gallery/31.jpg	/soya2/sourcing/img_mkt/jty_p6036_1.webp
73	34	39	18	/soya2/sourcing/img_soya/v1_03_8-Oreiller_Soya_1.0_img4.webp	/soya2/sourcing/img_mkt/confal_5.img
73	34	39	24	/soya/gallery/29.jpg	/soya_prix/imgs/somnilys_2.img
73	34	39	26	/soya/gallery/20.jpg	/soya2/sourcing/img_mkt/comfy_1.img
73	34	39	26	/soya/gallery/20.jpg	/soya_prix/imgs/comfysle_1.img
73	34	39	26	/soya/gallery/23.jpg	/soya2/sourcing/img_mkt/jty_knee_6.webp
73	34	39	28	/soya/gallery/26.jpg	/soya_prix/imgs/inphysio_1.img
73	34	39	29	/soya2/sourcing/img_soya/v1_03_8-Oreiller_Soya_1.0_img4.webp	/soya2/sourcing/img_mkt/confal_1.img
73	34	39	29	/soya2/sourcing/img_soya/v1_03_8-Oreiller_Soya_1.0_img4.webp	/soya_prix/imgs/confortalign_1.img
73	34	39	29	/soya2/sourcing/img_soya/v2_01_1-oreiller-soya-2_0_img2_7d72b6af-35c7-4427-8f15-843f227d977	/soya2/sourcing/img_mkt/jty_p6036_2.webp
73	34	39	30	/soya2/sourcing/img_soya/h3_14_7687678_2.png	/soya2/sourcing/img_mkt/confal_4.img
73	34	39	30	/soya2/sourcing/img_soya/lomb_01_4-Coussin_Lombaire_Ergonomique_Soya_img2.webp	/soya2/sourcing/img_mkt/mic_jty_2.webp
73	34	39	30	/soya2/sourcing/img_soya/v3_29_7687678_2_0409bb9a-6b40-434d-807f-98da5554945a.png	/soya2/sourcing/img_mkt/confal_4.img
73	34	39	31	/soya2/sourcing/img_soya/henf_01_KIDS_P_1_4.png	/soya2/sourcing/img_mkt/derila_3.img
73	34	39	32	/soya2/sourcing/img_soya/henf_02_KIDS_P_1_3.png	/soya2/sourcing/img_mkt/derila_3.img
73	34	39	34	/soya/gallery/10.jpg	/soya2/sourcing/img_mkt/jty_p6036_1.webp
73	34	39	35	/soya/gallery/25.jpg	/soya2/sourcing/img_mkt/jty_knee_4.webp
73	34	39	35	/soya2/sourcing/img_soya/enf_05_KIDSP1_3.jpg	/soya2/sourcing/img_mkt/comfy_3.img
73	34	39	35	/soya2/sourcing/img_soya/v3_30_IMG_9178.png	/soya2/sourcing/img_mkt/jty_knee_1.webp
73	34	39	36	/soya/gallery/30.jpg	/soya2/sourcing/img_mkt/mic_jty_12.webp
73	34	39	36	/soya2/sourcing/img_soya/lomb_03_4_dc2e6161-802a-4c42-a1d6-b9a0a02ce466.png	/soya2/sourcing/img_mkt/jty_knee_3.webp
73	34	39	36	/soya2/sourcing/img_soya/v1_01_8-Oreiller_Soya_1.0_img2.webp	/soya2/sourcing/img_mkt/mic_tnjk_10.webp
73	34	39	36	/soya2/sourcing/img_soya/v1_01_8-Oreiller_Soya_1.0_img2.webp	/soya2/sourcing/img_mkt/mic_tnjk_6.webp
73	34	39	36	/soya2/sourcing/img_soya/v1_01_8-Oreiller_Soya_1.0_img2.webp	/soya2/sourcing/img_mkt/mic_tnjk_9.webp
73	34	39	37	/soya2/sourcing/img_soya/enf_02_KIDSP1_6.png	/soya2/sourcing/img_mkt/derila_6.img
73	34	39	38	/soya/gallery/01.jpg	/soya_prix/imgs/inphysio_2.img
73	34	39	38	/soya/gallery/08.jpg	/soya2/sourcing/img_mkt/mic_tnjk_10.webp
73	34	39	38	/soya/gallery/08.jpg	/soya2/sourcing/img_mkt/mic_tnjk_6.webp
73	34	39	38	/soya/gallery/08.jpg	/soya2/sourcing/img_mkt/mic_tnjk_9.webp
73	34	39	38	/soya/gallery/12.jpg	/soya_prix/imgs/inphysio_2.img
73	34	39	38	/soya/gallery/24.jpg	/soya_prix/imgs/inphysio_2.img
73	34	39	39	/soya/gallery/15.jpg	/soya2/sourcing/img_mkt/comfy_3.img
73	34	39	42	/soya2/sourcing/img_soya/enf_05_KIDSP1_3.jpg	/soya_prix/imgs/htconfort_2.img
73	34	39	43	/soya2/sourcing/img_soya/enf_06_KIDSP1_1.jpg	/soya2/sourcing/img_mkt/derila_5.img
73	34	39	45	/soya2/sourcing/img_soya/h3_04_14_feded688-a4ff-4333-8fba-e9a2e53c877a.png	/soya_prix/imgs/htconfort_2.img
73	34	39	46	/soya2/sourcing/img_soya/regl_00_14-Ensemble_Oreillers_Reglables_couverture_HD.webp	/soya_prix/imgs/comfysle_2.img
73	34	39	49	/soya2/sourcing/img_soya/v3_34_Soya_3.0_Grey.png	/soya2/sourcing/img_mkt/comfy_6.img
73	36	37	14	/soya/gallery/39.jpg	/soya2/sourcing/img_mkt/mic_jty_3.webp
73	36	37	21	/soya/gallery/34.jpg	/soya_prix/imgs/inphysio_1.img
73	36	37	22	/soya2/sourcing/img_soya/v3_00_18.png	/soya2/sourcing/img_mkt/jty_knee_1.webp
73	36	37	22	/soya2/sourcing/img_soya/v3_36_34.png	/soya2/sourcing/img_mkt/jty_knee_1.webp
73	36	37	25	/soya/gallery/20.jpg	/soya2/sourcing/img_mkt/comfy_3.img
73	36	37	25	/soya2/sourcing/img_soya/enf_13_KIDS_PINK_3.png	/soya2/sourcing/img_mkt/jty_p6036_1.webp
73	36	37	27	/soya2/sourcing/img_soya/enf_15_KIDS_YELLOW_4.png	/soya2/sourcing/img_mkt/comfy_0.img
73	36	37	27	/soya2/sourcing/img_soya/enf_15_KIDS_YELLOW_4.png	/soya_prix/imgs/comfysle_0.img
73	36	37	27	/soya2/sourcing/img_soya/h2_03_2-housse_Oreiller_de_Rechange_Soya_img5.webp	/soya_prix/imgs/zamatsle_2.img
73	36	37	29	/soya2/sourcing/img_soya/v1_01_8-Oreiller_Soya_1.0_img2.webp	/soya2/sourcing/img_mkt/mic_jty_12.webp
73	36	37	31	/soya2/sourcing/img_soya/regl_02_14-Ensemble_Oreillers_Reglables_img3.webp	/soya_prix/imgs/inphysio_1.img
73	36	37	33	/soya/gallery/01.jpg	/soya_prix/imgs/somnilys_0.img
73	36	37	33	/soya/gallery/08.jpg	/soya_prix/imgs/inphysio_1.img
73	36	37	33	/soya/gallery/12.jpg	/soya_prix/imgs/somnilys_0.img
73	36	37	33	/soya/gallery/24.jpg	/soya_prix/imgs/somnilys_0.img
73	36	37	33	/soya/gallery/33.jpg	/soya2/sourcing/img_mkt/mic_jty_2.webp
73	36	37	34	/soya2/sourcing/img_soya/enf_08_KIDS_PINK_4.png	/soya2/sourcing/img_mkt/mic_jty_8.webp
73	36	37	35	/soya/gallery/08.jpg	/soya2/sourcing/img_mkt/jty_knee_6.webp
73	36	37	35	/soya/gallery/13.jpg	/soya_prix/imgs/comfysle_3.img
73	36	37	35	/soya/gallery/25.jpg	/soya_prix/imgs/comfysle_3.img
73	36	37	35	/soya2/sourcing/img_soya/regl_01_14-Ensemble_Oreillers_Reglables_img2.webp	/soya_prix/imgs/inphysio_1.img
73	36	37	35	/soya2/sourcing/img_soya/regl_02_14-Ensemble_Oreillers_Reglables_img3.webp	/soya2/sourcing/img_mkt/jty_knee_4.webp
73	36	37	35	/soya2/sourcing/img_soya/v3_32_Soya_3.0_Grey_1.png	/soya2/sourcing/img_mkt/jty_knee_4.webp
73	36	37	36	/soya2/sourcing/img_soya/enf_01_KIDSP1_4.jpg	/soya2/sourcing/img_mkt/confal_3.img
73	36	37	37	/soya/gallery/30.jpg	/soya2/sourcing/img_mkt/mic_tnjk_10.webp
73	36	37	37	/soya/gallery/30.jpg	/soya2/sourcing/img_mkt/mic_tnjk_6.webp
73	36	37	37	/soya/gallery/30.jpg	/soya2/sourcing/img_mkt/mic_tnjk_9.webp
73	36	37	37	/soya2/sourcing/img_soya/h3_04_14_feded688-a4ff-4333-8fba-e9a2e53c877a.png	/soya2/sourcing/img_mkt/mic_jty_1.webp
73	36	37	37	/soya2/sourcing/img_soya/lomb_01_4-Coussin_Lombaire_Ergonomique_Soya_img2.webp	/soya_prix/imgs/somnilys_2.img
73	36	37	37	/soya2/sourcing/img_soya/regl_00_14-Ensemble_Oreillers_Reglables_couverture_HD.webp	/soya2/sourcing/img_mkt/mic_jty_1.webp
73	36	37	38	/soya2/sourcing/img_soya/v2_08_11_bf88b3df-377c-4ddb-b78a-cc7a164e7755.png	/soya_prix/imgs/inphysio_1.img
73	36	37	38	/soya2/sourcing/img_soya/v3_32_Soya_3.0_Grey_1.png	/soya2/sourcing/img_mkt/derila_5.img
73	36	37	39	/soya2/sourcing/img_soya/enf_13_KIDS_PINK_3.png	/soya2/sourcing/img_mkt/mic_jty_5.webp
73	36	37	40	/soya/gallery/05.jpg	/soya_prix/imgs/inphysio_0.img
73	36	37	40	/soya/gallery/08.jpg	/soya_prix/imgs/somnilys_1.img
73	36	37	40	/soya2/sourcing/img_soya/enf_06_KIDSP1_1.jpg	/soya_prix/imgs/comfysle_3.img
73	36	37	40	/soya2/sourcing/img_soya/enf_20_KIDS_YELLOW_5.png	/soya2/sourcing/img_mkt/comfy_3.img
73	36	37	40	/soya2/sourcing/img_soya/v3_27_Firefly_Gemini_Flash_Generate_the_same_image_exactly_as_the_	/soya2/sourcing/img_mkt/jty_p6036_3.webp
73	36	37	41	/soya2/sourcing/img_soya/v2_00_1-oreiller-soya-2_0HD.webp	/soya2/sourcing/img_mkt/derila_0.img
73	36	37	42	/soya/gallery/04.jpg	/soya2/sourcing/img_mkt/comfy_4.img
73	36	37	42	/soya2/sourcing/img_soya/enf_15_KIDS_YELLOW_4.png	/soya_prix/imgs/somnilys_1.img
73	36	37	43	/soya2/sourcing/img_soya/voy_01_9-Oreiller-de-Voyage-Ergonomique-Soya_img2.webp	/soya_prix/imgs/htconfort_1.img
73	36	37	44	/soya/gallery/32.jpg	/soya2/sourcing/img_mkt/derila_6.img
73	36	37	46	/soya/gallery/05.jpg	/soya2/sourcing/img_mkt/confal_5.img
73	36	37	49	/soya2/sourcing/img_soya/v3_24_SOYA_3.0_Grey-2.jpg	/soya2/sourcing/img_mkt/mic_jty_8.webp
73	38	35	18	/soya2/sourcing/img_soya/lomb_02_4-Coussin_Lombaire_Ergonomique_Soya_img3.webp	/soya2/sourcing/img_mkt/comfy_5.img
73	38	35	19	/soya2/sourcing/img_soya/enf_00_KIDSP2.jpg	/soya2/sourcing/img_mkt/jty_p6036_5.webp
73	38	35	23	/soya2/sourcing/img_soya/v1_02_8-Oreiller_Soya_1.0_img3.webp	/soya2/sourcing/img_mkt/jty_p6036_5.webp
73	38	35	24	/soya2/sourcing/img_soya/enf_11_KIDS_PINK_7.png	/soya_prix/imgs/comfysle_2.img
73	38	35	24	/soya2/sourcing/img_soya/henf_04_KIDS_PINK_7.png	/soya_prix/imgs/comfysle_2.img
73	38	35	25	/soya2/sourcing/img_soya/enf_04_KIDSP1_1.png	/soya_prix/imgs/comfysle_2.img
73	38	35	25	/soya2/sourcing/img_soya/henf_03_KIDSP1_1.png	/soya_prix/imgs/comfysle_2.img
73	38	35	27	/soya/gallery/19.jpg	/soya2/sourcing/img_mkt/comfy_7.img
73	38	35	28	/soya2/sourcing/img_soya/enf_14_KIDS_YELLOW_6.jpg	/soya_prix/imgs/somnilys_2.img
73	38	35	29	/soya2/sourcing/img_soya/v1_04_8-Oreiller_Soya_1.0_img5.webp	/soya2/sourcing/img_mkt/comfy_6.img
73	38	35	30	/soya/gallery/20.jpg	/soya2/sourcing/img_mkt/derila_1.img
73	38	35	31	/soya/gallery/20.jpg	/soya2/sourcing/img_mkt/mic_jty_8.webp
73	38	35	31	/soya2/sourcing/img_soya/enf_19_KIDS_YELLOW_3.png	/soya2/sourcing/img_mkt/jty_knee_2.webp
73	38	35	31	/soya2/sourcing/img_soya/h3_04_14_feded688-a4ff-4333-8fba-e9a2e53c877a.png	/soya2/sourcing/img_mkt/comfy_1.img
73	38	35	31	/soya2/sourcing/img_soya/h3_04_14_feded688-a4ff-4333-8fba-e9a2e53c877a.png	/soya_prix/imgs/comfysle_1.img
73	38	35	31	/soya2/sourcing/img_soya/voy_00_9-Oreiller-de-Voyage-Ergonomique-Soyacouverture_HD.webp	/soya2/sourcing/img_mkt/confal_1.img
73	38	35	31	/soya2/sourcing/img_soya/voy_00_9-Oreiller-de-Voyage-Ergonomique-Soyacouverture_HD.webp	/soya_prix/imgs/confortalign_1.img
73	38	35	32	/soya2/sourcing/img_soya/v1_00_8-Oreiller_Soya_1.0_couverture_HD.webp	/soya2/sourcing/img_mkt/jty_knee_2.webp
73	38	35	32	/soya2/sourcing/img_soya/v2_06_1-oreiller-soya-2_0_img6_9601dd3b-66d6-4311-b41e-5fd7712bdc1	/soya2/sourcing/img_mkt/confal_3.img
73	38	35	33	/soya2/sourcing/img_soya/h3_00_13_c9363db8-d780-4903-9a97-df55d0478686.png	/soya2/sourcing/img_mkt/mic_tnjk_10.webp
73	38	35	33	/soya2/sourcing/img_soya/h3_00_13_c9363db8-d780-4903-9a97-df55d0478686.png	/soya2/sourcing/img_mkt/mic_tnjk_6.webp
73	38	35	33	/soya2/sourcing/img_soya/h3_00_13_c9363db8-d780-4903-9a97-df55d0478686.png	/soya2/sourcing/img_mkt/mic_tnjk_9.webp
73	38	35	35	/soya2/sourcing/img_soya/v2_00_1-oreiller-soya-2_0HD.webp	/soya2/sourcing/img_mkt/comfy_3.img
73	38	35	37	/soya2/sourcing/img_soya/enf_16_KIDS_YELLOW_7.png	/soya2/sourcing/img_mkt/comfy_5.img
73	38	35	37	/soya2/sourcing/img_soya/v2_08_11_bf88b3df-377c-4ddb-b78a-cc7a164e7755.png	/soya_prix/imgs/somnilys_1.img
73	38	35	38	/soya/gallery/26.jpg	/soya2/sourcing/img_mkt/confal_1.img
73	38	35	38	/soya/gallery/26.jpg	/soya_prix/imgs/confortalign_1.img
73	38	35	38	/soya2/sourcing/img_soya/v3_34_Soya_3.0_Grey.png	/soya_prix/imgs/comfysle_3.img
73	38	35	39	/soya2/sourcing/img_soya/enf_20_KIDS_YELLOW_5.png	/soya2/sourcing/img_mkt/mic_jty_5.webp
73	38	35	40	/soya2/sourcing/img_soya/enf_13_KIDS_PINK_3.png	/soya2/sourcing/img_mkt/comfy_3.img
73	38	35	41	/soya2/sourcing/img_soya/enf_04_KIDSP1_1.png	/soya2/sourcing/img_mkt/derila_4.img
73	38	35	41	/soya2/sourcing/img_soya/henf_03_KIDSP1_1.png	/soya2/sourcing/img_mkt/derila_4.img
73	38	35	41	/soya2/sourcing/img_soya/v3_30_IMG_9178.png	/soya2/sourcing/img_mkt/jty_knee_3.webp
73	38	35	42	/soya/gallery/30.jpg	/soya2/sourcing/img_mkt/confal_1.img
73	38	35	42	/soya/gallery/30.jpg	/soya_prix/imgs/confortalign_1.img
73	38	35	45	/soya/gallery/15.jpg	/soya2/sourcing/img_mkt/mic_jty_8.webp
73	38	35	45	/soya2/sourcing/img_soya/lomb_04_3_9225ca02-f60c-47d3-b26c-49df6ebba454.png	/soya2/sourcing/img_mkt/derila_1.img
73	38	35	50	/soya/gallery/17.jpg	/soya_prix/imgs/comfysle_2.img
73	38	35	50	/soya/gallery/30.jpg	/soya_prix/imgs/htconfort_1.img
73	40	33	34	/soya2/sourcing/img_soya/enf_11_KIDS_PINK_7.png	/soya2/sourcing/img_mkt/comfy_3.img
73	40	33	34	/soya2/sourcing/img_soya/henf_04_KIDS_PINK_7.png	/soya2/sourcing/img_mkt/comfy_3.img
73	40	33	38	/soya2/sourcing/img_soya/enf_09_KIDS_PINK_2.png	/soya2/sourcing/img_mkt/comfy_5.img
73	40	33	43	/soya2/sourcing/img_soya/v2_07_1-oreiller-soya-2_0_img7_43909438-1603-4e59-add4-f987f4acd78	/soya2/sourcing/img_mkt/mic_jty_8.webp
73	40	33	50	/soya2/sourcing/img_soya/enf_07_KIDS_PINK_6.jpg	/soya2/sourcing/img_mkt/mic_jty_8.webp
73	40	33	52	/soya/gallery/31.jpg	/soya_prix/imgs/comfysle_2.img
73	42	31	34	/soya/gallery/33.jpg	/soya_prix/imgs/somnilys_2.img
73	42	31	35	/soya/gallery/32.jpg	/soya_prix/imgs/zamatsle_1.img
73	42	31	44	/soya/gallery/17.jpg	/soya2/sourcing/img_mkt/jty_p6036_4.webp
73	42	31	53	/soya2/sourcing/img_soya/v1_02_8-Oreiller_Soya_1.0_img3.webp	/soya2/sourcing/img_mkt/comfy_1.img
73	42	31	53	/soya2/sourcing/img_soya/v1_02_8-Oreiller_Soya_1.0_img3.webp	/soya_prix/imgs/comfysle_1.img
74	28	46	35	/soya2/sourcing/img_soya/enf_17_KIDS_YELLOW_1.png	/soya2/sourcing/img_mkt/comfy_7.img
74	30	44	29	/soya2/sourcing/img_soya/h3_08_15_eb23f129-89f3-4ffc-be96-9e67ce1c745f.png	/soya2/sourcing/img_mkt/jty_knee_6.webp
74	30	44	32	/soya2/sourcing/img_soya/enf_00_KIDSP2.jpg	/soya2/sourcing/img_mkt/jty_knee_5.webp
74	32	42	24	/soya2/sourcing/img_soya/h3_00_13_c9363db8-d780-4903-9a97-df55d0478686.png	/soya2/sourcing/img_mkt/mic_tnjk_11.webp
74	32	42	24	/soya2/sourcing/img_soya/h3_00_13_c9363db8-d780-4903-9a97-df55d0478686.png	/soya2/sourcing/img_mkt/mic_tnjk_4.webp
74	32	42	24	/soya2/sourcing/img_soya/h3_00_13_c9363db8-d780-4903-9a97-df55d0478686.png	/soya2/sourcing/img_mkt/mic_tnjk_7.webp
74	32	42	24	/soya2/sourcing/img_soya/h3_12_7687678_3.png	/soya2/sourcing/img_mkt/mic_tnjk_11.webp
74	32	42	24	/soya2/sourcing/img_soya/h3_12_7687678_3.png	/soya2/sourcing/img_mkt/mic_tnjk_4.webp
74	32	42	24	/soya2/sourcing/img_soya/h3_12_7687678_3.png	/soya2/sourcing/img_mkt/mic_tnjk_7.webp
74	32	42	24	/soya2/sourcing/img_soya/h3_13_Soya_3.0_Grey_2.png	/soya2/sourcing/img_mkt/confal_2.img
74	32	42	24	/soya2/sourcing/img_soya/h3_13_Soya_3.0_Grey_2.png	/soya_prix/imgs/confortalign_2.img
74	32	42	24	/soya2/sourcing/img_soya/v3_28_Soya_3.0_Grey_2_47c0e3de-4c91-48dd-960e-4a36d6b20353.png	/soya2/sourcing/img_mkt/confal_2.img
74	32	42	24	/soya2/sourcing/img_soya/v3_28_Soya_3.0_Grey_2_47c0e3de-4c91-48dd-960e-4a36d6b20353.png	/soya_prix/imgs/confortalign_2.img
74	32	42	26	/soya2/sourcing/img_soya/lomb_00_4-Coussin_Lombaire_Ergonomique_Soya_couverture_HD.webp	/soya2/sourcing/img_mkt/mic_tnjk_11.webp
74	32	42	26	/soya2/sourcing/img_soya/lomb_00_4-Coussin_Lombaire_Ergonomique_Soya_couverture_HD.webp	/soya2/sourcing/img_mkt/mic_tnjk_4.webp
74	32	42	26	/soya2/sourcing/img_soya/lomb_00_4-Coussin_Lombaire_Ergonomique_Soya_couverture_HD.webp	/soya2/sourcing/img_mkt/mic_tnjk_7.webp
74	32	42	27	/soya/gallery/04.jpg	/soya2/sourcing/img_mkt/jty_p6036_1.webp
74	32	42	35	/soya2/sourcing/img_soya/enf_12_KIDS_PINK_5.png	/soya_prix/imgs/comfysle_3.img
74	32	42	36	/soya2/sourcing/img_soya/v2_02_1-oreiller-soya-2_0_img3_5f834f33-5e47-49e1-a6a1-34e17f3341b	/soya2/sourcing/img_mkt/derila_6.img
74	32	42	36	/soya2/sourcing/img_soya/v3_27_Firefly_Gemini_Flash_Generate_the_same_image_exactly_as_the_	/soya2/sourcing/img_mkt/jty_knee_6.webp
74	32	42	39	/soya2/sourcing/img_soya/v2_04_1-oreiller-soya-2_0_img5_a8a3199e-0071-4043-a899-f89baff5294	/soya2/sourcing/img_mkt/jty_knee_4.webp
74	32	42	42	/soya/gallery/32.jpg	/soya2/sourcing/img_mkt/mic_jty_12.webp
74	32	42	45	/soya2/sourcing/img_soya/enf_07_KIDS_PINK_6.jpg	/soya2/sourcing/img_mkt/jty_knee_3.webp
74	34	40	24	/soya/gallery/36.jpg	/soya2/sourcing/img_mkt/confal_2.img
74	34	40	24	/soya/gallery/36.jpg	/soya_prix/imgs/confortalign_2.img
74	34	40	24	/soya/gallery/37.jpg	/soya2/sourcing/img_mkt/confal_2.img
74	34	40	24	/soya/gallery/37.jpg	/soya_prix/imgs/confortalign_2.img
74	34	40	28	/soya2/sourcing/img_soya/lomb_03_4_dc2e6161-802a-4c42-a1d6-b9a0a02ce466.png	/soya2/sourcing/img_mkt/jty_p6036_3.webp
74	34	40	29	/soya2/sourcing/img_soya/voy_00_9-Oreiller-de-Voyage-Ergonomique-Soyacouverture_HD.webp	/soya2/sourcing/img_mkt/jty_p6036_1.webp
74	34	40	31	/soya/gallery/06.jpg	/soya2/sourcing/img_mkt/jty_p6036_2.webp
74	34	40	31	/soya/gallery/18.jpg	/soya2/sourcing/img_mkt/jty_p6036_2.webp
74	34	40	31	/soya/gallery/22.jpg	/soya2/sourcing/img_mkt/jty_p6036_2.webp
74	34	40	31	/soya/gallery/28.jpg	/soya2/sourcing/img_mkt/jty_p6036_2.webp
74	34	40	31	/soya2/sourcing/img_soya/v1_01_8-Oreiller_Soya_1.0_img2.webp	/soya2/sourcing/img_mkt/jty_p6036_2.webp
74	34	40	32	/soya/gallery/01.jpg	/soya_prix/imgs/zamatsle_2.img
74	34	40	32	/soya/gallery/12.jpg	/soya_prix/imgs/zamatsle_2.img
74	34	40	32	/soya/gallery/24.jpg	/soya_prix/imgs/zamatsle_2.img
74	34	40	32	/soya2/sourcing/img_soya/h3_15_7687678_1.png	/soya2/sourcing/img_mkt/jty_knee_5.webp
74	34	40	33	/soya2/sourcing/img_soya/enf_01_KIDSP1_4.jpg	/soya2/sourcing/img_mkt/mic_jty_8.webp
74	34	40	34	/soya2/sourcing/img_soya/lomb_01_4-Coussin_Lombaire_Ergonomique_Soya_img2.webp	/soya2/sourcing/img_mkt/comfy_4.img
74	34	40	34	/soya2/sourcing/img_soya/regl_00_14-Ensemble_Oreillers_Reglables_couverture_HD.webp	/soya2/sourcing/img_mkt/comfy_4.img
74	34	40	36	/soya/gallery/23.jpg	/soya2/sourcing/img_mkt/jty_p6036_2.webp
74	34	40	36	/soya2/sourcing/img_soya/enf_19_KIDS_YELLOW_3.png	/soya_prix/imgs/comfysle_3.img
74	34	40	38	/soya2/sourcing/img_soya/enf_13_KIDS_PINK_3.png	/soya2/sourcing/img_mkt/mic_tnjk_10.webp
74	34	40	38	/soya2/sourcing/img_soya/enf_13_KIDS_PINK_3.png	/soya2/sourcing/img_mkt/mic_tnjk_6.webp
74	34	40	38	/soya2/sourcing/img_soya/enf_13_KIDS_PINK_3.png	/soya2/sourcing/img_mkt/mic_tnjk_9.webp
74	34	40	39	/soya/gallery/05.jpg	/soya2/sourcing/img_mkt/comfy_1.img
74	34	40	39	/soya/gallery/05.jpg	/soya_prix/imgs/comfysle_1.img
74	34	40	39	/soya2/sourcing/img_soya/v2_06_1-oreiller-soya-2_0_img6_9601dd3b-66d6-4311-b41e-5fd7712bdc1	/soya_prix/imgs/htconfort_0.img
74	34	40	40	/soya/gallery/15.jpg	/soya_prix/imgs/comfysle_3.img
74	34	40	42	/soya2/sourcing/img_soya/enf_20_KIDS_YELLOW_5.png	/soya2/sourcing/img_mkt/derila_5.img
74	34	40	43	/soya2/sourcing/img_soya/lomb_01_4-Coussin_Lombaire_Ergonomique_Soya_img2.webp	/soya2/sourcing/img_mkt/confal_2.img
74	34	40	43	/soya2/sourcing/img_soya/lomb_01_4-Coussin_Lombaire_Ergonomique_Soya_img2.webp	/soya_prix/imgs/confortalign_2.img
74	34	40	47	/soya2/sourcing/img_soya/v3_30_IMG_9178.png	/soya_prix/imgs/htconfort_2.img
74	34	40	49	/soya2/sourcing/img_soya/henf_01_KIDS_P_1_4.png	/soya2/sourcing/img_mkt/comfy_6.img
74	34	40	53	/soya/gallery/32.jpg	/soya2/sourcing/img_mkt/comfy_6.img
74	36	38	18	/soya/gallery/11.jpg	/soya2/sourcing/img_mkt/mic_jty_3.webp
74	36	38	22	/soya2/sourcing/img_soya/v3_34_Soya_3.0_Grey.png	/soya2/sourcing/img_mkt/jty_p6036_3.webp
74	36	38	23	/soya2/sourcing/img_soya/v3_34_Soya_3.0_Grey.png	/soya2/sourcing/img_mkt/mic_jty_3.webp
74	36	38	24	/soya2/sourcing/img_soya/v2_06_1-oreiller-soya-2_0_img6_9601dd3b-66d6-4311-b41e-5fd7712bdc1	/soya_prix/imgs/somnilys_2.img
74	36	38	25	/soya2/sourcing/img_soya/enf_16_KIDS_YELLOW_7.png	/soya2/sourcing/img_mkt/mic_tnjk_11.webp
74	36	38	25	/soya2/sourcing/img_soya/enf_16_KIDS_YELLOW_7.png	/soya2/sourcing/img_mkt/mic_tnjk_4.webp
74	36	38	25	/soya2/sourcing/img_soya/enf_16_KIDS_YELLOW_7.png	/soya2/sourcing/img_mkt/mic_tnjk_7.webp
74	36	38	25	/soya2/sourcing/img_soya/v2_05_Oreiller_position_4.png	/soya2/sourcing/img_mkt/mic_tnjk_11.webp
74	36	38	25	/soya2/sourcing/img_soya/v2_05_Oreiller_position_4.png	/soya2/sourcing/img_mkt/mic_tnjk_4.webp
74	36	38	25	/soya2/sourcing/img_soya/v2_05_Oreiller_position_4.png	/soya2/sourcing/img_mkt/mic_tnjk_7.webp
74	36	38	26	/soya/gallery/32.jpg	/soya2/sourcing/img_mkt/jty_knee_1.webp
74	36	38	29	/soya2/sourcing/img_soya/voy_01_9-Oreiller-de-Voyage-Ergonomique-Soya_img2.webp	/soya2/sourcing/img_mkt/jty_p6036_5.webp
74	36	38	31	/soya2/sourcing/img_soya/enf_20_KIDS_YELLOW_5.png	/soya2/sourcing/img_mkt/jty_knee_1.webp
74	36	38	32	/soya2/sourcing/img_soya/enf_04_KIDSP1_1.png	/soya2/sourcing/img_mkt/jty_knee_1.webp
74	36	38	32	/soya2/sourcing/img_soya/henf_03_KIDSP1_1.png	/soya2/sourcing/img_mkt/jty_knee_1.webp
74	36	38	32	/soya2/sourcing/img_soya/v3_33_Soya_3.0_Grey_4.png	/soya2/sourcing/img_mkt/confal_3.img
74	36	38	35	/soya2/sourcing/img_soya/v2_04_1-oreiller-soya-2_0_img5_a8a3199e-0071-4043-a899-f89baff5294	/soya2/sourcing/img_mkt/jty_knee_1.webp
74	36	38	36	/soya2/sourcing/img_soya/enf_00_KIDSP2.jpg	/soya_prix/imgs/inphysio_0.img
74	36	38	36	/soya2/sourcing/img_soya/regl_00_14-Ensemble_Oreillers_Reglables_couverture_HD.webp	/soya_prix/imgs/somnilys_1.img
74	36	38	36	/soya2/sourcing/img_soya/v1_00_8-Oreiller_Soya_1.0_couverture_HD.webp	/soya_prix/imgs/zamatsle_3.img
74	36	38	37	/soya2/sourcing/img_soya/enf_14_KIDS_YELLOW_6.jpg	/soya_prix/imgs/inphysio_0.img
74	36	38	37	/soya2/sourcing/img_soya/enf_16_KIDS_YELLOW_7.png	/soya2/sourcing/img_mkt/derila_6.img
74	36	38	37	/soya2/sourcing/img_soya/v2_05_Oreiller_position_4.png	/soya2/sourcing/img_mkt/mic_jty_1.webp
74	36	38	39	/soya2/sourcing/img_soya/v2_07_1-oreiller-soya-2_0_img7_43909438-1603-4e59-add4-f987f4acd78	/soya2/sourcing/img_mkt/comfy_4.img
74	36	38	40	/soya2/sourcing/img_soya/henf_00_KIDS_P_1_2.png	/soya2/sourcing/img_mkt/confal_3.img
74	36	38	40	/soya2/sourcing/img_soya/henf_01_KIDS_P_1_4.png	/soya2/sourcing/img_mkt/confal_3.img
74	36	38	40	/soya2/sourcing/img_soya/lomb_02_4-Coussin_Lombaire_Ergonomique_Soya_img3.webp	/soya2/sourcing/img_mkt/derila_6.img
74	36	38	41	/soya/gallery/26.jpg	/soya_prix/imgs/htconfort_0.img
74	36	38	41	/soya2/sourcing/img_soya/enf_06_KIDSP1_1.jpg	/soya_prix/imgs/htconfort_0.img
74	36	38	41	/soya2/sourcing/img_soya/enf_20_KIDS_YELLOW_5.png	/soya_prix/imgs/comfysle_3.img
74	36	38	41	/soya2/sourcing/img_soya/v3_42_41.1.png	/soya2/sourcing/img_mkt/mic_jty_5.webp
74	36	38	42	/soya/gallery/17.jpg	/soya_prix/imgs/zamatsle_3.img
74	36	38	42	/soya2/sourcing/img_soya/v3_00_18.png	/soya2/sourcing/img_mkt/jty_p6036_6.webp
74	36	38	42	/soya2/sourcing/img_soya/v3_36_34.png	/soya2/sourcing/img_mkt/jty_p6036_6.webp
74	36	38	43	/soya2/sourcing/img_soya/v3_24_SOYA_3.0_Grey-2.jpg	/soya2/sourcing/img_mkt/derila_5.img
74	36	38	50	/soya2/sourcing/img_soya/henf_02_KIDS_P_1_3.png	/soya2/sourcing/img_mkt/comfy_6.img
74	38	36	31	/soya/gallery/31.jpg	/soya2/sourcing/img_mkt/confal_3.img
74	38	36	31	/soya/gallery/31.jpg	/soya2/sourcing/img_mkt/jty_knee_4.webp
74	38	36	34	/soya/gallery/31.jpg	/soya_prix/imgs/somnilys_0.img
74	38	36	35	/soya2/sourcing/img_soya/v1_03_8-Oreiller_Soya_1.0_img4.webp	/soya_prix/imgs/somnilys_2.img
74	38	36	36	/soya/gallery/01.jpg	/soya2/sourcing/img_mkt/jty_p6036_6.webp
74	38	36	36	/soya/gallery/12.jpg	/soya2/sourcing/img_mkt/jty_p6036_6.webp
74	38	36	36	/soya/gallery/15.jpg	/soya2/sourcing/img_mkt/confal_1.img
74	38	36	36	/soya/gallery/15.jpg	/soya_prix/imgs/confortalign_1.img
74	38	36	36	/soya/gallery/24.jpg	/soya2/sourcing/img_mkt/jty_p6036_6.webp
74	38	36	36	/soya2/sourcing/img_soya/v2_00_1-oreiller-soya-2_0HD.webp	/soya_prix/imgs/comfysle_3.img
74	38	36	37	/soya/gallery/13.jpg	/soya2/sourcing/img_mkt/mic_jty_1.webp
74	38	36	39	/soya2/sourcing/img_soya/voy_01_9-Oreiller-de-Voyage-Ergonomique-Soya_img2.webp	/soya2/sourcing/img_mkt/confal_0.img
74	38	36	39	/soya2/sourcing/img_soya/voy_01_9-Oreiller-de-Voyage-Ergonomique-Soya_img2.webp	/soya_prix/imgs/confortalign_0.img
74	38	36	41	/soya2/sourcing/img_soya/enf_13_KIDS_PINK_3.png	/soya_prix/imgs/comfysle_3.img
74	38	36	44	/soya2/sourcing/img_soya/h2_00_2-housse_Oreiller_de_Rechange_Soya_HD.webp	/soya2/sourcing/img_mkt/jty_p6036_4.webp
74	38	36	50	/soya/gallery/17.jpg	/soya2/sourcing/img_mkt/comfy_2.img
74	38	36	52	/soya/gallery/31.jpg	/soya2/sourcing/img_mkt/comfy_6.img
74	38	36	52	/soya2/sourcing/img_soya/v3_32_Soya_3.0_Grey_1.png	/soya2/sourcing/img_mkt/mic_jty_8.webp
74	40	34	20	/soya2/sourcing/img_soya/enf_14_KIDS_YELLOW_6.jpg	/soya2/sourcing/img_mkt/comfy_5.img
74	40	34	29	/soya2/sourcing/img_soya/voy_00_9-Oreiller-de-Voyage-Ergonomique-Soyacouverture_HD.webp	/soya2/sourcing/img_mkt/jty_p6036_3.webp
74	40	34	32	/soya/gallery/20.jpg	/soya2/sourcing/img_mkt/jty_knee_3.webp
74	40	34	33	/soya2/sourcing/img_soya/enf_03_KIDSP1_5.png	/soya2/sourcing/img_mkt/jty_p6036_2.webp
74	40	34	33	/soya2/sourcing/img_soya/enf_11_KIDS_PINK_7.png	/soya_prix/imgs/comfysle_3.img
74	40	34	33	/soya2/sourcing/img_soya/h2_03_2-housse_Oreiller_de_Rechange_Soya_img5.webp	/soya2/sourcing/img_mkt/mic_jty_12.webp
74	40	34	33	/soya2/sourcing/img_soya/henf_04_KIDS_PINK_7.png	/soya_prix/imgs/comfysle_3.img
74	40	34	33	/soya2/sourcing/img_soya/v2_07_1-oreiller-soya-2_0_img7_43909438-1603-4e59-add4-f987f4acd78	/soya_prix/imgs/inphysio_0.img
74	40	34	34	/soya/gallery/19.jpg	/soya_prix/imgs/inphysio_1.img
74	40	34	35	/soya/gallery/07.jpg	/soya_prix/imgs/inphysio_1.img
74	40	34	36	/soya/gallery/38.jpg	/soya2/sourcing/img_mkt/mic_tnjk_11.webp
74	40	34	36	/soya/gallery/38.jpg	/soya2/sourcing/img_mkt/mic_tnjk_4.webp
74	40	34	36	/soya/gallery/38.jpg	/soya2/sourcing/img_mkt/mic_tnjk_7.webp
74	40	34	36	/soya2/sourcing/img_soya/v2_07_1-oreiller-soya-2_0_img7_43909438-1603-4e59-add4-f987f4acd78	/soya2/sourcing/img_mkt/jty_knee_4.webp
74	40	34	37	/soya2/sourcing/img_soya/v2_05_Oreiller_position_4.png	/soya2/sourcing/img_mkt/comfy_1.img
74	40	34	37	/soya2/sourcing/img_soya/v2_05_Oreiller_position_4.png	/soya_prix/imgs/comfysle_1.img
74	40	34	38	/soya/gallery/19.jpg	/soya2/sourcing/img_mkt/jty_knee_6.webp
74	40	34	38	/soya2/sourcing/img_soya/enf_15_KIDS_YELLOW_4.png	/soya2/sourcing/img_mkt/derila_3.img
74	40	34	41	/soya2/sourcing/img_soya/h2_00_2-housse_Oreiller_de_Rechange_Soya_HD.webp	/soya2/sourcing/img_mkt/jty_p6036_2.webp
74	40	34	45	/soya/gallery/26.jpg	/soya2/sourcing/img_mkt/mic_jty_8.webp
74	40	34	45	/soya2/sourcing/img_soya/v2_00_1-oreiller-soya-2_0HD.webp	/soya2/sourcing/img_mkt/confal_5.img
74	40	34	46	/soya2/sourcing/img_soya/v3_12_2_782a3829-4b96-451b-93e4-630d8f06e705.png	/soya2/sourcing/img_mkt/confal_2.img
74	40	34	46	/soya2/sourcing/img_soya/v3_12_2_782a3829-4b96-451b-93e4-630d8f06e705.png	/soya_prix/imgs/confortalign_2.img
74	40	34	52	/soya/gallery/31.jpg	/soya2/sourcing/img_mkt/comfy_2.img
74	42	32	40	/soya/gallery/26.jpg	/soya2/sourcing/img_mkt/mic_jty_5.webp
74	44	30	45	/soya/gallery/15.jpg	/soya_prix/imgs/zamatsle_3.img
74	44	30	56	/soya/gallery/30.jpg	/soya2/sourcing/img_mkt/comfy_1.img
74	44	30	56	/soya/gallery/30.jpg	/soya_prix/imgs/comfysle_1.img
75	32	43	19	/soya/gallery/26.jpg	/soya2/sourcing/img_mkt/jty_knee_5.webp
75	32	43	32	/soya2/sourcing/img_soya/v2_08_11_bf88b3df-377c-4ddb-b78a-cc7a164e7755.png	/soya_prix/imgs/inphysio_2.img
75	32	43	33	/soya2/sourcing/img_soya/lomb_01_4-Coussin_Lombaire_Ergonomique_Soya_img2.webp	/soya2/sourcing/img_mkt/mic_jty_1.webp
75	32	43	34	/soya2/sourcing/img_soya/enf_12_KIDS_PINK_5.png	/soya2/sourcing/img_mkt/comfy_3.img
75	32	43	40	/soya2/sourcing/img_soya/voy_04_9-Oreiller-de-Voyage-Ergonomique-Soya_img5.webp	/soya2/sourcing/img_mkt/confal_2.img
75	32	43	40	/soya2/sourcing/img_soya/voy_04_9-Oreiller-de-Voyage-Ergonomique-Soya_img5.webp	/soya_prix/imgs/confortalign_2.img
75	32	43	40	/soya2/sourcing/img_soya/voy_05_9-Oreiller-de-Voyage-Ergonomique-Soya_img6.webp	/soya2/sourcing/img_mkt/confal_2.img
75	32	43	40	/soya2/sourcing/img_soya/voy_05_9-Oreiller-de-Voyage-Ergonomique-Soya_img6.webp	/soya_prix/imgs/confortalign_2.img
75	32	43	40	/soya2/sourcing/img_soya/voy_06_9-Oreiller-de-Voyage-Ergonomique-Soya_img7.webp	/soya2/sourcing/img_mkt/confal_2.img
75	32	43	40	/soya2/sourcing/img_soya/voy_06_9-Oreiller-de-Voyage-Ergonomique-Soya_img7.webp	/soya_prix/imgs/confortalign_2.img
75	32	43	50	/soya2/sourcing/img_soya/v3_34_Soya_3.0_Grey.png	/soya_prix/imgs/comfysle_0.img
75	34	41	28	/soya/gallery/04.jpg	/soya2/sourcing/img_mkt/jty_knee_5.webp
75	34	41	32	/soya/gallery/21.jpg	/soya2/sourcing/img_mkt/mic_tnjk_10.webp
75	34	41	32	/soya/gallery/21.jpg	/soya2/sourcing/img_mkt/mic_tnjk_6.webp
75	34	41	32	/soya/gallery/21.jpg	/soya2/sourcing/img_mkt/mic_tnjk_9.webp
75	34	41	32	/soya/gallery/39.jpg	/soya2/sourcing/img_mkt/derila_3.img
75	34	41	33	/soya/gallery/04.jpg	/soya2/sourcing/img_mkt/jty_knee_4.webp
75	34	41	33	/soya2/sourcing/img_soya/v2_01_1-oreiller-soya-2_0_img2_7d72b6af-35c7-4427-8f15-843f227d977	/soya2/sourcing/img_mkt/mic_jty_1.webp
75	34	41	34	/soya/gallery/09.jpg	/soya2/sourcing/img_mkt/mic_tnjk_10.webp
75	34	41	34	/soya/gallery/09.jpg	/soya2/sourcing/img_mkt/mic_tnjk_6.webp
75	34	41	34	/soya/gallery/09.jpg	/soya2/sourcing/img_mkt/mic_tnjk_9.webp
75	34	41	35	/soya2/sourcing/img_soya/enf_19_KIDS_YELLOW_3.png	/soya2/sourcing/img_mkt/comfy_3.img
75	34	41	36	/soya2/sourcing/img_soya/v1_04_8-Oreiller_Soya_1.0_img5.webp	/soya2/sourcing/img_mkt/jty_knee_3.webp
75	34	41	37	/soya/gallery/36.jpg	/soya2/sourcing/img_mkt/comfy_7.img
75	34	41	37	/soya/gallery/37.jpg	/soya2/sourcing/img_mkt/comfy_7.img
75	34	41	37	/soya2/sourcing/img_soya/v2_05_Oreiller_position_4.png	/soya2/sourcing/img_mkt/jty_knee_4.webp
75	34	41	45	/soya/gallery/04.jpg	/soya2/sourcing/img_mkt/comfy_0.img
75	34	41	45	/soya/gallery/04.jpg	/soya_prix/imgs/comfysle_0.img
75	34	41	47	/soya2/sourcing/img_soya/v2_04_1-oreiller-soya-2_0_img5_a8a3199e-0071-4043-a899-f89baff5294	/soya_prix/imgs/htconfort_2.img
75	34	41	51	/soya2/sourcing/img_soya/v2_06_1-oreiller-soya-2_0_img6_9601dd3b-66d6-4311-b41e-5fd7712bdc1	/soya2/sourcing/img_mkt/comfy_6.img
75	36	39	28	/soya2/sourcing/img_soya/h3_04_14_feded688-a4ff-4333-8fba-e9a2e53c877a.png	/soya2/sourcing/img_mkt/comfy_3.img
75	36	39	29	/soya2/sourcing/img_soya/v3_35_SOYA_3.0_Grey_1.jpg	/soya2/sourcing/img_mkt/jty_knee_1.webp
75	36	39	30	/soya/gallery/01.jpg	/soya2/sourcing/img_mkt/confal_3.img
75	36	39	30	/soya/gallery/12.jpg	/soya2/sourcing/img_mkt/confal_3.img
75	36	39	30	/soya/gallery/24.jpg	/soya2/sourcing/img_mkt/confal_3.img
75	36	39	30	/soya2/sourcing/img_soya/voy_03_9-Oreiller-de-Voyage-Ergonomique-Soya_img4.webp	/soya2/sourcing/img_mkt/jty_p6036_2.webp
75	36	39	32	/soya/gallery/16.jpg	/soya_prix/imgs/inphysio_2.img
75	36	39	32	/soya/gallery/38.jpg	/soya2/sourcing/img_mkt/jty_knee_1.webp
75	36	39	32	/soya2/sourcing/img_soya/v2_05_Oreiller_position_4.png	/soya_prix/imgs/somnilys_0.img
75	36	39	33	/soya2/sourcing/img_soya/h3_14_7687678_2.png	/soya2/sourcing/img_mkt/jty_knee_1.webp
75	36	39	33	/soya2/sourcing/img_soya/v3_29_7687678_2_0409bb9a-6b40-434d-807f-98da5554945a.png	/soya2/sourcing/img_mkt/jty_knee_1.webp
75	36	39	34	/soya/gallery/29.jpg	/soya2/sourcing/img_mkt/jty_p6036_2.webp
75	36	39	35	/soya/gallery/01.jpg	/soya_prix/imgs/inphysio_0.img
75	36	39	35	/soya/gallery/12.jpg	/soya_prix/imgs/inphysio_0.img
75	36	39	35	/soya/gallery/13.jpg	/soya2/sourcing/img_mkt/jty_knee_4.webp
75	36	39	35	/soya/gallery/24.jpg	/soya_prix/imgs/inphysio_0.img
75	36	39	35	/soya2/sourcing/img_soya/v2_07_1-oreiller-soya-2_0_img7_43909438-1603-4e59-add4-f987f4acd78	/soya2/sourcing/img_mkt/comfy_3.img
75	36	39	35	/soya2/sourcing/img_soya/v2_07_1-oreiller-soya-2_0_img7_43909438-1603-4e59-add4-f987f4acd78	/soya2/sourcing/img_mkt/jty_knee_2.webp
75	36	39	36	/soya/gallery/20.jpg	/soya2/sourcing/img_mkt/confal_0.img
75	36	39	36	/soya/gallery/20.jpg	/soya_prix/imgs/confortalign_0.img
75	36	39	36	/soya2/sourcing/img_soya/enf_17_KIDS_YELLOW_1.png	/soya2/sourcing/img_mkt/confal_2.img
75	36	39	36	/soya2/sourcing/img_soya/enf_17_KIDS_YELLOW_1.png	/soya_prix/imgs/confortalign_2.img
75	36	39	36	/soya2/sourcing/img_soya/v1_04_8-Oreiller_Soya_1.0_img5.webp	/soya2/sourcing/img_mkt/confal_1.img
75	36	39	36	/soya2/sourcing/img_soya/v1_04_8-Oreiller_Soya_1.0_img5.webp	/soya_prix/imgs/confortalign_1.img
75	36	39	37	/soya2/sourcing/img_soya/v3_27_Firefly_Gemini_Flash_Generate_the_same_image_exactly_as_the_	/soya2/sourcing/img_mkt/mic_jty_2.webp
75	36	39	37	/soya2/sourcing/img_soya/voy_00_9-Oreiller-de-Voyage-Ergonomique-Soyacouverture_HD.webp	/soya2/sourcing/img_mkt/mic_jty_12.webp
75	36	39	38	/soya/gallery/17.jpg	/soya_prix/imgs/zamatsle_1.img
75	36	39	38	/soya2/sourcing/img_soya/enf_17_KIDS_YELLOW_1.png	/soya2/sourcing/img_mkt/jty_knee_6.webp
75	36	39	39	/soya2/sourcing/img_soya/v3_35_SOYA_3.0_Grey_1.jpg	/soya_prix/imgs/inphysio_2.img
75	36	39	41	/soya2/sourcing/img_soya/v3_34_Soya_3.0_Grey.png	/soya_prix/imgs/somnilys_0.img
75	36	39	42	/soya2/sourcing/img_soya/enf_20_KIDS_YELLOW_5.png	/soya_prix/imgs/htconfort_0.img
75	36	39	43	/soya2/sourcing/img_soya/h3_00_13_c9363db8-d780-4903-9a97-df55d0478686.png	/soya2/sourcing/img_mkt/comfy_6.img
75	36	39	47	/soya/gallery/39.jpg	/soya_prix/imgs/htconfort_2.img
75	36	39	48	/soya/gallery/17.jpg	/soya2/sourcing/img_mkt/mic_jty_8.webp
75	36	39	54	/soya2/sourcing/img_soya/v1_02_8-Oreiller_Soya_1.0_img3.webp	/soya_prix/imgs/htconfort_0.img
75	38	37	21	/soya2/sourcing/img_soya/lomb_04_3_9225ca02-f60c-47d3-b26c-49df6ebba454.png	/soya2/sourcing/img_mkt/jty_p6036_5.webp
75	38	37	25	/soya2/sourcing/img_soya/enf_20_KIDS_YELLOW_5.png	/soya2/sourcing/img_mkt/jty_p6036_1.webp
75	38	37	26	/soya/gallery/19.jpg	/soya2/sourcing/img_mkt/mic_tnjk_11.webp
75	38	37	26	/soya/gallery/19.jpg	/soya2/sourcing/img_mkt/mic_tnjk_4.webp
75	38	37	26	/soya/gallery/19.jpg	/soya2/sourcing/img_mkt/mic_tnjk_7.webp
75	38	37	29	/soya/gallery/20.jpg	/soya2/sourcing/img_mkt/derila_0.img
75	38	37	30	/soya/gallery/02.jpg	/soya2/sourcing/img_mkt/confal_3.img
75	38	37	30	/soya2/sourcing/img_soya/enf_07_KIDS_PINK_6.jpg	/soya2/sourcing/img_mkt/derila_4.img
75	38	37	31	/soya/gallery/08.jpg	/soya_prix/imgs/htconfort_1.img
75	38	37	31	/soya/gallery/36.jpg	/soya2/sourcing/img_mkt/derila_3.img
75	38	37	31	/soya/gallery/37.jpg	/soya2/sourcing/img_mkt/derila_3.img
75	38	37	32	/soya2/sourcing/img_soya/v3_27_Firefly_Gemini_Flash_Generate_the_same_image_exactly_as_the_	/soya2/sourcing/img_mkt/mic_jty_1.webp
75	38	37	33	/soya2/sourcing/img_soya/v3_42_41.1.png	/soya2/sourcing/img_mkt/jty_knee_1.webp
75	38	37	36	/soya2/sourcing/img_soya/voy_01_9-Oreiller-de-Voyage-Ergonomique-Soya_img2.webp	/soya2/sourcing/img_mkt/confal_5.img
75	38	37	37	/soya2/sourcing/img_soya/h3_08_15_eb23f129-89f3-4ffc-be96-9e67ce1c745f.png	/soya2/sourcing/img_mkt/mic_jty_1.webp
75	38	37	39	/soya/gallery/02.jpg	/soya2/sourcing/img_mkt/comfy_4.img
75	38	37	41	/soya/gallery/03.jpg	/soya_prix/imgs/zamatsle_0.img
75	38	37	41	/soya/gallery/03.jpg	/soya_prix/imgs/zamatsle_1.img
75	38	37	41	/soya/gallery/14.jpg	/soya_prix/imgs/zamatsle_0.img
75	38	37	41	/soya/gallery/14.jpg	/soya_prix/imgs/zamatsle_1.img
75	38	37	41	/soya/gallery/27.jpg	/soya_prix/imgs/zamatsle_0.img
75	38	37	41	/soya/gallery/27.jpg	/soya_prix/imgs/zamatsle_1.img
75	38	37	41	/soya2/sourcing/img_soya/v3_33_Soya_3.0_Grey_4.png	/soya2/sourcing/img_mkt/jty_p6036_4.webp
75	38	37	42	/soya2/sourcing/img_soya/lomb_04_3_9225ca02-f60c-47d3-b26c-49df6ebba454.png	/soya_prix/imgs/comfysle_2.img
75	38	37	44	/soya2/sourcing/img_soya/h2_03_2-housse_Oreiller_de_Rechange_Soya_img5.webp	/soya2/sourcing/img_mkt/mic_jty_8.webp
75	38	37	48	/soya/gallery/16.jpg	/soya2/sourcing/img_mkt/confal_2.img
75	38	37	48	/soya/gallery/16.jpg	/soya_prix/imgs/confortalign_2.img
75	38	37	48	/soya2/sourcing/img_soya/lomb_00_4-Coussin_Lombaire_Ergonomique_Soya_couverture_HD.webp	/soya2/sourcing/img_mkt/comfy_0.img
75	38	37	48	/soya2/sourcing/img_soya/lomb_00_4-Coussin_Lombaire_Ergonomique_Soya_couverture_HD.webp	/soya_prix/imgs/comfysle_0.img
75	40	35	18	/soya2/sourcing/img_soya/enf_14_KIDS_YELLOW_6.jpg	/soya2/sourcing/img_mkt/jty_p6036_5.webp
75	40	35	31	/soya2/sourcing/img_soya/h3_12_7687678_3.png	/soya2/sourcing/img_mkt/mic_tnjk_10.webp
75	40	35	31	/soya2/sourcing/img_soya/h3_12_7687678_3.png	/soya2/sourcing/img_mkt/mic_tnjk_6.webp
75	40	35	31	/soya2/sourcing/img_soya/h3_12_7687678_3.png	/soya2/sourcing/img_mkt/mic_tnjk_9.webp
75	40	35	33	/soya/gallery/34.jpg	/soya2/sourcing/img_mkt/confal_3.img
75	40	35	34	/soya/gallery/33.jpg	/soya2/sourcing/img_mkt/mic_jty_1.webp
75	40	35	38	/soya2/sourcing/img_soya/v2_00_1-oreiller-soya-2_0HD.webp	/soya2/sourcing/img_mkt/comfy_1.img
75	40	35	38	/soya2/sourcing/img_soya/v2_00_1-oreiller-soya-2_0HD.webp	/soya_prix/imgs/comfysle_1.img
75	40	35	41	/soya/gallery/16.jpg	/soya_prix/imgs/somnilys_1.img
75	40	35	52	/soya2/sourcing/img_soya/v3_32_Soya_3.0_Grey_1.png	/soya2/sourcing/img_mkt/comfy_6.img
75	40	35	53	/soya/gallery/32.jpg	/soya_prix/imgs/comfysle_2.img
75	42	33	29	/soya2/sourcing/img_soya/enf_14_KIDS_YELLOW_6.jpg	/soya2/sourcing/img_mkt/derila_4.img
75	42	33	43	/soya2/sourcing/img_soya/v3_25_Soya_3.0_grey_2_2e59cacb-6ebc-4f36-8a81-44478c9d4589.png	/soya2/sourcing/img_mkt/jty_knee_6.webp
76	30	46	29	/soya2/sourcing/img_soya/h3_04_14_feded688-a4ff-4333-8fba-e9a2e53c877a.png	/soya2/sourcing/img_mkt/jty_knee_6.webp
76	34	42	21	/soya2/sourcing/img_soya/v3_32_Soya_3.0_Grey_1.png	/soya_prix/imgs/somnilys_2.img
76	34	42	30	/soya2/sourcing/img_soya/v1_02_8-Oreiller_Soya_1.0_img3.webp	/soya2/sourcing/img_mkt/comfy_4.img
76	34	42	45	/soya2/sourcing/img_soya/enf_00_KIDSP2.jpg	/soya2/sourcing/img_mkt/jty_knee_3.webp
76	36	40	20	/soya/gallery/02.jpg	/soya_prix/imgs/somnilys_2.img
76	36	40	23	/soya2/sourcing/img_soya/enf_12_KIDS_PINK_5.png	/soya2/sourcing/img_mkt/jty_knee_1.webp
76	36	40	29	/soya2/sourcing/img_soya/h3_04_14_feded688-a4ff-4333-8fba-e9a2e53c877a.png	/soya_prix/imgs/comfysle_3.img
76	36	40	33	/soya/gallery/01.jpg	/soya2/sourcing/img_mkt/derila_0.img
76	36	40	33	/soya/gallery/12.jpg	/soya2/sourcing/img_mkt/derila_0.img
76	36	40	33	/soya/gallery/24.jpg	/soya2/sourcing/img_mkt/derila_0.img
76	36	40	34	/soya/gallery/13.jpg	/soya2/sourcing/img_mkt/jty_knee_2.webp
76	36	40	34	/soya/gallery/25.jpg	/soya2/sourcing/img_mkt/jty_knee_2.webp
76	36	40	35	/soya2/sourcing/img_soya/v3_25_Soya_3.0_grey_2_2e59cacb-6ebc-4f36-8a81-44478c9d4589.png	/soya2/sourcing/img_mkt/jty_p6036_2.webp
76	36	40	36	/soya/gallery/04.jpg	/soya_prix/imgs/htconfort_0.img
76	36	40	36	/soya/gallery/15.jpg	/soya2/sourcing/img_mkt/confal_3.img
76	36	40	36	/soya2/sourcing/img_soya/enf_15_KIDS_YELLOW_4.png	/soya2/sourcing/img_mkt/mic_jty_8.webp
76	36	40	36	/soya2/sourcing/img_soya/v2_07_1-oreiller-soya-2_0_img7_43909438-1603-4e59-add4-f987f4acd78	/soya_prix/imgs/comfysle_3.img
76	36	40	37	/soya/gallery/02.jpg	/soya2/sourcing/img_mkt/jty_knee_2.webp
76	36	40	41	/soya2/sourcing/img_soya/enf_11_KIDS_PINK_7.png	/soya2/sourcing/img_mkt/comfy_5.img
76	36	40	41	/soya2/sourcing/img_soya/henf_04_KIDS_PINK_7.png	/soya2/sourcing/img_mkt/comfy_5.img
76	36	40	44	/soya2/sourcing/img_soya/enf_20_KIDS_YELLOW_5.png	/soya2/sourcing/img_mkt/confal_5.img
76	36	40	44	/soya2/sourcing/img_soya/v2_00_1-oreiller-soya-2_0HD.webp	/soya_prix/imgs/inphysio_2.img
76	36	40	48	/soya/gallery/05.jpg	/soya2/sourcing/img_mkt/mic_jty_8.webp
76	36	40	50	/soya2/sourcing/img_soya/h3_04_14_feded688-a4ff-4333-8fba-e9a2e53c877a.png	/soya2/sourcing/img_mkt/comfy_6.img
76	38	38	18	/soya2/sourcing/img_soya/v3_30_IMG_9178.png	/soya2/sourcing/img_mkt/mic_jty_3.webp
76	38	38	24	/soya2/sourcing/img_soya/enf_06_KIDSP1_1.jpg	/soya2/sourcing/img_mkt/jty_p6036_1.webp
76	38	38	32	/soya2/sourcing/img_soya/v1_04_8-Oreiller_Soya_1.0_img5.webp	/soya2/sourcing/img_mkt/mic_tnjk_11.webp
76	38	38	32	/soya2/sourcing/img_soya/v1_04_8-Oreiller_Soya_1.0_img5.webp	/soya2/sourcing/img_mkt/mic_tnjk_4.webp
76	38	38	32	/soya2/sourcing/img_soya/v1_04_8-Oreiller_Soya_1.0_img5.webp	/soya2/sourcing/img_mkt/mic_tnjk_7.webp
76	38	38	34	/soya/gallery/03.jpg	/soya2/sourcing/img_mkt/confal_3.img
76	38	38	34	/soya/gallery/14.jpg	/soya2/sourcing/img_mkt/confal_3.img
76	38	38	34	/soya/gallery/27.jpg	/soya2/sourcing/img_mkt/confal_3.img
76	38	38	38	/soya2/sourcing/img_soya/v3_32_Soya_3.0_Grey_1.png	/soya2/sourcing/img_mkt/jty_knee_2.webp
76	38	38	41	/soya2/sourcing/img_soya/enf_08_KIDS_PINK_4.png	/soya2/sourcing/img_mkt/comfy_5.img
76	38	38	41	/soya2/sourcing/img_soya/v2_02_1-oreiller-soya-2_0_img3_5f834f33-5e47-49e1-a6a1-34e17f3341b	/soya2/sourcing/img_mkt/derila_3.img
76	38	38	42	/soya/gallery/05.jpg	/soya2/sourcing/img_mkt/derila_0.img
76	38	38	42	/soya2/sourcing/img_soya/lomb_04_3_9225ca02-f60c-47d3-b26c-49df6ebba454.png	/soya2/sourcing/img_mkt/comfy_2.img
76	38	38	43	/soya/gallery/04.jpg	/soya_prix/imgs/htconfort_2.img
76	38	38	43	/soya/gallery/17.jpg	/soya_prix/imgs/inphysio_2.img
76	38	38	44	/soya/gallery/19.jpg	/soya2/sourcing/img_mkt/confal_2.img
76	38	38	44	/soya/gallery/19.jpg	/soya_prix/imgs/confortalign_2.img
76	38	38	44	/soya2/sourcing/img_soya/enf_06_KIDSP1_1.jpg	/soya2/sourcing/img_mkt/derila_1.img
76	38	38	44	/soya2/sourcing/img_soya/enf_13_KIDS_PINK_3.png	/soya2/sourcing/img_mkt/confal_5.img
76	38	38	45	/soya/gallery/15.jpg	/soya2/sourcing/img_mkt/derila_5.img
76	38	38	47	/soya2/sourcing/img_soya/h3_15_7687678_1.png	/soya2/sourcing/img_mkt/confal_2.img
76	38	38	47	/soya2/sourcing/img_soya/h3_15_7687678_1.png	/soya_prix/imgs/confortalign_2.img
76	38	38	57	/soya/gallery/29.jpg	/soya2/sourcing/img_mkt/jty_knee_5.webp
76	40	36	25	/soya2/sourcing/img_soya/v2_08_11_bf88b3df-377c-4ddb-b78a-cc7a164e7755.png	/soya2/sourcing/img_mkt/derila_0.img
76	40	36	34	/soya2/sourcing/img_soya/v3_12_2_782a3829-4b96-451b-93e4-630d8f06e705.png	/soya2/sourcing/img_mkt/jty_knee_1.webp
76	40	36	35	/soya2/sourcing/img_soya/h3_14_7687678_2.png	/soya2/sourcing/img_mkt/mic_tnjk_11.webp
76	40	36	35	/soya2/sourcing/img_soya/h3_14_7687678_2.png	/soya2/sourcing/img_mkt/mic_tnjk_4.webp
76	40	36	35	/soya2/sourcing/img_soya/h3_14_7687678_2.png	/soya2/sourcing/img_mkt/mic_tnjk_7.webp
76	40	36	35	/soya2/sourcing/img_soya/v3_29_7687678_2_0409bb9a-6b40-434d-807f-98da5554945a.png	/soya2/sourcing/img_mkt/mic_tnjk_11.webp
76	40	36	35	/soya2/sourcing/img_soya/v3_29_7687678_2_0409bb9a-6b40-434d-807f-98da5554945a.png	/soya2/sourcing/img_mkt/mic_tnjk_4.webp
76	40	36	35	/soya2/sourcing/img_soya/v3_29_7687678_2_0409bb9a-6b40-434d-807f-98da5554945a.png	/soya2/sourcing/img_mkt/mic_tnjk_7.webp
76	40	36	37	/soya2/sourcing/img_soya/v2_01_1-oreiller-soya-2_0_img2_7d72b6af-35c7-4427-8f15-843f227d977	/soya2/sourcing/img_mkt/jty_knee_4.webp
76	40	36	39	/soya2/sourcing/img_soya/enf_16_KIDS_YELLOW_7.png	/soya_prix/imgs/somnilys_2.img
76	40	36	42	/soya2/sourcing/img_soya/v3_00_18.png	/soya2/sourcing/img_mkt/mic_jty_5.webp
76	40	36	42	/soya2/sourcing/img_soya/v3_36_34.png	/soya2/sourcing/img_mkt/mic_jty_5.webp
76	40	36	42	/soya2/sourcing/img_soya/voy_04_9-Oreiller-de-Voyage-Ergonomique-Soya_img5.webp	/soya2/sourcing/img_mkt/jty_p6036_5.webp
76	40	36	42	/soya2/sourcing/img_soya/voy_05_9-Oreiller-de-Voyage-Ergonomique-Soya_img6.webp	/soya2/sourcing/img_mkt/jty_p6036_5.webp
76	40	36	42	/soya2/sourcing/img_soya/voy_06_9-Oreiller-de-Voyage-Ergonomique-Soya_img7.webp	/soya2/sourcing/img_mkt/jty_p6036_5.webp
76	40	36	44	/soya2/sourcing/img_soya/v2_01_1-oreiller-soya-2_0_img2_7d72b6af-35c7-4427-8f15-843f227d977	/soya2/sourcing/img_mkt/jty_knee_5.webp
76	40	36	46	/soya/gallery/31.jpg	/soya2/sourcing/img_mkt/confal_5.img
76	40	36	53	/soya/gallery/32.jpg	/soya2/sourcing/img_mkt/comfy_2.img
76	42	34	20	/soya2/sourcing/img_soya/voy_02_9-Oreiller-de-Voyage-Ergonomique-Soya_img3.webp	/soya2/sourcing/img_mkt/derila_1.img
76	42	34	40	/soya/gallery/09.jpg	/soya2/sourcing/img_mkt/derila_3.img
76	42	34	40	/soya/gallery/21.jpg	/soya2/sourcing/img_mkt/derila_3.img
76	44	32	54	/soya/gallery/30.jpg	/soya2/sourcing/img_mkt/derila_1.img
77	34	43	23	/soya2/sourcing/img_soya/v1_02_8-Oreiller_Soya_1.0_img3.webp	/soya2/sourcing/img_mkt/jty_p6036_1.webp
77	34	43	34	/soya/gallery/10.jpg	/soya2/sourcing/img_mkt/jty_p6036_2.webp
77	34	43	45	/soya2/sourcing/img_soya/lomb_02_4-Coussin_Lombaire_Ergonomique_Soya_img3.webp	/soya2/sourcing/img_mkt/comfy_6.img
77	36	41	30	/soya/gallery/19.jpg	/soya2/sourcing/img_mkt/jty_p6036_2.webp
77	36	41	32	/soya2/sourcing/img_soya/h3_14_7687678_2.png	/soya2/sourcing/img_mkt/mic_tnjk_10.webp
77	36	41	32	/soya2/sourcing/img_soya/h3_14_7687678_2.png	/soya2/sourcing/img_mkt/mic_tnjk_6.webp
77	36	41	32	/soya2/sourcing/img_soya/h3_14_7687678_2.png	/soya2/sourcing/img_mkt/mic_tnjk_9.webp
77	36	41	32	/soya2/sourcing/img_soya/v3_29_7687678_2_0409bb9a-6b40-434d-807f-98da5554945a.png	/soya2/sourcing/img_mkt/mic_tnjk_10.webp
77	36	41	32	/soya2/sourcing/img_soya/v3_29_7687678_2_0409bb9a-6b40-434d-807f-98da5554945a.png	/soya2/sourcing/img_mkt/mic_tnjk_6.webp
77	36	41	32	/soya2/sourcing/img_soya/v3_29_7687678_2_0409bb9a-6b40-434d-807f-98da5554945a.png	/soya2/sourcing/img_mkt/mic_tnjk_9.webp
77	36	41	37	/soya2/sourcing/img_soya/v1_02_8-Oreiller_Soya_1.0_img3.webp	/soya2/sourcing/img_mkt/mic_jty_1.webp
77	36	41	40	/soya2/sourcing/img_soya/v3_27_Firefly_Gemini_Flash_Generate_the_same_image_exactly_as_the_	/soya2/sourcing/img_mkt/confal_0.img
77	36	41	40	/soya2/sourcing/img_soya/v3_27_Firefly_Gemini_Flash_Generate_the_same_image_exactly_as_the_	/soya_prix/imgs/confortalign_0.img
77	36	41	41	/soya/gallery/03.jpg	/soya2/sourcing/img_mkt/jty_p6036_4.webp
77	36	41	41	/soya/gallery/14.jpg	/soya2/sourcing/img_mkt/jty_p6036_4.webp
77	36	41	41	/soya/gallery/27.jpg	/soya2/sourcing/img_mkt/jty_p6036_4.webp
77	36	41	42	/soya/gallery/17.jpg	/soya2/sourcing/img_mkt/derila_0.img
77	36	41	42	/soya2/sourcing/img_soya/enf_02_KIDSP1_6.png	/soya2/sourcing/img_mkt/derila_3.img
77	36	41	42	/soya2/sourcing/img_soya/h3_00_13_c9363db8-d780-4903-9a97-df55d0478686.png	/soya2/sourcing/img_mkt/confal_3.img
77	36	41	43	/soya/gallery/05.jpg	/soya_prix/imgs/inphysio_2.img
77	36	41	45	/soya2/sourcing/img_soya/enf_06_KIDSP1_1.jpg	/soya2/sourcing/img_mkt/confal_5.img
77	38	39	17	/soya2/sourcing/img_soya/enf_07_KIDS_PINK_6.jpg	/soya2/sourcing/img_mkt/jty_p6036_5.webp
77	38	39	28	/soya/gallery/38.jpg	/soya2/sourcing/img_mkt/mic_jty_12.webp
77	38	39	35	/soya/gallery/09.jpg	/soya2/sourcing/img_mkt/comfy_5.img
77	38	39	36	/soya2/sourcing/img_soya/v3_32_Soya_3.0_Grey_1.png	/soya_prix/imgs/somnilys_0.img
77	38	39	37	/soya/gallery/06.jpg	/soya2/sourcing/img_mkt/confal_2.img
77	38	39	37	/soya/gallery/06.jpg	/soya_prix/imgs/confortalign_2.img
77	38	39	37	/soya/gallery/18.jpg	/soya2/sourcing/img_mkt/confal_2.img
77	38	39	37	/soya/gallery/18.jpg	/soya_prix/imgs/confortalign_2.img
77	38	39	37	/soya/gallery/22.jpg	/soya2/sourcing/img_mkt/confal_2.img
77	38	39	37	/soya/gallery/22.jpg	/soya_prix/imgs/confortalign_2.img
77	38	39	37	/soya/gallery/28.jpg	/soya2/sourcing/img_mkt/confal_2.img
77	38	39	37	/soya/gallery/28.jpg	/soya_prix/imgs/confortalign_2.img
77	38	39	37	/soya2/sourcing/img_soya/v2_06_1-oreiller-soya-2_0_img6_9601dd3b-66d6-4311-b41e-5fd7712bdc1	/soya2/sourcing/img_mkt/derila_5.img
77	38	39	38	/soya2/sourcing/img_soya/regl_00_14-Ensemble_Oreillers_Reglables_couverture_HD.webp	/soya2/sourcing/img_mkt/derila_0.img
77	38	39	39	/soya/gallery/21.jpg	/soya2/sourcing/img_mkt/comfy_5.img
77	38	39	41	/soya2/sourcing/img_soya/h2_00_2-housse_Oreiller_de_Rechange_Soya_HD.webp	/soya2/sourcing/img_mkt/mic_jty_12.webp
77	38	39	43	/soya2/sourcing/img_soya/voy_02_9-Oreiller-de-Voyage-Ergonomique-Soya_img3.webp	/soya_prix/imgs/somnilys_1.img
77	38	39	44	/soya2/sourcing/img_soya/enf_06_KIDSP1_1.jpg	/soya2/sourcing/img_mkt/derila_2.img
77	38	39	45	/soya2/sourcing/img_soya/enf_20_KIDS_YELLOW_5.png	/soya2/sourcing/img_mkt/derila_1.img
77	38	39	51	/soya2/sourcing/img_soya/lomb_00_4-Coussin_Lombaire_Ergonomique_Soya_couverture_HD.webp	/soya2/sourcing/img_mkt/comfy_6.img
77	40	37	26	/soya2/sourcing/img_soya/v1_03_8-Oreiller_Soya_1.0_img4.webp	/soya2/sourcing/img_mkt/comfy_6.img
77	40	37	29	/soya2/sourcing/img_soya/enf_00_KIDSP2.jpg	/soya_prix/imgs/somnilys_2.img
77	40	37	31	/soya2/sourcing/img_soya/h3_14_7687678_2.png	/soya2/sourcing/img_mkt/jty_knee_6.webp
77	40	37	31	/soya2/sourcing/img_soya/v3_29_7687678_2_0409bb9a-6b40-434d-807f-98da5554945a.png	/soya2/sourcing/img_mkt/jty_knee_6.webp
77	40	37	34	/soya/gallery/39.jpg	/soya2/sourcing/img_mkt/jty_knee_2.webp
77	40	37	36	/soya2/sourcing/img_soya/enf_08_KIDS_PINK_4.png	/soya2/sourcing/img_mkt/derila_3.img
77	40	37	37	/soya2/sourcing/img_soya/v2_00_1-oreiller-soya-2_0HD.webp	/soya2/sourcing/img_mkt/jty_knee_2.webp
77	40	37	40	/soya/gallery/04.jpg	/soya2/sourcing/img_mkt/confal_5.img
77	40	37	40	/soya/gallery/17.jpg	/soya_prix/imgs/zamatsle_0.img
77	40	37	41	/soya/gallery/20.jpg	/soya2/sourcing/img_mkt/mic_jty_2.webp
77	40	37	41	/soya2/sourcing/img_soya/v3_33_Soya_3.0_Grey_4.png	/soya_prix/imgs/zamatsle_0.img
77	40	37	43	/soya2/sourcing/img_soya/enf_05_KIDSP1_3.jpg	/soya2/sourcing/img_mkt/jty_p6036_4.webp
77	40	37	43	/soya2/sourcing/img_soya/enf_19_KIDS_YELLOW_3.png	/soya2/sourcing/img_mkt/jty_p6036_4.webp
77	40	37	46	/soya2/sourcing/img_soya/lomb_04_3_9225ca02-f60c-47d3-b26c-49df6ebba454.png	/soya2/sourcing/img_mkt/derila_0.img
77	42	35	37	/soya2/sourcing/img_soya/regl_00_14-Ensemble_Oreillers_Reglables_couverture_HD.webp	/soya2/sourcing/img_mkt/comfy_1.img
77	42	35	37	/soya2/sourcing/img_soya/regl_00_14-Ensemble_Oreillers_Reglables_couverture_HD.webp	/soya_prix/imgs/comfysle_1.img
77	42	35	39	/soya/gallery/09.jpg	/soya_prix/imgs/inphysio_1.img
77	42	35	41	/soya/gallery/21.jpg	/soya_prix/imgs/inphysio_1.img
77	42	35	41	/soya2/sourcing/img_soya/voy_00_9-Oreiller-de-Voyage-Ergonomique-Soyacouverture_HD.webp	/soya_prix/imgs/htconfort_1.img
77	42	35	43	/soya2/sourcing/img_soya/h2_01_2-housse_Oreiller_de_Rechange_Soya_img4.webp	/soya_prix/imgs/somnilys_2.img
77	42	35	43	/soya2/sourcing/img_soya/v2_03_1-oreiller-soya-2_0_img4_39d31902-82e0-42b3-a8cb-6b71e2ebfe7	/soya_prix/imgs/somnilys_2.img
77	42	35	47	/soya/gallery/26.jpg	/soya2/sourcing/img_mkt/comfy_6.img
77	44	33	44	/soya2/sourcing/img_soya/lomb_02_4-Coussin_Lombaire_Ergonomique_Soya_img3.webp	/soya2/sourcing/img_mkt/mic_jty_12.webp
77	48	29	59	/soya/gallery/30.jpg	/soya_prix/imgs/zamatsle_3.img
78	32	46	33	/soya2/sourcing/img_soya/h2_01_2-housse_Oreiller_de_Rechange_Soya_img4.webp	/soya2/sourcing/img_mkt/confal_2.img
78	32	46	33	/soya2/sourcing/img_soya/h2_01_2-housse_Oreiller_de_Rechange_Soya_img4.webp	/soya_prix/imgs/confortalign_2.img
78	32	46	33	/soya2/sourcing/img_soya/v2_03_1-oreiller-soya-2_0_img4_39d31902-82e0-42b3-a8cb-6b71e2ebfe7	/soya2/sourcing/img_mkt/confal_2.img
78	32	46	33	/soya2/sourcing/img_soya/v2_03_1-oreiller-soya-2_0_img4_39d31902-82e0-42b3-a8cb-6b71e2ebfe7	/soya_prix/imgs/confortalign_2.img
78	34	44	27	/soya2/sourcing/img_soya/enf_03_KIDSP1_5.png	/soya2/sourcing/img_mkt/derila_6.img
78	34	44	44	/soya2/sourcing/img_soya/enf_14_KIDS_YELLOW_6.jpg	/soya2/sourcing/img_mkt/jty_knee_3.webp
78	36	42	25	/soya2/sourcing/img_soya/v2_02_1-oreiller-soya-2_0_img3_5f834f33-5e47-49e1-a6a1-34e17f3341b	/soya2/sourcing/img_mkt/comfy_7.img
78	36	42	27	/soya/gallery/20.jpg	/soya2/sourcing/img_mkt/comfy_2.img
78	36	42	39	/soya/gallery/20.jpg	/soya2/sourcing/img_mkt/mic_tnjk_10.webp
78	36	42	39	/soya/gallery/20.jpg	/soya2/sourcing/img_mkt/mic_tnjk_6.webp
78	36	42	39	/soya/gallery/20.jpg	/soya2/sourcing/img_mkt/mic_tnjk_9.webp
78	36	42	42	/soya/gallery/29.jpg	/soya2/sourcing/img_mkt/confal_2.img
78	36	42	42	/soya/gallery/29.jpg	/soya_prix/imgs/confortalign_2.img
78	36	42	42	/soya2/sourcing/img_soya/enf_16_KIDS_YELLOW_7.png	/soya2/sourcing/img_mkt/derila_3.img
78	36	42	42	/soya2/sourcing/img_soya/enf_18_KIDS_YELLOW_2.png	/soya2/sourcing/img_mkt/comfy_5.img
78	36	42	42	/soya2/sourcing/img_soya/henf_05_KIDS_YELLOW_2.png	/soya2/sourcing/img_mkt/comfy_5.img
78	38	40	29	/soya/gallery/08.jpg	/soya2/sourcing/img_mkt/jty_p6036_3.webp
78	38	40	29	/soya/gallery/08.jpg	/soya_prix/imgs/htconfort_2.img
78	38	40	30	/soya2/sourcing/img_soya/voy_04_9-Oreiller-de-Voyage-Ergonomique-Soya_img5.webp	/soya2/sourcing/img_mkt/jty_p6036_2.webp
78	38	40	30	/soya2/sourcing/img_soya/voy_05_9-Oreiller-de-Voyage-Ergonomique-Soya_img6.webp	/soya2/sourcing/img_mkt/jty_p6036_2.webp
78	38	40	30	/soya2/sourcing/img_soya/voy_06_9-Oreiller-de-Voyage-Ergonomique-Soya_img7.webp	/soya2/sourcing/img_mkt/jty_p6036_2.webp
78	38	40	31	/soya2/sourcing/img_soya/enf_07_KIDS_PINK_6.jpg	/soya2/sourcing/img_mkt/confal_3.img
78	38	40	32	/soya/gallery/20.jpg	/soya2/sourcing/img_mkt/confal_1.img
78	38	40	32	/soya/gallery/20.jpg	/soya_prix/imgs/confortalign_1.img
78	38	40	37	/soya2/sourcing/img_soya/v2_01_1-oreiller-soya-2_0_img2_7d72b6af-35c7-4427-8f15-843f227d977	/soya2/sourcing/img_mkt/confal_2.img
78	38	40	37	/soya2/sourcing/img_soya/v2_01_1-oreiller-soya-2_0_img2_7d72b6af-35c7-4427-8f15-843f227d977	/soya_prix/imgs/confortalign_2.img
78	38	40	40	/soya2/sourcing/img_soya/enf_04_KIDSP1_1.png	/soya2/sourcing/img_mkt/comfy_5.img
78	38	40	40	/soya2/sourcing/img_soya/henf_03_KIDSP1_1.png	/soya2/sourcing/img_mkt/comfy_5.img
78	38	40	45	/soya2/sourcing/img_soya/enf_20_KIDS_YELLOW_5.png	/soya2/sourcing/img_mkt/derila_2.img
78	38	40	45	/soya2/sourcing/img_soya/voy_03_9-Oreiller-de-Voyage-Ergonomique-Soya_img4.webp	/soya2/sourcing/img_mkt/confal_4.img
78	38	40	46	/soya/gallery/17.jpg	/soya2/sourcing/img_mkt/confal_5.img
78	40	38	27	/soya2/sourcing/img_soya/h2_00_2-housse_Oreiller_de_Rechange_Soya_HD.webp	/soya2/sourcing/img_mkt/jty_p6036_1.webp
78	40	38	30	/soya2/sourcing/img_soya/v3_24_SOYA_3.0_Grey-2.jpg	/soya2/sourcing/img_mkt/jty_knee_1.webp
78	40	38	31	/soya2/sourcing/img_soya/regl_00_14-Ensemble_Oreillers_Reglables_couverture_HD.webp	/soya2/sourcing/img_mkt/confal_3.img
78	40	38	33	/soya2/sourcing/img_soya/enf_00_KIDSP2.jpg	/soya2/sourcing/img_mkt/confal_3.img
78	40	38	37	/soya2/sourcing/img_soya/v2_08_11_bf88b3df-377c-4ddb-b78a-cc7a164e7755.png	/soya2/sourcing/img_mkt/mic_jty_8.webp
78	40	38	41	/soya2/sourcing/img_soya/h3_15_7687678_1.png	/soya2/sourcing/img_mkt/confal_1.img
78	40	38	41	/soya2/sourcing/img_soya/h3_15_7687678_1.png	/soya_prix/imgs/confortalign_1.img
78	42	36	35	/soya2/sourcing/img_soya/v3_34_Soya_3.0_Grey.png	/soya2/sourcing/img_mkt/derila_4.img
78	42	36	36	/soya2/sourcing/img_soya/voy_01_9-Oreiller-de-Voyage-Ergonomique-Soya_img2.webp	/soya_prix/imgs/htconfort_0.img
78	42	36	37	/soya/gallery/01.jpg	/soya_prix/imgs/zamatsle_1.img
78	42	36	37	/soya/gallery/12.jpg	/soya_prix/imgs/zamatsle_1.img
78	42	36	37	/soya/gallery/24.jpg	/soya_prix/imgs/zamatsle_1.img
78	42	36	52	/soya2/sourcing/img_soya/v1_02_8-Oreiller_Soya_1.0_img3.webp	/soya2/sourcing/img_mkt/confal_5.img
78	44	34	44	/soya2/sourcing/img_soya/enf_20_KIDS_YELLOW_5.png	/soya_prix/imgs/zamatsle_3.img
79	34	45	44	/soya/gallery/04.jpg	/soya2/sourcing/img_mkt/comfy_6.img
79	36	43	26	/soya2/sourcing/img_soya/enf_10_KIDS_PINK_1.png	/soya2/sourcing/img_mkt/derila_6.img
79	36	43	27	/soya/gallery/20.jpg	/soya_prix/imgs/comfysle_2.img
79	36	43	27	/soya2/sourcing/img_soya/h2_01_2-housse_Oreiller_de_Rechange_Soya_img4.webp	/soya2/sourcing/img_mkt/jty_p6036_2.webp
79	36	43	27	/soya2/sourcing/img_soya/v2_03_1-oreiller-soya-2_0_img4_39d31902-82e0-42b3-a8cb-6b71e2ebfe7	/soya2/sourcing/img_mkt/jty_p6036_2.webp
79	36	43	29	/soya2/sourcing/img_soya/regl_00_14-Ensemble_Oreillers_Reglables_couverture_HD.webp	/soya2/sourcing/img_mkt/mic_tnjk_11.webp
79	36	43	29	/soya2/sourcing/img_soya/regl_00_14-Ensemble_Oreillers_Reglables_couverture_HD.webp	/soya2/sourcing/img_mkt/mic_tnjk_4.webp
79	36	43	29	/soya2/sourcing/img_soya/regl_00_14-Ensemble_Oreillers_Reglables_couverture_HD.webp	/soya2/sourcing/img_mkt/mic_tnjk_7.webp
79	36	43	33	/soya/gallery/38.jpg	/soya2/sourcing/img_mkt/mic_tnjk_10.webp
79	36	43	33	/soya/gallery/38.jpg	/soya2/sourcing/img_mkt/mic_tnjk_6.webp
79	36	43	33	/soya/gallery/38.jpg	/soya2/sourcing/img_mkt/mic_tnjk_9.webp
79	36	43	39	/soya2/sourcing/img_soya/v3_42_41.1.png	/soya2/sourcing/img_mkt/jty_knee_4.webp
79	38	41	29	/soya2/sourcing/img_soya/h3_14_7687678_2.png	/soya2/sourcing/img_mkt/mic_jty_12.webp
79	38	41	29	/soya2/sourcing/img_soya/v3_29_7687678_2_0409bb9a-6b40-434d-807f-98da5554945a.png	/soya2/sourcing/img_mkt/mic_jty_12.webp
79	38	41	33	/soya/gallery/11.jpg	/soya2/sourcing/img_mkt/jty_knee_1.webp
79	38	41	39	/soya2/sourcing/img_soya/v1_00_8-Oreiller_Soya_1.0_couverture_HD.webp	/soya2/sourcing/img_mkt/derila_1.img
79	38	41	42	/soya2/sourcing/img_soya/h3_12_7687678_3.png	/soya2/sourcing/img_mkt/confal_3.img
79	38	41	44	/soya2/sourcing/img_soya/lomb_01_4-Coussin_Lombaire_Ergonomique_Soya_img2.webp	/soya2/sourcing/img_mkt/derila_3.img
79	38	41	45	/soya2/sourcing/img_soya/v3_25_Soya_3.0_grey_2_2e59cacb-6ebc-4f36-8a81-44478c9d4589.png	/soya2/sourcing/img_mkt/confal_2.img
79	38	41	45	/soya2/sourcing/img_soya/v3_25_Soya_3.0_grey_2_2e59cacb-6ebc-4f36-8a81-44478c9d4589.png	/soya_prix/imgs/confortalign_2.img
79	38	41	45	/soya2/sourcing/img_soya/voy_04_9-Oreiller-de-Voyage-Ergonomique-Soya_img5.webp	/soya2/sourcing/img_mkt/confal_4.img
79	38	41	45	/soya2/sourcing/img_soya/voy_05_9-Oreiller-de-Voyage-Ergonomique-Soya_img6.webp	/soya2/sourcing/img_mkt/confal_4.img
79	38	41	45	/soya2/sourcing/img_soya/voy_06_9-Oreiller-de-Voyage-Ergonomique-Soya_img7.webp	/soya2/sourcing/img_mkt/confal_4.img
79	38	41	54	/soya/gallery/34.jpg	/soya2/sourcing/img_mkt/comfy_6.img
79	40	39	30	/soya/gallery/38.jpg	/soya2/sourcing/img_mkt/jty_knee_6.webp
79	40	39	33	/soya/gallery/04.jpg	/soya_prix/imgs/inphysio_1.img
79	40	39	40	/soya2/sourcing/img_soya/enf_11_KIDS_PINK_7.png	/soya2/sourcing/img_mkt/derila_3.img
79	40	39	40	/soya2/sourcing/img_soya/henf_04_KIDS_PINK_7.png	/soya2/sourcing/img_mkt/derila_3.img
79	40	39	43	/soya2/sourcing/img_soya/enf_01_KIDSP1_4.jpg	/soya_prix/imgs/somnilys_1.img
79	40	39	43	/soya2/sourcing/img_soya/h3_12_7687678_3.png	/soya2/sourcing/img_mkt/comfy_6.img
79	40	39	47	/soya2/sourcing/img_soya/v3_00_18.png	/soya2/sourcing/img_mkt/confal_5.img
79	40	39	47	/soya2/sourcing/img_soya/v3_36_34.png	/soya2/sourcing/img_mkt/confal_5.img
79	40	39	48	/soya/gallery/10.jpg	/soya_prix/imgs/somnilys_2.img
79	40	39	50	/soya/gallery/34.jpg	/soya2/sourcing/img_mkt/comfy_2.img
79	42	37	41	/soya2/sourcing/img_soya/v3_33_Soya_3.0_Grey_4.png	/soya_prix/imgs/zamatsle_1.img
79	42	37	45	/soya2/sourcing/img_soya/enf_13_KIDS_PINK_3.png	/soya2/sourcing/img_mkt/derila_1.img
79	44	35	43	/soya2/sourcing/img_soya/enf_06_KIDSP1_1.jpg	/soya_prix/imgs/zamatsle_3.img
80	34	46	36	/soya/gallery/38.jpg	/soya2/sourcing/img_mkt/jty_p6036_2.webp
80	36	44	28	/soya2/sourcing/img_soya/enf_17_KIDS_YELLOW_1.png	/soya2/sourcing/img_mkt/derila_6.img
80	36	44	36	/soya/gallery/01.jpg	/soya2/sourcing/img_mkt/comfy_1.img
80	36	44	36	/soya/gallery/01.jpg	/soya_prix/imgs/comfysle_1.img
80	36	44	36	/soya/gallery/12.jpg	/soya2/sourcing/img_mkt/comfy_1.img
80	36	44	36	/soya/gallery/12.jpg	/soya_prix/imgs/comfysle_1.img
80	36	44	36	/soya/gallery/24.jpg	/soya2/sourcing/img_mkt/comfy_1.img
80	36	44	36	/soya/gallery/24.jpg	/soya_prix/imgs/comfysle_1.img
80	38	42	30	/soya2/sourcing/img_soya/v3_31_Firefly_Gemini_Flash_Generate_the_same_image_exactly_as_the_	/soya_prix/imgs/zamatsle_2.img
80	38	42	37	/soya/gallery/08.jpg	/soya2/sourcing/img_mkt/confal_0.img
80	38	42	37	/soya/gallery/08.jpg	/soya_prix/imgs/confortalign_0.img
80	38	42	40	/soya2/sourcing/img_soya/h3_15_7687678_1.png	/soya2/sourcing/img_mkt/comfy_6.img
80	38	42	41	/soya/gallery/05.jpg	/soya2/sourcing/img_mkt/derila_1.img
80	38	42	41	/soya2/sourcing/img_soya/enf_09_KIDS_PINK_2.png	/soya2/sourcing/img_mkt/derila_3.img
80	40	40	28	/soya2/sourcing/img_soya/v3_34_Soya_3.0_Grey.png	/soya2/sourcing/img_mkt/jty_p6036_1.webp
80	40	40	32	/soya2/sourcing/img_soya/enf_14_KIDS_YELLOW_6.jpg	/soya2/sourcing/img_mkt/confal_3.img
80	40	40	38	/soya/gallery/06.jpg	/soya2/sourcing/img_mkt/derila_3.img
80	40	40	38	/soya/gallery/18.jpg	/soya2/sourcing/img_mkt/derila_3.img
80	40	40	38	/soya/gallery/22.jpg	/soya2/sourcing/img_mkt/derila_3.img
80	40	40	38	/soya/gallery/28.jpg	/soya2/sourcing/img_mkt/derila_3.img
80	40	40	40	/soya/gallery/04.jpg	/soya2/sourcing/img_mkt/derila_4.img
80	40	40	45	/soya2/sourcing/img_soya/enf_13_KIDS_PINK_3.png	/soya2/sourcing/img_mkt/derila_2.img
80	40	40	50	/soya/gallery/34.jpg	/soya_prix/imgs/comfysle_2.img
80	42	38	46	/soya2/sourcing/img_soya/lomb_02_4-Coussin_Lombaire_Ergonomique_Soya_img3.webp	/soya2/sourcing/img_mkt/mic_jty_5.webp
80	42	38	49	/soya/gallery/02.jpg	/soya2/sourcing/img_mkt/mic_jty_8.webp
80	48	32	44	/soya2/sourcing/img_soya/enf_13_KIDS_PINK_3.png	/soya_prix/imgs/zamatsle_3.img
81	34	47	39	/soya2/sourcing/img_soya/v3_30_IMG_9178.png	/soya2/sourcing/img_mkt/jty_knee_4.webp
81	36	45	39	/soya/gallery/11.jpg	/soya2/sourcing/img_mkt/jty_knee_4.webp
81	38	43	39	/soya2/sourcing/img_soya/v3_00_18.png	/soya2/sourcing/img_mkt/derila_5.img
81	38	43	39	/soya2/sourcing/img_soya/v3_36_34.png	/soya2/sourcing/img_mkt/derila_5.img
81	38	43	41	/soya/gallery/17.jpg	/soya2/sourcing/img_mkt/derila_1.img
81	40	41	41	/soya/gallery/30.jpg	/soya2/sourcing/img_mkt/comfy_2.img
81	40	41	43	/soya2/sourcing/img_soya/voy_01_9-Oreiller-de-Voyage-Ergonomique-Soya_img2.webp	/soya2/sourcing/img_mkt/derila_2.img
81	40	41	53	/soya/gallery/35.jpg	/soya2/sourcing/img_mkt/comfy_2.img
81	42	39	26	/soya/gallery/15.jpg	/soya2/sourcing/img_mkt/jty_p6036_1.webp
81	42	39	43	/soya2/sourcing/img_soya/enf_04_KIDSP1_1.png	/soya2/sourcing/img_mkt/derila_3.img
81	42	39	43	/soya2/sourcing/img_soya/henf_03_KIDSP1_1.png	/soya2/sourcing/img_mkt/derila_3.img
81	42	39	46	/soya2/sourcing/img_soya/h2_00_2-housse_Oreiller_de_Rechange_Soya_HD.webp	/soya2/sourcing/img_mkt/confal_5.img
81	42	39	46	/soya2/sourcing/img_soya/lomb_03_4_dc2e6161-802a-4c42-a1d6-b9a0a02ce466.png	/soya_prix/imgs/inphysio_2.img
81	48	33	50	/soya/gallery/30.jpg	/soya_prix/imgs/comfysle_3.img
82	34	48	35	/soya2/sourcing/img_soya/h3_14_7687678_2.png	/soya2/sourcing/img_mkt/jty_p6036_2.webp
82	34	48	35	/soya2/sourcing/img_soya/v3_29_7687678_2_0409bb9a-6b40-434d-807f-98da5554945a.png	/soya2/sourcing/img_mkt/jty_p6036_2.webp
82	38	44	43	/soya/gallery/39.jpg	/soya2/sourcing/img_mkt/jty_knee_4.webp
82	40	42	31	/soya2/sourcing/img_soya/v2_08_11_bf88b3df-377c-4ddb-b78a-cc7a164e7755.png	/soya2/sourcing/img_mkt/mic_jty_2.webp
82	40	42	41	/soya/gallery/30.jpg	/soya_prix/imgs/comfysle_2.img
82	40	42	53	/soya/gallery/35.jpg	/soya_prix/imgs/comfysle_2.img
82	42	40	26	/soya/gallery/26.jpg	/soya2/sourcing/img_mkt/jty_p6036_1.webp
82	42	40	39	/soya/gallery/01.jpg	/soya_prix/imgs/zamatsle_0.img
82	42	40	39	/soya/gallery/12.jpg	/soya_prix/imgs/zamatsle_0.img
82	42	40	39	/soya/gallery/24.jpg	/soya_prix/imgs/zamatsle_0.img
82	48	34	49	/soya/gallery/30.jpg	/soya2/sourcing/img_mkt/comfy_3.img
83	38	45	33	/soya2/sourcing/img_soya/v3_31_Firefly_Gemini_Flash_Generate_the_same_image_exactly_as_the_	/soya_prix/imgs/zamatsle_3.img
83	40	43	38	/soya2/sourcing/img_soya/lomb_02_4-Coussin_Lombaire_Ergonomique_Soya_img3.webp	/soya_prix/imgs/inphysio_2.img
83	40	43	47	/soya2/sourcing/img_soya/v2_02_1-oreiller-soya-2_0_img3_5f834f33-5e47-49e1-a6a1-34e17f3341b	/soya_prix/imgs/somnilys_1.img
83	42	41	39	/soya2/sourcing/img_soya/h2_00_2-housse_Oreiller_de_Rechange_Soya_HD.webp	/soya2/sourcing/img_mkt/confal_1.img
83	42	41	39	/soya2/sourcing/img_soya/h2_00_2-housse_Oreiller_de_Rechange_Soya_HD.webp	/soya_prix/imgs/confortalign_1.img
83	42	41	39	/soya2/sourcing/img_soya/h3_12_7687678_3.png	/soya_prix/imgs/inphysio_0.img
84	40	44	37	/soya2/sourcing/img_soya/regl_01_14-Ensemble_Oreillers_Reglables_img2.webp	/soya2/sourcing/img_mkt/jty_p6036_2.webp
84	40	44	42	/soya2/sourcing/img_soya/lomb_03_4_dc2e6161-802a-4c42-a1d6-b9a0a02ce466.png	/soya2/sourcing/img_mkt/mic_jty_5.webp
84	42	42	39	/soya2/sourcing/img_soya/v1_00_8-Oreiller_Soya_1.0_couverture_HD.webp	/soya2/sourcing/img_mkt/confal_1.img
84	42	42	39	/soya2/sourcing/img_soya/v1_00_8-Oreiller_Soya_1.0_couverture_HD.webp	/soya_prix/imgs/confortalign_1.img
84	42	42	44	/soya2/sourcing/img_soya/regl_01_14-Ensemble_Oreillers_Reglables_img2.webp	/soya2/sourcing/img_mkt/derila_3.img
84	44	40	42	/soya2/sourcing/img_soya/lomb_01_4-Coussin_Lombaire_Ergonomique_Soya_img2.webp	/soya_prix/imgs/somnilys_1.img
85	40	45	33	/soya/gallery/01.jpg	/soya_prix/imgs/zamatsle_3.img
85	40	45	33	/soya/gallery/12.jpg	/soya_prix/imgs/zamatsle_3.img
85	40	45	33	/soya/gallery/24.jpg	/soya_prix/imgs/zamatsle_3.img
85	42	43	40	/soya2/sourcing/img_soya/v2_01_1-oreiller-soya-2_0_img2_7d72b6af-35c7-4427-8f15-843f227d977	/soya2/sourcing/img_mkt/derila_3.img
85	42	43	41	/soya2/sourcing/img_soya/enf_18_KIDS_YELLOW_2.png	/soya2/sourcing/img_mkt/derila_3.img
85	42	43	41	/soya2/sourcing/img_soya/henf_05_KIDS_YELLOW_2.png	/soya2/sourcing/img_mkt/derila_3.img
85	44	41	39	/soya2/sourcing/img_soya/h3_00_13_c9363db8-d780-4903-9a97-df55d0478686.png	/soya_prix/imgs/inphysio_0.img
85	46	39	54	/soya2/sourcing/img_soya/v1_02_8-Oreiller_Soya_1.0_img3.webp	/soya_prix/imgs/zamatsle_0.img
87	48	39	54	/soya2/sourcing/img_soya/v1_02_8-Oreiller_Soya_1.0_img3.webp	/soya_prix/imgs/zamatsle_1.img
88	46	42	49	/soya2/sourcing/img_soya/lomb_04_3_9225ca02-f60c-47d3-b26c-49df6ebba454.png	/soya_prix/imgs/inphysio_2.img