plateforme	id	url_ou_fichier	date_utc	note	source_ou_type	auteur	produit	themes	titre	texte
Trustpilot	6ab69704f6b2c6c877ae6ccd	https://fr.trustpilot.com/reviews/6ab69704f6b2c6c877ae6ccd	2026-09-25T17:45:08Z	1	Organic	Ludovic Baron		livraison / delais;non recu / commande incomplete;retour / remboursement;origine / chine / dropshipping;emballage / compression	Commande reçu qu'à moitié + made in china	Commande reçu qu'à moitié /  / Oreiller made in china (probablement du dropshipping, le packaging indique la provenance de Chine) /  / Ils ne veulent pas rembourser l'autre moitié non reçu, ne perdez pas votre temps avec eux
Trustpilot	6ab67dd822a35807c42c94fd	https://fr.trustpilot.com/reviews/6ab67dd822a35807c42c94fd	2026-09-25T15:57:44Z	1	Organic	Jeremie Cros		livraison / delais;service client;suivi de colis	Cela fait bientôt 1 mois que j'ai passé…	Cela fait bientôt 1 mois que j'ai passé ma commande aucune nouvelle, le suivi indique une nouvelle ville d'Europe toute les semaines, j'espère recevoir ma commande... mais je commence a m'inquiéter. J'ai essayé de joindre le service suivi qui me dit que la commande est bien en route mais je n'ai aucun délais de livraison. Je trouve ça plus que limite.  / 
Trustpilot	6ab66a712512b0d72b2cd645	https://fr.trustpilot.com/reviews/6ab66a712512b0d72b2cd645	2026-09-25T14:34:57Z	1	Organic	regis B		odeur;emballage / compression;recommande	Très mauvaise odeur de plastique au…	Très mauvaise odeur de plastique au déballage de l’oreiller qui ne se lave pas… je ne recommande pas du tout….
Trustpilot	6ab6641ede80fe8816d84c1a	https://fr.trustpilot.com/reviews/6ab6641ede80fe8816d84c1a	2026-09-25T14:07:58Z	1	Organic	Cathy Scheerens		inconfort / mal dormi;retour / remboursement	J'ai commandé un oreiller	J'ai commandé un oreiller. Je l'ai retourné il y a deux mois et demi car je n'ai jamais aussi mal dormi avec un oreiller ! / J'ai demandé un remboursement et deux après l'avoir retourné, toujours pas de remboursement. J'estime que c'est du vol!! 
Trustpilot	6ab65738bb2442db801cb233	https://fr.trustpilot.com/reviews/6ab65738bb2442db801cb233	2026-09-25T13:12:56Z	1	Organic	Sonja		livraison / delais;service client	Commande passe il y a 6 jours	"Commande passe il y a 6 jours, encaisse immediatement, mais le statut n'a pas change depuis ""Votre colis va bientot nous etre confie"". Aucune reponse a 4 emails depuis, pas possible de les joindre par telephone."
Trustpilot	6ab57b0977fa02a61516a6f6	https://fr.trustpilot.com/reviews/6ab57b0977fa02a61516a6f6	2026-09-24T21:33:29Z	1	BasicLink	Cath		douleurs (cou, dos, epaules);livraison / delais;retour / remboursement;service client;arnaque / fraude	Ce qui ne s’est pas bien passé 	Ce qui ne s’est pas bien passé :  / - la livraison que vous indiquez rapide : 13 jours, rapide ?  / - satisfait ou remboursé : moins d’un mois, nous y sommes. Envoi du mail comme préconisé mais aucune réponse 5 jours après : 13 jours pour avoir une réponse ? / Le produit lui même : nous en avons pris 2 (mon mari et moi). Comme indiqué dans mon mail : depuis mon mari a des fourmis dans les bras et moi mal aux cervicales PAS SATISFAIT. SOYA PARIS informé et pas de nouvelles  / Le contact : super sur les réseaux, pas de téléphone pour les joindre il faut faire les demandes par mail  / Alors arnaques ? Ou pas ? J’ai déjà mon avis et vous ? / Ce qu’il s’est très bien passé : notre paiement par CB immédiat !
Trustpilot	6ab4eabbe8b97693e119ee0a	https://fr.trustpilot.com/reviews/6ab4eabbe8b97693e119ee0a	2026-09-24T11:17:47Z	1	Organic	Franny		chaleur / fraicheur;livraison / delais;retour / remboursement;service client;origine / chine / dropshipping;arnaque / fraude	Remboursement en attente depuis 2 mois, à fuir !	Cela fait 2 mois que j'ai renvoyé l'oreiller SOYA2 à mes propres frais et depuis le service client mail me promet un traitement de ma demande de remboursement.  / Je pense que je me suis faites arnaquer et que cette entreprise basée aux USA ne donnera jamais suite..., pas sérieux, à fuir absolument !
Trustpilot	6ab4aa383a3142e1bcdd21c7	https://fr.trustpilot.com/reviews/6ab4aa383a3142e1bcdd21c7	2026-09-24T06:42:32Z	1	BasicLink	Indy Merea		livraison / delais;non recu / commande incomplete;service client	Produits non reçus	En attente de livraison de ma commande datant du 09 sept (150e). soit deux semaines sans aucune nouvelle de ma commande et de son état de la livraison. Service client plus ou moins réactif mais aucune solution proposée ni geste commercial. 
Trustpilot	6ab3854553b924eb75eeb05b	https://fr.trustpilot.com/reviews/6ab3854553b924eb75eeb05b	2026-09-23T09:52:37Z	1	Organic	Nadia Aouak		livraison / delais;non recu / commande incomplete;retour / remboursement;service client;arnaque / fraude;recommande	A FUIR !!!	A FUIR !!! /  / Je n’ai jamais reçu ma commande, depuis le 31 août et le service client ne répond plus. /  / Ils m’ont confirmé le remboursement il y a 2 semaines et depuis, silence radio.  /  / Je ne recommande pas Soya, service client inexistant. /  / 
Trustpilot	6ab3839be6c32d4577c0dc99	https://fr.trustpilot.com/reviews/6ab3839be6c32d4577c0dc99	2026-09-23T09:45:31Z	1	BasicLink	michelot		douleurs (cou, dos, epaules);retour / remboursement;service client	Le coussin n'est pas du tout tel qu'il…	"Le coussin n'est pas du tout tel qu'il est présenté. J'ai pensé passer de meilleurs nuit. Rien de cela, j'ai mal à la nuque , et l'espace pour le bras ne le tord plus qu'il n'est pratique.  alors qu'il est prévu un ""satisfait ou remboursé"", J'ai demandé le remboursement et personne ne répond ! "
Trustpilot	6ab372245db2663b955dac35	https://fr.trustpilot.com/reviews/6ab372245db2663b955dac35	2026-09-23T08:31:00Z	1	Organic	C. Z.		retour / remboursement;service client	Pour tous ceux qui attendent un…	Pour tous ceux qui attendent un remboursement, adressez-vous à votre banque avec les preuves de renvoi, de mail, et la clause de remboursement du vendeur afin que la banque bloque la transaction et vous rembourse.
Trustpilot	6ab25e50d7e9ef48cddbc5b3	https://fr.trustpilot.com/reviews/6ab25e50d7e9ef48cddbc5b3	2026-09-22T12:54:09Z	1	BasicLink	Seb M.		livraison / delais;retour / remboursement;service client;prix / valeur;origine / chine / dropshipping;arnaque / fraude	Entreprise à fuir directement car pour…	Entreprise à fuir directement car pour prendre l’argent ils sont rapide par contre pour le reste ils sont complètement largué. / En premier l’entreprise n’est pas en France donc pas de SIRET, l’entreprise est située au US, ils font du dropshipping, ce qui vient en second pour suivre un colis c’est mort car il n’y a aucun service pour le faire donc c’est au petit bonheur la chance d’être livré. / Pour ensuite les réclamations c’est compliqué d’avoir un interlocuteur car ils communiquent que par mail et c’est toujours une personne différente pour répondre donc c’est douteux car les réponses sont du voyage en bateau et surtout quand ils veulent vous répondre. / Donc j’en reviens pour les réclamations car le produit n’est pas arrivé et bien là réponse c’est qu’il faut attendre oui plus 15 jours cependant l’argent est encaissé après pour le retour d’un produit et bien « C’EST À VOTRE CHARGE » et oui donc ça fait plus de 15€ le retour qu’ils ne veulent pas prendre en compte car c’est marqué sur leur site, ce qui est totalement faut. Voilà en gros fuyez c’est mon conseil car une grosse fumisterie. / En bonne entendeur.
Trustpilot	6ab246ea5d83517bebc33f4d	https://fr.trustpilot.com/reviews/6ab246ea5d83517bebc33f4d	2026-09-22T11:14:18Z	1	Organic	Sophie Vandamme		livraison / delais;non recu / commande incomplete;retour / remboursement;service client;arnaque / fraude;faux avis / avis supprimes	Vol !!!! J’attaque en justice pour non-respect des retours !!!	J’ai acheté un oreiller Soya 2.0 qui ne me convenait pas…. Je l’ai renvoyé depuis 3 semaines déjà… preuve de la poste qu’il a été bien livré chez eux…. Et depuis silence radio ???? Vont ils me rembourser un jour ?? Ou bien arnaque ??? Je leur ai déjà envoyé 3 mails et toujours rien…. Je commence sérieusement à m’inquiéter  /  / Ps : c’est bizarre ils ne répondent qu’aux avis positifs???!!!! /  / Update : j’ai donc déjà contacté le service consommateur test achat pour les attaquer en justice
Trustpilot	6ab19868628e301994fe2316	https://fr.trustpilot.com/reviews/6ab19868628e301994fe2316	2026-09-21T22:49:44Z	1	Organic	Lionel MICHAUD		retour / remboursement;service client;arnaque / fraude	Pur arnaque	Pur arnaque! J'ai retourné les produits neufs, aucun remboursement depuis plus de 2 mois malgré de multiples relances. Un SAV qui ressemble fortement a une IA. Qui repousse le traitement du retour de semaine en semaine. Fuyez si vous ne voulez pas perdre votre argent.
Trustpilot	6ab15cba335db5f0256817b5	https://fr.trustpilot.com/reviews/6ab15cba335db5f0256817b5	2026-09-21T18:35:06Z	1	Organic	Helene Milan		retour / remboursement;service client;qualite percue;origine / chine / dropshipping;conformite a l annonce;arnaque / fraude;housse	QUELLE ARNAQUE !!	"QUELLE ARNAQUE !! /  / J'ai commandé des draps soit-disant en ""soie naturelle de mûrier"" (un drap housse et une housse de couette) / En fait, c'est du POLYESTER bas de gamme chinois... / Quelle vente mensongère. / J'ai bien évidemment contacté le service client mais aucun retour. / Je souhaite obtenir l'adresse à laquelle je dois renvoyer cette marchandise et un remboursement. / Il est bien noté dans la ""politique de retour"" d'envoyer un message et d'attendre les instructions mais que les réclamations de plus de 30 jours ne seront plus prises en compte !! / Merci au service client de me contacter d'urgence. / Commande #393634 "
Trustpilot	6ab12e2a6722b45963575a35	https://fr.trustpilot.com/reviews/6ab12e2a6722b45963575a35	2026-09-21T15:16:26Z	1	Organic	Manon Delort		taille / dimensions / taie;livraison / delais;retour / remboursement;service client;suivi de colis	Un service client NUL	Un service client NUL ! Je me suis trompé de taille pour un produit et je l'ai donc renvoyé, les frais de retour sont à ta charge et la procédure de retour n'est même pas indiquée sur le site, on doit envoyer un message au service client pour avoir les infos. Je suis toute les étapes et on me dit qu'il peut y avoir un délai de 3 semaines d'attente. Cela fait DEUX MOIS que j'attend mon remboursement. J'envoie régulièrement des messages au service client pour le suivi de ma demande mais leur dernier message remonte à presque un mois. Ce n'est pas une façon de traiter ses clients (qui plus est que c'est ma première commande). Autant vous dire que je ne repasserais plus jamais commande à cause de ça...
Trustpilot	6ab124a979813ca4c50359d4	https://fr.trustpilot.com/reviews/6ab124a979813ca4c50359d4	2026-09-21T14:35:53Z	1	Organic	Kate		livraison / delais;retour / remboursement;prix / valeur;arnaque / fraude;faux avis / avis supprimes	Cette entreprise est une arnaque je…	Cette entreprise est une arnaque je vais la signaler sur info conso  pas de remboursement toujours le même message bla bla bla  / Comment trustpilot  peut il continuer de mettre des avis positifs alors que c est une entreprise de fraudeurs !!!! J ai 79 euros en attente !  
Trustpilot	6ab123e76008e1e61ec349e6	https://fr.trustpilot.com/reviews/6ab123e76008e1e61ec349e6	2026-09-21T14:32:39Z	1	Organic	Sophie DAMAMME		livraison / delais;retour / remboursement;service client	A éviter !! Le produit n'est pas remboursé après essai	Beaucoup de communication sur les réseaux sociaux avec des arguments convaincants comme essai pendant 30 jours et un remboursement si le produit ne convient pas....mais une catastrophe quand il s'agit de gérer le SAV. / J'ai acheté 2 oreillers SOYA 3.0 début juillet. Je les ai essayés, ils ne me conviennent pas. Je les ai renvoyés à mes frais dans un état impeccable et ils ont été réceptionnés à leur entrepôt le 22 juillet. Depuis 2 mois et malgré plusieurs relances AUCUN REMBOURSEMENT. / Le service client s'est donné la peine dans un premier temps de répondre à mes relances. Après avoir invoqué un grand volume de retours à traiter, personne désormais ne répond à mes mails.
Trustpilot	6ab04640c7730c26b42f81dc	https://fr.trustpilot.com/reviews/6ab04640c7730c26b42f81dc	2026-09-20T22:46:56Z	1	Organic	Yoan		livraison / delais;retour / remboursement;service client;conformite a l annonce;suivi de colis	Retour effectué	Retour effectué, toujours aucun remboursement après plusieurs mois /  / Commande n°360892. /  / J’ai demandé le retour de ma commande en juin 2026. SOYA Paris a validé ma demande de retour et m’a communiqué l’adresse de leur entrepôt en France. J’ai ensuite retourné les produits et transmis le numéro de suivi. /  / Le 20 juillet, SOYA m’a confirmé par écrit que mon retour apparaissait bien comme livré. /  / Depuis, le remboursement est constamment repoussé. /  / Le 4 juillet, on m’annonçait un remboursement avant la fin du mois de juillet. /  / Le 6 août, on m’indiquait finalement que le remboursement serait lancé à la mi-août. /  / Après de nouvelles relances, une nouvelle date de remboursement m’a encore été communiquée. Cette dernière échéance est également passée et, à ce jour, 20 septembre 2026, je n’ai toujours reçu aucun remboursement. /  / Je trouve cette situation totalement anormale. Le retour a été accepté et réceptionné depuis plusieurs mois et j’ai fait preuve de beaucoup de patience malgré les différents délais annoncés qui n’ont pas été respectés. /  / J’ai désormais engagé les démarches nécessaires auprès de ma banque et des organismes compétents afin d’obtenir le remboursement. /  / Je modifierai bien entendu cet avis si la situation est finalement régularisée.
Trustpilot	6aaffe0f1dd34a6b6e1027b8	https://fr.trustpilot.com/reviews/6aaffe0f1dd34a6b6e1027b8	2026-09-20T17:38:55Z	1	Organic	Marion		livraison / delais;non recu / commande incomplete;retour / remboursement;service client;arnaque / fraude	A fuir !!	"A fuir !!!  / J'ai effectué un retour d'un coussin le 12 juin, le retour a bien été validé à leur niveau mais à date je n'ai reçu aucun remboursement malgré 5 relances : à chaque fois la même réponse ""nous avons du retard, votre remboursement sera effectif d'ici une semaine maximum"". Mais les semaines passent et toujours rien. Cela fait 3 mois. Ils attendent que les clients se lassent de relancer. / Enseigne absolument pas fiable "
Trustpilot	6aafbf45716e9d4bb6ffbfa5	https://fr.trustpilot.com/reviews/6aafbf45716e9d4bb6ffbfa5	2026-09-20T13:11:01Z	1	Organic	Valérie OTTAWAY		livraison / delais;retour / remboursement;prix / valeur;conformite a l annonce	J’ai commandé 2 oreillers SOYA 2.0 en…	J’ai commandé 2 oreillers SOYA 2.0 en promotion et je les ai essayé 2 nuits cela a été 2 nuits d’insomnie. Nous avons été incapable de trouver la bonne position pour être bien et arriver à dormir.  / N’étant pas satisfaite comme le signale le site j’ai retourné ma commande à mes frais. Ils ont reçu le colis le 6 août et le dernier message que j’ai reçu début septembre m’annonce d’accepter leur excuse car ils ont un peu de retard dans le traitement des retours. A aujourd’hui je ne suis toujours pas remboursée. C’est du vol pur et simple 
Trustpilot	6aae5b590a0876219cdc7d15	https://fr.trustpilot.com/reviews/6aae5b590a0876219cdc7d15	2026-09-19T11:52:25Z	1	Organic	Tagliabue stephane		livraison / delais;non recu / commande incomplete;retour / remboursement;service client;arnaque / fraude;suivi de colis	Attention - Argent encaissé colis jamais reçu 	Attention ! / Colis envoyé et renvoyé à l’expéditeur sans raison valable à chronopost.  / Malgré le suivi du colis qui prouve cela l’entreprise refuse de réexpédier le produit ou de rembourser. / Résultat un vol: l’argent est encaissé le produit jamais livré.. / Le service client ne répond plus . /  / A fuir
Trustpilot	6aadebb74e677bd015f72552	https://fr.trustpilot.com/reviews/6aadebb74e677bd015f72552	2026-09-19T03:56:07Z	1	Organic	Caroline HUILLE		confort (positif);inconfort / mal dormi;hauteur / epaisseur;fermete (dur / mou);taille / dimensions / taie;temps d adaptation;retour / remboursement;service client;qualite percue;prix / valeur;conformite a l annonce;housse;recommande	je suis vraiment très déçue par SOYA !	je suis relativement satisfaite de l'oreiller 3.0, mais en qualité de sommeil je ne vois pas la différence avec mon oreiller précédent qui était déjà à mémoire de forme, mais dans une forme standard rectangulaire... / l'adaptation s'est faite dès la 1ère nuit... / bonne qualité de mousse, ni trop dure ni trop molle, juste ce qu'il faut pour moi... / en revanche, je suis vraiment très déçue par la housse de l'oreiller... elle est trop petite et/ou mal coupée par rapport à l'oreiller, elle ne s'adapte pas parfaitement et n'épouse pas parfaitement la forme de l'oreiller... le tissu est trop tendu au niveau des ailes sur le côté, ce qui empêche de poser confortablement les mains/bras (ça fait comme un rebond pas très confortable !)... / vu le prix de cet oreiller, la fabrication de la housse n'est vraiment pas à la hauteur, et ce n'est vraiment pas un bon point pour une fabrication française ! / et pour finir, je suis vraiment très déçue par le service clientèle/SAV de SOYA...  / en effet, je leur ai signalé le problème, en leur disant que je voulais bien garder l'oreiller et ne pas le renvoyer dans les 30 jours, comme c'est proposé dans les conditions d'achat, à la condition de recevoir en retour au moins une nouvelle housse, en remplacement de celle qui ne convient pas ! / la réponse m'a littéralement sidérée : il m'a été répondu qu'il n'était pas possible de m'envoyer une housse gratuitement, et une réduction de 20% m'a été proposée pour acheter une nouvelle housse... ou bien d'utiliser une taie d'oreiller rectangulaire : j'ai essayé et cela ne règle en rien le problème !!! / c'est un comble quand même ! je n'avais jamais entendu une telle énormité... depuis quand une société ne peut-elle pas envoyer gratuitement un article à un client, d'autant plus quand c'est pour remplacer un article non conforme à ce qu'il devrait être... non seulement, j'ai un article qui n'est pas conforme à ce qu'il devrait être, mais au lieu de me proposer le remplacement de la housse, on me propose d'en acheter une nouvelle A MES FRAIS (juste avec une réduction de 20%) !!! / mais c'est quoi cette entreprise ! de qui se moque-t'on ? / j'ai 65 ans, je n'avais jamais vu ça de ma vie ! / bilan, je ne recommande pas du tout SOYA !
Trustpilot	6aad8c4ba6f91535a82c8124	https://fr.trustpilot.com/reviews/6aad8c4ba6f91535a82c8124	2026-09-18T21:08:59Z	1	Organic	simon		taille / dimensions / taie;retour / remboursement;service client;prix / valeur;conformite a l annonce;recommande	Attention j’ai acheté un oreiller en juin 2026	J’ai acheté un oreiller en juin 2026. Après une période d’essai, celui-ci ne m’a finalement pas convenu : trop grand et trop encombrant. / J’ai donc demandé un retour, à mes frais bien sûr ! ⚠️ Celui-ci a été accepté, avec 14 € de frais de retour postal. /  / Étant de nature patiente, j’ai attendu… puis attendu encore. Mais après 2 mois, toujours aucun remboursement, malgré plusieurs mails envoyés ! /  / J’ai finalement été remboursé après avoir publié de nombreux messages sur les réseaux sociaux pour dénoncer leur absence de réponse et leur façon de faire la sourde oreille. /  / Voyant que je ne lâchais pas l’affaire, ils ont enfin réagi et m’ont remboursé… au bout de 3 mois ! /  / Je vous conseille donc, avant d’acheter chez à cette société, de bien prendre le temps de lire les avis et les témoignages des clients, notamment concernant les retours et les remboursements. /  / Ne vous laissez pas séduire uniquement par les belles promesses commerciales. Soyez vigilants et renseignez-vous bien avant de commander. /  / À bon entendeur ! ⚠️
Trustpilot	6aac38e56f8beafc3eea4d9d	https://fr.trustpilot.com/reviews/6aac38e56f8beafc3eea4d9d	2026-09-17T21:00:53Z	1	Organic	Melina Tirard		confort (positif);inconfort / mal dormi;retour / remboursement;service client;arnaque / fraude	PURE ARNAQUE 	PURE ARNAQUE  /  / Horrible !!! Ces oreillers ne sont absolument pas confortables  / Service après vente inexistant !!!  / C’est soit disant remboursé 😂😂 / Ils ne savent envoyer que des messages automatiques, cela fait plus de 2 mois que j’en demande le remboursement !!! / C’est juste HONTEUX 😡😡😡
Trustpilot	6aabd52b1c5b6d15dfa3f0bc	https://fr.trustpilot.com/reviews/6aabd52b1c5b6d15dfa3f0bc	2026-09-17T13:55:23Z	1	Organic	Brai Christian		retour / remboursement;service client	À éviter !!!!	Nous déconseillons de commander sur ce site. Nous avons retourné un oreiller qui ne convenait pas en Mai 2026 et attendons toujours le remboursement en Septembre.  / Relancé à maintes reprises, Soya promet toujours un remboursement mais rien ne se passe…….Cela ressemble à de l’escroquerie !!! 
Trustpilot	6aaba6d5fcd42f29ab153023	https://fr.trustpilot.com/reviews/6aaba6d5fcd42f29ab153023	2026-09-17T10:37:41Z	1	Organic	Julene Ledu		livraison / delais;retour / remboursement;service client;conformite a l annonce;arnaque / fraude;housse	ARNAQUE SITE A EVITER !!!!	J'ai commandé en juin une housse, mais était très déçu du couleur qui ne correspondre pas de tout du couleur montrer sur le site. Jai fait le retour du produit en colissimo avec encore 12e dépensé pour son retour et attend depuis le 13 juillet pour être rembourser, avec la constant réponse : le reimbursement arrive bientôt, en quelque semaines, au plutard mi septembre etc etc.  /  / Jattend toujours!!!! /  / POUR MOI.......SITE A EVITER !!!
Trustpilot	6aaa722c291e4e7d51423153	https://fr.trustpilot.com/reviews/6aaa722c291e4e7d51423153	2026-09-16T12:40:44Z	1	Organic	Le Jardin des Délices		livraison / delais;retour / remboursement;prix / valeur;recommande	Commande de passée l'année dernière…	Commande de passée l'année dernière (80€) apparemment mon colis était en transit mais je n'en ai jamais vu la couleur ni celle du remboursement ils viennent de me recontacter car j'ai laissé un mauvais avis sur les réseaux mais vu que la commande date de 2025 apparemment ils ne peuvent plus rien faire pour moi par contre pour encaisser ça ils savent le faire...  / Donc je recommande fortement de passer votre chemin et d'aller vous servir ailleurs.
Trustpilot	6aa9ab13be2f6ebfbe54faf0	https://fr.trustpilot.com/reviews/6aa9ab13be2f6ebfbe54faf0	2026-09-15T22:31:15Z	1	Organic	Alexandre M		prix / valeur;origine / chine / dropshipping	Dropshipping	Dropshipping. Oreiller à 12€ sur Temu
Trustpilot	6aa97410f5f819cc5f42f9db	https://fr.trustpilot.com/reviews/6aa97410f5f819cc5f42f9db	2026-09-15T18:36:32Z	1	Organic	Melissa		livraison / delais;non recu / commande incomplete;arnaque / fraude;faux avis / avis supprimes	Attention arnaque !!	Attention arnaque !!!  / J’ai passé une commande il y a un mois et je n’ai rien reçu. C’est une arnaque avec de faux avis. Vous pourrez vous rendre sur leur insta ils bloquent les commentaires et le Facebook n’existe plus suite aux nombreux signalements. Il y a des forums et de nombreuses plaintes en cours. Ne commandez surtout pas sur ce site ! 
Trustpilot	6aa950ea1915875e8ba4722c	https://fr.trustpilot.com/reviews/6aa950ea1915875e8ba4722c	2026-09-15T16:06:34Z	1	Organic	Raphaël Ghisalberti		livraison / delais;retour / remboursement;service client;prix / valeur	Pas de remboursement si probleme	Bonjour, / Je vous contacte une dernière fois concernant le remboursement de ma commande #363631. / Mon retour a été effectué conformément à votre procédure et vous en avez confirmé la bonne réception. Vous m’avez ensuite indiqué le 22 août que le remboursement serait lancé durant la première semaine de septembre. À ce jour, soit plus de deux mois après mon retour, je n’ai toujours reçu aucun remboursement ni aucune information précise sur sa date d’exécution. / Merci de bien vouloir regarder les échanges de mails qui prouvent avec photos à l'appui et preuves d'envoi que j'ai fait le retour dans les bonnes formes. / Je vous rappelle qu’en application de l’article L221-24 du Code de la consommation, le professionnel doit procéder au remboursement sans retard injustifié et au plus tard dans les 14 jours, sous réserve notamment de la récupération du bien ou de la preuve de son expédition. / Je vous mets donc en demeure de procéder au remboursement de 69,90 € sans délai, et au plus tard sous 7 jours à compter de la réception de ce message. / À défaut de remboursement dans ce délai, je saisirai SignalConso (DGCCRF) et engagerai les démarches nécessaires auprès du médiateur de la consommation, puis, si nécessaire, les recours judiciaires appropriés. Ainsi que déposer des avis sur tous les sites e-commerce et consorts. / Je souhaite naturellement régler cette situation simplement et à l’amiable, et vous remercie donc de procéder au remboursement dans les meilleurs délais. / Cordialement,
Trustpilot	6aa946f03c230b6f5b189e27	https://fr.trustpilot.com/reviews/6aa946f03c230b6f5b189e27	2026-09-15T15:24:00Z	1	Organic	Nicolas		livraison / delais;retour / remboursement;qualite percue;conformite a l annonce;arnaque / fraude	Soya Paris are scammers	Soya Paris are scammers.  /  / Ils m'ont envoyé de mauvais produits, sois disant en soie alors que c'était du polyester. Ils m'ont confirmé que les frais de retour seraient remboursés et qu'ils allaient me rembourser les articles renvoyés. /  / Il a fallu 6 mois d'attente et énormément d'échanges afin que le remboursement soit finalement effectué. Par contre, ils me refusent actuellement le remboursement des frais de retour malgré leur engagement par écrit à ce sujet. /  / Si vous souhaitez dépenser votre argent pour une enseigne qui se fiche royalement de ses clients, de la qualité du produit vendu ainsi que de la satisfaction client, vous êtes au bon endroit. /  / Je vous le déconseille fortement. 
Trustpilot	6aa90683b26fc1440f1539a0	https://fr.trustpilot.com/reviews/6aa90683b26fc1440f1539a0	2026-09-15T10:49:07Z	1	Organic	Manon Gérard		fermete (dur / mou);livraison / delais;retour / remboursement;service client;qualite percue	Je laisse aujourd’hui une mauvaise note…	Je laisse aujourd’hui une mauvaise note car je suis assez déçue de cette marque.  / Tout d’abord, la commande est arrivé en avec un peu retard. (Ce qui peut arriver).  / Après réception de celle-ci, je me suis rendue compte que les oreillers n’avait pas la qualité que j’espérais (ils sont trop durs pour moi et les matières utilisés ne me plaisent pas). J’ai donc demandé à effectuer un retour pour un remboursement (processus qui ne se fait que par envoie un mail…) j’ai entamé les démarches de remboursement le 7 septembre et je n’ai à ce jour toujours pas de retour puisque le service client ne me répond pas… /  / J’espère sincèrement qu’il me répondront rapidement, car sinon je ne serais jamais remboursé d’une commande dont je n’ai pas l’utilité…
Trustpilot	6aa7e1f6724d014b0a2fcadf	https://fr.trustpilot.com/reviews/6aa7e1f6724d014b0a2fcadf	2026-09-14T14:00:54Z	1	Organic	simon		livraison / delais;retour / remboursement;arnaque / fraude	Oreiller non remboursement à ce jour 	Bonjour  /  / Réclamation concernant un remboursement /  / Le délai de remboursement est désormais largement dépassé. /  / Je ne comprends pas ce comportement, qui me semble pour le moins inadmissible et s’apparente à une véritable arnaque au consommateur. /  / Je vous demande donc de bien vouloir régler cette dette dans les plus brefs délais. Cette situation n’est pas correcte de votre part. /  / Par principe, je ferai tout le nécessaire afin d’obtenir le remboursement qui m’est dû. /  / Je vais également prendre rendez-vous auprès de la Maison de Justice afin de me renseigner sur les démarches et la procédure à suivre. /  / Dans l’attente d’un règlement rapide de cette situation. /  / Cordialement,
Trustpilot	6aa7ddeddfedfd04bf245865	https://fr.trustpilot.com/reviews/6aa7ddeddfedfd04bf245865	2026-09-14T13:43:41Z	1	Organic	TESSORE Sandrine		livraison / delais;non recu / commande incomplete;service client;origine / chine / dropshipping;conformite a l annonce;arnaque / fraude	A FUIR !! ARNAQUE 	"J'ai commandé sur ce site en août avec une promesse de livraison sous 4 jours. Non seulement je n'ai rien reçu, mais le colis est bloqué en Chine.Le service client me ment en me donnant de fausses informations sur un soi-disant renvoi de colis. En vérifiant les mentions légales, ce site prétend s'appeler ""Paris"" mais est en réalité basé aux États-Unis et encaisse l'argent à Londres.C'est du dropshipping très opaque. Signalement SignalConso en cours. Ne commandez pas chez eux !"
Trustpilot	6aa7abacfe3abee1e7f2bed1	https://fr.trustpilot.com/reviews/6aa7abacfe3abee1e7f2bed1	2026-09-14T10:09:16Z	1	Organic	Vicky Saillard		livraison / delais;retour / remboursement;service client	oreiller de voyage commandé en mai	"oreiller de voyage commandé en mai, retourné dès le lendemain et depuis aucun remboursement malgré plusieurs relances !!dernière réponse fin juillet : "" volume exceptionnel de colis"" à traiter! "
Trustpilot	6aa7a4efe940e1fe0072df8c	https://fr.trustpilot.com/reviews/6aa7a4efe940e1fe0072df8c	2026-09-14T09:40:32Z	1	Organic	HB HB		livraison / delais;retour / remboursement;service client	Toujours aucun remboursement après retour - Service client muet	"J'ai retourné mon colis et le service client reste totalement silencieux malgré mes relances (notamment mon mail du 08 septembre). Le délai légal de remboursement est dépassé. Je précise que le retour du colis avait été validé par eux. Tout est en ordre. Ils justifient leur ""soi-disant"" retard du paiement à cause du grand nombre de commandes qu'ils n'arrivent pas à gérer et suivre. Ceci concerne leur organisation interne, cele ne doit pas impacter les clients. / Je demande le remboursement immédiat de ma commande. Commande #366871."
Trustpilot	6aa6e8be60628d48aa458966	https://fr.trustpilot.com/reviews/6aa6e8be60628d48aa458966	2026-09-13T20:17:34Z	1	Organic	Dimitri		qualite percue;prix / valeur;origine / chine / dropshipping;conformite a l annonce;housse	Expérience peu concluante	Expérience peu concluante. Mousse et housse qui semblent très cheap! Et le prix est très élevé. Je me suis laissé avoir par leur publicité agressive et convainquantes. Au final, ce ne semble pas être une boite française mais une escroquerie de dropshipping.  / 
Trustpilot	6aa55287b78b7755fb9ef0be	https://fr.trustpilot.com/reviews/6aa55287b78b7755fb9ef0be	2026-09-12T15:24:23Z	1	Organic	virginie		confort (positif);chaleur / fraicheur;livraison / delais;retour / remboursement;service client;conformite a l annonce;arnaque / fraude	Arnaque land	Arnaque land! Fuyez braves gens ! La promesse des 30 nuits d'essai est complètement bidon ! Colis reçu 12j après la commande au lieu des 5j ouvrés. Le coussin ne me convenant pas (peu confortable et chaud !), je demande après 3 nuits, le remboursement. / Ils répondent 48h après, à côté ou alors le même mail évitant de donner une adresse de livraison. Pire, les frais d'envoi sont à la charge du client ! J'attends à ce jour toujours une réponse claire du service client. Je vais contacter les services de répression des fraudes pour signaler le site. 
Trustpilot	6aa549bcf505141301cd371a	https://fr.trustpilot.com/reviews/6aa549bcf505141301cd371a	2026-09-12T14:46:52Z	1	Organic	structura gestion privee		retour / remboursement	Pas remboursée	Oreiller renvoyé à mes frais début aout car ne me va pas. TOUJOURS PAS REMBOURSE. ce site n’est pas honnete
Trustpilot	6aa3d51d9136a6b3f420d808	https://fr.trustpilot.com/reviews/6aa3d51d9136a6b3f420d808	2026-09-11T12:17:01Z	1	Organic	Lucky G Mahé		livraison / delais;retour / remboursement;prix / valeur;origine / chine / dropshipping;emballage / compression	J'ai reçu un produit défectueux	J'ai reçu un produit défectueux, je leur ai envoyé la photo pour qu'ils constatent, ils m'ont dit qu'ils étaient désolés et qu'en échange ils me proposent une remise de 20 % pour racheter le produit !!!?​ De toute façon ils ne voient pas leurs oreillers car ils sont expédiés compressés directement de Chine en dropshipping. C'est pour ça que le délai de livraison est important alors autant acheter directement sur un site chinois genre Temu, ça coûtera beaucoup moins cher et au moins ils remboursent en cas de problème.  / À la suite de cette commande j'ai découvert que leurs produits ne sont donc pas garantis...
Trustpilot	6aa37db7a8056770a751ea75	https://fr.trustpilot.com/reviews/6aa37db7a8056770a751ea75	2026-09-11T06:04:07Z	1	Organic	Amina		fermete (dur / mou);livraison / delais;retour / remboursement;service client;origine / chine / dropshipping;conformite a l annonce;arnaque / fraude	A FUIR ABSOLUMENT	A FUIR ABSOLUMENT!  / PAS DU TOUT PRO, MENSONGE SUR LA LIVRAISON QUI DEVAIT ETRE DE 3 A 4 JOURS, ET QUI DURE DEPUIS PLUS DE 10 JOURS. AUCUNE NOUVELLE DU SERVICE CLIENT QUI NE ME REPOND PAS. ARNAQUE, NE SURTOUT PAS ACHETER. VOUS TROUVEREZ SUREMENT MIEUX SUR AMAZON OU ALI EXPRESS. JE N OSE MEME PAS DEMANDER UN REMBOURSEMENT AU VU DES COMMENTAIRES CONCERNANT CELUI CI. EXTREMENT DECUE ET EN COLERE!
Trustpilot	6aa31a601a9771607d32f6a6	https://fr.trustpilot.com/reviews/6aa31a601a9771607d32f6a6	2026-09-10T23:00:16Z	1	Organic	Lucas		prix / valeur;origine / chine / dropshipping	Société dropshipping	Société dropshipping, n'hésitez pas à commander directement d'Ali Express pour 3x moins cher ! 20€ au lieu de 69€ 😂 
Trustpilot	6aa2be81026449c2b1c56620	https://fr.trustpilot.com/reviews/6aa2be81026449c2b1c56620	2026-09-10T16:28:17Z	1	Organic	VONG Zan		livraison / delais;retour / remboursement;prix / valeur;origine / chine / dropshipping	N'ACHETEZ PAS !!!	N'ACHETEZ PAS !!! / Société faisant du drop shiping (délai de livraison de la 1ère commande, 2 semaines), la deuxième, 3 semaines) impossible de se faire rembourser alors que le colis a été réexpédier à l'expéditeur suite à un refus. / Il force à l'achat et dissuade le remboursement car les frais de ports sont du quart du prix de la commande... / Tout ça pour un oreiller qui n'a plus à aucune des 6 personnes qui l'ont testé pendant plus 10 jours...
Trustpilot	6aa26cf35de8f4dcb64ddbd1	https://fr.trustpilot.com/reviews/6aa26cf35de8f4dcb64ddbd1	2026-09-10T10:40:19Z	1	Organic	jade sersot		livraison / delais;service client;conformite a l annonce	J’ai passé commande en express pour un…	J’ai passé commande en express pour un oreiller 3.0 / Le délai de livraison annoncé était de 3 jours ouvrés . /  / 1 semaine plus tard la commande n’a toujours pas été expédiée et la seule réaction du service client est : « merci de votre compréhension ». Ils annonce une livraison pas avant 10 jours après commande contre 3 jours annoncés. 
Trustpilot	6aa2388a91556572847f6ddb	https://fr.trustpilot.com/reviews/6aa2388a91556572847f6ddb	2026-09-10T06:56:42Z	1	BasicLink	Boyer l		odeur;retour / remboursement;prix / valeur;conformite a l annonce	Insatisfaction globale 	Les échanges avec Soya ne sont pas fluides / Je n’ai pas aimé le produit : odeur et texture de l’oreiller / La raie en soie est désagréable au toucher / J’ai voulu faire un essai de 30 jours et j’ai du faire un retour à mes frais au prix de 15€ / Je suis insatisfaite
Trustpilot	6aa18272914887fd2fe8be03	https://fr.trustpilot.com/reviews/6aa18272914887fd2fe8be03	2026-09-09T17:59:46Z	1	Organic	Cécile Mari		livraison / delais;retour / remboursement;service client;prix / valeur;arnaque / fraude	Attention ⚠️ ça sent l’arnaque !	Attention ⚠️ ça sent l’arnaque ! / Je reçois l’oreiller qui ne me convient pas du tout. Je le renvoie (plus de 12€ de frais de port). Le colis a été réceptionné il y a plus d’un mois et demi et toujours aucun remboursement malgré mes relances. Soit disant, le colis doit être étudié ! Je pense avoir jeté mon argent par les fenêtres. Ils rallongent le délai à chaque mail avec des réponses très espacées. Je ne vais pas lâcher !
Trustpilot	6aa13ee8176ba34804379437	https://fr.trustpilot.com/reviews/6aa13ee8176ba34804379437	2026-09-09T13:11:36Z	1	Organic	Frédéric SCHUG		retour / remboursement;service client;arnaque / fraude	Cousin	Cousin, rien à dire, par contre le service après-vente est de 0/10 : je me suis trompé sur une commande et je l'ai renvoyée pour me faire rembourser ; cela fait plus de deux mois, aucun remboursement n'a été effectué et personne ne répond aux mails, à fuir.
Trustpilot	6aa13c9fbfefa72e6eac0c12	https://fr.trustpilot.com/reviews/6aa13c9fbfefa72e6eac0c12	2026-09-09T13:01:51Z	1	Organic	Myriam		temps d adaptation;livraison / delais;retour / remboursement;service client;arnaque / fraude	2 mois et demi après avoir renvoyé mon…	 2 mois et demi après avoir renvoyé mon oreiller à mes frais (pas mauvais mauvais mais pas adapté pour moi) j’ai finalement réussi à me faire rembourser en les traitant d’arnaqueurs sur leurs posts sponsorisés. Sinon impossible ils le répondaient une fois de temps en temps en me disant que le paiement allait arriver mais jamais rien qui venait 
Trustpilot	6a9f2ede9890385d1388f8ec	https://fr.trustpilot.com/reviews/6a9f2ede9890385d1388f8ec	2026-09-07T23:38:38Z	1	Organic	Yv		origine / chine / dropshipping;arnaque / fraude	It's a scam	"It's a scam. Poor quality products, than I sent back. They spent 6 months telling me i'll get my money back ""in just a few days"" with profile pictures clearly made with AI. /  / Needless to say i got nothing back. / No SIREN, no owner, it's pure dropshipping."
Trustpilot	6a9f049027534a0208858f53	https://fr.trustpilot.com/reviews/6a9f049027534a0208858f53	2026-09-07T20:38:08Z	1	Organic	daddou daddou		livraison / delais;service client;suivi de colis	Commande passée en août, toujours pas livrée, tout est flou et compliqué 	Commande #386799 passée en août, toujours pas livrée… c est dommage, de mémoire le site promet 3 à 5 jours en terme de délai pourtant. 😁😅 / Le service client répond aux mails, mais ce sont des réponses générales type IA envoyées à tous les clients. Ces mails indiquent juste que la commande est traitée, mais que le délai est plus long, sans explications ni solutions.  / A noter, la commande apparaît en transit depuis la commande sur le suivi de colis qu’ils vous donnent mais La Poste indique que le colis ne leur a toujours pas été remis depuis tout ce temps. / Méfiance ? Pas de chance ? À vous de juger.  / Je viendrai mettre un rectificatif de cet avis si tout rentre dans l ordre. 
Trustpilot	6a9ec496f340268b281251d1	https://fr.trustpilot.com/reviews/6a9ec496f340268b281251d1	2026-09-07T16:05:10Z	1	Organic	Elefvelos Valeos		conformite a l annonce;arnaque / fraude	SCAM	SCAM! DON'T BUY FROM THEM! The products they ship are made of polyester, not a single gram of silk in them.
Trustpilot	6a9eaee362ebeee7b48773ce	https://fr.trustpilot.com/reviews/6a9eaee362ebeee7b48773ce	2026-09-07T14:32:35Z	1	Organic	Philippe Godbert		livraison / delais;non recu / commande incomplete;service client;prix / valeur;arnaque / fraude	Attention arnaque / 128€ dépensé et…	Attention arnaque / 128€ dépensé et rien reçu … juste des messages sur Messenger disant que ça va arriver mais pas de mail et pas de bon de commande …. / J’aurai du lire les avis sur internet cela m’aurait éviter de perdre de l’argent ….
Trustpilot	6a9ea935543d54253636b3f8	https://fr.trustpilot.com/reviews/6a9ea935543d54253636b3f8	2026-09-07T14:08:21Z	1	Organic	Settembrini Samanta		livraison / delais;service client;conformite a l annonce	Comment dire que 1 etoile c'est déjà de…	Comment dire que 1 etoile c'est déjà de trop.  / J'ai passé une commande le lundi 31 août 2026. Le site indique que l'expédition se fait sous un jour ouvrable et la livraison sous 3 à 5 jours ouvrables. Cela fait une semaine et mon colis n'a toujours pas été expédié. Le service client me mène en bateau en me répétant chaque jour qu'il sera envoyé le lendemain. J'ai du faire une mise en demeure et les signalé sur le site du gouvernement.
Trustpilot	6a9e8a2de538f420eeb41ffb	https://fr.trustpilot.com/reviews/6a9e8a2de538f420eeb41ffb	2026-09-07T11:55:57Z	1	Organic	kino		livraison / delais;non recu / commande incomplete;service client;prix / valeur;arnaque / fraude	Site frauduleux ARNARQUE	Site frauduleux / Escroquerie / J ai commandé pour 310 euros / Je n ai jamais reçu les oreillers depuis 3 mois / Personne ne répond à mes emails  / Plainte déposée / Grosse arnaque!!!! / À FUIR / 
Trustpilot	6a9d7289fe3fa04ce7df2124	https://fr.trustpilot.com/reviews/6a9d7289fe3fa04ce7df2124	2026-09-06T16:02:49Z	1	Organic	Nicolas		livraison / delais;non recu / commande incomplete;service client;arnaque / fraude	Arnaque/Aucune livraison	J'ai commandé des oreillers que je n'ai jamais reçu. Service client injoignable et qui ne répond pas aux mails. À fuir. /  / Procédure en cours pour obtenir réparation. 
Trustpilot	6a9cf745e54cef3af678586d	https://fr.trustpilot.com/reviews/6a9cf745e54cef3af678586d	2026-09-06T07:16:53Z	1	Organic	Aurelia Bailly		confort (positif);retour / remboursement;service client;arnaque / fraude	Cette société est une véritable arnaque…	Cette société est une véritable arnaque !!! Ils ne respectent pas les conditions de remboursement, ça fait presque 6 mois que je me bats avec le Service client : 3 fois qu'ils me disent qu'ils ont validé mon remboursement, 10 fois qu'ils me demandent de nouveaux justificatifs. / Et leurs oreillers sont à fuir absolument, c'est un rembourrage qui n'a rien de très confortable
Trustpilot	6a9ab7196bcecdbb1a049224	https://fr.trustpilot.com/reviews/6a9ab7196bcecdbb1a049224	2026-09-04T14:18:33Z	1	Organic	Angelique Jover		livraison / delais;service client	Délai de livraison lamentatable.	Délai de livraison lamentable. /  / Une mauvaise foi du service client qui qui remet la faute sur le dos du transporteur alors que la commande est passè depuis le 20 août et TOUJOURS PAS EXPEDIEE / UNE HONTE! / ASSUMEZ ET APPRENEZ A GERER ET MIEUX ANTICIPER VOS STOCKS!
Trustpilot	6a9a70c1cbe6b0b98d5a2ebe	https://fr.trustpilot.com/reviews/6a9a70c1cbe6b0b98d5a2ebe	2026-09-04T09:18:25Z	1	Organic	MaxY		livraison / delais;service client;prix / valeur;conformite a l annonce;arnaque / fraude	Service client menteur, à fuir	"Commande passée le 12 août avec une livraison promise en 5 jours ouvrés. Résultat : 16 jours ouvrés d'attente (3 semaines), un colis jamais expédié malgré la création d'une fausse étiquette le 18 août pour me faire patienter, et des mensonges répétés du service client qui prétendait que le colis était ""en transit"". Face au retard, aucun geste commercial direct n'est proposé, seulement un code promo pour ne plus jamais recommarder chez eux. Fuyez ce site qui maquille ses ruptures de stock et prend ses clients pour des imbéciles."
Trustpilot	6a9a70588ddf98671fb303c9	https://fr.trustpilot.com/reviews/6a9a70588ddf98671fb303c9	2026-09-04T09:16:40Z	1	Organic	Karina 		hauteur / epaisseur;chaleur / fraicheur;livraison / delais;retour / remboursement;service client;qualite percue;conformite a l annonce;arnaque / fraude;housse	À ÉVITER ABSOLUMENT	"À ÉVITER ABSOLUMENT / ❌ Produit ""neuf"" reçu en état douteux : / - Couverture avec étiquettes coupées (photo à l’appui). / - Drap housse vendu comme ""draps rafraîchissants"" (pluriel) → en réalité, seul le drap housse était dans le colis (pas de drap plat). Pratique trompeuse (article L. 121-1 du Code de la consommation). / ❌ Qualité médiocre : / - Housses rugueuses au toucher, loin de la douceur promise. / ❌ Service client incompétent : / - Refus de remboursement intégral malgré les défauts. / - Frais de retour imposés (illégal pour un produit non conforme, article L. 216-2). / - Délai de remboursement de 3 semaines (alors que la loi impose 14 jours max). / ❌ Aucune solution proposée : / Après plusieurs relances, SOYA Paris a ignoré mes demandes et quand j’avais une réponse c’était un mail automatique sans vrai réponse et ils n’ont pas respecté la loi. / 💡 Conseil aux futurs clients : / - Vérifiez les photos et descriptions (risque de tromperie). / - Exigez une étiquette de retour prépayée en cas de problème. / - Saisissez la DGCCRF si vous êtes victime comme moi (signal.conso.gouv.fr). / 📌 Preuves disponibles : / - Échanges e-mail (ignorés) ou réponse automatique sans solution. / - Photos des défauts. / - Captures d’écran de la fiche produit (mention ""neuf"" et ""draps"" au pluriel). / SOYA Paris : 0/5 – À fuir !"
Trustpilot	6a99e2f9c6a96abc8c300fcf	https://fr.trustpilot.com/reviews/6a99e2f9c6a96abc8c300fcf	2026-09-03T23:13:29Z	1	Organic	Ayse BOZKUS		livraison / delais;retour / remboursement	Très mauvaise expérience avec Soya…	Très mauvaise expérience avec Soya Paris. /  / Ma commande n’a jamais été reçue alors qu’elle est indiquée comme livrée. J’ai demandé une preuve de livraison ainsi que la confirmation de l’adresse à laquelle le colis aurait été livré. Malgré plusieurs demandes, aucune preuve de livraison provenant de Colissimo ne m’a été fournie. /  / Le professionnel évoque une erreur concernant l’adresse, mais refuse de me fournir le justificatif permettant de vérifier ce qui a réellement été communiqué au transporteur. J’ai demandé le remboursement de ma commande, mais celui-ci m’a été refusé au profit d’une réexpédition que je ne souhaite pas. /  / J’ai effectué des démarches auprès des organismes compétents. /  / Je partage mon expérience afin d’informer les futurs clients. / 
Trustpilot	6a9966da6262800708095a85	https://fr.trustpilot.com/reviews/6a9966da6262800708095a85	2026-09-03T14:23:54Z	1	Organic	Client Monsieur DF		fermete (dur / mou);livraison / delais;retour / remboursement;qualite percue;arnaque / fraude	Attention arnaque au retour!	"Attention arnaque au retour! / Commandé 2 oreillers 3.0. / Au bout de quelques petites nuits, nous trouvons qu'ils sont vraiment durs et très hauts.  (La qualité a l'air bonne) / Je renvoie donc les oreillers car ""retour gratuit sous 30 jours"". / Déjà. On a dû payer le retour et ils me disent qu'ils ne remboursent pas l'envoi.  / Ils ont bien reçu. Au bout de 2 mois, je me rappelle qu'ils n'ont pas remboursé les oreillers ! / Je leur dis, il ne m'en rembourse qu'1 ! Car ils en auraient finalement reçu qu'un seul ! / J'ai dû les menacer de porter plainte pour qu'il me rembourse le 2ème en le démontrant avec le poids du colis qui a été envoyé... Faites très gaffe"
Trustpilot	6a994663bfb52afc6225307c	https://fr.trustpilot.com/reviews/6a994663bfb52afc6225307c	2026-09-03T12:05:23Z	1	Organic	John Doe		livraison / delais;retour / remboursement;origine / chine / dropshipping;recommande	⚠️ Attention avant de commander sur ce site	Je recommande vivement de bien vous renseigner avant de passer commande sur SOYA PARIS. /  / Contrairement à ce que le nom et la présentation du site peuvent laisser penser, les informations légales indiquent une adresse aux États-Unis, à Casper dans le Wyoming, et non en France. /  / Plusieurs informations importantes sont également peu claires : conditions de retour, frais de retour, modalités et délais de livraison, droit de rétractation et identité exacte du vendeur. Certaines informations présentes sur le site sont par ailleurs incohérentes selon les pages. /  / Je vous conseille donc de vérifier attentivement les conditions avant tout achat et de conserver des captures d’écran des informations affichées au moment de la commande. /  / Si vous avez rencontré un problème avec ce site ou estimez que les informations fournies sont insuffisantes, vous pouvez également effectuer un signalement auprès de la DGCCRF via SignalConso : /  / 👉 Signaler un problème sur SignalConso /  / Plus les consommateurs signalent les problèmes rencontrés, plus les autorités disposent d’informations pour vérifier les pratiques du site.
Trustpilot	6a9837780e2017848c55fea3	https://fr.trustpilot.com/reviews/6a9837780e2017848c55fea3	2026-09-02T16:49:28Z	1	Organic	Myriam		retour / remboursement;service client;arnaque / fraude	CE SONT DES VOLEURS	CE SONT DES VOLEURS. voilà maintenant 2 mois que j'ai retourné (A MES FRAIS) le coussin car celui ne me satisfaisait pas. je n'ai jamais été remboursée malgré mes multiples relances.
Trustpilot	6a972e9b046a10795da27197	https://fr.trustpilot.com/reviews/6a972e9b046a10795da27197	2026-09-01T21:59:23Z	1	Organic	Rudy Abi Akl		confort (positif);douleurs (cou, dos, epaules);temps d adaptation;retour / remboursement;prix / valeur	Retour Soya 2.0	J’avais vraiment envie d’aimer cet oreiller, surtout que je l’avais acheté dans l’objectif d’améliorer mon sommeil. Après trois nuits d’essai, malheureusement, je suis revenu à mon ancien oreiller. /  / Sur le dos, je le trouve plutôt confortable : la forme soutient bien la nuque et je comprends totalement pourquoi certaines personnes peuvent l’adorer. En revanche, dès que je dors sur le côté, ça ne fonctionne pas du tout pour moi. Je me suis réveillé plusieurs fois avec des douleurs/tensions au niveau des trapèzes et du haut des épaules, parfois du côté sur lequel je dormais, parfois de l’autre côté. /  / Je me suis justement laissé trois nuits en me disant qu’il fallait peut-être simplement un temps d’adaptation. Je l’ai également fait tester à ma copine et elle a ressenti le même type d’inconfort. /  / Je ne dis absolument pas que c’est un mauvais oreiller, parce que le confort reste très personnel et je vois très bien comment il peut convenir à d’autres personnes. Mais pour ma morphologie et ma façon de dormir, notamment sur le côté, ça a malheureusement eu l’effet inverse de celui recherché : sommeil moins confortable et réveils avec des tensions. /  / Un peu déçu compte tenu du prix, mais ça reste simplement mon expérience personnelle. / 
Trustpilot	6a96a1c41d31f70d3ac45c7a	https://fr.trustpilot.com/reviews/6a96a1c41d31f70d3ac45c7a	2026-09-01T11:58:28Z	1	Organic	B.tls		livraison / delais;retour / remboursement;qualite percue;conformite a l annonce	Très mauvaise expérience 	Très mauvaise expérience  / Livraison annoncée 3 à 5 jours, reçu après 10 jours. Grosse Déception sur la qualité du produit (du rembourrage basic).  / Retour payant à mes frais  / Et toujours pas de remboursement après 1 mois… 
Trustpilot	6a947a667476e0674725cef9	https://fr.trustpilot.com/reviews/6a947a667476e0674725cef9	2026-08-30T20:45:58Z	1	Organic	Consumer		arnaque / fraude	Attention 	Attention , ce site sent l’arnaque ! Dès que l’on pose des questions gênantes sur la nébulosité de cette société , ils vous bloquent et vous n’avez plus la possibilité de communiquer avec eux et surtout sur tous les sites ( Facebook etc.) ils m’ont bloqué . Donc concrètement il y a forte suspicion. Ne vous fiez qu’aux infos sur les sites indépendants (suspicion arnaque etc..) . Vous aurez le vrai pedigree de cette société 
Trustpilot	6a9423d848f9df66706a35d9	https://fr.trustpilot.com/reviews/6a9423d848f9df66706a35d9	2026-08-30T14:36:40Z	1	Organic	Pill		douleurs (cou, dos, epaules);retour / remboursement;service client;qualite percue;arnaque / fraude	A fuir	Site marchant à la limite de la légalité, un agent IA qui s’occupe de nous apporter des réponses belles et bien faites juste pour faire joli, des oreillers nuls et de mauvaise qualité qui font encore plus mal au cou que les classiques  2 mois pour recevoir un remboursement, un retour à nos frais alors que quand ça n’est pas mentionné sur le site marchand c’est à eux de prendre en charge. 
Trustpilot	6a92d89659ea5863eb42637f	https://fr.trustpilot.com/reviews/6a92d89659ea5863eb42637f	2026-08-29T15:03:18Z	1	BasicLink	Tatiana Ken		chaleur / fraicheur;livraison / delais;retour / remboursement	Je n’ai pas aimé le coussin mais on me…	Je n’ai pas aimé le coussin mais on me demande de payer le retour car aucun retour est au frais de l’entreprise alors qu’il est arrivé avec une tache…et que je n’ai pas ouvert l’autre 
Trustpilot	6a92b44fc64974d41d845fe9	https://fr.trustpilot.com/reviews/6a92b44fc64974d41d845fe9	2026-08-29T12:28:31Z	1	BasicLink	Charlesaan STEPHEN		livraison / delais	Problème de livraison	Ayant commandé le 9 août. Je n’ai toujours pas testé le produit depuis car je n’ai pas toujours reçu.
Trustpilot	6a92b2325df31042d2c27c7b	https://fr.trustpilot.com/reviews/6a92b2325df31042d2c27c7b	2026-08-29T12:19:30Z	1	Organic	simon		livraison / delais;retour / remboursement;service client	Soya ne me rembourse pas 	Bonjour  / J’ai retourné l’oreiller après avoir obtenu l’autorisation de Soya Paris, qui a préalablement analysé les documents et les photos que je leur avais transmis. Le retour a également été effectué dans le délai imparti. /  / Depuis la réception du colis par vos services, plusieurs semaines se sont écoulées. Malgré mes nombreux messages, je n’ai reçu aucune réponse concernant le remboursement. /  / Je me retrouve aujourd’hui dans une impasse et souhaiterais savoir quelles démarches entreprendre afin d’obtenir le remboursement qui m’est dû. /  / Il est particulièrement regrettable de ne recevoir aucune réponse à mes mails. J’ai malheureusement l’impression que mes demandes sont volontairement ignorées dans le but de me décourager. /  / Je vous remercie donc de bien vouloir me répondre rapidement et de procéder à mon remboursement dans les meilleurs délais. /  / Cordialement
Trustpilot	6a91a31cc38b1f4d574b394d	https://fr.trustpilot.com/reviews/6a91a31cc38b1f4d574b394d	2026-08-28T17:02:52Z	1	Organic	Client. Bremond laetitia		retour / remboursement;recommande	Toujours pas remboursé 	J'ai effectué un retour le 28 juillet a mes frais en recommandé. Toujours pas de remboursement en vue. C est compliqué. J’attend Toujours que mon retour soit validé. 
Trustpilot	6a915517bfec61c8a1d47754	https://fr.trustpilot.com/reviews/6a915517bfec61c8a1d47754	2026-08-28T11:29:59Z	1	Organic	Fred		livraison / delais;retour / remboursement;service client;suivi de colis	Retour et remboursement compliqué	Achat en avril 2026, retour en suivant via transporteur avec suivi.(FedEx) / Le retour est bien validé et conforme par leur service , (mail de confirmation de leur part) / Nous sommes en fin août . Toujours pas de remboursement en vu. / Ils valident le virement … mais il n’en est rien .  / Je déconseille un achat chez eux, entreprise basée  à l’étranger avec site en France. (Signal conso informé) / Cde 346435
Trustpilot	6a9095221065d5d3472e07ff	https://fr.trustpilot.com/reviews/6a9095221065d5d3472e07ff	2026-08-27T21:50:58Z	1	BasicLink	Laura		hauteur / epaisseur;odeur;livraison / delais;qualite percue;origine / chine / dropshipping;housse	Déçue	Livraison trop longue et bizarrement on trouve les mêmes sur des sites chinois. Le tissu quadrillé (où nous sommes censé mettre les bras) est très désagréable au toucher. Je le trouve un peu trop haut. Quand on change la housse on se retrouve qu’avec de la mousse et rien autour. Il sentait le chimique quand je l’ai ouvert. C’est dommage j’avais pas mal d’attentes sur ce coussin.. J’ai même pas essayé de dormir avec tellement le tissu sur les côtés me gêne et pique. 
Trustpilot	6a907ed779e7bdebbc3b0a2d	https://fr.trustpilot.com/reviews/6a907ed779e7bdebbc3b0a2d	2026-08-27T20:15:51Z	1	Organic	Angélique Scatamacchia		livraison / delais;non recu / commande incomplete;service client	Commande passe en 2024 jamais reçu…	Commande passe en 2024 jamais reçu malgré les relances
Trustpilot	6a904083e9dc17cf56aad56c	https://fr.trustpilot.com/reviews/6a904083e9dc17cf56aad56c	2026-08-27T15:49:55Z	1	Organic	frederic		livraison / delais;retour / remboursement;qualite percue;arnaque / fraude	qualité du produit plutot moyenne .	qualité du produit plutot moyenne . / j ai renvoyé les produits, ils m ont remboursé au bout de 3 mois en me promettant pourtant un remboursement rapide. Il a fallu que je le smenace de porter plainte pour arriver à mes fins. A fuir !!!!
Trustpilot	6a8f01c33cc8c5ac80c80a13	https://fr.trustpilot.com/reviews/6a8f01c33cc8c5ac80c80a13	2026-08-26T17:09:55Z	1	Organic	P B		chaleur / fraicheur;livraison / delais;retour / remboursement;service client;prix / valeur;origine / chine / dropshipping;arnaque / fraude	Cette société ne respecte absolument…	Cette société ne respecte absolument pas les règles de remboursement pour les produits ne convenant pas et cela même si vous respectez scrupuleusement leurs consignes de retour. Pour ma part j’ai réglé des frais decreacheminement sur leur plate-forme d’articles dont la valeur est de 125 euros et à ce jour depuis 3 mois je n’ai que des mails m’indiquant que le retard est lié à un problème de saturation de leur plateforme ? Pour moi ce sont des escrocs et leur siège se trouvant aux USA nous n’avons aucun retour de la répression des fraudes  / SOCIÉTÉ À BANNIR COMPLÈTEMENT  / 
Trustpilot	6a8ee50e8ab4b099318d633f	https://fr.trustpilot.com/reviews/6a8ee50e8ab4b099318d633f	2026-08-26T15:07:26Z	1	Organic	Timour Timour		retour / remboursement;service client;arnaque / fraude	Attention ARNAQUE ! 	Attention, c’est une grosse arnaque ! Ils garantie 30 nuits. Puis entre chaque mail trouve des raisons différentes pour pas vous rembourser. La dernière raison pour pas me rembourser, c’est dire qu’il y a des petites marques de usure chose qui est complètement normal ( même si en réalité, il y a zéro marques d’usure sur mon coussin ) si on l’essaye pendant 30 jours. 
Trustpilot	6a8ed11220a2a5e564a7f92c	https://fr.trustpilot.com/reviews/6a8ed11220a2a5e564a7f92c	2026-08-26T13:42:10Z	1	Organic	Rolldav		livraison / delais;retour / remboursement;service client;qualite percue;conformite a l annonce	Qualite mediocre , publicite mensongere, non respect du droit de ratractation	Qualité médiocre. Publicité mensongère et retard de livraison inacceptable. À cela s'ajoutent des demandes abusives et illégales lorsque j'exerce mon droit de rétractation : les retours ne sont pas gratuits et restent à la charge du client, contrairement à ce qui est annoncé sur le site. De plus, ils sont illégalement conditionnés au bon vouloir du service client. En outre, l'entreprise se permet de demander aux clients de ne pas publier d'avis négatifs et de les contacter préalablement à toute publication.
Trustpilot	6a8eb9dcf8e209168dd6c55b	https://fr.trustpilot.com/reviews/6a8eb9dcf8e209168dd6c55b	2026-08-26T12:03:08Z	1	Organic	Sandra Costil		livraison / delais;retour / remboursement;service client;arnaque / fraude	Escroquerie - absence de remboursement d'une commande	Commande passée le 29 juin, réceptionnée le 7 juillet et retournée 9 juillet. Bien que le retour ait été réceptionné le 21 juillet à l'adresse indiquée par le vendeur, et qu'il confirme la réception et le traitement du retour, je n'ai reçu AUCUN remboursement à ce jour (26 août). Après plusieurs emails au service client où l'on m'indique que le remboursement a été fait et devrait arriver, je n'ai plus de réponse depuis 2 semaines. / J'ai réalisé un signalement à la DGCCRF et envisage une plainte pour escroquerie pour (tenter d') obtenir le remboursement.  / A fuir !!
Trustpilot	6a8ea71aea5c5cca31a23253	https://fr.trustpilot.com/reviews/6a8ea71aea5c5cca31a23253	2026-08-26T10:43:06Z	1	Organic	Madame mercier sylvie		livraison / delais;retour / remboursement;service client;faux avis / avis supprimes	Fuyez	Je n arrive pas à comprendre qu il n y ait que des avis positifs...j ai renvoyé mon coussin qui ne me convient pas depuis fin juin, apres un nombre considérable de mails je n ai tjs pas eu le remboursement...ils m ont dit 3 ème semaines d aout...j ai patienté...et tjs rien...je ne lâcherais pas...j ai horreur de ca! 
Trustpilot	6a88481820fe36b9e4437030	https://fr.trustpilot.com/reviews/6a88481820fe36b9e4437030	2026-08-21T14:44:08Z	1	Organic	Loïc Ouaret		livraison / delais;non recu / commande incomplete;retour / remboursement;service client	Oreiller jamais reçu	Oreiller commandé, jamais reçu. Ne répondent pas aux mails de relance. Mais en les alpaguant sur les réseaux, ils se réveillent et disent que malheureusement ils ne peuvent plus rembourser car la commande est trop ancienne alors qu'ils n'ont jamais répondu à mes premières demandes de remboursement. / C'est clownesque 🤡
Trustpilot	6a84944f3ca885649634ce50	https://fr.trustpilot.com/reviews/6a84944f3ca885649634ce50	2026-08-18T19:20:15Z	1	Organic	lucie chabout		retour / remboursement;arnaque / fraude	a fuir !!!	a fuir !!! / les coussins ne me convenait pas j'ai fait un retour à ma charge au mois d'avril. on est en aout et je n'ai toujours pas de remboursement  / vrai Arnaque !!!
Trustpilot	6a830697344cf024578e2684	https://fr.trustpilot.com/reviews/6a830697344cf024578e2684	2026-08-17T15:03:19Z	1	Organic	robin HERRADA		livraison / delais;non recu / commande incomplete;retour / remboursement;service client;conformite a l annonce;suivi de colis	⚠️ Une expérience client absolument…	⚠️ Une expérience client absolument inadmissible /  / Je déconseille fortement au vu de la manière dont mon dossier de remboursement est géré. /  / Cela fait maintenant deux mois et demi que j’attends mon remboursement. Malgré mes nombreuses relances, on me donne régulièrement des dates et des échéances par e-mail… qui ne sont jamais respectées. /  / Le plus aberrant est que l’établissement reconnaît lui-même les délais dans ses échanges et m’annonce à plusieurs reprises que le remboursement va être effectué prochainement. Pourtant, à la date de publication de cet avis, je n’ai toujours pas reçu mon remboursement. /  / Deux mois et demi pour récupérer son argent, malgré des engagements écrits et plusieurs échéances annoncées, c’est tout simplement inadmissible. /  / Je publie cet avis pour avertir les futurs clients : soyez particulièrement vigilants concernant le suivi des remboursements et ne vous fiez pas aux délais qui vous sont annoncés si vous rencontrez un problème. /  / J’espère pour vous que vous n’aurez pas à faire de retour , si c’est le cas , gardez en tête que vous ne serez certainement jamais remboursé. C’est du vol concrètement ! 
Trustpilot	6a82c5fbb0e435d85614613d	https://fr.trustpilot.com/reviews/6a82c5fbb0e435d85614613d	2026-08-17T10:27:39Z	1	BasicLink	Bob Sultan		confort (positif);fermete (dur / mou);temps d adaptation;livraison / delais;qualite percue;housse	Plusieurs semaines et j'ai jamais réussi a trouver le sommeil 	Plusieurs semaines et j'ai jamais réussi a m'adapter à l'oreiller 3.0 de Soya. La matière des housses et sympa. La mousse de l'oreiller peut être trop molle pour moi mais agréable. Malgré les bon atouts je n'arrive pas a trouver un bon sommeil avec . Je suis déçu j'étais pourtant optimiste j'ai même acheté une housse de rechange. Bref me voilà avec un oreiller qui m'a coûté une blinde pour rien 
Trustpilot	6a81733e56cd709799918440	https://fr.trustpilot.com/reviews/6a81733e56cd709799918440	2026-08-16T10:22:22Z	1	Organic	Christian RIOUALL		confort (positif);douleurs (cou, dos, epaules);retour / remboursement;service client;prix / valeur;arnaque / fraude	Société à fuir !	L'oreiller 2.0 est une catastrophe/il m'a complètement démonté mes cervicales, et n'a aucun moelleux. Il est prêt à partir à la déchèterie,  ayant malheureusement dépassé de quelques jours le temps de retour/remboursement. /  / En + de ça, depuis mon achat fin mars, ils m'inondent de Mails, comme quoi j'aurais une cagnotte à récupérer. Ce qui est faux, c'est tout simplement un bon de remise au delà de 50€ d'achat ... /  / Comme le montre les commentaires, c'est une société qui fait un business plan sur un soi -disant oreiller miracle, mais qui n'a aucun Sav derrière si vous voulez vous rétracter/vous faire rembourser !  Sans parler de tous les spams de sociétés à qui ils revendent vos coordonnées. Bref, à fuir !
Trustpilot	6a80e0dec0e88abfdfbc29be	https://fr.trustpilot.com/reviews/6a80e0dec0e88abfdfbc29be	2026-08-15T23:57:50Z	1	Organic	Emeline		retour / remboursement;arnaque / fraude	Arnaque.	Arnaque. / Même si vous respectez leur CGV de retour, ils ne remboursent pas.
Trustpilot	6a7ed0c616b5b611ca21268b	https://fr.trustpilot.com/reviews/6a7ed0c616b5b611ca21268b	2026-08-14T10:24:38Z	1	Organic	Coralie BRUNIE		hauteur / epaisseur;odeur;livraison / delais;retour / remboursement;qualite percue;prix / valeur	Oreiller enfant reçu	Oreiller enfant reçu.  / Coussin très très plat ( 3cm d’un côté et 5cm de l’autre)  alors qu’il devais faire 6cm d’un côté et 8cm de l’autre.  / Présence d’une légère odeur donc pas terrible pour un enfant. Et la mousse dedans est très très fragile !!! Elle se décolle (déchire ) d’un rien sur les cotes où l’enfant peut mettre les bras !!!  / Piètre qualité pour le prix.  Et franchement j’ai pas le courage de le renvoyer pour attendre 3 mois avant d’avoir un remboursement et devoir les harceler sans relâche comme beaucoup le font. Il va rester en déco donc cher pour cette utilité !!!  / Très déçu. 
Trustpilot	6a7ca1f134c88dab7abbb1ba	https://fr.trustpilot.com/reviews/6a7ca1f134c88dab7abbb1ba	2026-08-12T18:40:17Z	1	Organic	Camille Bellet		livraison / delais;non recu / commande incomplete;retour / remboursement;service client;origine / chine / dropshipping	Pour ma part j'ai bien reçu l'oreiller…	Pour ma part j'ai bien reçu l'oreiller par contre quand j'ai voulu le renvoyer une fois mon colis réceptionné preuve avec accusé de réception je n'ai jamais reçu mon remboursement malgré mes relances depuis plusieurs mois ... Cette entreprise est basée aux États-Unis.
Trustpilot	6a7c81f40820edeba87160d0	https://fr.trustpilot.com/reviews/6a7c81f40820edeba87160d0	2026-08-12T16:23:48Z	1	Organic	Elaine Erdman		livraison / delais;arnaque / fraude	Ordered pillows nothing came	Ordered pillows nothing came. They won't answer me back , I just want my money back. Don't order nothing will arrive. It's a scam 
Trustpilot	6a7c14cec1df7bac2c96ac5f	https://fr.trustpilot.com/reviews/6a7c14cec1df7bac2c96ac5f	2026-08-12T08:38:06Z	1	BasicLink	Lara Lara		hauteur / epaisseur;douleurs (cou, dos, epaules);temps d adaptation;livraison / delais;faux avis / avis supprimes	Cela fait plusieurs jours (5 jours)que…	Cela fait plusieurs jours (5 jours)que j'utilise le soya 3.0 ,  après les nombreux avis positifs  j'avais décidé d'acheter aussi car problème de cervicale depuis peu  ,  /  / Cependant je ne vois aucune différence pour le moment,  j'ai beaucoup de mal à m'y faire,  la hauteur parrait bas, ce qui est embêtant lorsque je regarde la télé ou que je lit un livre . /  / Peut-être que je doit attendre encore pour m'habituer 
Trustpilot	6a7af5081add315f050aeab6	https://fr.trustpilot.com/reviews/6a7af5081add315f050aeab6	2026-08-11T12:10:16Z	1	Organic	Professeur Haddioui		taille / dimensions / taie;livraison / delais;service client;conformite a l annonce;housse	Avis très négatif	Avis très négatif — Pratiques trompeuses et SAV irrespectueux de la loi. / ​J’ai commandé une parure de lit complète sur le site SOYA PARIS, vendue et facturée comme étant en 100 % Soie Naturelle. À la réception de ma commande (n° 373325), quelle ne fut pas ma surprise de constater que seuls les taies étaient en soie : le drap-housse et la housse de couette portent des étiquettes indiquant explicitement 100 % POLYESTER ! / ​La gestion du service client est tout simplement scandaleuse : / ​Après avoir reconnu l'erreur, le service client a prétexté une rupture de stock subite pour refuser le remplacement des articles. / ​Ils refusent catégoriquement de prendre en charge les frais de retour (en violation directe de l'article L217-11 du Code de la consommation sur la garantie légale de conformité). / ​Pire encore, le SAV m'a répondu par écrit que les descriptions présentées sur leur site internet étaient « fournies à titre informatif uniquement » et n'engageaient pas leur responsabilité ! / ​Vendre des produits synthétiques en les étiquetant comme de la soie haut de gamme sur internet relève de la pratique commerciale trompeuse. / ​Vérifiez impérativement les étiquettes de composition dès la réception de vos colis ! Un dossier complet a été transmis à la DGCCRF via la plateforme gouvernementale SignalConso.
Trustpilot	6a7ae212c09435ba145625a7	https://fr.trustpilot.com/reviews/6a7ae212c09435ba145625a7	2026-08-11T10:49:22Z	1	Organic	Kinga		livraison / delais;recommande	This is my worst experience I ever have…	This is my worst experience I ever have by doing shopping online. Already 20 email exchange with AI, repeating again that I want to send the products back.  / All that mess due to delay of the delivery. Despite my several messages explaining that if the shipping will be delay, I will not be able to keep the package. While I send message to cancel the shipping, I receive expalnation that it’s in transit and will be arrive soon- soon for them was 9 days. / I strongly recommande NOT TO BUY at Soya Paris
Trustpilot	6a799790617edc56a913c981	https://fr.trustpilot.com/reviews/6a799790617edc56a913c981	2026-08-10T11:19:12Z	1	Organic	Suzanne BERLIOZ PILOT		retour / remboursement;recommande	Problème de retour et remboursement	L’oreiller ne me convient pas je l’ai donc renvoyé comme proposé sur le site. / Renvoie à mes frais en recommandé. / Le 24 juillet déposée chez le fournisseur le 28. / Le 10 août le fournisseur continue à me demander une preuve d’envoi car elle envoyée est illisible. / Ce produit peut convenir, mais les conditions de remboursement ne sont pas celles promises sur le site attention…
Trustpilot	6a797be788e0a4f2d4dfd81a	https://fr.trustpilot.com/reviews/6a797be788e0a4f2d4dfd81a	2026-08-10T09:21:11Z	1	Organic	KARINE BERNOS		temps d adaptation;livraison / delais;retour / remboursement	En attente remboursement depuis 6 mois	Le 26 février, j'ai renvoyé mes 2 oreillers et demandé le remboursement car nous n'avons pas réussi à nous adapter au bout d'1 mois. Après de nombreux échanges ,aucun remboursement et plus aucunes nouvelles depuis le 2 mai. 
Trustpilot	6a770449b78c44874fef2bdf	https://fr.trustpilot.com/reviews/6a770449b78c44874fef2bdf	2026-08-08T12:26:17Z	1	Organic	yvesb		livraison / delais;retour / remboursement;service client;arnaque / fraude	vol partiel caractérisé 	Une commande très facile. / Une remise incroyable : le tiers du montant total à payer ! Donc, notre premier réflexe est de taper ''commander''. / Le paiement est très, trop, rapide. / Le numéro d'envoi de la poste est immédiatement disponible, alors c'est parfait..  / Et les jours passent... / Apres 5 jours, on demande à l'expéditeur ce qu'il se passe... / La réponse est minimale : ''c'est le transporteur qui subit des soucis...'' / Évidemment. / Ma commande a mis DEUX semaines pour me parvenir. / Et bien sûr, mauvaise surprise : deux oreillers commandés, UN seul livré. / Je ne vais même pas essayer de me faire rembourser car le retour sera à ma charge, le (seul)  produit ne sera plus en ma possession et je ne se serais JAMAIS remboursé. / Ces gens sont des arnaqueurs ! / Fuyez !
Trustpilot	6a758e1d95b9236ba5f039b4	https://fr.trustpilot.com/reviews/6a758e1d95b9236ba5f039b4	2026-08-07T09:49:49Z	1	Organic	Soleil		douleurs (cou, dos, epaules);livraison / delais;service client;prix / valeur;recommande	Commande passée la semaine dernière et…	Commande passée la semaine dernière et à ce jour toujours pas d’envois. J’ai envoyé 36 mails et personne ne me réponds.. je vais pas tarder à engager des poursuites, j’aurais dû être plus vigilante. /  / Update: enfin reçu et aussi tôt essayer pendant deux jours et j’ai un mal atroce au niveau des cervicales ainsi qu’une migraine atroce donc j’ai donc dépenser 50€ dans le vent.. je ne recommande absolument pas!! 
Trustpilot	6a7452286060b7efe033061c	https://fr.trustpilot.com/reviews/6a7452286060b7efe033061c	2026-08-06T11:21:44Z	1	Organic	Client		chaleur / fraicheur;livraison / delais;prix / valeur	Frais de paiement hors zone euro	Commande passée le 26/07, expédiée le 31/07, 5j pour préparer le colis c'est déja un long. 2e mauvaise surprise : prélèvement de 2.29€ pour frais de paiement hors zone euro ! Soya se garde bien de vous prévenir....J'attends toujours ma commande qui est prévue pour le 11/08. Ca commence pas super !
Trustpilot	6a73a0ef75afc3b45697bbd5	https://fr.trustpilot.com/reviews/6a73a0ef75afc3b45697bbd5	2026-08-05T22:45:35Z	1	Organic	Laurent		non recu / commande incomplete;retour / remboursement	Suite à  l achat de 2 oreillers qui ne…	Suite à  l achat de 2 oreillers qui ne nous convenaient pas. / Nous les avons retourné  pour un remboursement comme cela était mentionné. Le retour a été accepté par la Société SOYA. / Ils nous promettent le remboursement par écrit mais toujours rien depuis Avril. 
Trustpilot	6a723bbf2d6ea1d6797593dc	https://fr.trustpilot.com/reviews/6a723bbf2d6ea1d6797593dc	2026-08-04T21:21:35Z	1	Organic	Hortense Delage		livraison / delais;origine / chine / dropshipping;arnaque / fraude	Oreillers expédiés depuis Aliexpress	Oreillers expédiés depuis Aliexpress. Il s'agit d'une entreprise américaine soumises aux lois américaines (cf. leurs conditions générales de vente). Les oreillers ne sont pas fabriqués en France. C'est du dropshipping. Arrêtez de tous vous faire arnaquer. C'est de la vente d'article d'Aliexpress. Indigne
Trustpilot	6a71b8e44496acd197d6191a	https://fr.trustpilot.com/reviews/6a71b8e44496acd197d6191a	2026-08-04T12:03:16Z	1	Organic	Allan Rochette		odeur;livraison / delais;retour / remboursement;service client;conformite a l annonce;housse;suivi de colis	Deux coussins non conformes	Deux coussins non conformes, un remplacement annoncé mais jamais expédié /  / Commande de deux coussins reçus dans un état inacceptable : housses dégageant une forte odeur d'humidité, et surtout fissures profondes traversant les deux mousses de part en part, constatées dès le retrait des housses, avant toute utilisation. Produits inutilisables à l'état neuf. /  / Signalement le 18 mai, photographies à l'appui. Réponse le jour même : remplacement accepté. Une étiquette Colissimo est créée le 23 mai. /  / Relance le 19 juin. Réponse le 20 juin : l'expédition « a bien été effectuée », le colis est « en route », le suivi sera mis à jour dans la semaine. /  / Nous sommes le 28 juillet. Le suivi La Poste n'a pas bougé depuis le 23 mai : « colis en cours de préparation chez votre expéditeur ». L'étiquette avait été générée, mais le colis n'a jamais été remis au transporteur. /  / Soixante-et-onze jours après ma réclamation : ni coussins, ni remboursement. Le service client répond, ce qui est à son crédit, mais ce qu'il annonce ne se produit pas. Une mise en demeure a été adressée par courriel, pas de retours à ce jour.   /  / À éviter si vous comptez sur le service après-vente.
Trustpilot	6a708f222b9cc55c493734f1	https://fr.trustpilot.com/reviews/6a708f222b9cc55c493734f1	2026-08-03T14:52:50Z	1	Organic	Marc T		livraison / delais;retour / remboursement;prix / valeur;origine / chine / dropshipping;conformite a l annonce;arnaque / fraude	Une arnaque totale 	Une arnaque totale !  / 128 euros dépensés. les produits ne nous conviennent pas, nous les retournons 3 jours après et 3 mois plus tard aucun remboursement malgré l'accusé réception des produits. Des messages mensongers toutes les semaines pour faire croire que le remboursement va arriver et rien ... FUYEZ ! en plus, sur n'importe quel site internet type amazon vous trouverez le même type de produits 2 fois moins cher.
Trustpilot	6a7088f3d70140e3f2cc269b	https://fr.trustpilot.com/reviews/6a7088f3d70140e3f2cc269b	2026-08-03T14:26:27Z	1	Organic	Nico		livraison / delais;non recu / commande incomplete;retour / remboursement;service client;arnaque / fraude	Expérience lunaire 	"Expérience lunaire !  / Le site met bien en avant les 30 nuits d'essai, mais si jamais vous souhaitez le retourner car il ne convient pas, le parcours du combattant commence ! J'ai épluché le site et toutes les conditions générales ainsi que celles liées au retour, et tout est compliqué et/ou non dit. Il faut commencer par envoyer un mail pour savoir si on peut être ""éligible"" au retour. Après avoir envoyé les informations demandées, photos de l'oreiller, numéro de commande... on reçoit un mail qui nous dit que c'est bon, mais en revanche, on doit payer les frais de retour !! Cela n'étant indiqué nulle part ni précisé au moment de l'achat, c'est illégal ! Quand je leur demande de les prendre en charge, on me répond que ce n'est pas dans leur process interne et qu'ils ne pourront pas les rembourser. Même quand on leur pointe leur manquement à la loi, ils persistent avec une explication encore plus douteuse ! Bref, pas le choix pour le renvoyer que payer, mais j'insiste et je leur envoie la facture des frais de retour. Après m'avoir confirmé la réception du colis, ils m'informent qu'ils ont des soucis dans leur entrepôt et que le traitement du retour aura du retard, et qu'il faut s'attendre à minimum un mois ! Alors que leur politique de retour/remboursement mentionne un remboursement en quelques jours !  / Pas d'autre choix que d'attendre, mais je ne vais pas m'arrêter là. C'est honteux ! /  / Si j'avais eu la mention ""frais de retour à la charge du client"", je n'aurais jamais commandé ! C'est donc un site aux pratiques plus que douteuses !  /  / A fuir !"
Trustpilot	6a703ea087e7494b4f831f36	https://fr.trustpilot.com/reviews/6a703ea087e7494b4f831f36	2026-08-03T09:09:20Z	1	Organic	Tania Mesthé		non recu / commande incomplete;retour / remboursement	Dommage que je ne puisse laisser 0 en…	Dommage que je ne puisse laisser 0 en étoile.  / « Nous vous confirmons que votre remboursement est désormais lancé. Celui-ci sera effectif d'ici la fin de cette semaine au plus tard. » /  / Une semaine plus tard, évidemment , toujours rien. Ils se foutent royalement de la gueule de leur clients. Au vu des commentaires, cela est fréquent chez eux. 
Trustpilot	6ab210525ecbba09a4233030	https://fr.trustpilot.com/reviews/6ab210525ecbba09a4233030	2026-09-22T07:21:22Z	2	BasicLink	Natacha Biehler		hauteur / epaisseur;livraison / delais;qualite percue	Tout d’abord je passe la commande en…	Tout d’abord je passe la commande en payant un supplément pour avoir le colis  plus rapidement ( 1 a 2 jours ouvrés soit disant … ) la commande est d’arrivée au final 8 jours après.  / Le coussin est loin de ce à quoi je m’attendais . Beaucoup trop bas. ( les 2 côtés ) et une matière désagréable en ce qui me concerne. 
Trustpilot	6ab0f0c96e0c2d9f2efff786	https://fr.trustpilot.com/reviews/6ab0f0c96e0c2d9f2efff786	2026-09-21T10:54:33Z	2	Organic	TOUZE Noelle		douleurs (cou, dos, epaules);temps d adaptation;livraison / delais;retour / remboursement;service client	Je n’ai pas apprécié cet oreiller SOYA	Je n’ai pas apprécié cet oreiller. Pour ma part j’avais toujours aussi mal au cou à mon réveil. Je l’ai donc retourné en fournissant les renseignements demandés accompagnés de photos du colis (intérieur et extérieur). Ils l’ont reçu le 7 septembre et à ce jour je n’ai toujours pas de nouvelles ni de remboursement. Ne rembourseraient-ils pas comme indiqué ? Ils ne répondent pas non plus à mes mails de demande de renseignement pour le remboursement attendu. Comme d’habitude, pour vendre pas de problème mais après un retour de la marchandise c’est beaucoup plus compliqué ! Donc prendre ceci en considération avant d’acheter !!!! 
Trustpilot	6aae6f83a2b4fcbb12ed3f54	https://fr.trustpilot.com/reviews/6aae6f83a2b4fcbb12ed3f54	2026-09-19T13:18:27Z	2	Organic	Audrey		livraison / delais;retour / remboursement;service client	MAJ Colis reçu plus de 3 semaines après paiement	MAJ : Colis reçu aujourd'hui à mon domicile (23/09/26)après de nombreuses réclamations et message auprès du SAV. Colis complet . Oreillers pas encore essayés. /  / Commande effectuée le 31 aout. Soi disant envoyée le 8 septembre avec un numéro colissimo non pris en charge. Une IA répond toujours gentiment mais rien ne se passe. / 3 semaines après toujours aucun colis de reçu!!  / Mail d'annulation et de remboursement fait, avis trust pilot et je vais contacter ma banque. / Et comme par hasard, je ne peux plus mettre un avis sur leur site Facebook. Ils m'ont bloquée.
Trustpilot	6aae29da379ec5dfd89498fc	https://fr.trustpilot.com/reviews/6aae29da379ec5dfd89498fc	2026-09-19T08:21:14Z	2	BasicLink	FANNY		confort (positif);taille / dimensions / taie	Pas convainvu	L oreiller soya 3.0 est top haut pour moi (même le côté bas) j ai le cou en tension toute la nuit surtout quand je suis sur le dos. Allongée sur le côté c est plus agréable. L oreiller est trop petit quand on bouge beaucoup car j’ai souvent la tête en dehors du creux. Le coussin lombaire à placer entre les genoux est une bonne idée mais l élastique qui le tient à la jambe est trop lâche donc pas pratique. 
Trustpilot	6aaaacbeca75656589e51f5b	https://fr.trustpilot.com/reviews/6aaaacbeca75656589e51f5b	2026-09-16T16:50:38Z	2	BasicLink	William		confort (positif);inconfort / mal dormi;hauteur / epaisseur;fermete (dur / mou);douleurs (cou, dos, epaules)	J’ai super mal à la nuque maintenant	J’ai super mal à la nuque maintenant. Pas du tout confortable. Le coussin est trop haut et trop dure. 
Trustpilot	6a9316d0b4286e1bdc00cecc	https://fr.trustpilot.com/reviews/6a9316d0b4286e1bdc00cecc	2026-08-29T19:28:48Z	2	Organic	Marjorie Delattre		taille / dimensions / taie;service client	Rien à redire sur les oreillers	Rien à redire sur les oreillers. Par contre , j'ai commandé 4 taies pour faire un roulement, l'une d'entre elles a perdu sa pression au bout de 15 jours,et le service client me dit: c'est de l'usure !!! Honteux 
Trustpilot	6a904562b41283c1e6e3f2ba	https://fr.trustpilot.com/reviews/6a904562b41283c1e6e3f2ba	2026-08-27T16:10:42Z	2	BasicLink	『 Ce Mile 』		confort (positif);odeur;livraison / delais;retour / remboursement;qualite percue;emballage / compression;housse	J’ai reçu ma commande en retard…	J’ai reçu ma commande en retard cependant j’ai eu un retour rapide sur Instagram suite à mes questionnement. Cela fait que 3 nuits je ne saurais pas dire si l’oreiller me convient. En ce qui concerne la qualité de l’oreiller il a l’air performant et confortable, au déballage une forte odeur dérangeante qui a disparu suite au lavage des housses . Je réévaluerai mon avis dans quelques semaines 
Trustpilot	6a8ef6ee83a5f0acb78565df	https://fr.trustpilot.com/reviews/6a8ef6ee83a5f0acb78565df	2026-08-26T16:23:42Z	2	BasicLink	Carine Dijkhoff		confort (positif);inconfort / mal dormi;temps d adaptation	Je trouve le produit bien adapté pour…	Je trouve le produit bien adapté pour la position dorsale mais pas du tout confortable en ventrale  / Le problème étant que je m’endors sur le ventre  / Depuis deux nuits je dors mal 
Trustpilot	6a7f526aaf0f28a4b4f981e0	https://fr.trustpilot.com/reviews/6a7f526aaf0f28a4b4f981e0	2026-08-14T19:37:46Z	2	Organic	ludovic giroud		livraison / delais;retour / remboursement	j ai essayé 2 oreillers…	j ai essayé 2 oreillers différents...cela n'a m a pas convenu  / j ai renvoyé les 2 oreillers  ils les ont bien reçu et validé le retour mais toujours pas de remboursement...ils veulent la photo du bordereau de retour...qui prend une photo du bordereau alors qu'ils ont bien reçu et contrôlé la marchandise au retour...je n ai pas d explications . / 
Trustpilot	6a72fc8191152b3332e4a668	https://fr.trustpilot.com/reviews/6a72fc8191152b3332e4a668	2026-08-05T11:04:01Z	2	Organic	ALEXANDRE MARIE		confort (positif);livraison / delais;service client	Dommage qu'ils ne respectent pas leur…	Dommage qu'ils ne respectent pas leur délai d'expédition.  / Ils disent sur leur site 1 à 2 jours ouvrés cela fait maintenant 8 jours ouvrés et j'ai seulement le numéro de colis créé et marqué sur le site de la poste que le colis n'est pas encore pris en charge par leur service. / Et je ne vous parle pas de l'expérience avec le SAV pour avoir un geste... / J'espère au moins que l'oreiller sera confortable!
Trustpilot	6a70ae0f265b92cf4d1b203d	https://fr.trustpilot.com/reviews/6a70ae0f265b92cf4d1b203d	2026-08-03T17:04:47Z	2	BasicLink	Storckala Elsassere		livraison / delais	Temps  d’attente de livraison pas…	Temps  d’attente de livraison pas respecté et bien trop long.  / Lors des soldes peut-être prévoir du stock avant de lancer des campagnes pour avoir des acheteurs, ça éviterait d’avoir des ruptures de produits. 
Trustpilot	6a6f0c7c65efff3380a0345f	https://fr.trustpilot.com/reviews/6a6f0c7c65efff3380a0345f	2026-08-02T11:23:08Z	2	Organic	Emeline		confort (positif);taille / dimensions / taie;retour / remboursement;service client;prix / valeur;recommande	mauvais service client	J'ai commandé deux oreillers, avec leurs taies + deux taies offertes. En essayant les taies je m'aperçois qu'elles ne se clipsent pas aux oreillers. Je fais appel au service client qui attend 15 jours avant de m'en renvoyer une seule et un bon d'achat de 14€ dès 50€ d'achat : inadmissible ! Dommage car les oreillers sont confortables mais je ne recommande pas
Trustpilot	6a5b390e9df7f0f333561e37	https://fr.trustpilot.com/reviews/6a5b390e9df7f0f333561e37	2026-07-18T10:27:58Z	2	Organic	Sophie Labrut		douleurs (cou, dos, epaules)	Toujours aussi mal aux cervicales et…	Toujours aussi mal aux cervicales et haut du dos....
Trustpilot	6a5b17dbd3d1dea23f71d36e	https://fr.trustpilot.com/reviews/6a5b17dbd3d1dea23f71d36e	2026-07-18T08:06:19Z	2	Organic	O leviel		confort (positif);taille / dimensions / taie;douleurs (cou, dos, epaules);livraison / delais;origine / chine / dropshipping	Produit chinois avec nom qui évoque le mode in France 	Effectivement c’est efficace pour les douleurs aux épaules. Mais délai de livraison pas tenus, plus d’une semaine de retard. Aucune excuse de soya et l’ajout Paris dans la marque c’est pour faire marque française parce que c’est du produit chinois ! Les taies sont très synthétiques pas agréables pour dormir 
Trustpilot	6a4ca48843c4979e77983fc3	https://fr.trustpilot.com/reviews/6a4ca48843c4979e77983fc3	2026-07-07T09:02:32Z	2	BasicLink	Aurelie Dulompont			Pas satisfait de votre produit je vais…	Pas satisfait de votre produit je vais proceder  a un renvoie de ceux-ci
Trustpilot	6a4a5de48269050c3d3ed3cc	https://fr.trustpilot.com/reviews/6a4a5de48269050c3d3ed3cc	2026-07-05T15:36:36Z	2	Organic	Nadine Duvivier		douleurs (cou, dos, epaules)	L’oreiller correspond bien à la…	L’oreiller correspond bien à la description mais il n’est pas « magique «  pour tout le monde ! Je l’ai testé un mois et demi car j’attendais les « supers résultats décrits dans les publications «  mais malheureusement mes douleurs cervicales ce sont aggravées avec cet oreiller et j’ai repris mon ancien oreiller ! Dommage pour moi 
Trustpilot	6a4613bcd096203fd532ee59	https://fr.trustpilot.com/reviews/6a4613bcd096203fd532ee59	2026-07-02T09:31:08Z	2	BasicLink	Ludivine Murzeau		livraison / delais;non recu / commande incomplete	Livraison pas rapide alors que colis…	Livraison pas rapide alors que colis envoyé depuis un moment et toujours pas reçu 
Trustpilot	6a3e8c120af31edce0288757	https://fr.trustpilot.com/reviews/6a3e8c120af31edce0288757	2026-06-26T16:26:26Z	2	Organic	Scattarelli 		confort (positif);hauteur / epaisseur;odeur;taille / dimensions / taie;non recu / commande incomplete;qualite percue;conformite a l annonce	L odeur des produits	L odeur des produits. La qualité, vendu pour de la soie c est du polyester.  / L oreillet par contre il est conforme, il lui manque 10 cm de longueur et largeur pour être parfait niveau confort. 
Trustpilot	6a3794d25047d157fdd4a433	https://fr.trustpilot.com/reviews/6a3794d25047d157fdd4a433	2026-06-21T09:37:54Z	2	Organic	Silvy Rossel De Caro		fermete (dur / mou);retour / remboursement;service client;qualite percue;conformite a l annonce;arnaque / fraude	Arnaque qualité  / Retour et remboursement impossible 	1/ The quality of support is not as showing. The pillow is hard and not smooth as showned. The shape also is not the same. The publicty is a lie.😖 / 2/ To buy and pay all ok. But if you want to return an item … it is impossible despite their return policy.  / 1/ La qualité de support et la forme ne correspondent pas à la publicité. Le coussin est bien plus dur et ne prend pas la forme d’une pièce de monnaie ☹️. Il y a clairement tromperie sur le produit.  / 2/ Pour acheter et payer, pas de problème. Tout se fait en un clic. Mais si un article doit être retourné, plus personne ne répond malgré leurs conditions de vente et de retour affiché.  
Trustpilot	6a3719d33f308810302a0944	https://fr.trustpilot.com/reviews/6a3719d33f308810302a0944	2026-06-21T00:53:07Z	2	Organic	Amelie		fermete (dur / mou);douleurs (cou, dos, epaules)	Ne tient pas sur la durée 	L’oreiller était super les 2 premiers mois. Progressivement, il devient plus souple et ne soutient plus la nuque par la suite 
Trustpilot	6a18296dc28204d4592ed093	https://fr.trustpilot.com/reviews/6a18296dc28204d4592ed093	2026-05-28T13:39:25Z	2	BasicLink	Lena Salame		hauteur / epaisseur;douleurs (cou, dos, epaules);temps d adaptation;qualite percue;conformite a l annonce;housse;recommande	Pas terrible 	La housse n'est pas tres adaptée. Il faudrait idéalement que la fermeture éclair soit du côté court du coussin et non du côté long. Elle a craqué (au bout) tellement il faut tirer pour y mettre l'oreiller. Et l’oreiller… bof. Ses qualités sont sur-vendues. On ne peut pas être comfortable sur le ventre ni même sur le côté. Selon vos mensurations (cou, epaules) certaines positions sont bien et d’autres moins bien mais la promesse d’être bien dans toutes les positions n’est pas tenue. Pour moi, trop bas si je dors de côté. Trop haut si je dors sur le centre. Ok sur le dos. Donc bof. Je ne conseille pas.  
Trustpilot	6a1002dd40fd9d5aec4988d5	https://fr.trustpilot.com/reviews/6a1002dd40fd9d5aec4988d5	2026-05-22T09:16:58Z	2	Organic	Cosette Mesnage		retour / remboursement	Demande un retour et remboursement le…	"Demande un retour et remboursement le 01/04/2026. On est le 22/05/2026 et ils repoussent toutes les 2 semaines le retour .. A ce jour je ne suis pas remboursé car ils ont ""trop de retour à gérer""... "
Trustpilot	6a0de153c5807bd9f146c797	https://fr.trustpilot.com/reviews/6a0de153c5807bd9f146c797	2026-05-20T18:29:07Z	2	Organic	Maude Bracdelaperriere		hauteur / epaisseur;fermete (dur / mou);douleurs (cou, dos, epaules);livraison / delais;non recu / commande incomplete;prix / valeur;housse	Oreiller très dur	Oreiller très dur, beaucoup trop haut pour dormir sur le dos. 2 housses supplémentaires promises jamais reçues. Bref, le produit n’est pas du tout à la hauteur de mes attentes, et surtout pas de son prix!
Trustpilot	6a06dbad495e228ad82a62fa	https://fr.trustpilot.com/reviews/6a06dbad495e228ad82a62fa	2026-05-15T10:39:09Z	2	Organic	VANESSA NAUD		retour / remboursement;prix / valeur;suivi de colis	Ce qui est écrit nul part c’est que si…	Ce qui est écrit nul part c’est que si l’oreiller ne vous convient pas vous pouvez le retourner, mais à vos frais! Et en courrier suivi obligatoire!( c’est 11,64 euros pour ceux qui se demandent!)
Trustpilot	6a04e0b2ccfe5577701cae91	https://fr.trustpilot.com/reviews/6a04e0b2ccfe5577701cae91	2026-05-13T22:36:02Z	2	Organic	Mickael.L		livraison / delais;retour / remboursement;service client;conformite a l annonce;arnaque / fraude	remboursement après retour des articles beaucoup trop laborieux 	Tous les produits reçus ne correspondent pas à mes attentes. / L'ensemble de ma commande a été renvoyée dans les temps, confirmation  par leur service de la bonne réception de cette dernière. / Après plusieurs relances en 3 mois, aucun remboursement. / Fuyez cette arnaque, il ont récupéré les articles mais aucun remboursement. (Retour à nos frais) /  / Suite de notre expérience : / Depuis cet avis, le remboursement a été réalisé, il est quand même très regrettable de devoir poster ce genre de commentaire pour faire avancer les choses. / Les frais de retour sont cependant à notre charge.
Trustpilot	6a0353ba99a120a79e1eee1f	https://fr.trustpilot.com/reviews/6a0353ba99a120a79e1eee1f	2026-05-12T18:22:18Z	2	Organic	rouxel gwendoline		temps d adaptation;livraison / delais;conformite a l annonce;housse;recommande	Housses non présentes	J’ai reçu ma commandes assez rapidement. Cependant je suis très déçu car lors de la commande sur le site il est précisé que nous aurions 2 housses offertes (achat du pack 2 oreilles) une fois la commande arrivée aucune housse! J’ai fais une réclamation et on m’indique que lors de la commande il n’y a pas de housse… j’ai donc fais une capture de ce qui est mis sur le site! Publicité mensongère pour appâter le client…. / Hyper mécontente car pas simple de trouver une housse adaptée.  / Moi qui voulait le conseiller et ben je fais faire tout le sens inverse! 
Trustpilot	69ff54f0322611c44d260fa5	https://fr.trustpilot.com/reviews/69ff54f0322611c44d260fa5	2026-05-09T17:38:24Z	2	Organic	MME WATRELOT		confort (positif);inconfort / mal dormi;fermete (dur / mou);douleurs (cou, dos, epaules);temps d adaptation;livraison / delais;retour / remboursement	Coussins inconfortables	Bonjour, je mets 2 etoiles, car livraison rapide. / Cependant tres decue par les coussins( siege et dossier...pas confortables, car trop durs, mal adaptés car trop large pour le siege.  / Et je m apercois qu il n y a aucun remboursement possible...pas defectueux...mais je ne m en servirai jamais car pas confortable du tout. Accentue mon mal de dos...37e pour Rien...
Trustpilot	69fdf8a77aa41c76ed26f859	https://fr.trustpilot.com/reviews/69fdf8a77aa41c76ed26f859	2026-05-08T16:52:23Z	2	Organic	Olivier Leviel		service client	8 jours que j’ai commandé 2 oreillers 	8 jours que j’ai commandé 2 oreillers  /  / Pas de nouvelle hormis des relances pour commander autres choses 
Trustpilot	69e877cb337c438a35d24bc6	https://fr.trustpilot.com/reviews/69e877cb337c438a35d24bc6	2026-04-22T09:24:59Z	2	BasicLink	malika dani		hauteur / epaisseur;douleurs (cou, dos, epaules);retour / remboursement;origine / chine / dropshipping;arnaque / fraude	J’ai commandé l’oreiller 3.0	J’ai commandé l’oreiller 3.0, car j’ai vu les commentaires sur les réseaux.  / Il ne me convient pas du tout il est trop bas aucun soutien ni du dos ni cervicales, il a eu l’effet inverse la nuque le fait encore plus mal. J’ai demandé un retour et remboursement et j’ai découvert le site signal arnaque ou de nombreuses personnes attendent toujours le remboursement après l’avoir retourné à leurs frais. Du coup je fait partie également de ces personnes qui ne se feront pas rembourser. Le site n’est pas français faite attention si vous n’êtes pas satisfait aucun remboursement possible 
Trustpilot	69e7f2bde942e85b2c1164d2	https://fr.trustpilot.com/reviews/69e7f2bde942e85b2c1164d2	2026-04-21T23:57:17Z	2	Organic	Stephanie		odeur;livraison / delais;emballage / compression	Odeur insupportable 	Je n’arrive pas à me débarrasser de la très mauvais odeur suite au déballage il y a déjà un mois , même en laissant l’oreiller dehors . C’est insupportable 😣 je ne peux pas dormir dessus.  / C’est une forte odeur de plastique / essence super forte …  / 
Trustpilot	69e756e759fc57f0301f1cd0	https://fr.trustpilot.com/reviews/69e756e759fc57f0301f1cd0	2026-04-21T12:52:23Z	2	Organic	K C		livraison / delais;retour / remboursement;prix / valeur;recommande	Je tiens a vous signaler que les…	Je tiens a vous signaler que les retours ne sont pas gratuits chez soya Paris !! / ( 18 € en moyenne pour 2 cousins soya 3) / Il savent mettre en avant leur site livraison et essai gratuit mais par contre aucune indication sur les frais de retour ! / Pratique commerciale douteuse je ne recommande pas ce vendeur ! /  /  / 
Trustpilot	69e235791928a5e30662454e	https://fr.trustpilot.com/reviews/69e235791928a5e30662454e	2026-04-17T15:28:25Z	2	Organic	quoc phong nguyen		livraison / delais;retour / remboursement;qualite percue	Qualite du produit pas aux attentes	Qualite du produit pas aux attentes / Esperez apres cetait pas coussin de lit  / La qualite ny etais pas et le retour et a votre charge 
Trustpilot	69cf86bcda1cdb46783456be	https://fr.trustpilot.com/reviews/69cf86bcda1cdb46783456be	2026-04-03T11:22:04Z	2	Organic	Elodie D		douleurs (cou, dos, epaules);recommande	Fortement déconseillé pour les cervicales	Je voulais vraiment aimer le soya 3.0, la texture, la forme, etc. Mais après plusieurs mois d’utilisation et la confirmation d’une collègue à qui je l’avais conseillé, il est évident qu’il nous a à toutes les 2 créé de sacrés maux aux cervicales.  /  / Au lieu d’arrêter les RDV chez l’ostéo, j’ai plutôt eu droit à 2 RDV hebdos chez la kiné pendant 2 mois, 1 radio des cervicales et 1 RDV chez l’ostéo qui m’a aidé à comprendre que le problème venait de l’oreiller… /  / Si vous n’avez pas de machine pour l’apnée du sommeil, je conseille de ne surtout pas le prendre 😔
Trustpilot	69caf55f555873f3d2c7d613	https://fr.trustpilot.com/reviews/69caf55f555873f3d2c7d613	2026-03-31T00:12:47Z	2	BasicLink	redouane fellouh		livraison / delais;non recu / commande incomplete;retour / remboursement;suivi de colis	Je n’ai toujours pas reçu ma commande…	Je n’ai toujours pas reçu ma commande après deux semaines, je n’ai pas un suivi d’envoi,  / J’avais pourtant essayé le soya 2 chez un ami que j’avais trouvé exceptionnel, dommage, et je reçois l’opportunité de me faire rembourser avant ma commande le comble 
Trustpilot	69c1454efd6f0a5f741d8214	https://fr.trustpilot.com/reviews/69c1454efd6f0a5f741d8214	2026-03-23T15:51:10Z	2	Organic	Agnès		livraison / delais;retour / remboursement;service client;prix / valeur	Remboursement reçu, mais expérience toujours décevante	Mise à jour au 27/03/2026 : /  / Suite à mon avis, Soya Paris m'a finalement remboursée le montant de ma commande (71,80€).  / Cependant, ce remboursement est intervenu après près d'1 mois et 1/2, plusieurs relances et une mise en demeure restée sans réponse. / Par ailleurs, les frais de retour (17,39€), que j'ai dû payer pour renvoyer le produit, n'ont pas été remboursés malgré ma demande. /  / Je note donc une résolution partielle du problème, mais une expérience client globalement insatisfaisante, avec un service client difficile à joindre. / __________________________________________________________ /  / Très mauvaise expérience avec Soya Paris ! /  / J’ai commandé un oreiller sur leur site pour 71,80 €. Le produit ne me convenant pas, je l’ai retourné en suivant exactement leur procédure et à mes frais (17,39 € de retour). /  / Le service client m’avait indiqué que le remboursement serait effectué sous 2 semaines après réception du colis.  / Le colis a été réceptionné le 12 février 2026, et, aujourd’hui 23 mars 2026, plus d'1 mois après réception du retour, je n’ai toujours reçu aucun remboursement. /  / Malgré plusieurs relances et une mise en demeure envoyée, je n’ai plus aucune réponse du service client. /  / Cette situation est totalement inacceptable. J’ai donc engagé des démarches (signalement auprès des services de protection des consommateurs et contestation du paiement auprès de ma banque). /  / Je déconseille fortement ce site tant que mon remboursement n’aura pas été effectué.
Trustpilot	69ba60f30775526ceb1588e0	https://fr.trustpilot.com/reviews/69ba60f30775526ceb1588e0	2026-03-18T10:23:15Z	2	BasicLink	zoukzouking972		taille / dimensions / taie;livraison / delais;service client;suivi de colis	En attentes 	J’aimerais dire que j’ai eu un bonne expérience mais pour le moment je n’ai encore reçu aucun de mes oreillers  / Deux commandes passées à 8 ou 9 jours d’intervalles et à part la confirmation de commande aucune info  / Par contre une fois que vous envoyez un mail le suivi et les réponses sont assez rapide et c’est appréciable. Cependant il serait intéressant de faire une mise à jour des stocks directement en lien avec les commandes de manière à ne pas pouvoir commander s’il ya rupture parce que dans mon cas  / 1 ère commande rupture de l’oreiller boue qui a ce jour n’est tjs pas arrivé et pour la seconde commande rupture des taies d’oreillers commandé tjs en attente  / Donc je patiente pour d’enfin dormir sur un nuage 😛😛😛 
Trustpilot	69b85e1a4502a5ba58b1208b	https://fr.trustpilot.com/reviews/69b85e1a4502a5ba58b1208b	2026-03-16T21:46:34Z	2	BasicLink	Mélanie Reich		livraison / delais	Commande passée le 4 mars	Commande passée le 4 mars, et toujours pas de colis..  / Délais de traitement long
Trustpilot	69b7f1d51c96f7bab3f626d0	https://fr.trustpilot.com/reviews/69b7f1d51c96f7bab3f626d0	2026-03-16T14:04:37Z	2	Organic	Edwige Dobbelaere		livraison / delais;non recu / commande incomplete;retour / remboursement;service client	Retour colis aucun remboursement 	Cela fait maintenant un mois que j’ai renvoyé l’oreiller en soya, et je n’ai toujours pas reçu de remboursement. De plus, mes emails restent sans réponse. / Je suis extrêmement insatisfaite. 
Trustpilot	69afce2c6fd64741730cba0c	https://fr.trustpilot.com/reviews/69afce2c6fd64741730cba0c	2026-03-10T09:54:20Z	2	BasicLink	Murielle Amon		douleurs (cou, dos, epaules);livraison / delais;non recu / commande incomplete;retour / remboursement;service client;recommande	17 jours d'attente !!!	J'ai reçu ma 1iere commande 4 jours après l'avoir faite. Le Soya 2.0 commençant à me soulager les cervicales j'ai décidé de commander le 3.0 et c'est là que les choses ce sont dégradées. Rien au bout d'une semaine, pas de n° pour vous joindre et je vous avais recommandé à 3 amis qui ce sont retrouvés dans la même situation. Du coup j'ai envoyé un mail demandant où en était ma commande.  Vous avez répondu que vous rencontriez des pbs de stock et que ma commande allait bientôt être préparée. En flânant sur les réseaux je trouvais énormément d'avis négatif (commande jamais reçue, jamais remboursée etc..).J'ai donc renvoyé un 2ieme mail  au bout de 2 semaines  vous demandant soit de me rembourser soit de me donner une date de réception de ma commande. Je ne vous cache pas que j'étais très en colère car j'avais embarqué 3 amis dans cette histoire. Je reçois suite à cela un mail comme quoi ma commande est en train d'être préparée et 5 jours après je reçois enfin ma commande. 17 jours d'attente cependant l'encaissement s'est fait le jour de la commande. Voilà pourquoi je suis insatisfaite, non pas du produit mais de rester à attendre sans moyen de vous joindre à part par mail. La confiance en votre entreprise a été sérieusement entamée et j'hésite à parler de vous autour de moi même si les produits sont efficaces. Je reçois des tonnes de mail pour commander mais vous êtes pas capables de suivre le rythme donc soit vous augmenter vos stocks ,soit vous arrêtez de nous inonder de mails. Voilà tout ceci est du factuel et vous pouvez vérifier. 
Trustpilot	69ae88c15c7dd0bca45e883f	https://fr.trustpilot.com/reviews/69ae88c15c7dd0bca45e883f	2026-03-09T10:45:53Z	2	Organic	Dylan Almeida		livraison / delais;retour / remboursement;origine / chine / dropshipping;conformite a l annonce;arnaque / fraude	FUYEZ	"MAJ: Après plusieurs menaces et quelques avis négatifs sur les réseaux sociaux et ici, j’ai enfin été remboursé. / Je rajoute donc une étoile. /  / Si vous voulez vous faire rembourser, n’hésitez pas à multiplier les mauvais avis, ya que comme ça que vous ferez pression sur eux. /  /  / FUYEZ, FUYEZ, FUYEZ, FUYEZ! /  / J'ai acheté cet oreiller mi janvier, et je l'ai renvoyé fin janvier. On m'as annoncé un remboursement entre 1 et 2 semaines mais rien jusqu'à ce jour. Il me disent la même chose qu'à tout le monde: ""Nous avons du retard car nous avons reçu énormément de colis"". Il me disent que cela va se régler mais ils ne vous rembourseront jamais. /  / Si vous voulez cet oreiller, commandez le sur Amazon, c'est exactement le même et vous n'aurez jamais de problème de remboursement. /  / Je réactualise l'avis : je les ai mis devant le fait accompli en leur disant qu'ils allaient me balader pendant plusieurs semaines et qu'ils allaient jamais me rembourser, et depuis plus de retour de leur part. /  / LEUR GARANTIE SATISFAIT OU REMBOURSÉ EST UNE ARNAQUE!"
Trustpilot	69ad87b2d840906adc7b9fe6	https://fr.trustpilot.com/reviews/69ad87b2d840906adc7b9fe6	2026-03-08T16:29:06Z	2	Organic	Moa LM		non recu / commande incomplete;prix / valeur;conformite a l annonce	Ne tiennent pas leurs promesses 	J ai commandé ces oreillers pour leurs promesses marketing  ( et oui je suis naïve ) je cherchais un moyen d atténuer les ronflements de mon mari ( spoil alerte ca n a rien changé) et pour moi un oreiller qui me cale  correctement ( aucun côté ni le bas qui manque de profondeur ni le haut ne me conviennent)  / La seule utilisation que je leur trouve est de m en servir comme oreiller pour lire l inclinaison est plutôt pas mal … 
Trustpilot	69a1e6c5cd18898a262ba7ce	https://fr.trustpilot.com/reviews/69a1e6c5cd18898a262ba7ce	2026-02-27T20:47:33Z	2	Organic	Luc Lezebot		hauteur / epaisseur;douleurs (cou, dos, epaules)	J ai cet oreiller depuis 15 jours	J ai cet oreiller depuis 15 jours, il est trop haut et me donne des douleurs +++ aux cervicales.... impossible de continuer de dormir avec!
Trustpilot	699ea5fa8667432843250c7f	https://fr.trustpilot.com/reviews/699ea5fa8667432843250c7f	2026-02-25T09:34:18Z	2	Organic	Elodie Courenq		odeur;douleurs (cou, dos, epaules);retour / remboursement;qualite percue;prix / valeur;origine / chine / dropshipping;arnaque / fraude	Oreiller Soya 1.0 a fuir !!! ⚠️	Premièrement, il est fabriqué en Chine et qualité douteuse... mais SURTOUT dès la 1ère nuit, j'ai eu des boutons rouges visibles et qui me grattent tout autour du coup, le haut du dos, à la tête et au dessus de la poitrine (car je dors sur le ventre aussi). / Résultats : inquiète de cette réaction sur ma peau qui doit être dûe au matériaux chimiques de la fabrication chinoise 😵‍💫😤 /  / Je vais tenter de le renvoyer et d'être remboursé même si ça ne m'a pas coûter grand prix vue que c'est pas de la bonne qualité et qu'ils font SEMBLANT en proposant des réductions énormes pour vendre ! / Un conseil : ÉVITER, passez votre chemin, si j'avais sue je me serais mieux renseignée et surtout regarder les avis.
Trustpilot	699c4511a05740ed93c35ba1	https://fr.trustpilot.com/reviews/699c4511a05740ed93c35ba1	2026-02-23T14:16:17Z	2	BasicLink	steph		taille / dimensions / taie;qualite percue	Matière pas top et trop grand	Avec ma femme nous n'aimons pas matière synthétique et aurions souhaités du coton / L'oreiller est trop grand et ne nous convient pas, on ne l’utilise pas
Trustpilot	699561b5611d14cc7279da91	https://fr.trustpilot.com/reviews/699561b5611d14cc7279da91	2026-02-18T08:52:37Z	2	Organic	Camille Benoit		fermete (dur / mou);douleurs (cou, dos, epaules)	Oreiller trop dur pour les cervicales…	J’ai décidé de changer d’oreiller pour un soya car j’en entendais que du bien. Malheureusement depuis que je dors sur cet oreiller, j’ai des grosses douleurs dans les cervicales et le dos. J’ai fini chez un kiné car les douleurs étaient insupportables, j’avais des vertiges dès que je m’allongeais.
Trustpilot	6992f2d27123c729e481846a	https://fr.trustpilot.com/reviews/6992f2d27123c729e481846a	2026-02-16T12:34:58Z	2	BasicLink	Cris Mirville		livraison / delais	Un gros problème de livraison	Un gros problème de livraison, j’ai reçu ma commande deux semaine après / Ayant pris les  frais de livraison en livraison express, 48 72 heures
Trustpilot	698c51d914390473a462c5b7	https://fr.trustpilot.com/reviews/698c51d914390473a462c5b7	2026-02-11T11:54:33Z	2	BasicLink	Ayse		confort (positif);inconfort / mal dormi;douleurs (cou, dos, epaules);livraison / delais	Je n’ai pas du tout aimé le coussin…	Je n’ai pas du tout aimé le coussin 3.0. Depuis que je l’ai acheté, j’ai mal au cou et je n’arrive pas à dormir. J’ai essayé de le mettre dans plusieurs positions, mais je n’ai trouvé aucun confort. Je suis vraiment déçue de l’avoir acheté.
Trustpilot	6987a63c0c343ba95c6e11fb	https://fr.trustpilot.com/reviews/6987a63c0c343ba95c6e11fb	2026-02-07T22:53:16Z	2	Organic	MHS		confort (positif);inconfort / mal dormi;odeur;prix / valeur;housse	Attention ! 	L oreiller dégage une très forte odeur chimique ( caoutchouc ? ) . La housse est d une manière synthétique très inconfortable. Pour le reste, je ne constate ni confort ni inconfort et surtout je vois exactement le même modèle à 15€ sur Ali express. De quoi s interroger …. 
Trustpilot	6969fd8be36661b916c7a231	https://fr.trustpilot.com/reviews/6969fd8be36661b916c7a231	2026-01-16T10:57:47Z	2	Organic	Sandra Martin		hauteur / epaisseur;douleurs (cou, dos, epaules);qualite percue;prix / valeur	Les produits sentent très fort	Les produits sentent très fort, même après aération ils sont désagréables. / La qualité n est pas à la hauteur du prix comparés à Emma par exemple. / Mes cervicales n ont jamais autant souffert...méfiez vous des commentaires sur leur site,  on se demande vraiment comment ils peuvent avoir cette note avec des avis si défavorables ailleurs...
Trustpilot	69566af473075efd7f75142e	https://fr.trustpilot.com/reviews/69566af473075efd7f75142e	2026-01-01T14:39:16Z	2	Organic	Marie Roselyne		livraison / delais;service client;prix / valeur;arnaque / fraude;housse	Attrape-nigaud	 J'ai passé commande pour les fêtes et j'ai voulu profiter de l'offre Duo avec en cadeau 2 housses de rechange. Sauf que les housses ne sont pas livrées et quand je fais la réclamation on me répond d'abord qu'il sont en rupture de stock et on m'offre une remise sur ma prochaine commande, qd je persiste dans ma réclamation on me dit qu'il fallait cocher la case pour accepter le cadeau, sauf que cest l'offre Duo qui permet de recevoir la promo, sinon on passerait commande de 2 oreillers sans avoir à cocher la case  ! Si c'est pas de l'arnaque ça ? 
Trustpilot	6936d01e3c2c1df67168d00c	https://fr.trustpilot.com/reviews/6936d01e3c2c1df67168d00c	2025-12-08T15:18:22Z	2	Organic	Florence Diliakou		livraison / delais;non recu / commande incomplete;retour / remboursement;service client;prix / valeur;conformite a l annonce	Remboursement suite retour 	J’ai renvoyé les oreillers ( 2 ) car ils ne nous conviennent pas .  / Sur le site il est indiqué un remboursement sous 8 jours , cela fait plus de trois semaines et toujours rien.  / J’ai relancé, la réponse apportée est qu’il y a du retard. / Mon colis a bien été réceptionné.  / Publicité mensongère ? / Je ne l’espère pas car c’est 90 euros en attente de remboursement.
Trustpilot	6935c50bc727ca7cd1da30b0	https://fr.trustpilot.com/reviews/6935c50bc727ca7cd1da30b0	2025-12-07T20:18:51Z	2	BasicLink	Celine Tollemer		douleurs (cou, dos, epaules);recommande	Cela fait un mois d'essai avec les 2…	Cela fait un mois d'essai avec les 2 oreillers . Mon mari et moi même ne sommes pas convaincus! Nous avons toujours mal au dos , nous ne voyons pas de changement . Je pense m'être fait avoir ,nous sommes tout les 2 avec nos mals de dos voir plus depuis  / Nous avons été persévérants ! / Dommage  / Je vous souhaite une bonne continuation mais je ne recommande pas . / Bien a  / vous 
Trustpilot	692f9a28d2386f1e652c7865	https://fr.trustpilot.com/reviews/692f9a28d2386f1e652c7865	2025-12-03T04:02:16Z	2	Organic	Coulot Stephanie		livraison / delais;non recu / commande incomplete;qualite percue;origine / chine / dropshipping;conformite a l annonce	Manque articles dans ma commande 	Le colis n’est pas arrivé entier.  / Il me manque plusieurs produits.  / Après plus de deux mois et demi d’attente et de belles promesses.  / Les articles manquants ne sont jamais arrivés.  / De plus, on n’oublie de nous dire que tout ça vient de Chine et va être long à arriver.  / Pour ce qui est de la qualité.  / Impossible pour moi de dormir avec sur le côté.  / Je vous déconseille ce site qui ment en permanence.   
Trustpilot	692aed342a1834665a6ca894	https://fr.trustpilot.com/reviews/692aed342a1834665a6ca894	2025-11-29T14:55:16Z	2	Organic	Marc BAUCHER		livraison / delais;housse	5 Mois pour être livré !	Commandé début Août et ENFIN livré aujourd’hui (29/12). /  / Pas très professionnels, 3 livraisons pour finalement recevoir ma commande. / Aucune compensation pour le retard (1 ou housse aurait été la moindre des chose) par contre, des excuses via email en cascade (ça ne coûte rien). /  / Le produit a l’air intéressant, et conforme à ce que j’avais vu sur différentes pubs. / À voir à l’utilisation. /  / Encore une fois, dommage que les livraisons soient aussi nullissimes.
Trustpilot	69255d9efe1a0a208c51948c	https://fr.trustpilot.com/reviews/69255d9efe1a0a208c51948c	2025-11-25T09:41:18Z	2	Organic	Jeremy H		prix / valeur;origine / chine / dropshipping	DU dropshipping d'oreillers chinois…	DU dropshipping d'oreillers chinois avec un marketing et un site ULTRA PRO et PROPRE /  / Vos oreillers sont partout sur tiktokshop pour 2 fois moins cher /  / Vous avez bien profiter, il est temps d'arrêter de prendre les gens pour des ânes
Trustpilot	692426052e19c4ff0e78fde4	https://fr.trustpilot.com/reviews/692426052e19c4ff0e78fde4	2025-11-24T11:31:49Z	2	Organic	Bruno Salom		retour / remboursement;service client;arnaque / fraude	Pour moi l'oreiller ne me vat pas du tout…	Pour moi l'oreiller ne me vat pas du tout j'ai demander un remboursement de toute ma commande est soit disant il réponde vite ,se n'est pas le cas car il ne me réponde pas donc il ne font pas de remboursement du tout c'est une arnaque une fois acheter vous le garder c'est pas normal car j'ai encore envoyer un message aujourd'hui est je v voir sa fera le 10 faite attention car pour moi il nya pas u de retour même dans la bonne période car je les ai averti 15 jrs après mon achat
Trustpilot	69159f139169470d8b40b633	https://fr.trustpilot.com/reviews/69159f139169470d8b40b633	2025-11-13T11:04:19Z	2	Organic	Alexandra FRUCHART		fermete (dur / mou);taille / dimensions / taie;douleurs (cou, dos, epaules);livraison / delais;retour / remboursement;qualite percue;origine / chine / dropshipping	Je dors plus mal qu'avant...	Je dors plus mal qu'avant... / Mal de dos chronique au réveil,, je décide d'investir dans un oreiller ergonomique SOYA. / Délai de livraison plus long que prévu, soit. Produit reçu Made in China; bof bof (aucune transparence sur le site). Il me paraît vraiment pas mal et de qualité. / Je le teste et pendant les premiers jours j'en suis satisfaite. Mais la courbe de la nuque trop grande pour moi mêlée à la densité de la mousse trop dure, je me réveille le matin plus fatiguée et avec un mal de nuque. En plus je me mets à ronfler avec cet oreiller alors que je ne ronfle pas généralement. Je ne vaisd même pas tenter le remboursement (-de 30 jours) au vue de tous les commentaires négatifs à ce sujet. Bref déçue...
Trustpilot	690ba5327879d219415ca74e	https://fr.trustpilot.com/reviews/690ba5327879d219415ca74e	2025-11-05T21:27:46Z	2	Organic	Amélie Pruvot		confort (positif);douleurs (cou, dos, epaules)	Ces oreillers ne sont pas ergonomiques	Ces oreillers ne sont pas ergonomiques! J’ai plus mal aux cervicales qu’avant de l’avoir acheté… je mets quand même deux étoiles car mon mari a trouvé le truc de le mettre dans l’autre sens pour qu’il soit plus confortable. 
Trustpilot	6903d3e71047537f237083ed	https://fr.trustpilot.com/reviews/6903d3e71047537f237083ed	2025-10-30T23:08:55Z	2	Organic	Mr SANNA ERIC		confort (positif);hauteur / epaisseur;livraison / delais;conformite a l annonce	Deux commandes dont une négative 	"1 er oreiller parfait Je passe une seconde cde pour second oreiller et là la cata : délai important et lors de la livraison grosse déception : 	•	la densité de la mousse est différente, / 	•	le coussin est beaucoup plus plat, / 	•	le confort n’est donc pas du tout le même. Toujours en attente d’une solution qui n’arrive pas malgré des promesses non tenues ! Dommage "
Trustpilot	68fb6869617ecaeb3ab640be	https://fr.trustpilot.com/reviews/68fb6869617ecaeb3ab640be	2025-10-24T13:52:09Z	2	BasicLink	Karine Cantin			Ne me conviens pas vu ma pathologie 	Ne me conviens pas vu ma pathologie  / J’espérais tant pourtant  / Mon mari adoré et passe ses meilleurs nuits 
Trustpilot	68f8aed4c2316b239b9063d5	https://fr.trustpilot.com/reviews/68f8aed4c2316b239b9063d5	2025-10-22T12:15:48Z	2	Organic	Enileda LD		livraison / delais;retour / remboursement;service client;prix / valeur;arnaque / fraude;suivi de colis	À FUIR ! ARNAQUE ! 	J’ai commandé le 2.0 puis le 3.0 est sortis, j’ai décidé, à réception du 2.0, de le renvoyer et là : DE GROS ARNAQUEURS ! Pas d’étiquette retour, des messages à côté de la plaque, des mails de répétition pour faire perdurer le truc pendant 30 jours comme ça impossible de le renvoyer ! Et aucune trace à ma demande de fabrication du produit qui cache sans doute de l’exploitation des fabricants ! Puis le produits serait livré de France, je ne pense pas ! Aucun suivi également ! Le 2.0 ne vaut pas le prix sans remise ! À FUIR !!!
Trustpilot	68f12f027a8214a6cac3ca83	https://fr.trustpilot.com/reviews/68f12f027a8214a6cac3ca83	2025-10-16T19:44:34Z	2	Organic	Sven C.		livraison / delais;retour / remboursement;service client	Horrible expérience de retour	Horrible expérience de retour. J'ai reçu des réponses générées par IA en boucle à tous mes emails. J'ai dû les recontacter sur instagram et réexpliquer mon problème pour finir par avoir un contact avec un humain. A ce moment, j'avais déjà publié une 1ère version très très négative de cet avis sur truspilot. Le service client a effectué le remboursement de l'article qui ne plaisait pas à la place du retour que je demandais. C'est un beau geste commercial. Le même service client m'a ensuite relancé plusieurs fois pour que je change cet avis donc voilà une nouvelle version avec tous les détails. A part ca j'aime bien l'oreiller.
Trustpilot	68e558207b6b35c57521bd3a	https://fr.trustpilot.com/reviews/68e558207b6b35c57521bd3a	2025-10-07T20:12:48Z	2	Organic	Balz		douleurs (cou, dos, epaules);livraison / delais;retour / remboursement;service client	Fausse garantie satisfait ou remboursé	"J'ai commandé un oreiller Soya 2.0 le 20 août 2025. / Je l'ai bien reçu mais il s'est avéré totalement inefficace pour apaiser mes douleurs cervicales. / Aussi, j'ai informé le 6 septembre le service client de mon souhait d'activer la ""garantie satisfait ou remboursé durant 30 jours"". / Ce 07 octobre, toujours aucune procédure de renvoi ne m'a été partagée malgré plusieurs relances. En réponse à mes messages, je n'ai droit qu'à du blabla ayant pour objectif d'épuiser ma patience. / Aussi je vous invite à passer votre chemin et à dépenser votre argent chez des vendeurs plus sérieux et honnêtes."
Trustpilot	68e0f2829f34c3614bfc2859	https://fr.trustpilot.com/reviews/68e0f2829f34c3614bfc2859	2025-10-04T12:10:10Z	2	Organic	Béatrice Meissner		livraison / delais;origine / chine / dropshipping	Très décevant - Produit chinois 	Je confirme que derrière ce nom il y a Aliexpress ! Délai de livraison interminable, s’explique par le fait que le produit vient de Chine (mais bien sûr, il suffit de mettre le mot Paris, dans un titre pour attirer). Pour ma part, j’attends toujours mes articles… Et je regrette déjà.
Trustpilot	68d0134e217c1157acbeebfa	https://fr.trustpilot.com/reviews/68d0134e217c1157acbeebfa	2025-09-21T17:01:34Z	2	BasicLink	klara Meral		livraison / delais;service client;suivi de colis	J’ai commandé 2 oreillers Soya 2.0 le 7…	J’ai commandé 2 oreillers Soya 2.0 le 7 septembre. J’ai reçue un mail de confirmation et puis le 8 j’ai reçue un mail comme quoi mon colis est en transit . La on est le 21 et j’ai pas d’autre nouvelle. Je ne peux même pas voir où en est mon colis sur le suivi car mon colis ne serait peut être pas en France ..
Trustpilot	68c12a72cb99dd4377c80aa8	https://fr.trustpilot.com/reviews/68c12a72cb99dd4377c80aa8	2025-09-10T09:36:18Z	2	Organic	jamimi		livraison / delais;non recu / commande incomplete;arnaque / fraude;housse;suivi de colis	arnaque??	après déclamation  a propos des housses d'oreillers et que SOYA a promis de m'envoyer. je n'ai toujours rien reçu / de plus le lien de suivi ne fonctionne pas / je crois bien que c'est une arnaque
Trustpilot	68bcdf57c925519674939551	https://fr.trustpilot.com/reviews/68bcdf57c925519674939551	2025-09-07T03:26:47Z	2	BasicLink	Consumer		livraison / delais;origine / chine / dropshipping	L’envoie est trop long  et l’article nNulle 	L’attente trop long et je ne savais que ça venait de Chine et de plus l’article est pas bien du tout
Trustpilot	68b7db772c4e783ea85b0ccc	https://fr.trustpilot.com/reviews/68b7db772c4e783ea85b0ccc	2025-09-03T08:08:55Z	2	Organic	Helene H		livraison / delais;retour / remboursement;origine / chine / dropshipping;arnaque / fraude	a fuir	j ai mis 2 etoiles car au moins j ai recu ma commande… par contre j ai eu des frais supplementaires car compte bancaire a l’etranger, et le « truc » que j ai recu n’est autre qu un oreiller comme on vend sur aliexpress ou temu…. il est raide et totalement incomfortable…. je ne demande meme pas le remboursement au vu des avis negatifs vu que je ne l’aurais jamais… concernant le coussin lombaire: totalement inutile….fuyez!
Trustpilot	68a848338d4577569367b040	https://fr.trustpilot.com/reviews/68a848338d4577569367b040	2025-08-22T12:36:35Z	2	BasicLink	Hasna Haik		fermete (dur / mou);douleurs (cou, dos, epaules);livraison / delais;prix / valeur;conformite a l annonce	Livraison rapide et produit conforme à…	Livraison rapide et produit conforme à la photo. Néanmoins l'oreiller est trop dur, trop ferme alors que c'est sensé soulager les cervicales. Certes, la tête est bien calée et sa position est bien meilleure qu'un oreiller classique, mais la dureté du coussin crée des douleurs à la base de la nuque. En cela je suis déçue car au vu du prix de ce produit et des promesses publicitaires, je rêvais d'être enfin soulagée. Or je me réveille avec des migraines depuis que j'ai cet oreiller. 
Trustpilot	687f959f719c421ed854bf88	https://fr.trustpilot.com/reviews/687f959f719c421ed854bf88	2025-07-22T15:43:59Z	2	Organic	marguerite Fleurs		douleurs (cou, dos, epaules);temps d adaptation;livraison / delais;non recu / commande incomplete;retour / remboursement;service client;conformite a l annonce;emballage / compression;suivi de colis;recommande	J’AI ENFIN !!!!!!!! RECU  MON COLIS 📦 !!!!!📦 	BONJOUR À TOUT LES CLIENTS ! /  / Voilà après plusieurs MAILS ÉCHANGÉS AVEC CETTE SOCIÉTÉ SOYA- PARIS COM  / concernant ma commande faite samedi 19 juillet 2025 . / Une commande qui a générée beaucoup de complications quant aux informations du suivi du colis et le manque total de sérieux du transporteur. / Comme par exemple : / Numéro de suivi INTROUVABLE !! / et des jours bloqués comme : / commande prête et en transit !  / Au vu de ma première commande et de mon grand mécontentement,  /  / La SOCIÉTÉ SOYA PARIS.COM  / m’a remboursé la totalité de ma commande ! / et m’a renvoyé de suite un autre colis  / Que J’ai Reçu dans ma boîte aux lettres ce jour , le samedi le samedi 26 juillet 2025. / Cet oreiller est D’apparence Conforme à la Photo de leur site ! / à voir dans le temps après un temps d’adaptation !  / Mais si au bout de 15 jours 3 semaines il me fait mal aux cervicales,  / Ou que cet oreiller s’affaisse. / La ,ce sera direction la poubelle 🚮  /  / j’ai rectifié mon commentaire. / Mais je reste très déçue de la façon dont ça a commencé ! / Pour une première commande chez eux !  /  / Ce n’est pas normal qu’un commerce que ce soit en magasin ou par internet  / Face subir des désagréments aux clients qui eux, n’en sont absolument pour rien ! / Comme moi !  / Le client paye il a le droit de recevoir les informations lié au suivi  / Et son colis dans les délais comme indiqué sur votre site .  /  / Pour terminer, /  / J’ai pris la décision de ne plus JAMAIS recommander sur ce site . / Au besoin , j’irai en magasin. /  /  /  / 
Trustpilot	67ef73ef3ff8907822896db5	https://fr.trustpilot.com/reviews/67ef73ef3ff8907822896db5	2025-04-04T07:53:51Z	2	Organic	Marie B		hauteur / epaisseur;odeur;livraison / delais;non recu / commande incomplete;retour / remboursement;service client;qualite percue;arnaque / fraude	Laborieux !	"Commande effectuée le 24 mars 2025. Lien vers le transporteur qui stagne à l'étape ""commande en cours de préparation par l'expéditeur"". Mail envoyé à Soya le 28 mars 2025 et validation d'expédition de leur part en affirmant qu'ils sont victimes de sites frauduleux qui utilisent leur nom mais que je vais bien recevoir ma commande. Cependant toujours rien au 4 avril sur le site de coli privé... Je demande le remboursement. Enfin livrée le 8 avril et aussi remboursée. C'est pourquoi, je modère mon évaluation précédente. Le SAV a pris en considération mon mécontentement et a agit en conséquences. Mais hélas, les produits ne sont pas à la hauteur des espérances et de la qualité promise ! Odeur désagréable et mémoire de formes toute relative."
Trustpilot	67bae6a86a99a6ce74f9e0d5	https://fr.trustpilot.com/reviews/67bae6a86a99a6ce74f9e0d5	2025-02-23T11:13:12Z	2	Organic	EBREL		livraison / delais;retour / remboursement;service client	Remboursement reçu 	Après deux avis sur mon expérience de non réception des deux oreillers, j’ai été remboursé. / Je suis satisfaite mais il a fallu que j’écrive deux avis sur Trustpilot, car les mails envoyés n’ont pas eu de retour.
Trustpilot	67b2e9aaa044241ae90d7c42	https://fr.trustpilot.com/reviews/67b2e9aaa044241ae90d7c42	2025-02-17T09:47:54Z	2	Organic	isabelle vincetti		livraison / delais;non recu / commande incomplete;retour / remboursement;service client;prix / valeur	Remboursement suite à ouverture de litige sur Paypal	J'ai laissé un premier avis le 20 janvier pour signaler que je n'avais pas reçu ma commande passée le 7décembre 2024. / J'ai ouvert un litige sur Paypal le 9 janvier 2025 en demandant le remboursement de 84.90 €. / Après plusieurs mails échangés avec Paypal : fourniture de preuves d'achats et mails échangés avec Soya, j'ai reçu le 16 février un mail de Paypal m'indiquant que le litige est clos en ma faveur. / Le remboursement va être fait et apparaitra sur mon compte sous 5 jours.
Trustpilot	678fae3b657e471ab2e8718e	https://fr.trustpilot.com/reviews/678fae3b657e471ab2e8718e	2025-01-21T16:24:59Z	2	Organic	Elena Zueva		livraison / delais;non recu / commande incomplete;retour / remboursement;service client;recommande	Pas très satisfaite 	J’ai commandé 4 coussins et reçu un email de confirmation. Une semaine plus tard, aucune trace de ma commande sur mon profil : pas de numéro, pas d’historique, absolument rien. Mon profil est vide, comme si je n’avais jamais rien commandé.   /  / À cela s’ajoute l’absence totale de réponse à mes emails, alors que le paiement a été débité immédiatement. Je suis extrêmement déçue par ce manque de sérieux et de communication. Une expérience frustrante que je ne recommande absolument pas.   /  / Update: après beaucoup d'interactions j'ai reçu mon remboursement cette nuit. Donc je change la note. En tout cas j'ai pas réussi à avoir mes oreillers.
Trustpilot	678fa7023e690adafcdb3b10	https://fr.trustpilot.com/reviews/678fa7023e690adafcdb3b10	2025-01-21T15:54:10Z	2	Organic	T Y		retour / remboursement;service client	ils m’ont remboursé 1 mois après 	extrêmement déçue de ne pas recevoir mes oreillers, je leur ai envoyé beaucoup d’e-mails demandant l’état d’envoie (achat datant de fin 2024) / 1 mois après, ils ont fini par s’excuser pour « un problème d’incident à leur entrepôt » / j’espère que tout le monde a été remboursé comme moi
Trustpilot	6787e7c42e92d06c4fa33da3	https://fr.trustpilot.com/reviews/6787e7c42e92d06c4fa33da3	2025-01-15T18:52:20Z	2	Organic	Emilie DA COSTA		livraison / delais;retour / remboursement;service client;prix / valeur;conformite a l annonce;arnaque / fraude	Livraison en 1 mois alors qu’annoncée 9…	Livraison en 1 mois alors qu’annoncée 9 jours ! Une fois la commande réceptionnée l’article était parfait mais ne me convenait pas! Nous avons 14j pour retourner l’article, j’ai envoyé un mail ou ils m’ont demandé des photos ce qui me paraît normal. Et après silence radio, plusieurs mails envoyés jamais de réponse je ne trouve pas cela correct. Ils ne tiennent pas leurs engagements presque 50€ l’oreiller c’est un budget, c’est surtt mensongé de nous dire que ns pouvons le renvoyer le mien était intact, c’est de l’arnaque!!!!!.SAV …1/20😡
Trustpilot	67843a4b89671713aecff51c	https://fr.trustpilot.com/reviews/67843a4b89671713aecff51c	2025-01-12T23:55:23Z	2	BasicLink	Michael Georges		livraison / delais;retour / remboursement;service client	Délai de livraison non tenu	J’ai commandé un oreiller le 01/01/25 avec un délai prévu max de 6 jours. Aujourd’hui le 12/01/25, je n’ai aucune nouvelle. Le colis était « en transit » depuis le paiement mais non pris en charge par la poste.  / J’ai envoyé un mail pour demander le remboursement pour faute de livraison. / A priori il y aurait eu un incendie dans un entrepôt, ce qui expliquerait les problèmes de disponibilité pour livraison.  / Le remboursement a été effectué aujourd’hui le 11 février. 
Trustpilot	677025c974026a0c44960cde	https://fr.trustpilot.com/reviews/677025c974026a0c44960cde	2024-12-28T18:22:33Z	2	Organic	Stephane Rouviere		livraison / delais;non recu / commande incomplete;service client	Je n’est toujours pas reçu ma commande…	Je n’est toujours pas reçu ma commande le service client ne veut rien entendre #5627
Trustpilot	6766844cea6afd65541af7e6	https://fr.trustpilot.com/reviews/6766844cea6afd65541af7e6	2024-12-21T11:03:08Z	2	Organic	Karine Hada		douleurs (cou, dos, epaules);retour / remboursement;service client;arnaque / fraude	J’ai commandé le 04/11/2024	J’ai commandé le 04/11/2024. À ce jour et après moult mails et échanges qui me disaient qu’ils allaient me rembourser et pour se faire pardonner m’envoyer une autre commande. / Mais rien et là comme j’ai mis des avis pour expliquer et prévenir que c’était une arnaque ils ont enfin accepté de me rembourser. / Je ne saurais jamais s’ils sont efficaces pour les douleurs cervicales et autres du coup. Vraiment très déçue. Mais aujourd’hui j’ai eu mon remboursement au  bout de presque deux mois. Nous sommes le 23 décembre quand même. / 
Trustpilot	6729bf98534663dec23351a3	https://fr.trustpilot.com/reviews/6729bf98534663dec23351a3	2024-11-05T08:47:52Z	2	Organic	Angelique Hardy		taille / dimensions / taie;livraison / delais;origine / chine / dropshipping;conformite a l annonce	Commande en provenance de Chine reçu au…	Commande en provenance de Chine reçu au bout d un mois par contre les taies d oreillers sont en Jersey et non en soie (l’étiquette parle d elle même ) 
Trustpilot	67260bac60003b14b0271a52	https://fr.trustpilot.com/reviews/67260bac60003b14b0271a52	2024-11-02T13:23:24Z	2	Organic	Fabienne Miclo		confort (positif);taille / dimensions / taie;livraison / delais;retour / remboursement;service client;qualite percue;conformite a l annonce	Commande soya 	Commandé un oreiller + taies d’oreiller. / J’ai reçu ma commande après plus de 3  semaines au lieu des 6 jours ouvrés indiqués et aucun retour aux mails envoyés pour avoir des infos sur celle-ci. / Concernant les taies d’oreiller elles sont proposés à la vente comme étant 100% soie naturelle mais en fait la matière est en 100% polyester soit en matière synthétique donc rien à voir bcp moins naturel et confortable, je me retrouve avec des taies que je n’utiliserais pas. / Le coussin lui est confortable et fait le job ce pour quoi il est conçu.
Trustpilot	6ab423fd50082de4049d7fa0	https://fr.trustpilot.com/reviews/6ab423fd50082de4049d7fa0	2026-09-23T21:09:49Z	3	BasicLink	Nathalie		hauteur / epaisseur;fermete (dur / mou);douleurs (cou, dos, epaules);housse	Je ne l’ai pas encore beaucoup utilisé…	Je ne l’ai pas encore beaucoup utilisé mais il me semble trop dur pour moi. Les housses sont synthétiques je préfère le coton. Mais la hauteur est intéressante car j’ai moins mal aux épaules quand je dors sur les côtés. 
Trustpilot	6ab35b78fef268aea45ebb96	https://fr.trustpilot.com/reviews/6ab35b78fef268aea45ebb96	2026-09-23T06:54:17Z	3	BasicLink	JEAN CLAUDE TOURNIAIRE		livraison / delais;qualite percue	Mon expérience est courte	Mon expérience est courte; je n’ai toujours pas été livré ! / Je construit de grands évolutions dans la qualité de mes nuits à venir. Mais je ne vois rien venir ni même une information claire sur l’état d’une quelconque livraison.
Trustpilot	6ab1d9f996db29b43ef7ad05	https://fr.trustpilot.com/reviews/6ab1d9f996db29b43ef7ad05	2026-09-22T03:29:29Z	3	BasicLink	Laura Michel		fermete (dur / mou)	Oreille et trop dur je pensé moins dur…	Oreille et trop dur je pensé moins dur que sa 
Trustpilot	6ab0f5219371244fa1c62f4c	https://fr.trustpilot.com/reviews/6ab0f5219371244fa1c62f4c	2026-09-21T11:13:05Z	3	Organic	cliente		confort (positif);odeur;livraison / delais;emballage / compression	Bien reçu le 21 commandé le 14	Bien reçu le 21 commandé le 14. Colis bien compressé dans boîte aux lettres. Déballé pas odeur puis un peu. Je vais donc le laisser s aérer à l extérieur.. appréciation confort à suivre….
Trustpilot	6aaef0f70b27fb658ecacbf2	https://fr.trustpilot.com/reviews/6aaef0f70b27fb658ecacbf2	2026-09-19T22:30:47Z	3	Organic	Pauline		taille / dimensions / taie;livraison / delais;retour / remboursement;service client;prix / valeur;arnaque / fraude	Bon oreiller mais système retour arnaque! 	L’oreiller est très bon. / Par contre le service client est calamiteux. / Leur système de retour n’existe pas malgré ce qu’ils font croire. J’ai voulu renvoyer l’oreiller de genou (qui glisse et ne tient pas), ils m’ont communiqué une adresse d’un entrepôt à Paris, ils n’ont jamais réceptionné le colis à cet entrepôt, le colis m’est revenu, je n’ai donc jamais été remboursée de cet oreiller de genou (+ une taie) et j’ai payé 12€ de frais de retour pour rien. A mes mails, ils répondent en mentant puis après ne répondent plus rien. 
Trustpilot	6aa95262c837da4a7da2f209	https://fr.trustpilot.com/reviews/6aa95262c837da4a7da2f209	2026-09-15T16:12:50Z	3	BasicLink	Marie Bonafe		confort (positif);livraison / delais;non recu / commande incomplete	La livraison a tardée par manque de…	La livraison a tardée par manque de production suffisante alors que je n'étais pas informée au moment de la commande. Le coussin, que je teste depuis quelques jours, est confortable. 
Trustpilot	6aa691e789358e6af60599d5	https://fr.trustpilot.com/reviews/6aa691e789358e6af60599d5	2026-09-13T14:07:04Z	3	Organic	TTN		odeur;livraison / delais	Bien reçu	Bien reçu, je l'ai testé et cela me semble pas mal. Par contre une odeur forte de produits chimiques provient de la mousse quand on met sa tête . Pas top et j'espère que cela s'estompera sinon je le reverrai. 
Trustpilot	6aa675cded78e7d7ba90874e	https://fr.trustpilot.com/reviews/6aa675cded78e7d7ba90874e	2026-09-13T12:07:09Z	3	BasicLink	Kalvin Tessier			Le coussin est bien	Le coussin est bien, je trouve pas une différence flagrante par rapport à un oreiller classique 
Trustpilot	6aa5274b1dbfed19a4b1aec3	https://fr.trustpilot.com/reviews/6aa5274b1dbfed19a4b1aec3	2026-09-12T12:19:55Z	3	BasicLink	Cristobal Corro		livraison / delais;non recu / commande incomplete	Pas trop de experience car j'ai…	Pas trop de experience car j'ai commandé 30 août environ et toujours pas reçu ma commande...est déjà le 13ñ2 septembre....déçu 
Trustpilot	6aa38b8e621ac45e6aadbb81	https://fr.trustpilot.com/reviews/6aa38b8e621ac45e6aadbb81	2026-09-11T07:03:10Z	3	BasicLink	Thomas Poulet		livraison / delais;conformite a l annonce	Delai de livraison très long par…	Delai de livraison très long par rapport à ce qui était annoncé
Trustpilot	6aa3312639966456cddb37d0	https://fr.trustpilot.com/reviews/6aa3312639966456cddb37d0	2026-09-11T00:37:26Z	3	Organic	Marie-océane Perro		livraison / delais;origine / chine / dropshipping	Pas top  cest un coussin a memoir de…	Pas top  cest un coussin a memoir de forme  avec  des relief . Commender le 18 aout resu le 10 septembre presque 1 mois d'attente   arriver de chine  
Trustpilot	6aa267be114288e6bc6e78f7	https://fr.trustpilot.com/reviews/6aa267be114288e6bc6e78f7	2026-09-10T10:18:06Z	3	BasicLink	Laurent Tricaud		qualite percue	Bonne qualité des oreillers mais petit…	Bonne qualité des oreillers mais petit bémol car il ne m'est pas possible de mettre mes bras autour comme cela semblait possible. C'est en cela que je suis un peu déçu 
Trustpilot	6aa267988b2ba8936a6917f5	https://fr.trustpilot.com/reviews/6aa267988b2ba8936a6917f5	2026-09-10T10:17:28Z	3	BasicLink	Didier GIMEL		livraison / delais;origine / chine / dropshipping	la livraison a été trop longue pour un…	"la livraison a été trop longue pour un produit français....je suis circonspect sur la provenance du produit car il n'y a aucune étiquette de ""made in"" et la livraison de plus de 10 jours fait penser à une chinoiserie."
Trustpilot	6aa06e9acef2a3f2ce6e6cd8	https://fr.trustpilot.com/reviews/6aa06e9acef2a3f2ce6e6cd8	2026-09-08T22:22:50Z	3	Organic	Mme ANNE LISE LEFEBVRE		hauteur / epaisseur;livraison / delais;retour / remboursement;service client;qualite percue;conformite a l annonce	Oreillers 	Oreillers reçu, il y a 5 jours, oreillers de qualité et conforme aux photos, mais malheureusement nous ne supportons pas sa rigidité et sa hauteur. J'ai envoyé un mail au service client j'espère que le retour et le remboursement ne serons pas le parcours du combattant. 
Trustpilot	6a9d27e15c0550d750efda16	https://fr.trustpilot.com/reviews/6a9d27e15c0550d750efda16	2026-09-06T10:44:17Z	3	BasicLink	 Kowalski		hauteur / epaisseur;fermete (dur / mou);douleurs (cou, dos, epaules);temps d adaptation	Bon oreiller mais ne s'adapte pas à tout le monde	Cette forme d'oreiller me convient parfaitement. Malheureusement, mon corps ne l'accepte pas. Je pense que la combinaison avec mon matelas qui est un peu mou fait que le coussin est trop épais. Et comme il reste un peu ferme, il ne compense pas et je me retrouve le matin avec des douleurs intercostales.  /  / C'est dommage car j’avais de très bonnes sensations en dormant sur le côté. Plus mal à l'épaule ou au bras du fait de le mettre sous le coussin.
Trustpilot	6a9ab36270fc06d2da182015	https://fr.trustpilot.com/reviews/6a9ab36270fc06d2da182015	2026-09-04T14:02:42Z	3	Organic	E. Ramillon Da Silva Sécio		confort (positif);inconfort / mal dormi;odeur;livraison / delais;retour / remboursement;qualite percue;origine / chine / dropshipping;housse	Bof bof…	Bof bof… / J’ai commandé le 2.0, il a mis un peu de temps à arriver et j’ai été un peu déçue car c’est rien de plus qu’un bloc de matière type mousse solidifiée. J’ai lavé la housse et je l’ai aéré toute une journée mais l’odeur est restée et ce n’est pas très agréable quand on passe la nuit dessus. Je ne le trouve pas très confortable à l’usage mais je ne vais pas tenter de le renvoyer quand je vois les commentaires d’autres clients. Bon, je voulais essayer cet oreiller, mais je ne suis finalement pas vraiment convaincue…
Trustpilot	6a966c20aff1b53ce70f505d	https://fr.trustpilot.com/reviews/6a966c20aff1b53ce70f505d	2026-09-01T08:09:36Z	3	BasicLink	Shirley Ernst		fermete (dur / mou)	Malheureusement les coussins sont en…	Malheureusement les coussins sont en lus dure qu espérer, j espere qu avec le temps ils peuvent se détendre mais je ne suis pas sur. / Je ne sais pas si il existe deux fermeté différentes. / Shirley 
Trustpilot	6a943a584783a4d5f3bc27c4	https://fr.trustpilot.com/reviews/6a943a584783a4d5f3bc27c4	2026-08-30T16:12:40Z	3	BasicLink	Isabelle LOMBARD		confort (positif);livraison / delais	Livraison du colis jeter par-dessus le…	Livraison du colis jeter par-dessus le portail sans prévenir  / Oreillers  tete agréables / Oreiller genoux beaucoup moins, il gratte
Trustpilot	6a940a8f1f29af902da53096	https://fr.trustpilot.com/reviews/6a940a8f1f29af902da53096	2026-08-30T12:48:47Z	3	BasicLink	POLIN		confort (positif);livraison / delais;retour / remboursement	Une première commande très chaotique	Une première commande très chaotique / Pour la première fois, mon expérience de commande a été très chaotique. La livraison a pris beaucoup plus de temps que prévu et je n’ai reçu mes oreillers qu’hier. / Concernant le confort, il est encore trop tôt pour donner un avis définitif. Comme je les ai reçus très récemment, je n’ai pas encore eu suffisamment de temps pour les tester correctement et me faire une opinion précise. Je pourrai donc partager un retour plus complet après quelques nuits d’utilisation. / 
Trustpilot	6a914d4ba8040e0d42f47774	https://fr.trustpilot.com/reviews/6a914d4ba8040e0d42f47774	2026-08-28T10:56:43Z	3	BasicLink	CLENET SYLVAIN		confort (positif);douleurs (cou, dos, epaules);prix / valeur	Moyen soya 3	super oreiller,depuis que je dors avec moins de douleurs aux cervicales,par contre vu la forme pas évident de bien se mettre dessus quand on dors sur 1 côté. Je pense que d'autres oreillers existent, plus agréable et moins chère, alors faite vos recherches avant d'acheter et lisez les avis mis par les consommateurs..
Trustpilot	6a91339cedbe35c7bfc039b2	https://fr.trustpilot.com/reviews/6a91339cedbe35c7bfc039b2	2026-08-28T09:07:08Z	3	BasicLink	LB		hauteur / epaisseur;temps d adaptation;livraison / delais;qualite percue	Je suis un peu déçu	Je suis un peu déçu, l’expérience n’a pas été à la hauteur de mes attentes, j’ai même fini ma nuit avec mon oreiller habituel (qui est de très bonne qualité). / Je vais néanmoins renouveler l’expérience pour laisser sa chance au produit.
Trustpilot	6a908d481d17de68fb7f594c	https://fr.trustpilot.com/reviews/6a908d481d17de68fb7f594c	2026-08-27T21:17:28Z	3	BasicLink	GAETAN LECOQ			Mitigé 	oreiller très soyeux, doux. Mais la tête glisse sur l’oreiller et le cou n’est pas bien tenu… déception après une première nuit. 
Trustpilot	6a8b3ce3b2868ea84a66eda9	https://fr.trustpilot.com/reviews/6a8b3ce3b2868ea84a66eda9	2026-08-23T20:33:07Z	3	BasicLink	Ik		douleurs (cou, dos, epaules)	En période  d'essai moins de douleur au…	En période  d'essai moins de douleur au niveau du coup je me lève pas avec un maux de tête pour l'instant  satisfaite avoir avec le temp 
Trustpilot	6a7b5db98cadabb5604a02f5	https://fr.trustpilot.com/reviews/6a7b5db98cadabb5604a02f5	2026-08-11T19:36:57Z	3	BasicLink	dominique gallez		douleurs (cou, dos, epaules);livraison / delais	Aux premiers essais semble que le…	Aux premiers essais semble que le produit soit efficace,  moins de raideur au niveau du cou et position vite trouvée  / Délai de livraison un peu long
Trustpilot	6a70caf1deacef970cf5a0e8	https://fr.trustpilot.com/reviews/6a70caf1deacef970cf5a0e8	2026-08-03T19:08:01Z	3	BasicLink	Claire Mas		confort (positif);temps d adaptation;livraison / delais;qualite percue;housse	Dommage que la livraison ait été plus…	Dommage que la livraison ait été plus longue… j’étais partie en vacances et j’ai attendu pour essayer mes coussins. Il faut que je m’adapte au tissu de la housse mais 2 nuits passées et j’ai bien dormi. Espérons que ça continue !
Trustpilot	6a70928adff8f27817599002	https://fr.trustpilot.com/reviews/6a70928adff8f27817599002	2026-08-03T15:07:22Z	3	BasicLink	Anne Marie		hauteur / epaisseur;taille / dimensions / taie;temps d adaptation	J'aime, mais... 	J'aime beaucoup la forme de cet oreiller ainsi que le douceur de la taie. Mais, étant habituée avant a avoir un oreiller de faible hauteur, celui ci est trop haut, même dans sa partie basse. Le même oreiller avec une partie beaucoup plus basse serait un plus à envisager. 
Trustpilot	6a6ddc25ce1aafd875fb7814	https://fr.trustpilot.com/reviews/6a6ddc25ce1aafd875fb7814	2026-08-01T13:44:37Z	3	BasicLink	du Roulier		livraison / delais;origine / chine / dropshipping	Bon produit mais livraison longue de…	Bon produit mais livraison longue de trois semaines et pas d'étiquettes sur la composition et la provenance des matériaux ce qui fait soupçonner des produits chinois.
Trustpilot	6a6c47bee456fb1614099110	https://fr.trustpilot.com/reviews/6a6c47bee456fb1614099110	2026-07-31T08:59:10Z	3	BasicLink	Marie		livraison / delais;conformite a l annonce	Livraison pas rapide mais produit conforme	"La livraison ""rapide"" promise sur le site de vente n'était pas rapide du tout (6 semaines entre paiement et livraison). / Sinon, le produit correspond tout à fait à ce qui est annoncé. / Très bon produit pour ceux et celles qui dorment sur le dos comme moi."
Trustpilot	6a69b5a9315aca5b23d054d3	https://fr.trustpilot.com/reviews/6a69b5a9315aca5b23d054d3	2026-07-29T10:11:21Z	3	Organic	Caroline Leduc			Un oreille bof	Un oreille bof
Trustpilot	6a686db0ea1a3532ceefd5bf	https://fr.trustpilot.com/reviews/6a686db0ea1a3532ceefd5bf	2026-07-28T10:52:00Z	3	BasicLink	Stephanie Page		douleurs (cou, dos, epaules);temps d adaptation;livraison / delais	un temps d'adaptation. 	Pour l'instant il faut un temps d'adaptation car je l'ai reçu , jeudi dernier. / La nuque à besoin  d'un temps pour s'approprier la nouvelle morphologie de l'oreiller.  J'ai tendance en étant sur le dos à être réveiller par un petit ronflement, je pensais que ça s'aténurai en ayant ce nouvel oreiller. / Pour l'instant septique..
Trustpilot	6a6721137932f7bbb72ae390	https://fr.trustpilot.com/reviews/6a6721137932f7bbb72ae390	2026-07-27T11:12:51Z	3	BasicLink	Fabien Huart		confort (positif);douleurs (cou, dos, epaules);temps d adaptation;livraison / delais	Mon épouse est plutôt satisfaite mais moi…	Mon épouse est plutôt satisfaite et trouve un certain confort, mais de mon côté, je n’arrive pas à m’adapter à l’ergonomie de cet oreiller, ce qui occasionne difficultés d’endormissement et réveils nocturnes. En revanche je remarque un gain au niveau du confort cervical…
Trustpilot	6a5ca08a545b8085edb74777	https://fr.trustpilot.com/reviews/6a5ca08a545b8085edb74777	2026-07-19T12:01:46Z	3	BasicLink	Servigne Gisele		livraison / delais	Livraison longue	Livraison longue, nous ne sommes pas averti, il faut écrire des messages et c est ca doit etre des robots car j ai eu 3 fois les mêmes.  Il a fallu que j écrive des commentaires pas tres bien pour que l on prenne contact avec moi . Revoir votre communication pendant le temps de la livraison et retirer l argent de la commande de suite sans avoir le colis pas tres commercial. 
Trustpilot	6a5a1b7797260021fb45b623	https://fr.trustpilot.com/reviews/6a5a1b7797260021fb45b623	2026-07-17T14:09:27Z	3	BasicLink	chantal barus		fermete (dur / mou);temps d adaptation	Produit un peut dur.	Produit un peut dur. / Peut être qu'il faut le temps de s'y habituer 
Trustpilot	6a58553a1ca39bc59aeed8be	https://fr.trustpilot.com/reviews/6a58553a1ca39bc59aeed8be	2026-07-16T05:51:22Z	3	BasicLink	Emilie Charles-Alfred		hauteur / epaisseur;douleurs (cou, dos, epaules);temps d adaptation;livraison / delais;service client	J'ai acheté l'oreiller 2.0	J'ai acheté l'oreiller 2.0, il maintient bien la nuque, en revanche ma tête a tendance à tomber vers le bas car l'arrière de l'oreiller qui soutient le haut de ma tête n'est pas aussi épais que la partie nuque. Je vais voir si je m'habitue avec le temps. Il faut plusieurs nuits pour s'habituer comme pour un nouveau matelas.  / A part ça, la livraison a été un peu retardée mais le sav par mail très réactif. Satisfaite de mon achat dans l'ensemble. 
Trustpilot	6a55245f8cb39231a589fc1d	https://fr.trustpilot.com/reviews/6a55245f8cb39231a589fc1d	2026-07-13T19:46:07Z	3	Organic	robun		livraison / delais;non recu / commande incomplete;retour / remboursement;conformite a l annonce	Oreiller non compatible avec mes apnées…	Oreiller non compatible avec mes apnées du sommeil, il les accentue au contraire en faisant basculer le cou vers l'avant. Malgré un retour produit accepté et deux promesses de remboursement, je n'ai toujours rien reçu depuis plusieurs mois. Je mets donc 1 etoile. Edit 02/08/26 Produit finalement remboursé 
Trustpilot	6a4d5f31f670c6a1aac7cee7	https://fr.trustpilot.com/reviews/6a4d5f31f670c6a1aac7cee7	2026-07-07T22:18:57Z	3	BasicLink	Gaudi		douleurs (cou, dos, epaules)	Douleur dans les genoux avec l’oreiller…	Douleur dans les genoux avec l’oreiller lombaire mais l’oreiller pour la tête est très bien ! 
Trustpilot	6a38810205d022a4d8739cc2	https://fr.trustpilot.com/reviews/6a38810205d022a4d8739cc2	2026-06-22T02:25:38Z	3	BasicLink	Saumon		livraison / delais	Bon produit	Bon produit, par contre la livraison est plus longue que prévu / 
Trustpilot	6a2471e172b695f80658ab76	https://fr.trustpilot.com/reviews/6a2471e172b695f80658ab76	2026-06-06T21:15:45Z	3	Organic	SKL		livraison / delais;retour / remboursement;service client	Remboursement après 3 mois d’attente	Remboursement après 3 mois d’attente. Ceux qui attendent encore leur remboursement veuillez me contacter je vous explique la procédure à suivre 
Trustpilot	6a1ea33ac38afe9cb607b980	https://fr.trustpilot.com/reviews/6a1ea33ac38afe9cb607b980	2026-06-02T11:32:42Z	3	BasicLink	Catia J.		odeur	Odeur “chimique” initial très fort	Odeur “chimique” initial très fort, mais je viens de le recevoir ! Première nuit ça s’est plutôt bien passé , j’attends de voir les prochaines nuits. 
Trustpilot	6a1ba52bb60cb47e3269a8a3	https://fr.trustpilot.com/reviews/6a1ba52bb60cb47e3269a8a3	2026-05-31T05:04:11Z	3	BasicLink	Naj Mohamed			Ça me fais mal impossible d’avoir une…	Ça me fais mal impossible d’avoir une bonne posture . Et l’article est défectueux.
Trustpilot	6a19767901d99e508f542a20	https://fr.trustpilot.com/reviews/6a19767901d99e508f542a20	2026-05-29T13:20:25Z	3	Organic	Rachel Filippi		retour / remboursement;service client;arnaque / fraude	Ils ne remboursent pas les commandes…	Ils ne remboursent pas les commandes renvoyées.  Ils ont toujours une bonne excuse, trop de renvois à traiter, traitement en cours, virement semaine prochaine, virement fin du mois.... bref ça fait 3 mois que j'attends et que j'envoie des mails. Mais je ne me fais pas d'illusion, ce sont des voleurs.
Trustpilot	6a0736cae66164885a98b36d	https://fr.trustpilot.com/reviews/6a0736cae66164885a98b36d	2026-05-15T17:07:54Z	3	BasicLink	Manon Perrier		douleurs (cou, dos, epaules)	Très bien	Très bien, il est vrai que depuis que je l’utilise mes douleurs au cervicales on complètement disparus. J’en suis vraiment contente. 
Trustpilot	6a0705c392865e008be7cd1e	https://fr.trustpilot.com/reviews/6a0705c392865e008be7cd1e	2026-05-15T13:38:43Z	3	BasicLink	FRANCO		livraison / delais;service client	Le coussin repond completement à mes…	Le coussin repond completement à mes exigeances. La livraison a été selon les règles et tout s'est bien passé.
Trustpilot	6a046e778f93744f530345fc	https://fr.trustpilot.com/reviews/6a046e778f93744f530345fc	2026-05-13T14:28:39Z	3	BasicLink	Isabelle Lievin		hauteur / epaisseur;chaleur / fraicheur;temps d adaptation;livraison / delais;qualite percue	Pour ma part je n'arrive pas à…	Pour ma part je n'arrive pas à m'adapter à cet oreiller, la tête part en arrière et la matière me fait l impression d être dans une étuve tellement je transpire, de plus je trouve que la forme n est pas faite pour moi qui dors sur le côté. Mon conjoint lui a mis une serviette pour surélever l oreiller car il trouve que c est trop plat.
Trustpilot	69eb2560fab04c0de963bea6	https://fr.trustpilot.com/reviews/69eb2560fab04c0de963bea6	2026-04-24T10:10:08Z	3	BasicLink	Stéphane Lecomte			Je suis en phase de test depuis 15 jours	Je suis en phase de test depuis 15 jours 
Trustpilot	69e39cc467545c99c2414867	https://fr.trustpilot.com/reviews/69e39cc467545c99c2414867	2026-04-18T17:01:24Z	3	Organic	Nadine Callau		retour / remboursement	Aucun remboursement 	Suite à mon dernier avis, Soya Paris a bien effectué le remboursement.
Trustpilot	69db8708f218206b07fccde7	https://fr.trustpilot.com/reviews/69db8708f218206b07fccde7	2026-04-12T13:50:32Z	3	Organic	Alexandre Fostitschenko		retour / remboursement;service client;suivi de colis;recommande	Service client déplorable !!!	Service client déplorable !!! / J’attend un remboursement depuis le 09/01/2026 pour un coussin soya 3.0 😡 / On me fait tourner en rond depuis 3 mois. Ce n’est pas comme si ils devaient me rembourser une somme énorme 😒 / Je ne recommande pas du tout à cause de leur suivi client 
Trustpilot	69d5554197c208fab5cb643d	https://fr.trustpilot.com/reviews/69d5554197c208fab5cb643d	2026-04-07T21:04:33Z	3	Organic	Chadi		hauteur / epaisseur;fermete (dur / mou);livraison / delais;retour / remboursement;service client;arnaque / fraude	J'ai attendu longtemps mon remboursement	J'ai retourné (à mes frais) l'oreiller que j'avais acheté (trop bas et trop mou) après avoir demandé et reçu un accord de remboursement de la part de Soya. Ils l'ont reçu le 2 mars. Depuis, j'attends mon remboursement... J'envoie régulièrement un mail au service client qui me renvoie systématiquement la même réponse automatique. J'ai très peur de m'être fait arnaquer ! / Mais suite à la publication de cet avis, Soya m’a enfin remboursée ! Il semble donc que cette société soit sensible à la critique et souhaite garder une bonne image. Espérons que, pour cette raison, elle soit plus réactive à l’avenir 😉.
Trustpilot	69d28d0d18a57ef490a84a29	https://fr.trustpilot.com/reviews/69d28d0d18a57ef490a84a29	2026-04-05T18:25:49Z	3	Organic	Cathou		chaleur / fraicheur;livraison / delais;retour / remboursement;prix / valeur;origine / chine / dropshipping;conformite a l annonce;housse;recommande	Achat non recommandé 	Premièrement ce sont des produits chinois, les étiquettes sont chinoises et le délai de livraison est long en conséquence. L'oreiller soi-disant pour les personnes qui ont notamment un appareil contre l'apnée du sommeil n’est pas trop mal la tête est calée, je pense qu’il y a mieux ailleurs et moins cher.  L’enveloppe achetée à l'occasion de l'achat de l'oreiller étant synthétique celane sera pas forcément idéal notamment en été quand il fait chaud. Le pire ce sont les draps housse de couette et drap-housse qui sont notés comme étant de la soie naturelle. En fait c'est du polyester donc c'est tout sauf de la soie ou du coton satiné. J'ai fait un retour qui pour l'instant semble se passer bien mais à mes frais. Je ne peux pas recommander cette marque qui fait beaucoup de publicité mais dont les produits ne me semble pas au niveau attendu.
Trustpilot	69cd9c49c8f127377b291628	https://fr.trustpilot.com/reviews/69cd9c49c8f127377b291628	2026-04-02T00:29:29Z	3	BasicLink	Hanane		livraison / delais	La livraison était longue	La livraison était longue 
Trustpilot	69ca29d081202de360e0c3a8	https://fr.trustpilot.com/reviews/69ca29d081202de360e0c3a8	2026-03-30T09:44:16Z	3	Organic	Emmanuelle MENDIL		taille / dimensions / taie;livraison / delais;non recu / commande incomplete;retour / remboursement;service client;prix / valeur;arnaque / fraude;recommande	Délai de livraison très long	J’ai passé commande le 16 mars 2026 sur soya-paris.com pour un montant de 69,53 € (oreiller ergonomique + taie d’oreiller). / À ce jour, je n’ai reçu aucun produit et, malgré mes messages, je n'ai toujours rien reçu. / Très déçu(e) par cette expérience. En l’absence de solution rapide, j’ai engagé des démarches pour obtenir un remboursement. / Je recommande la plus grande vigilance avant de commander sur ce site qui est signalé sur tous les sites d'arnaques en ligne !! / J'aurai du regarder avant ! / ------------------------------- / Article finalement reçu après plus de 3 semaines et plusieurs mails de menace. / L'oreiller est bien. / Le service client est tellement catastrophique qu'il transforme une expérience qui devrait être positive en suspicion d’arnaque !
Trustpilot	69be80bcf1d983a4125e8d6d	https://fr.trustpilot.com/reviews/69be80bcf1d983a4125e8d6d	2026-03-21T13:27:56Z	3	BasicLink	Frisée jack		douleurs (cou, dos, epaules)	Les 3 premiers jours ont été super et…	Les 3 premiers jours ont été super et pour le moment j’ai de nouveau mal à l épaule 
Trustpilot	69bcd77096f1054d79f501e2	https://fr.trustpilot.com/reviews/69bcd77096f1054d79f501e2	2026-03-20T07:13:20Z	3	BasicLink	hicham larbi		retour / remboursement;qualite percue	Bracelet de qualité pas de soucis de ce…	Bracelet de qualité pas de soucis de ce côté là, par contre j'ai annulé 1 retour qui m'a été prélevée sur mon compte et bien qu'on me dit qu'il a été annulé en attendant j'ai été prélevé et j'attends tjrs le remboursement..... à aujourd'hui j'attends tjrs des nouvelles.... A voir , je reviendrai là-dessus si j'ai ou si j'ai pas mon remboursement.... 
Trustpilot	69bb834f6924286e0e6b23e9	https://fr.trustpilot.com/reviews/69bb834f6924286e0e6b23e9	2026-03-19T07:02:07Z	3	BasicLink	Vera Lazic		douleurs (cou, dos, epaules)	Pas totalement convaincu 	J'aurais penser que le creux accueillant  la nuque était plus creusé 
Trustpilot	69ba7387493629a052aa82dd	https://fr.trustpilot.com/reviews/69ba7387493629a052aa82dd	2026-03-18T11:42:31Z	3	BasicLink	Guillaume Daraspe		livraison / delais;non recu / commande incomplete	Mitigé 	Je devais recevoir ma commande entre le 13 et le 16 mars , je ne l'ai pas encore reçu. / Je ne peux donc pas mettre la note maximale, d'autant qu au moment de la commande , j'avais demandé une livraison plus rapide en payant les frais de port , mais cela n'a rien changé. / Un peu déçu de ce côté là...
Trustpilot	69b3b0bebace9e02b496cc05	https://fr.trustpilot.com/reviews/69b3b0bebace9e02b496cc05	2026-03-13T08:37:51Z	3	BasicLink	Godani		fermete (dur / mou);odeur;taille / dimensions / taie;temps d adaptation;livraison / delais;conformite a l annonce	En attente des bienfaits 	J’ai acheté cet oreiller pour ses promesses. Je l’utilise depuis quelques jours mais je suis un peu déçue par sa fermeté. Je l’imaginais plus accueillant. L’odeur de plastique est très forte pour l’instant bien que je l’ai enveloppé dans une taie coton. Je persévère car il faut sûrement s’habituer.
Trustpilot	69afc0321ba166af63f7562e	https://fr.trustpilot.com/reviews/69afc0321ba166af63f7562e	2026-03-10T08:54:42Z	3	BasicLink	Torchet Catherine		livraison / delais;retour / remboursement;conformite a l annonce;arnaque / fraude	J’avoue avoir eu peur des retours sur…	J’avoue avoir eu peur des retours sur les sites internet qui rapportent les avis essentiellement d’arnaques. Mais j’ai bien reçu ma commande avec retard par rapport à ce qui était annoncé. Je teste les oreillers et je n’hésiterai pas à revenir vers vous…
Trustpilot	69abeb83821a8b93a9ac899c	https://fr.trustpilot.com/reviews/69abeb83821a8b93a9ac899c	2026-03-07T11:10:27Z	3	BasicLink	Saida Grissen		douleurs (cou, dos, epaules)	Trop court pour juger ça fait que quelques jours	J'aimerais vous dire que je vais mieux au niveau de mes cervical, mais malheureusement c'est pas top. J'ai toujours aussi mal. Peut-être que ça va changer. /  .
Trustpilot	69a8998920e4cd976fef714d	https://fr.trustpilot.com/reviews/69a8998920e4cd976fef714d	2026-03-04T22:43:53Z	3	Organic	Client		livraison / delais;retour / remboursement;service client	Alors en ce qui concerne l oreille soya…	Alors en ce qui concerne l oreille soya  au moi de décembre il ne me convenait pas je l ai donc renvoyé pour commander le 3.0 qui me convient  / Mais à ce jour le 4 mars aucun remboursement pour le 1er à chaque mail on me dis veuillez nous excuser du retard mais là sa fais 3 mois !!!c est honteux 
Trustpilot	69a6d4ba2d27a784bbb1fa0c	https://fr.trustpilot.com/reviews/69a6d4ba2d27a784bbb1fa0c	2026-03-03T14:31:54Z	3	BasicLink	Amandine Curione		hauteur / epaisseur;non recu / commande incomplete	Coussin soya 2.0	Plutôt satisfaite mais manque d’épaisseur  / Je regrette de ne pas avoir acheté le tout dernier  / Après je trouve que je dors un peu mieux 
Trustpilot	69a45610127f3e85852b03ef	https://fr.trustpilot.com/reviews/69a45610127f3e85852b03ef	2026-03-01T17:06:56Z	3	BasicLink	Antoine Maloisel		chaleur / fraicheur;douleurs (cou, dos, epaules);livraison / delais;qualite percue;conformite a l annonce	Concluant	Oreiller de bonne qualité mais je ne retrouve pas le bien fait comme dans les vidéos suite à mes problèmes de dos et d'apnée du sommeil. Seul bémol, j'ai payé les frais pour être livrer plus rapidement sous 2jours malheureusement cela n'a pas tenu la promesse livraison au bout d'une semaine. 
Trustpilot	699d48235590481c8af17c64	https://fr.trustpilot.com/reviews/699d48235590481c8af17c64	2026-02-24T08:41:39Z	3	BasicLink	Sofia 			Ça fait 5 jours que j’essaie l’oreiller…	Ça fait 5 jours que j’essaie l’oreiller et pour l’instant pas d’amélioration pour moi 
Trustpilot	699c0bbc86badc8ef85d8ba6	https://fr.trustpilot.com/reviews/699c0bbc86badc8ef85d8ba6	2026-02-23T10:11:40Z	3	Organic	Catherine		confort (positif);hauteur / epaisseur;douleurs (cou, dos, epaules);temps d adaptation	Soya 3.0	J'ai l'ai depuis presque 3 semaines, ils disent qu'il y a deux hauteurs ce qui permet de s'adapter au morphologie. La hauteur la plus basse est pas du tout ergonomique ( maux tête et NCB +++ je l'ai apporté à ma kiné qui m'a déconseillé ce côté) J'ai donc essayé de m'adapter au plus haut côté mais les douleurs se sont amplifier. C'est vraiment dommage pcq il semble confortable, cela se joue à quelques cm.
Trustpilot	69995ed52a7d3d2cef520577	https://fr.trustpilot.com/reviews/69995ed52a7d3d2cef520577	2026-02-21T09:29:25Z	3	BasicLink	Mathilde HOUSE		douleurs (cou, dos, epaules);retour / remboursement	Avis mitigé…	Avis mitigé pour cet oreiller qui offre quand même de belles choses : / - mon mari fait de meilleures nuits (bien plus qualitatives) mais attention il a détesté sa première nuit avec 😅 / - je ne ronfle plus avec /  / Point négatif :  / - pour ma part, les douleurs ont tout de suite disparues avant de réapparaître de façon chronique… j’ai dû renvoyer mon oreiller (j’attends de voir à quel point la garantie fonctionne)
Trustpilot	6995b255ace79f3aa7cf1a5f	https://fr.trustpilot.com/reviews/6995b255ace79f3aa7cf1a5f	2026-02-18T14:36:37Z	3	Organic	Fav		livraison / delais;non recu / commande incomplete;retour / remboursement;service client;arnaque / fraude	Remboursement jamais reçu 	mise à jour : 26/02/2026 : j'ai enfin reçu le remboursement !!! après leur avoir dit que j'avais mis un très mauvais avis ici. J'augmente donc de 1 à 3 étoiles. /  / J’ai retourné le 7 janvier  l’article neuf dans les temps. Après plusieurs relances ils M’ont confirmé la bonne réception le 24 janvier . Après plusieurs relances je n’ai toujours pas été remboursé et ils ne me répondent plus du tout !  / Arnaque ????
Trustpilot	69958ee1c7f68d73b81afc56	https://fr.trustpilot.com/reviews/69958ee1c7f68d73b81afc56	2026-02-18T12:05:21Z	3	BasicLink	Sandrine Camboulives			C’est un très bon produit mais qui ne me correspond pas 	C’est un très bon produit,maïs qui ne me convient pas malheureusement.  / Après l’avoir essayé,j’ai du aller voir mon kiné le lendemain car j’étais bloqué et c’était pire qu’avant de l’avoir essayé. / Je suis navré,malgré un très bon produit pour d’autres,il ne me correspond pas à moi.
Trustpilot	6992b94e0af6d09415f5c33d	https://fr.trustpilot.com/reviews/6992b94e0af6d09415f5c33d	2026-02-16T08:29:34Z	3	BasicLink	yanis jourde		fermete (dur / mou);douleurs (cou, dos, epaules);temps d adaptation	L’oreiller est malheureusement pas…	L’oreiller est malheureusement pas adapté pour moi, j’ai trop mal aux cervicales et un peu trop dur pour moi.
Trustpilot	698ebfa538e4b2a9b87a92ac	https://fr.trustpilot.com/reviews/698ebfa538e4b2a9b87a92ac	2026-02-13T08:07:33Z	3	BasicLink	Jerome Kunzi		confort (positif)	Très agréable 	Très agréable  / Nouvelle sensation de sommeil / Ayant le nez un peu bouché je dois attendre pour les effets sur mes ronflements / 
Trustpilot	6989529f96e58cd468db42e7	https://fr.trustpilot.com/reviews/6989529f96e58cd468db42e7	2026-02-09T05:21:03Z	3	BasicLink	B Hananne		confort (positif);fermete (dur / mou)	Le coussin est joli	Le coussin est joli, facile à nettoyer, j'aime le fait qu'on puisse choisir la couleur. Mais pour moi il est trop rigide, pas assez moelleux.
Trustpilot	698511bebcc70c984d6e04a5	https://fr.trustpilot.com/reviews/698511bebcc70c984d6e04a5	2026-02-05T23:55:10Z	3	BasicLink	Laetitia		fermete (dur / mou)	Bon coussin la mousse mémoire de forme…	Bon coussin la mousse mémoire de forme est tout de même assez molle en fin de nuit, elle se tasse. J’aurai aimé une mousse avec plusieurs densité plus ferme en dessous (moins déformante) et un accueil souple avec la mousse plus molle. 
Trustpilot	697b160aa257efab2ec45601	https://fr.trustpilot.com/reviews/697b160aa257efab2ec45601	2026-01-29T10:10:50Z	3	BasicLink	Cécilia Mengoli			Top satisfait 	Top, je dois encore tester quelques jours 
Trustpilot	69769ab71f47c02a336ae6ae	https://fr.trustpilot.com/reviews/69769ab71f47c02a336ae6ae	2026-01-26T00:35:35Z	3	BasicLink	Chocopompom		confort (positif);temps d adaptation;livraison / delais;prix / valeur;origine / chine / dropshipping;conformite a l annonce;arnaque / fraude	Bien MAIS...	"Je n'ai rien à redire sur le produit acheté en lui-même (Soya 3.0), le coussin est confortable et je commence à m'y habituer. Le problème réside dans le marketing général et le système de vente. Je m'explique, la marque s'appelle quand même ""Soya Paris"", mais force est de constater que la partie française du produit ne réside QUE dans le nom. Car oui, si vous ne le savez pas, votre produit arrivera de... CHINE ! C'est 100% du drop shipping, c'est pour ça qu'on retrouve de la publicité de cette marque PARTOUT (Facebook, TikTok, recherches internet, etc...). Attention car il y a néanmoins dans tout ce lot de publicités, de fausses annonces avec de faux comptes et de faux sites pour récupérer votre argent. Du scam finalement. Donc méfiez-vous ou commandez directement sur leur site officiel. La deuxième chose qui m'embête un peu concerne le site internet. Il y a un timer pour les promotions, on vous fait croire que c'est la dernière offre et que demain c'est fini... alors que non, l'offre est toujours valable le lendemain avec le même timer jusqu'à minuit. J'ai récupéré une promotion de 50% mais j'ai l'impression qu'elle est disponible toute l'année (à vérifier - j'éditerai mon évaluation). Troisième problème c'est que les produits phares sont parfois sold-out, notamment le Soya 3.0. Donc s'il vous fait de l'œil, sautez directement sur l'occasion ou alors attendez qu'un ""stock"" puisse être réalimenté. Je pense surtout que c'est une manière d'évaluer le nombre de commande qu'ils vont recevoir prochainement et ainsi demander à leur fournisseur d'être vigilant sur les quantités à disposer."
Trustpilot	697081aadbde33d318718640	https://fr.trustpilot.com/reviews/697081aadbde33d318718640	2026-01-21T09:35:06Z	3	Organic	Sidonie Bignaux		confort (positif);inconfort / mal dormi;hauteur / epaisseur;fermete (dur / mou);taille / dimensions / taie;douleurs (cou, dos, epaules);temps d adaptation;retour / remboursement;prix / valeur;emballage / compression	3.0 c’est ok ☑️	J’ai commencé par l’oreiller 2.0, mais il s’est vite avéré qu’il n’était pas adapté pour moi. /  / 🚫 Trop dure, trop haut, pas confortable en dormant sur le ventre, très large donc prend énormément de place. / (Et ⚠️ trop cher = 70€) /  / ‼️ Retour impossible car ils demandent de renvoyer dans l’emballage d’origine… / Sauf que l’emballage d’origine c’est : sous vide et dans un sac en plastique (que l’on a forcément déchiré lors de l’ouverture). /  / Ayant tout de même d’important problèmes de dos et des tensions cervicales, j’ai tenté l’oreiller 3.0. /  / Cette fois-ci je suis un peu plus satisfaite. /  / ✅ Ayant 2 côtés, il s’adapte tout aussi bien aux grandes et aux petites tailles. /  / ✅ Meilleur confort, plus souple, aussi adapté pour mettre dans le dos en lisant, prend autant de place qu’un oreiller classique.
Trustpilot	6969fd70d43abda9ea74d7fa	https://fr.trustpilot.com/reviews/6969fd70d43abda9ea74d7fa	2026-01-16T10:57:20Z	3	BasicLink	BROSSARD		douleurs (cou, dos, epaules);livraison / delais	j'ai reçu les 2 oreillers le…	j'ai reçu les 2 oreillers le 15/01/2026. Je ne peut pas pour l'instant donner plus d’étoile, car nous avons dormi qu'une nuit sur l'oreiller. Pour ma part pas de douleur cervical cette nuit (nuit du 15 au 16 janvier), mais douleur ce matin. 
Trustpilot	69660b598724a716c3c16fb5	https://fr.trustpilot.com/reviews/69660b598724a716c3c16fb5	2026-01-13T11:07:37Z	3	BasicLink	Moron		confort (positif);fermete (dur / mou);temps d adaptation	Pour l’instant l’avis est mitigé auprès de ma famille …	Pour l’instant l’avis est mitigé auprès de ma famille, surtout mon mari et ma fille de 21 ans. / Cela ne fait que quelques nuits que nous testons les coussins et je pense qu’il faille un temps d’adaptation, pour se faire à l’ergonomie du coussin. Je pense que c’est un produit intéressant mais également que le confort dépend de la morphologie :ils peuvent paraître trop ferme ou mal adapté à notre positionnement au début. / À voir sur du plus long terme quand aux bénéfices ressentis par chacun. / Laissons sa chance au produit ! 
Trustpilot	694d52123af1ee361fd79128	https://fr.trustpilot.com/reviews/694d52123af1ee361fd79128	2025-12-25T17:02:42Z	3	BasicLink	Lena		fermete (dur / mou);livraison / delais	Retard sur la livraison (pour une commande express) 	Pour une commande en livraison express, la livraison a duré plus de 14 jours…
Trustpilot	694ac3515b2defe5a605c681	https://fr.trustpilot.com/reviews/694ac3515b2defe5a605c681	2025-12-23T18:29:05Z	3	BasicLink	Steve Van Campenhout			Le produit a l'air pas mal	Le produit a l'air pas mal
Trustpilot	6943a27df8390cf8949a7236	https://fr.trustpilot.com/reviews/6943a27df8390cf8949a7236	2025-12-18T08:43:09Z	3	BasicLink	Yacine delval		douleurs (cou, dos, epaules);temps d adaptation;prix / valeur	Pas mal de code promo de trouvé ce qui…	Pas mal de code promo de trouvé ce qui a baissé littéralement la facture. Mai je trouve que l’élastique du coussin genoux c’est hyper vite détendu. Et le coussin pas trop adapté pour les gens qui dorment sur le côté avec le bas en dessous de l’oreiller. Pour dormir sur le dos par contre c’est parfait 👍 
Trustpilot	69402be33d1aecc404865c8a	https://fr.trustpilot.com/reviews/69402be33d1aecc404865c8a	2025-12-15T17:40:19Z	3	BasicLink	david orellana-villa		confort (positif);suivi de colis;recommande	Suvi de commande 	Surpris de la lenteur de l'envoi de la commande,  le suivi en ligne n'en parlons pas. Dommage, car le produit vaut le coup, oreiller ergonomique,  confortable et d'une douceur. Le petit hic, il glisse et ne reste pas en place,  nous en avons commandé 2, pour mon épouse  et moi-même et je le conseille.
Trustpilot	693fbd78f59acf025de22545	https://fr.trustpilot.com/reviews/693fbd78f59acf025de22545	2025-12-15T09:49:12Z	3	BasicLink	Séverine Lamy		confort (positif);odeur;douleurs (cou, dos, epaules);livraison / delais;emballage / compression;housse	Bien	Oreiller Soya 3 Reçu en 8 jours.  Forte odeur chimique au déballage,laisser reposer et aérer 24h,j’ai lavé la housse puis ça s’est amélioré. / Confortable.Seulement 4 nuits d’utilisation pour l’instant donc pas assez de recul concernant mes douleurs cervicales qui semblent se minorer toutefois.
Trustpilot	693e75fa787b18269695daa0	https://fr.trustpilot.com/reviews/693e75fa787b18269695daa0	2025-12-14T10:31:54Z	3	BasicLink	chris		taille / dimensions / taie;livraison / delais	Beau produit 	La pub est bonne le respect de l'envoi également  / La douceur de la taie est géniale  / Mais je n'arrive pas à me faire a l'oreiller il est un peu trop petit en largeur et est trop volumineux sous la joue je finis toujours sur l'ancien oreiller...
Trustpilot	693d720dadc90ea5691caa64	https://fr.trustpilot.com/reviews/693d720dadc90ea5691caa64	2025-12-13T16:02:53Z	3	BasicLink	Laurence M		livraison / delais	Rien à dire sur l'achat et la…	Rien à dire sur l'achat et la livraison. Sans problème. Il est trop tôt pour se prononcer sur les effets de l'oreiller.
Trustpilot	6939244e24618a35003ec90a	https://fr.trustpilot.com/reviews/6939244e24618a35003ec90a	2025-12-10T09:42:06Z	3	BasicLink	David		livraison / delais;non recu / commande incomplete;retour / remboursement	Oreiller soya et coussin lombaire	Commande passée le 29 novembre, toujours rien reçu. J’ai commandé sur d’autres revendeurs le même jour et j’ai tout reçu en 3-4 jours ouvrés. J’ai demandé une livraison rapide ou un remboursement. On m’envoie un message pour me dire que je vais avoir un remboursement totale sur tirage au sort, un gag. 
Trustpilot	6928003c012b707315e3149f	https://fr.trustpilot.com/reviews/6928003c012b707315e3149f	2025-11-27T09:39:40Z	3	BasicLink	Segor Samuel		confort (positif)	Très bon maintient et très confortable 	Très bon maintient 
Trustpilot	6926a8f3b32a851080ddf8d3	https://fr.trustpilot.com/reviews/6926a8f3b32a851080ddf8d3	2025-11-26T09:14:59Z	3	BasicLink	Alain Gerard Leuba		livraison / delais	Le processus de la commande est bien…	Le processus de la commande est bien fait mais ensuite on ne reçoit plus:de mises à jour. Temps pour expédier tres long
Trustpilot	691d8a364d7c423c58edc446	https://fr.trustpilot.com/reviews/691d8a364d7c423c58edc446	2025-11-19T11:13:26Z	3	BasicLink	émilie Perez			C est Que le début donc pas assez de…	C est Que le début donc pas assez de recul 
Trustpilot	691ae004e6c3798f0d33569b	https://fr.trustpilot.com/reviews/691ae004e6c3798f0d33569b	2025-11-17T10:42:44Z	3	BasicLink	Gabriela  Delgado 		douleurs (cou, dos, epaules)	Je me réveille encore le matin avec des…	Je me réveille encore le matin avec des douleurs dans tout le corps. 😔
Trustpilot	691847a28aee3c068e526912	https://fr.trustpilot.com/reviews/691847a28aee3c068e526912	2025-11-15T11:28:02Z	3	BasicLink	Aurel		fermete (dur / mou);douleurs (cou, dos, epaules);qualite percue	Bonne qualité, mais un peu petit et souple	Bon maintient mais un peu trop souple à mon goût. Peut être la version 3.0 aurait été plus ajustée au niveau cervical 
Trustpilot	6905e3c7aadce7dae478b012	https://fr.trustpilot.com/reviews/6905e3c7aadce7dae478b012	2025-11-01T12:41:11Z	3	Organic	Mel		taille / dimensions / taie;temps d adaptation	J'aime bien mais sans taie	J'aime bien mais difficile de trouver une taie d'oreiller adaptée
Trustpilot	690423cd55eb2eb9c00202b8	https://fr.trustpilot.com/reviews/690423cd55eb2eb9c00202b8	2025-10-31T04:49:49Z	3	BasicLink	Estelle		confort (positif);livraison / delais	Coussin long a réceptionner 	Coussin long a réceptionner  / Mais tellement agréable 
Trustpilot	6903707adda706cb0834fd2f	https://fr.trustpilot.com/reviews/6903707adda706cb0834fd2f	2025-10-30T16:04:42Z	3	BasicLink	devaux		confort (positif);douleurs (cou, dos, epaules);livraison / delais;origine / chine / dropshipping	Bonjour.Je trouve que le produit en lui…	Bonjour.Je trouve que le produit en lui même est assez bien,mais je ne le trouve pas aussi confortable que je le pensais,le soutien de la tete(pour laisser les épaules se détendre n’est pas au point.D’autre part,je pensais que le réduit arriverait vite,venant de Paris,mais j’ai eu LA GROSSE SURPRISE de devoir payer des frais supplémentaires,non indiqués,parce qu’en provenance de?.bref.
Trustpilot	6900873f30a1f9f79577ec45	https://fr.trustpilot.com/reviews/6900873f30a1f9f79577ec45	2025-10-28T11:05:03Z	3	BasicLink	Dollé		confort (positif);fermete (dur / mou);livraison / delais	Livraison un peu longue,pour le confort…	Livraison un peu longue,pour le confort du cousin ,je ne le trouve pas top,peut-être un peu trop mou,la tête ne reste pas dans le creu
Trustpilot	68ff8f14fd2a39d7dd75b290	https://fr.trustpilot.com/reviews/68ff8f14fd2a39d7dd75b290	2025-10-27T17:26:12Z	3	Organic	Client		livraison / delais;service client	Je tenais à rectifier un premier avis…	 / Je tenais à rectifier un premier avis négatif parce que j’ai finalement bien reçu ma commande. Le contact se fait uniquement par mail mais une réponse m’a été faite que j’ai retrouvée dans mes mails i... 
Trustpilot	68fca2c07f869b3d65f25f10	https://fr.trustpilot.com/reviews/68fca2c07f869b3d65f25f10	2025-10-25T12:13:20Z	3	BasicLink	christine oriola		douleurs (cou, dos, epaules);temps d adaptation	J’ai essayé le coussin une nuit pour le…	J’ai essayé le coussin une nuit pour le moment j’avoue m’être levée avec encore des douleurs dans les cervicales mais je vais persister et continuer. C’est peut être juste un temps d’adaptation nécessaire . 
Trustpilot	68fb67bfa0df72ef50328d46	https://fr.trustpilot.com/reviews/68fb67bfa0df72ef50328d46	2025-10-24T13:49:19Z	3	BasicLink	Xavier B		hauteur / epaisseur;fermete (dur / mou);non recu / commande incomplete;recommande	Oreiller pas si fou	Oreiller pas si fou. Ferme comme j'aime, mais il manque d'épaisseur pour être parfait. Pas sûr que je le recommande. Trouver un bon oreiller est compliqué, c'est propre à chacun. Je suis mitigé. 
Trustpilot	68f8b798c76784e7dec78068	https://fr.trustpilot.com/reviews/68f8b798c76784e7dec78068	2025-10-22T12:53:12Z	3	BasicLink	diana		chaleur / fraicheur	bof bof	je sais pas  / j'ai eu chaud / je mis suis pas faite
Trustpilot	68ef30a218598c0a484472ae	https://fr.trustpilot.com/reviews/68ef30a218598c0a484472ae	2025-10-15T07:26:58Z	3	BasicLink	laetitia fernandez		douleurs (cou, dos, epaules);temps d adaptation;livraison / delais	Première nuit  pas mal au cervical…	Première nuit  pas mal au cervical super mais l faut arriver à s’habituer à ce coussin à voir les nuits suivantes …
Trustpilot	68ebd08fdc0d23b4ba0a1076	https://fr.trustpilot.com/reviews/68ebd08fdc0d23b4ba0a1076	2025-10-12T18:00:15Z	3	Organic	BORDEAU ERIKA		service client;prix / valeur	Déçue de recevoir ma commande 2.0 et le…	Déçue de recevoir ma commande 2.0 et le même jour un mail annonçant le lancement des 3.0 au prix des 2.0 et pas convaincu de l'efficacité du 2.0
Trustpilot	68ea944ea83616e0949c73d2	https://fr.trustpilot.com/reviews/68ea944ea83616e0949c73d2	2025-10-11T19:30:54Z	3	BasicLink	Marylin			Très déçu 😞 je pensais vraiment que ça…	Très déçu 😞 je pensais vraiment que ça allait fonctionner vraiment mais j’ai rien perdu je me rappelle plus quand est-ce que j’ai commencé au mois de septembre 2025
Trustpilot	68e135d74a110dfd4d3a9482	https://fr.trustpilot.com/reviews/68e135d74a110dfd4d3a9482	2025-10-04T16:57:28Z	3	Organic	Isabelle Costessèque		livraison / delais;service client	Produit reçu après 3 semaines d'échanges de mails 	J'ai fini par recevoir mon oreiller après avoir insisté auprès de Soya pendant 3 semaines. Donc si vous avez commandé, ne baissez pas les bras et n'hésitez pas à le faire savoir afin d'avoir votre commande. / Quant à l'oreiller ergonomique, je suis encore en train de le tester, une nuit ça va, une autre non.... 
Trustpilot	6ab77331995a8e644124e642	https://fr.trustpilot.com/reviews/6ab77331995a8e644124e642	2026-09-26T09:24:33Z	4	BasicLink	Ennerick Maréchal		livraison / delais	Le Sova 3.0	Le produit me convient mais le délai de livraison n'a pas du tout était respecté 
Trustpilot	6ab6093b03f799ae42d234cd	https://fr.trustpilot.com/reviews/6ab6093b03f799ae42d234cd	2026-09-25T07:40:11Z	4	BasicLink	Coralie MENDES		temps d adaptation	Les coussins soya sont top	Les coussins soya sont top /  / Il faut 2-3 nuits pour s’adapter à leurs formes 
Trustpilot	6ab5fb4c2c3838d6adc022c3	https://fr.trustpilot.com/reviews/6ab5fb4c2c3838d6adc022c3	2026-09-25T06:40:45Z	4	BasicLink	Delphine Vogel		confort (positif)	Moux et confortable prend bien à la…	Moux et confortable prend bien à la forme 
Trustpilot	6ab519396dee70a57a04854d	https://fr.trustpilot.com/reviews/6ab519396dee70a57a04854d	2026-09-24T14:36:09Z	4	BasicLink	Matild Laveunnu		suivi de colis	Le produit est fidèle	Le produit est fidèle,  le suivi de commande correcte
Trustpilot	6ab50131c46183d09147a43f	https://fr.trustpilot.com/reviews/6ab50131c46183d09147a43f	2026-09-24T12:53:37Z	4	BasicLink	HEQUET Maeva		confort (positif);temps d adaptation;livraison / delais;qualite percue	Coussin de qualité malgré encore un…	Coussin de qualité malgré encore un petit temps d’adaptation je pense pour le faire à la forme ( soya 3.0 )  / Petit coussin pour les lombaires très agréable  / Commande reçu au jour de 10 jours 
Trustpilot	6ab4c022b403c516d598c2d9	https://fr.trustpilot.com/reviews/6ab4c022b403c516d598c2d9	2026-09-24T08:16:02Z	4	BasicLink	Zmair		livraison / delais;qualite percue;prix / valeur;suivi de colis;recommande	Belle découverte 	Pour un produit vendu sur internet je m'attendais pas à ce rapport qualité. / Process de commande simple et rapide . / Produit reçu sous 5 jours ouvrés. / Suivi colis proposé et simple. / Je recommande 
Trustpilot	6ab4ba63a4111fb58921e120	https://fr.trustpilot.com/reviews/6ab4ba63a4111fb58921e120	2026-09-24T07:51:31Z	4	BasicLink	Nouvel mathilde		douleurs (cou, dos, epaules);livraison / delais	Bien 😊	Livraison un peu longue. Sinon j'aime beaucoup mon nouveau oreiller soya qui me soulage au niveau des cervicales. 
Trustpilot	6ab4904a24d8e2fa968fab6b	https://fr.trustpilot.com/reviews/6ab4904a24d8e2fa968fab6b	2026-09-24T04:51:54Z	4	BasicLink	Papa Silama Fall		temps d adaptation	J'ai eu un peu de mal la première nuit…	J'ai eu un peu de mal la première nuit à m'y faire mais la ça se passe mieux.  Je la trouve ergonomique 
Trustpilot	6ab48c3a590d5e84c2995fe5	https://fr.trustpilot.com/reviews/6ab48c3a590d5e84c2995fe5	2026-09-24T04:34:35Z	4	BasicLink	Ana Gomes		confort (positif);temps d adaptation	J’aime bien dormir avec	J’aime bien dormir avec, pour l’instant il me fait un temps d’adaptation 
Trustpilot	6ab4259aaca2bc06c762c24e	https://fr.trustpilot.com/reviews/6ab4259aaca2bc06c762c24e	2026-09-23T21:16:42Z	4	BasicLink	Kevin Stauffer			Premier abord	Alors étant donné que le coussin ainsi que la fourre supplémentaire neuve sentent fort le neuf j ai déjà lavé et aéré le tout, reste plus qu’à dormir quelques nuits avec et j aurai un avis complet…. Merci 
Trustpilot	6ab40bf1055219fb5e7b7322	https://fr.trustpilot.com/reviews/6ab40bf1055219fb5e7b7322	2026-09-23T19:27:13Z	4	BasicLink	Anneso MartinBouch		housse;recommande	Excellent produit	Excellent produit, y compris les housses toutes douces. Je recommande vivement 
Trustpilot	6ab3f2df8aa2aabadf793eef	https://fr.trustpilot.com/reviews/6ab3f2df8aa2aabadf793eef	2026-09-23T17:40:15Z	4	BasicLink	Nigel CARTHERY		livraison / delais;non recu / commande incomplete;service client	Toujours pas reçu de commande elle…	Toujours pas reçu de commande elle devrait apparemment être livré ce vendredi... Suite à ma réclamation on m à répondu dessuite et proposer une alternative / Pour le moment service client au top
Trustpilot	6ab383c348bf1b030645c0ef	https://fr.trustpilot.com/reviews/6ab383c348bf1b030645c0ef	2026-09-23T09:46:11Z	4	BasicLink	Oliver Queen		douleurs (cou, dos, epaules)	Je dors beaucoup	Je dors beaucoup, avec moins de douleur au réveil. 
Trustpilot	6ab37ea0af04bb255ba66bb2	https://fr.trustpilot.com/reviews/6ab37ea0af04bb255ba66bb2	2026-09-23T09:24:16Z	4	BasicLink	Elisabeth Heck		taille / dimensions / taie;douleurs (cou, dos, epaules);conformite a l annonce	Je m‘endore mieux avec mon coussin Soya…	Je m‘endore mieux avec mon coussin Soya 3.0 et je sens ma nuque plus légère. Toutefois je constate que la taie est en nylon, et pas comme annoncée en bamboo… ceci me dérange un peu / 
Trustpilot	6ab37d5f6fded4f487f830d6	https://fr.trustpilot.com/reviews/6ab37d5f6fded4f487f830d6	2026-09-23T09:18:55Z	4	BasicLink	Lançon Stéphane		fermete (dur / mou);livraison / delais	Livraison rapide.	Livraison rapide. / Coussin très dur mais correct. 
Trustpilot	6ab3629217fe1696c3f16d4f	https://fr.trustpilot.com/reviews/6ab3629217fe1696c3f16d4f	2026-09-23T07:24:34Z	4	BasicLink	Anael Bernard-chassain			L'oreille est super par contre	L'oreiller est super pour l'endormissement. Mais par contre dans la nuit, je change l'oreille vu que je bouge beaucoup. Il est moins malléable qu'un oreiller standard. / Sinon mes enfants et ma femme l'adorent
Trustpilot	6ab2b055ea5f3976d1241061	https://fr.trustpilot.com/reviews/6ab2b055ea5f3976d1241061	2026-09-22T18:44:05Z	4	BasicLink	Mariama		douleurs (cou, dos, epaules);qualite percue	3.0, coussin de qualité 	4eme nuit avec le coussin 3.0 et je commence à sentir une différence, j'ai moins de douleurs aux cervicales, et surtout je ressens que mon sommeil est meilleur !!!! Je bouge moins la nuit!
Trustpilot	6ab296c0f8ffd0bde5814883	https://fr.trustpilot.com/reviews/6ab296c0f8ffd0bde5814883	2026-09-22T16:54:56Z	4	BasicLink	Léa Bourret		temps d adaptation	Bon oreiller :) 	Bon oreiller :) , il faut le temps de s'habituer mais sinon bon maintien merci 👍
Trustpilot	6ab26eb6bfda347ac4711d5d	https://fr.trustpilot.com/reviews/6ab26eb6bfda347ac4711d5d	2026-09-22T14:04:06Z	4	BasicLink	Frachisse		confort (positif);temps d adaptation	Oreiller très confortable	Oreiller très confortable, prévoir une petite période d'adaptation car la forme n'est pas habituelle 
Trustpilot	6ab232fe8e116c4cee15b8a5	https://fr.trustpilot.com/reviews/6ab232fe8e116c4cee15b8a5	2026-09-22T09:49:18Z	4	BasicLink	Caroline		douleurs (cou, dos, epaules);livraison / delais;prix / valeur	Bonjour à tous	Bonjour à tous. J’ai profité de la promo de la rentrée, j’ai donc pris deux oreillers ( soya 3.0). Je les ai reçu 15 jours après. Je n’ai pas pris de tête d’oreiller de rechange (peut-être un prochain achat). En attendant, j’utilise une tête d’oreiller rectangulaire, cela fonctionne très bien. / Je suis une personne qui bouge énormément pendant les nuits donc ma première nuit avec l’oreiller a été un combat, mais j’avais quand même remarqué moins de douleurs au niveau cervicales. Au fil du temps, j’ai remarqué que ma mâchoire était moins crispé. Mes nuits sont plus douce car je bouge beaucoup moins et je n’ai plus du tout aucune douleur cervicale, ni de bras endoloris. Mes nuits sont plus douces, je me sens plus reposée et tout ça en quelques jours. Je suis très contente de mon achat. (Je dors sur le dos et sur le côté. Et j’apprécie beaucoup le placement pour les mains ou bras )
Trustpilot	6ab21a4a2775291e1abe4ef0	https://fr.trustpilot.com/reviews/6ab21a4a2775291e1abe4ef0	2026-09-22T08:03:54Z	4	BasicLink	Greg		confort (positif);fermete (dur / mou);douleurs (cou, dos, epaules);recommande	L’oreiller est très confortable	L’oreiller est très confortable, légèrement ferme, ce qui me convient parfaitement, cela ne fait que quelques jours que je l’utilise et je me réveille avec moins de douleurs aux cervicales et surtout un sommeil qui est, pour le coup, plus profond et réparateur. Bref je conseille.
Trustpilot	6ab216f702c3c492b16acc1a	https://fr.trustpilot.com/reviews/6ab216f702c3c492b16acc1a	2026-09-22T07:49:43Z	4	BasicLink	Gaelle Dupont		odeur;douleurs (cou, dos, epaules);recommande	Adopté...	Je n'ai mis qu'une nuit avant de l'adopter. / Je me réveille sans douleur aux cervicales le matin. Je recommande  / Juste l'odeur qui me dérange un peu mais ça va s'estomper mon mari ne le sent pas lui. C'est comme pour une literie ça sent le neuf au début.
Trustpilot	6ab200bc422ad00a3c222806	https://fr.trustpilot.com/reviews/6ab200bc422ad00a3c222806	2026-09-22T06:14:52Z	4	BasicLink	LAUGER M.T.		non recu / commande incomplete;retour / remboursement;service client	Les oreillers sont parfaits mais j'en…	Les oreillers sont parfaits mais j'en ai renvoyé un en mai et je n'ai toujours pas été remboursé malgré mes réclamations on me répond que je serais remboursée là première semaine du mois suivant  mais je  n'ai toujours rien  ça c'est du vol 
Trustpilot	6ab1c13198eea9d82a964aff	https://fr.trustpilot.com/reviews/6ab1c13198eea9d82a964aff	2026-09-22T01:43:45Z	4	BasicLink	Audrey Patouraux		confort (positif);douleurs (cou, dos, epaules);livraison / delais;service client	Livraison longue mais SAV et produit au top!	Livraison longue mais service client réactif et rassurant. / Concernant le produit en lui même, le TOP!!! / Oreiller ultra doux et confortable ! Un vrai soulagement pour les cervicales et les épaules ! Un bien meilleur sommeil !
Trustpilot	6ab1a090b9919dc880ae02ef	https://fr.trustpilot.com/reviews/6ab1a090b9919dc880ae02ef	2026-09-21T23:24:32Z	4	Organic	BEN-HADJ NADIA		douleurs (cou, dos, epaules)	J'ai acheté 2 oreillers (SOYA 2)	J'ai acheté 2 oreillers (SOYA 2), 1 pour moi qui ne m'a pas convenu et un pour ma soeur qui est ravie ; dès la première nuit, elle ne s'est pas levée avec les cervicales douloureuses. Après la 2ème nuit, elle est conquise. 
Trustpilot	6ab123aa87e821ffa42646c6	https://fr.trustpilot.com/reviews/6ab123aa87e821ffa42646c6	2026-09-21T14:31:38Z	4	BasicLink	Jacqueline Duclaux		livraison / delais;conformite a l annonce	Le temps de livraison apres la commande…	Le temps de livraison apres la commande a été respecté. Le colis est arrivé en parfait état. Seul petit bémol, l’heure approximative de la livraison ! Ce qui nous oblige à rester sur place en attendant ! Sinon , le produit est conforme à la description. Cordialement. J.D 
Trustpilot	6ab0f7356c9b03a354954d2a	https://fr.trustpilot.com/reviews/6ab0f7356c9b03a354954d2a	2026-09-21T11:21:58Z	4	BasicLink	Eleonore Durpoix		confort (positif);douleurs (cou, dos, epaules);temps d adaptation;qualite percue;prix / valeur;recommande	oreiller Soya 3.0 satisfaisant	"oreiller Soya 3.0 satisfaisant / Même si j'ai l'impression que le site est sans arrêt en promotion pour nous donner la sensation de ""faire une super affaire"", l'oreiller reste dans les prix des concurrents sur d'autres sites. Par contre, il se différencie par sa qualité et son efficacité. Pour en avoir acheté un autre (très bien noté) sur un autre site, celui-ci est beaucoup mieux, il a l'air de meilleure qualité et le côté + haut est un des + élevés du marché, ce qui est bien + agréable quand on a pris la mauvaise habitude de dormir surélevé et qu'on appréhende de dormir ""aussi"" bas. Au bout de quelques jours d'essai, les douleurs au dos se sont fortement atténués. / Je ne peux donc que recommandé ce site."
Trustpilot	6ab0cae4e50f4fca993481a2	https://fr.trustpilot.com/reviews/6ab0cae4e50f4fca993481a2	2026-09-21T08:12:52Z	4	BasicLink	Niko Khmer		douleurs (cou, dos, epaules);temps d adaptation	Maintien cervicales 	Cet oreiller me semble efficace après mes premières semaines d'utilisation,  je n'ai plus trop mal aux cervicales et je commence a m'habituer a sa forme un peu plus élevé que les coussins habituels . A voir dans le temps si cela et vraiment efficace mais pour le moment je suis satisfait. 
Trustpilot	6aaf74261c45d10108840538	https://fr.trustpilot.com/reviews/6aaf74261c45d10108840538	2026-09-20T07:50:31Z	4	BasicLink	Michele D.		qualite percue	Produit de qualité	Produit de qualité 
Trustpilot	6aaf73940be39ef3913a3f27	https://fr.trustpilot.com/reviews/6aaf73940be39ef3913a3f27	2026-09-20T07:48:04Z	4	BasicLink	Thibault Jacquet			Bien bon produit	Bien bon produit 
Trustpilot	6aaf696c5f596068a345125e	https://fr.trustpilot.com/reviews/6aaf696c5f596068a345125e	2026-09-20T07:04:44Z	4	BasicLink	Franck LUDGER		qualite percue	J'ai acheté 2 oreillers 3.0 et je ne le…	J'ai acheté 2 oreillers 3.0 et je ne le regrette pas. / Tres bon produit avec une bonne finition. 
Trustpilot	6aaf5cb42a0304f67f09fa7b	https://fr.trustpilot.com/reviews/6aaf5cb42a0304f67f09fa7b	2026-09-20T06:10:29Z	4	BasicLink	Daphné Ldx		confort (positif);douleurs (cou, dos, epaules);temps d adaptation;livraison / delais;prix / valeur;housse	Bon oreiller cervical	Bon oreiller cervical, l’adaptation fut facile au bout de 2 nuits, j’avais deja essayé pas mal d’oreiller cervical pour finalement ne garder que celui-ci. Mon mari a garder le meme que j’avais achete sur une plateforme connue sous un autre nom. L’avantage est que celui ci a une housse geniale toute douce. Au biveau confort le Soya est tres bien et je peux affirmer que c’est un bon oreiller malgré son prix un peu plus  excessif. Il ne sert a rien de payer les frais de port pour qu’il arrive olus vite car cela ne change rien dans le delais de reception. 
Trustpilot	6aaed82c78182982a56a915b	https://fr.trustpilot.com/reviews/6aaed82c78182982a56a915b	2026-09-19T20:45:00Z	4	BasicLink	Virginie Rougé		livraison / delais;service client	2eme commande	2eme commande: en ce qui concerne le produit rien à redire. / Je ne mets pas 5 etoiles car cette fois ci énorme attente dans la livraison! Une 20 aine de jour. / Le sav a été réactif à mes mails et m a rassuré. Si je n avais pas déjà commandé 1ere fois et recu rapidement ma livraison, je me serai posé la question sur l authenticité du site. Mais tout fini bien 😊
Trustpilot	6aae57fa17c0d22467c82480	https://fr.trustpilot.com/reviews/6aae57fa17c0d22467c82480	2026-09-19T11:38:02Z	4	BasicLink	Florian		confort (positif);douleurs (cou, dos, epaules)	Sur le ventre ce n’est pas évident de…	Sur le ventre ce n’est pas évident de trouver la sensation de confort. Sinon pour le dos et le côté rien à redire on se sent vraiment bien maintenu. 
Trustpilot	6aae531d3f8deb0294a1b26c	https://fr.trustpilot.com/reviews/6aae531d3f8deb0294a1b26c	2026-09-19T11:17:17Z	4	BasicLink	Client		livraison / delais	Incroyable 	Le temps de livraison était un peu long mais les oreillers soya 3.0 sont incroyables 
Trustpilot	6aae3317a0a5de223e1a35aa	https://fr.trustpilot.com/reviews/6aae3317a0a5de223e1a35aa	2026-09-19T09:00:39Z	4	BasicLink	Jean David BIGONI		livraison / delais;prix / valeur	Le produit à l'air top mais j'attends…	Le produit à l'air top mais j'attends depuis 10 jours la livraison qui n'arrive pas. Sinon très bonne remise et prix correct. 
Trustpilot	6aad63726a568dc34804635a	https://fr.trustpilot.com/reviews/6aad63726a568dc34804635a	2026-09-18T18:14:42Z	4	BasicLink	Delahaye Florian		livraison / delais	J’ai reçu ma commande mardi et je suis…	J’ai reçu ma commande mardi et je suis fan. Je ne peux déjà pas me passer de mon oreiller 🤩 une pépite 
Trustpilot	6aad0cc96b5da1fd778466f7	https://fr.trustpilot.com/reviews/6aad0cc96b5da1fd778466f7	2026-09-18T12:04:57Z	4	BasicLink	Sonia B		douleurs (cou, dos, epaules);temps d adaptation;prix / valeur;housse	Contente de cet achat 	J'ai longuement hésité avant de faire l'achat du coussin Soya  / Il ne m'a fallu que 3 nuits pour m'y habituer  / Il est vraiment ergonomique pour permettre un positionnement idéal de la tête et la nuque ainsi que pour les bras. Je trouve les housses de rechange un peu chères par contre 
Trustpilot	6aace0d18b14b904b7fe4551	https://fr.trustpilot.com/reviews/6aace0d18b14b904b7fe4551	2026-09-18T08:57:21Z	4	BasicLink	Thomas LACOMBE		livraison / delais;conformite a l annonce	Le délai de livraison a été beaucoup…	Le délai de livraison a été beaucoup plus long que celui annoncé lors de la commande
Trustpilot	6aacce09b1ea2e53bbddd417	https://fr.trustpilot.com/reviews/6aacce09b1ea2e53bbddd417	2026-09-18T07:37:13Z	4	BasicLink	Marie Q		confort (positif);livraison / delais	Satisfaisant 	Commande facile, délai un peu long. Très confortable, a voir sur le temps
Trustpilot	6aaccaf9767a0083049cb4b8	https://fr.trustpilot.com/reviews/6aaccaf9767a0083049cb4b8	2026-09-18T07:24:10Z	4	BasicLink	Jean-Baptiste Gross		livraison / delais	Très bon produit	Très bon produit. Delai de livraison un peu long 
Trustpilot	6aacbc26ea3d3e1513f13912	https://fr.trustpilot.com/reviews/6aacbc26ea3d3e1513f13912	2026-09-18T06:20:54Z	4	BasicLink	Myriam Pascal		douleurs (cou, dos, epaules)	Je ressens moins de douleurs le matin…	Je ressens moins de douleurs le matin je dors mieux 
Trustpilot	6aacbbe5905b9ea7aff6ed88	https://fr.trustpilot.com/reviews/6aacbbe5905b9ea7aff6ed88	2026-09-18T06:19:49Z	4	BasicLink	laurence plot		douleurs (cou, dos, epaules);livraison / delais	Très bien pour dormir sur le.dos 	"L'ergonomie de l'oreiller fait effectivement du bien au niveau de la nuque.  / En revanche, en ce qui me concerne,quand je place ma tête bien au centre du ""trou"" mes épaules butent dans le bas de l'oreiller . / Et les ""encoches "" pour mettre les bras ne sont pas assez peoxfondes ( ou éloignées... Je ne sais pas mais je n'arrive pas a trouver une position qui me convient ) . / Bilan : satisfaite pour dormir sur le dos car soulagé les cervicales "
Trustpilot	6aabc318c5fd7df06fd7cbef	https://fr.trustpilot.com/reviews/6aabc318c5fd7df06fd7cbef	2026-09-17T12:38:16Z	4	BasicLink	Leyann CLAIR		hauteur / epaisseur;odeur;livraison / delais	Le coussin que j’ai reçu à la hauteur de mes attentes 	Le coussin que j’ai reçu est arrivé en très bon état. Mes attentes sont satisfaites. / Seul petit bémol, légère odeur quand j’ai ouvert le paquet, un passage à la machine et c’est passé haha !
Trustpilot	6aab86126cff80c5a148984e	https://fr.trustpilot.com/reviews/6aab86126cff80c5a148984e	2026-09-17T08:17:54Z	4	BasicLink	Imad ATIF		confort (positif);douleurs (cou, dos, epaules)	J’ai pris l’oreiller Soya 3.0	J’ai pris l’oreiller Soya 3.0, je le trouve confortable lorsqu’on dort sur le dos ou sur le côté, mais pas sur le ventre. A voir dans la durée, je ne suis qu’à ma 3ème nuit.
Trustpilot	6aab78ebf27e324dfb196d13	https://fr.trustpilot.com/reviews/6aab78ebf27e324dfb196d13	2026-09-17T07:21:47Z	4	BasicLink	Séverine		confort (positif);temps d adaptation	Confortable et pratique	Confortable et pratique. Nécessite un petit temps d'adaptation pour ma part.
Trustpilot	6aab706af011704e25c5a43c	https://fr.trustpilot.com/reviews/6aab706af011704e25c5a43c	2026-09-17T06:45:30Z	4	BasicLink	Pirson Pascal		confort (positif);fermete (dur / mou);douleurs (cou, dos, epaules);temps d adaptation;prix / valeur	Commande effectuée suite à des ennuis de douleurs cervicales chroniques…	Commande effectuée suite à des ennuis avec mes cervicales. La première nuit avec le nouvel oreiller a d'abord été surprenante dès le couché vu que dormant essentiellement sur le dos (je suis équipé d'une SIPAP), ma nuque était bien maintenue et la forme spécifique de l'oreiller me laissait la tête confortablement reposée. La nuit a été un peu perturbée car j'étais habitué à un oreiller mou et sans formes structurées. La deuxième nuit s'est passée confortablement car le corps semble s'habituer très vite aux changements qui lui sont profitables. Bon achat à prix raisonnable et vraiment apaisant pour la nuque et les épaules
Trustpilot	6aab6c6b8582c497d437980b	https://fr.trustpilot.com/reviews/6aab6c6b8582c497d437980b	2026-09-17T06:28:27Z	4	BasicLink	olivier delaunay		douleurs (cou, dos, epaules);livraison / delais	Un bon début 😀	J'ai reçu mon oreiller hier et viens de passer une nuit complète de 22:30 à 6:30 sans réveil, sans fourmillements dans les bras et des cervicales moins coincées ce matin. / C'est un bon début, à confirmer sur la durée 
Trustpilot	6aab04cef77c4977dce4e1e9	https://fr.trustpilot.com/reviews/6aab04cef77c4977dce4e1e9	2026-09-16T23:06:22Z	4	BasicLink	Nadia Said		confort (positif)	Ils sont très agréable nous verrons…	Ils sont très agréable nous verrons avec le temps mais pour le moment très satisfaite  / 
Trustpilot	6aaafd9424029b26a6fbd89a	https://fr.trustpilot.com/reviews/6aaafd9424029b26a6fbd89a	2026-09-16T22:35:32Z	4	BasicLink	Myriam		confort (positif);douleurs (cou, dos, epaules);livraison / delais;recommande	Satisfaction 	Livraison plus lente que prévue  / Satisfaite du produit  / Oreiller très agréable et confortable  / Moins de douleurs au cervicale dès la 2eme nuit  / Je recommande .  / 
Trustpilot	6aaacb11a7bce0e0a439c063	https://fr.trustpilot.com/reviews/6aaacb11a7bce0e0a439c063	2026-09-16T19:00:01Z	4	BasicLink	Mickael Sapin		confort (positif);taille / dimensions / taie	Taille 	Très confortable mais je le trouve un poil petit au niveau de la position de la tête, je me retrouve souvent sur un côté.
Trustpilot	6aaaa5e0db17b74ffa1b474e	https://fr.trustpilot.com/reviews/6aaaa5e0db17b74ffa1b474e	2026-09-16T16:21:20Z	4	BasicLink	fadel bellakhdar		taille / dimensions / taie	Très bon oreiller	Très bon oreiller - petit bémol sur la taille - plus grand aurait été préférable ! 
Trustpilot	6aaa8c169bdc47c645153bb2	https://fr.trustpilot.com/reviews/6aaa8c169bdc47c645153bb2	2026-09-16T14:31:18Z	4	BasicLink	Kelly Papin		service client	Très bonne expérience avec soya 	Très bonne expérience avec soya  / Réactif et bon produit .
Trustpilot	6aaa88e4904930f4a9e604ec	https://fr.trustpilot.com/reviews/6aaa88e4904930f4a9e604ec	2026-09-16T14:17:40Z	4	BasicLink	Bérénice		confort (positif);taille / dimensions / taie;douleurs (cou, dos, epaules);recommande	douceur et maintien	Surprise de la douceur de la taie. Confort de l'oreiller surprenant avec un maintien comme il faut. L'emplacement pour les bras font que les épaules restent bien alignées et sans douleur au court de la nuit. / Je recommande pour un sommeil sur le dos et sur le coté.
Trustpilot	6aaa82520c7ef5a20def6d4a	https://fr.trustpilot.com/reviews/6aaa82520c7ef5a20def6d4a	2026-09-16T13:49:38Z	4	BasicLink	Leonardo Garcia		livraison / delais	Livraison rapide 	Très satisfait. Pas encore essayer l'oreiller car c'est un cadeau d'anniversaire mais la livraison top. 
Trustpilot	6aaa73603e5fa1c8e1958b7e	https://fr.trustpilot.com/reviews/6aaa73603e5fa1c8e1958b7e	2026-09-16T12:45:52Z	4	BasicLink	Kim Tran		odeur;livraison / delais	Pour le moment en phase de test	Pour le moment en phase de test. Je l’ai depuis moins d’une semaine. À voir à long terme. Aussi, mon conjoint ne ronfle plus en tout cas, c’est top ! Petite odeur à l’ouverture mais ça s’est dissipé en le laissant bien aéré. Et livraison en 10 jours. 
Trustpilot	6aaa6d19f7534d49bbb5441a	https://fr.trustpilot.com/reviews/6aaa6d19f7534d49bbb5441a	2026-09-16T12:19:05Z	4	BasicLink	ant		livraison / delais;qualite percue;conformite a l annonce;housse	Très bien sauf que le délai annoncé…	Très bien sauf que le délai annoncé n'est pas le bon et la couture d'une housse à craqué à la première utilisation.
Trustpilot	6aaa6989bf3e124c064e7806	https://fr.trustpilot.com/reviews/6aaa6989bf3e124c064e7806	2026-09-16T12:03:53Z	4	BasicLink	Mickael NEE IBANEZ		livraison / delais;recommande	Livraison assez rapide	Livraison assez rapide, colis bien emballé. / En ce qui concerne l'oreille 2.0 il est top, je l'ai tout de suite adopté et je dors plutôt bien. Je peux recommander cet oreiller
Trustpilot	6aaa657d786653efd7c988d6	https://fr.trustpilot.com/reviews/6aaa657d786653efd7c988d6	2026-09-16T11:46:37Z	4	BasicLink	Raymond Klein		livraison / delais	4 étoiles juste parce que le délai de…	4 étoiles juste parce que le délai de livraison a été un peu long . L’oreiller lui vaut bien ses 5 étoiles 
Trustpilot	6aaa5d6339ed98b67eb202a5	https://fr.trustpilot.com/reviews/6aaa5d6339ed98b67eb202a5	2026-09-16T11:12:03Z	4	BasicLink	Paul Toulemonde		confort (positif)	Article conforme	Article conforme. Encore en phase d’essai mais je pense le garder assez agréable.
Trustpilot	6aaa4c3119e1218bfa3644da	https://fr.trustpilot.com/reviews/6aaa4c3119e1218bfa3644da	2026-09-16T09:58:41Z	4	BasicLink	Norbert CHAVES		confort (positif);livraison / delais;non recu / commande incomplete;conformite a l annonce	★★★★☆ Une expérience globalement satisfaisante, mais une communication à améliorer.	★★★★☆ /  / Bonjour, /  / Le délai de livraison annoncé de 4 à 5 jours n’a pas été respecté. Ce n’est pas particulièrement grave, un retard pouvant arriver. En revanche, j’ai surtout été déçu par le manque de transparence concernant les informations communiquées au sujet du livreur et de la situation réelle de la livraison. /  / Concernant l’oreiller, je n’ai pour l’instant passé qu’une seule nuit avec, donc il est encore trop tôt pour me prononcer sur son confort et son efficacité à long terme. Je préfère donc attendre davantage de recul avant de donner un avis définitif sur le produit. /  / Je mets néanmoins 4 étoiles pour l’expérience globale, avec une réserve principalement liée à la gestion et à la communication autour de la livraison.
Trustpilot	6aaa4467f02e3fe9a62249fe	https://fr.trustpilot.com/reviews/6aaa4467f02e3fe9a62249fe	2026-09-16T09:25:27Z	4	BasicLink	Mamar		fermete (dur / mou);douleurs (cou, dos, epaules);qualite percue	Test validé 	Je teste l’oreiller actuellement. Il offre vraiment un bon maintien de la nuque et de la tête, ainsi qu’un espace pour les bras. Il me paraît un peu dur au réveil.  / Je ne ressens plus de tension dans la nuque et mon sommeil est de meilleur qualité. 
Trustpilot	6aaa3eacbe250372c7fea670	https://fr.trustpilot.com/reviews/6aaa3eacbe250372c7fea670	2026-09-16T09:01:00Z	4	BasicLink	Claudia Jaeger		odeur;livraison / delais;emballage / compression	Les coussins sont arrivés très vite…	Les coussins sont arrivés très vite après la commande.Au déballage ils se sont bien mis en forme . Le touché est doux et résistant. La forme évoque un papillon. / Notre première nuit fut concluante  / Les coussins sont adoptés. Il y a juste une petite odeur que je n’arrive pas à identifier qui persiste / Merci pour l’expérience et l’expertise  / Nous recommandons fortement 
Trustpilot	6aaa361b1b9d89ab01b51c25	https://fr.trustpilot.com/reviews/6aaa361b1b9d89ab01b51c25	2026-09-16T08:24:27Z	4	BasicLink	Nicolas		qualite percue;prix / valeur	Très bon produit	Très bon produit. Je suis satisfait de mon achat. Rapport qualité prix très bon 
Trustpilot	6aaa2791290b289cdb7cb9a5	https://fr.trustpilot.com/reviews/6aaa2791290b289cdb7cb9a5	2026-09-16T07:22:25Z	4	BasicLink	fredohotmail.fr		livraison / delais;housse	Bon produit mais le colis est arrivé…	Bon produit mais le colis est arrivé arraché ainsi que la housse de l oreiller.
Trustpilot	6aaa1758171c439345673e53	https://fr.trustpilot.com/reviews/6aaa1758171c439345673e53	2026-09-16T06:13:12Z	4	BasicLink	Patrice Baduel		livraison / delais	Je suis satisfait de mon achat	Je suis satisfait de mon achat. Petit bémol sur le délai de livraison 📦 
Trustpilot	6aa9b948a0f5d7636ca0874c	https://fr.trustpilot.com/reviews/6aa9b948a0f5d7636ca0874c	2026-09-15T23:31:52Z	4	BasicLink	Sandrine Jérémy		douleurs (cou, dos, epaules)	Très bon oreiller pour mes cervicales	Très bon oreiller pour mes cervicales
Trustpilot	6aa946cda41fc2c2ddc1bb08	https://fr.trustpilot.com/reviews/6aa946cda41fc2c2ddc1bb08	2026-09-15T15:23:25Z	4	Organic	Brigitte DROIT		fermete (dur / mou);douleurs (cou, dos, epaules);qualite percue	sommeil de meilleure qualité 	Apres plusieurs essais de différents  modèles d'oreillers qui ne m'ont pas donné satisfaction. / J'ai testé l'oreiller SOYA: /  Malgré un soutien très très ferme. / La qualité de mon sommeil c'est nettement amélioré. / Moins de réveils nocturnes des phases plus longues en sommeil profond. / et disparition des douleurs au niveau de mes pavillons d'oreilles et des cervicales. / je valide / 
Trustpilot	6aa91d83b3a62b7e5ca9ef47	https://fr.trustpilot.com/reviews/6aa91d83b3a62b7e5ca9ef47	2026-09-15T12:27:15Z	4	BasicLink	nathalie his		livraison / delais;service client	J’ai eu un problème de colis et soya a…	J’ai eu un problème de colis et soya a réagit très vite après mon envoi de mail. Donc très réactif 
Trustpilot	6aa91d691a9262f01e0b3e02	https://fr.trustpilot.com/reviews/6aa91d691a9262f01e0b3e02	2026-09-15T12:26:49Z	4	BasicLink	Mary		confort (positif);douleurs (cou, dos, epaules);temps d adaptation	Au top	Oreiller agréable et facilement adaptable à ma position ( sur le côté)  / Moins de tension cervicale au réveil 😌
Trustpilot	6aa90497a50fedf1c1d1169c	https://fr.trustpilot.com/reviews/6aa90497a50fedf1c1d1169c	2026-09-15T10:40:55Z	4	BasicLink	Nadia Said		confort (positif)	Très agréable je passe enfin des supers…	Très agréable je passe enfin des supers nuits mais je pense que j’aurais du acheter le nouveau modèle il dois être encore mieux  / À tester 
Trustpilot	6aa8dc88aa517059ba660d25	https://fr.trustpilot.com/reviews/6aa8dc88aa517059ba660d25	2026-09-15T07:50:00Z	4	BasicLink	Visca Anais		livraison / delais	L’oreiller est absolument génial	L’oreiller est absolument génial, il est entrain de me changer la vie. Le seul bémol serait le délai de traitement de commande et la livraison qui ont pris une plombe….
Trustpilot	6aa8cca8ff54e09a36acfb0e	https://fr.trustpilot.com/reviews/6aa8cca8ff54e09a36acfb0e	2026-09-15T06:42:16Z	4	BasicLink	Sarah DE CASTRO RONAT			Je suis très contente du produit les…	Je suis très contente du produit les oreillers sont parfaits pour des nuit reposantes. / Le seul bémol c est le temps pour recevoir les produits qui est extrêmement long.
Trustpilot	6aa7fcd1665926be16fe4612	https://fr.trustpilot.com/reviews/6aa7fcd1665926be16fe4612	2026-09-14T15:55:29Z	4	BasicLink	Francesc V.		confort (positif);qualite percue	la qualité de l'oreiller	Ça ne fait que quelques jours que nous avons l'oreiller, mais il est très agréable, facile à prendre en main et la qualité du matériel est au top/ A voir dans la durée. 
Trustpilot	6aa7f6171d8425b24fc8f359	https://fr.trustpilot.com/reviews/6aa7f6171d8425b24fc8f359	2026-09-14T15:26:47Z	4	BasicLink	Nelly MULLER		fermete (dur / mou);douleurs (cou, dos, epaules);temps d adaptation	Oreiller a mémoire de forme avec mousse…	Oreiller a mémoire de forme avec mousse un peu ferme.il faut s'y adapter mais le soutien des cervicales est au rdv. Alors j'approuve !
Trustpilot	6aa7ccd26bb0976132b7867a	https://fr.trustpilot.com/reviews/6aa7ccd26bb0976132b7867a	2026-09-14T12:30:42Z	4	BasicLink	JIMMY SAMUI		livraison / delais;qualite percue;conformite a l annonce	produit qui correspond parfaitement à…	produit qui correspond parfaitement à la commande, et de qualité. / Seul le délai de livraison est légèrement plus long qu'annoncé.
Trustpilot	6aa6e497191e73997116c5fb	https://fr.trustpilot.com/reviews/6aa6e497191e73997116c5fb	2026-09-13T19:59:51Z	4	BasicLink	GIGANDET LUC		confort (positif);qualite percue;housse	Très bon oreiller	Très bon oreiller, confortable.  / Déçue par la matière de la housse.
Trustpilot	6aa680f7917f20dcc8e267c6	https://fr.trustpilot.com/reviews/6aa680f7917f20dcc8e267c6	2026-09-13T12:54:47Z	4	BasicLink	Tiphaine Magliocchetti		confort (positif);douleurs (cou, dos, epaules);livraison / delais;retour / remboursement	Satisfaite de mon achat 	Livraison en moins de 15 jours  / L'oreiller est confortable il cale bien la tête  / En position sur le dos je dors mieux qu'avant et sur le côté c'est ok aussi et avec le coussin pour genoux je reste dans la position latérale sans douleur de genou  / Je tourne et retourne très peu dans le lit contrairement à avant 
Trustpilot	6aa6735131ccd29753a3e244	https://fr.trustpilot.com/reviews/6aa6735131ccd29753a3e244	2026-09-13T11:56:33Z	4	BasicLink	Cri		confort (positif);douleurs (cou, dos, epaules)	Oreiller hyper confortable moins de…	Oreiller hyper confortable moins de douleur tout le.monde est satisfait nous en avons pris 3.
Trustpilot	6aa66f52c8f76f69b8938261	https://fr.trustpilot.com/reviews/6aa66f52c8f76f69b8938261	2026-09-13T11:39:30Z	4	BasicLink	Corentin Pipault			L’oreiller est cool 	L’oreiller est cool , juste la commande en express m’as était envoyé 2 semaine après ..
Trustpilot	6aa64c94ce02ebf2eeb33969	https://fr.trustpilot.com/reviews/6aa64c94ce02ebf2eeb33969	2026-09-13T09:11:16Z	4	BasicLink	Cédric Leterrier		confort (positif);livraison / delais;prix / valeur	Oreiller reçu très confortable .. mais	Oreiller reçu très confortable, par contre payé plus cher pour une livraison rapide et malheureusement cela sont arrivés en deux semaines.
Trustpilot	6aa5c59b9e99bdf33f8a03d9	https://fr.trustpilot.com/reviews/6aa5c59b9e99bdf33f8a03d9	2026-09-12T23:35:23Z	4	BasicLink	Delphine		taille / dimensions / taie;douleurs (cou, dos, epaules)	Oreillers au top	Oreillers au top, avec la forme entre les oreilles et les épaules moins de douleurs aux cervicales et aux épaules.  / Peut être qu'il faudrait que ces parties la soient plus proches l'une de l'autre, proposer différentes tailles entre les 2 oreilles.  / 
Trustpilot	6aa5a27974c8bcc861a00300	https://fr.trustpilot.com/reviews/6aa5a27974c8bcc861a00300	2026-09-12T21:05:29Z	4	BasicLink	Nicolas Taris		livraison / delais	Ma commande de deux oreillers Soya 2…	Ma commande de deux oreillers Soya 2 est arrivée au bout d'une semaine. Elle était conforme. Dès la première nuit j'ai ressenti un bénéfice, je me suis réveillé beaucoup plus reposé. J'espère que ça va durer.  / 
Trustpilot	6aa566a17ec19ac161d66dfa	https://fr.trustpilot.com/reviews/6aa566a17ec19ac161d66dfa	2026-09-12T16:50:09Z	4	BasicLink	Elio Chaillou		livraison / delais;non recu / commande incomplete;service client;qualite percue;prix / valeur;housse	Très bien	Petit délai à l'expédition dû aux nombreuses commandes effectuées pendant les promotions. Le service client est très réactif et la commande s'est très bien passée. Les oreillers sont de bonnes qualités, il manque juste des explications pour le changement de housse qui n'est pas forcément évident. 
Trustpilot	6aa52cf79e396032158f0e04	https://fr.trustpilot.com/reviews/6aa52cf79e396032158f0e04	2026-09-12T12:44:07Z	4	BasicLink	Mélanie M		livraison / delais;housse	Réception très rapide du colis	Réception très rapide du colis (qui rentre dans les boîtes aux lettres standards si vous n'êtes pas chez vous), j'ai commandé le 2.0 et une housse. / Ça fait que quelques jours que je l'ai reçu donc je peux pas trop juger. / Mais effectivement, suivant si je veux me mettre sur le dos ou sur le côté, la tête se positionne naturellement au bon endroit de l'oreiller. / Pour la position sur le côté, le bras étant positionné à l'endroit prévu, pas de réveil avec un bras en moins tout engourdi.
Trustpilot	6aa52c307c1a04838809ef88	https://fr.trustpilot.com/reviews/6aa52c307c1a04838809ef88	2026-09-12T12:40:48Z	4	BasicLink	grgic  katarina		confort (positif)	confortable contente de mon achat	confortable contente de mon achat 
Trustpilot	6aa520776b0f98570e2b909a	https://fr.trustpilot.com/reviews/6aa520776b0f98570e2b909a	2026-09-12T11:50:47Z	4	BasicLink	LK		confort (positif);hauteur / epaisseur;odeur;temps d adaptation;emballage / compression	Jolis oreillers	Jolis oreillers, confortables. Un peu de mal à m'habituer à la hauteur mais ça vient après quelques jours. Sommeil plus profond dès la première nuit.  / Malheureusement l'odeur du plastic (emballage?) est forte et désagréable, j'espère que ça partira après lavage. Plutôt contente de l'achat 
Trustpilot	6aa51ddb8b2c079cb932c28c	https://fr.trustpilot.com/reviews/6aa51ddb8b2c079cb932c28c	2026-09-12T11:39:39Z	4	BasicLink	helene le bivic		confort (positif);temps d adaptation;livraison / delais	Conforme 	Livraison rapide. J’ai mis un peu de temps au début à m’adapter mais oreiller très agréable ☺️
Trustpilot	6aa51717b9f44115c031bef9	https://fr.trustpilot.com/reviews/6aa51717b9f44115c031bef9	2026-09-12T11:10:47Z	4	BasicLink	Valou Spinetta		livraison / delais;service client;qualite percue;conformite a l annonce	Produit conforme en attente des résultats	Livraison plutôt rapide, service client réactif. Pour le moment j'ai du mal à me faire au changement d'oreiller et à la forme. A voir avec le temps. Toutefois, il soutint bien, on sent la différence. Mais pas encore d'effet sur la qualité de mon sommeil.
Trustpilot	6aa5095b75200653b0ac8a51	https://fr.trustpilot.com/reviews/6aa5095b75200653b0ac8a51	2026-09-12T10:12:11Z	4	BasicLink	Virginie B		livraison / delais;service client	Très satisfaite des produits	Très satisfaite des produits. Un léger soucis de retard de livraison mais très bonne réactivité du service client
Trustpilot	6aa503be2dbae53dc4ee6391	https://fr.trustpilot.com/reviews/6aa503be2dbae53dc4ee6391	2026-09-12T09:48:14Z	4	BasicLink	Nicolas Blazy		chaleur / fraicheur;non recu / commande incomplete	C’est un bon produit	C’est un bon produit, qualitatif mais c’est vrai que celle me tient chaud de temps à autre. La sangle est bien conçu mais manque de réglages pour ceux qui ont des grosses cuisses. Merci pour le produit
Trustpilot	6aa4fcbb8f2a00082158868d	https://fr.trustpilot.com/reviews/6aa4fcbb8f2a00082158868d	2026-09-12T09:18:19Z	4	BasicLink	Philippe		taille / dimensions / taie;livraison / delais	A voir dans le temps....	Je viens de recevoir mon oreiller et je n'ai dormi qu'une nuit avec donc pour l'instant compliqué de dire si je suis satisfait !  / j'ai deux petites remarques à faire : le délai est relativement long avant que la commande arrive et les oreillers sentent très mauvais, j'ai du laver la taie et mettre un désinfectant pour le linge 
Trustpilot	6aa4f3625ce3dbebd499f451	https://fr.trustpilot.com/reviews/6aa4f3625ce3dbebd499f451	2026-09-12T08:38:26Z	4	BasicLink	Nadège Dubost		fermete (dur / mou);douleurs (cou, dos, epaules)	Forme parfaite	je trouve la forme de l'oreiller très bien pour dormir sur le coté ou le dos.  / Par contre je le trouve légèrement trop ferme. 
Trustpilot	6aa4d168445dd1bfc4ff0ba4	https://fr.trustpilot.com/reviews/6aa4d168445dd1bfc4ff0ba4	2026-09-12T06:13:28Z	4	BasicLink	Caroline Denoy		odeur	Je regrette juste que l’odeur soit très…	Je regrette juste que l’odeur soit très forte 
Trustpilot	6aa4617e05b8f6214649244f	https://fr.trustpilot.com/reviews/6aa4617e05b8f6214649244f	2026-09-11T22:15:58Z	4	BasicLink	Paul		livraison / delais	Ok mais longue délai de livraison 	La livraison a été un peu trop longue, ok pour le reste 
Trustpilot	6aa3e3668784e66e02111ee8	https://fr.trustpilot.com/reviews/6aa3e3668784e66e02111ee8	2026-09-11T13:17:58Z	4	BasicLink	O		confort (positif);prix / valeur;recommande	Un plaisir de retrouver des nuits complètes 	Franchement, le Coussin 3.0 de Soya Paris, c’est top !  Il est super confortable et il me suit partout, c’est devenu mon petit truc bien-être au quotidien.  Si vous cherchez à rendre vos moments de détente encore plus agréables, je vous le recommande vivement !
Trustpilot	6aa387333d0b378184964239	https://fr.trustpilot.com/reviews/6aa387333d0b378184964239	2026-09-11T06:44:35Z	4	BasicLink	Arnaud LEGER		livraison / delais;conformite a l annonce	Bon achat	Colis bien reçu, l'article correspond bien à ce qui était annoncé. Pour le moment, après une petite semaine d'utilisation, tout va bien. 
Trustpilot	6aa2c2d97b70042eddb9f222	https://fr.trustpilot.com/reviews/6aa2c2d97b70042eddb9f222	2026-09-10T16:46:49Z	4	BasicLink	Syl Chris			Coussin genoux et oreiller	"Le coussin pour les genoux est parfait mais l'oreiller semble ""léger"". A voir avec le temps "
Trustpilot	6aa28c32600398594a987d1d	https://fr.trustpilot.com/reviews/6aa28c32600398594a987d1d	2026-09-10T12:53:38Z	4	BasicLink	Matthieu		douleurs (cou, dos, epaules)	Un mieux pour moi qui souffre depuis…	Un mieux pour moi qui souffre depuis des années de douleurs aux cervicales et lombaires
Trustpilot	6aa261d1fbe6bf6294b5b91d	https://fr.trustpilot.com/reviews/6aa261d1fbe6bf6294b5b91d	2026-09-10T09:52:49Z	4	BasicLink	Philou		hauteur / epaisseur;housse	Bon coussin	Bon coussin, bon matériaux mais je trouve un peu épais et avec la housse la tête rentre moins bien dans le creux prévu.
Trustpilot	6ab784e972f2ecc64c892114	https://fr.trustpilot.com/reviews/6ab784e972f2ecc64c892114	2026-09-26T10:40:09Z	5	BasicLink	Stéphanie Drouet		service client;recommande	Les oreillers sont top j'ai testé le…	Les oreillers sont top j'ai testé le 2.0 et le 3.0 j'adore ! Le service client est rapide et efficace. Je recommande vraiment 
Trustpilot	6ab784878d2b677ca0027ac4	https://fr.trustpilot.com/reviews/6ab784878d2b677ca0027ac4	2026-09-26T10:38:31Z	5	BasicLink	Lora		recommande	Très bon coussin 	Très bon coussin , je recommande 
Trustpilot	6ab773b394c1094ee86a1660	https://fr.trustpilot.com/reviews/6ab773b394c1094ee86a1660	2026-09-26T09:26:43Z	5	BasicLink	Guillet Gilet		livraison / delais;qualite percue;suivi de colis	Sélection produit	Commande facile, produits de très bonne qualité et livraison suivie. 
Trustpilot	6ab75d88c31a79aaa0c0dfd6	https://fr.trustpilot.com/reviews/6ab75d88c31a79aaa0c0dfd6	2026-09-26T07:52:08Z	5	BasicLink	Yves 		douleurs (cou, dos, epaules)	Très bon oreiller rien à dire maintient…	Très bon oreiller rien à dire maintient bien les cervicales pas de douleurs le lendemain au reveil
Trustpilot	6ab752a7f264d964df52fa91	https://fr.trustpilot.com/reviews/6ab752a7f264d964df52fa91	2026-09-26T07:05:43Z	5	BasicLink	Manuel Petzi Montandon			Tres comfortable et nuit reposante	Tres comfortable et nuit reposante
Trustpilot	6ab750a791d0bc7599e5c437	https://fr.trustpilot.com/reviews/6ab750a791d0bc7599e5c437	2026-09-26T06:57:11Z	5	BasicLink	Sandrine Cottet		confort (positif);fermete (dur / mou);douleurs (cou, dos, epaules)	Le co fort du maintien 	Le positionnement sur l'oreiller est très agréable. La souplesse et en même temps le maintien qu'offre l'oreiller est incroyable.  / Pas de douleur au cou en se levant le matin, ça change la vie. 
Trustpilot	6ab6d3d0e20186085692b2a1	https://fr.trustpilot.com/reviews/6ab6d3d0e20186085692b2a1	2026-09-25T22:04:32Z	5	BasicLink	ADRIEN BOUCHET		recommande	Super produits	Super produits, super service. Je recommande vivement !
Trustpilot	6ab6b030b5ad89afb23a9bdb	https://fr.trustpilot.com/reviews/6ab6b030b5ad89afb23a9bdb	2026-09-25T19:32:32Z	5	BasicLink	Julien Veillon		confort (positif);qualite percue	Le produit est comme promis 	Le produit est comme promis ! D’une grande qualité et d’un grand confort, mes nuits se sont nettement améliorées.
Trustpilot	6ab6ad44216d2d9d221ea12b	https://fr.trustpilot.com/reviews/6ab6ad44216d2d9d221ea12b	2026-09-25T19:20:04Z	5	BasicLink	GUILLET Jérôme 		confort (positif);chaleur / fraicheur;douleurs (cou, dos, epaules);qualite percue;recommande	J’étais perplexe au moment de commander…	J’étais perplexe au moment de commander nos oreillers pour ma femme et moi. / Je n’ai pas forcément été rassuré les premiers soirs où je l’ai utilisé. / Mais mes doutes se sont évaporés au bout de 3 jours car j’ai constaté de réels bien faits sur mes douleurs au cervicales! / J’utilise le côté le plus haut lorsque je ressens une gêne. / De plus, la qualité est bien au rendez-vous avec en plus une sensation de fraîcheur qui émane du tissu. / Bref, je recommande vivement ces oreillers pour des nuits et des réveils agréables.
Trustpilot	6ab69801497167ac3fe939c0	https://fr.trustpilot.com/reviews/6ab69801497167ac3fe939c0	2026-09-25T17:49:21Z	5	BasicLink	Nathalia Durand		temps d adaptation;service client	Il faut une adaptation 	Nous avons mis un moment à nous adapter , mais sur les conseils de soya nous avons continué  / Et nous avons effectivement décidé de les garder . / Service client réactif 
Trustpilot	6ab695f9209bb48599613d36	https://fr.trustpilot.com/reviews/6ab695f9209bb48599613d36	2026-09-25T17:40:41Z	5	BasicLink	w wig		confort (positif);temps d adaptation	Je suis très satisfait de mon oreiller…	Je suis très satisfait de mon oreiller Soya. Il est confortable, offre un bon maintien et s’adapte bien à la forme de la tête et du cou. Depuis que je l’utilise, je trouve mon sommeil plus agréable et je me réveille avec une meilleure sensation de confort. Très bon achat pour ma part.
Trustpilot	6ab6808d468187ee6a959eac	https://fr.trustpilot.com/reviews/6ab6808d468187ee6a959eac	2026-09-25T16:09:17Z	5	BasicLink	ali scheid		livraison / delais;conformite a l annonce	Produit conforme bien reçu top 👌	Produit conforme bien reçu top 👌
Trustpilot	6ab63845a36d26b785dc97c4	https://fr.trustpilot.com/reviews/6ab63845a36d26b785dc97c4	2026-09-25T11:00:53Z	5	BasicLink	Evelyne Dumonteil		confort (positif);fermete (dur / mou);livraison / delais	Oreille tres confortable un peu dur au…	Oreille tres confortable un peu dur au depart par contre livraison longue
Trustpilot	6ab638037ab7dbb9bb28592c	https://fr.trustpilot.com/reviews/6ab638037ab7dbb9bb28592c	2026-09-25T10:59:47Z	5	BasicLink	Marie		livraison / delais	J'ai commandé de 2 oreillers 3.0	J'ai commandé de 2 oreillers 3.0. Nous dormons avec de puis quelques jours. J'adore, j'ai trouvé mon bonheur. Mon époux n'arrive pas encore à si faire. 
Trustpilot	6ab63209d3afe481a5e1323a	https://fr.trustpilot.com/reviews/6ab63209d3afe481a5e1323a	2026-09-25T10:34:17Z	5	BasicLink	Alexis		confort (positif);livraison / delais;qualite percue	Les oreillers sont arrivés à temps	Les oreillers sont arrivés à temps. Qualité au top, confort inégalé ! Des nuits parfaites !
Trustpilot	6ab627d3ccec78dcfda0fb40	https://fr.trustpilot.com/reviews/6ab627d3ccec78dcfda0fb40	2026-09-25T09:50:43Z	5	BasicLink	Tane		confort (positif);taille / dimensions / taie;douleurs (cou, dos, epaules);temps d adaptation;livraison / delais;qualite percue;conformite a l annonce;housse	Produit de qualité reçu dans les…	Produit de qualité reçu dans les délais. Il faut quelques nuits pour s'y habituer et les problèmes de cervicales s'atténuent. Ne pas hésiter à commander une housse + taie d'oreiller (en soie, c'est très agréable). / 
Trustpilot	6ab61ebdb0f1e43f475c7256	https://fr.trustpilot.com/reviews/6ab61ebdb0f1e43f475c7256	2026-09-25T09:11:57Z	5	BasicLink	Consumer		douleurs (cou, dos, epaules)	Efficace sur les cervicalgies	Oreiller qualitatif   / A vraiment soulagé mes cervicalgies  / A combiner avec un oreiller classique pour lire ou regarder la télé par exemple mais pour dormir je n'ai pas trouvé mieux 
Trustpilot	6ab61519df5bb19a8077baec	https://fr.trustpilot.com/reviews/6ab61519df5bb19a8077baec	2026-09-25T08:30:49Z	5	BasicLink	Pauline		confort (positif);douleurs (cou, dos, epaules);qualite percue	Qualité du cousin 	Tout c’est passé de manière très simple et très rapide. Le site internet est beau et facile à utiliser. Le cousin est extrêmement doux et confortable ayant des problèmes de dos 
Trustpilot	6ab60499eb799fb7aad36137	https://fr.trustpilot.com/reviews/6ab60499eb799fb7aad36137	2026-09-25T07:20:25Z	5	BasicLink	Ovide Vongerlier		livraison / delais;qualite percue;prix / valeur	La qualité vantée est au rendez-vous la…	La qualité vantée est au rendez-vous la livraison à été très rapide le prix payé avec la remise très intéressant. 
Trustpilot	6ab5ac6682f3c7847676c68a	https://fr.trustpilot.com/reviews/6ab5ac6682f3c7847676c68a	2026-09-25T01:04:06Z	5	BasicLink	Loic Sabbah		douleurs (cou, dos, epaules)	Très bons coussins	Très bons coussins, j'avais du mal à dormir a cause de ma nuque et aujourd'hui ça me soulage 
Trustpilot	6ab59fcea739187069c653c1	https://fr.trustpilot.com/reviews/6ab59fcea739187069c653c1	2026-09-25T00:10:22Z	5	BasicLink	Lila Lahouel		douleurs (cou, dos, epaules);temps d adaptation;livraison / delais	Douleurs cervicales 	Je souffre de douleurs aux cervicales / trapèzes qui me rendent les nuits difficiles. / Je me retrouvais à changer 3 fois d’oreiller pendant la nuit, d’essayer tout les côtés du lit mais rien à faire. / J’ai donc commandé le 3.0 de Soya. /  / Pour être tout à fait honnête, la première nuit n’a pas été un succès.. il est vrai que j’ai certaines mauvaises habitudes dans mon sommeil comme mettre mes deux bras sous l’oreiller, dormir à moitié sur le ventre etc /  / Mais dès la troisième nuit, je m’étais déjà adapté à la forme et la manipulation de l’oreiller. Je me suis réveillée le lendemain sans douleurs et reposée.  / Grâce a sa bonne ergonomie, j’arrive maintenant à dormir sur le dos, ou totalement sur le ventre, chose que je me faisais pas avant. /  / Je dirais que cette expérience est propre à chacun et qui faut se laisser une chance et être patient ! / Concernant les douleurs, je n’en ai plus aucunes et c’était l’effet recherché. / Je suis contente de pouvoir soutenir mes cervicales pendant mon sommeil 
Trustpilot	6ab5825da6c6ae857cb38ec3	https://fr.trustpilot.com/reviews/6ab5825da6c6ae857cb38ec3	2026-09-24T22:04:45Z	5	BasicLink	Anthony Le Pavic		recommande	très bon produit je recommande	très bon produit je recommande 
Trustpilot	6ab56f951722c26ab1a5e205	https://fr.trustpilot.com/reviews/6ab56f951722c26ab1a5e205	2026-09-24T20:44:37Z	5	BasicLink	caroline SIAU		douleurs (cou, dos, epaules);temps d adaptation	Disparition de mes douleurs au niveau de l’épaule et des cervicales 	J’ai eu un peu de mal les premiers jours à m’habituer à la forme de ce nouvel oreiller, car j’aimais les oreillers fins, mais je n’ai plus aucune douleur à mon épaule et au niveau cervical depuis 1 semaine seulement que j’utilise cet oreiller, je suis donc très satisfaite de mon achat. 
Trustpilot	6ab55f0c315044449c248482	https://fr.trustpilot.com/reviews/6ab55f0c315044449c248482	2026-09-24T19:34:04Z	5	BasicLink	Marly		livraison / delais	Bon produits	Les produits sont arrivés en bon état et ils sont performants, nous dormons mieux.
Trustpilot	6ab5439e9be67e0cde4f2108	https://fr.trustpilot.com/reviews/6ab5439e9be67e0cde4f2108	2026-09-24T17:37:02Z	5	BasicLink	Ma		qualite percue	Oreiller d'excellente qualité	Oreiller d'excellente qualité, ultra egronomique.
Trustpilot	6ab542d41f314a6ae17c1c57	https://fr.trustpilot.com/reviews/6ab542d41f314a6ae17c1c57	2026-09-24T17:33:40Z	5	BasicLink	Frederique Lesaffre			Une fois qu’on a trouvé la meilleure…	Une fois qu’on a trouvé la meilleure façon de le positionner, c’est top! Plus de bras engourdis, et moins de ronflement 
Trustpilot	6ab53b570742f6849220d7fa	https://fr.trustpilot.com/reviews/6ab53b570742f6849220d7fa	2026-09-24T17:01:43Z	5	BasicLink	AURELIE Viaud		confort (positif)	Très confortable	Très confortable 
Trustpilot	6ab53a0e08843b5efad83989	https://fr.trustpilot.com/reviews/6ab53a0e08843b5efad83989	2026-09-24T16:56:14Z	5	BasicLink	stephanie antonelli			Super contente de mon achat	Super contente de mon achat, je dors bcp mieux la nuit et je suis passé de 2 oreillers à un seul et je me reveille bcp moins fatiguée
Trustpilot	6ab51c614777f0eb097ee560	https://fr.trustpilot.com/reviews/6ab51c614777f0eb097ee560	2026-09-24T14:49:37Z	5	BasicLink	cliente			Top simple et efficace	Top simple et efficace 
Trustpilot	6ab4fc51845de4bf7489c897	https://fr.trustpilot.com/reviews/6ab4fc51845de4bf7489c897	2026-09-24T12:32:49Z	5	BasicLink	bruno chenet		livraison / delais;qualite percue;prix / valeur	Très bons conseils d'achat	Très bons conseils d'achat / Prix très correct  / Livraison rapide / Qualité incroyable de l'oreiller 3.0
Trustpilot	6ab4fb259b30b242c8c82f34	https://fr.trustpilot.com/reviews/6ab4fb259b30b242c8c82f34	2026-09-24T12:27:49Z	5	BasicLink	Adeline CAILLEBA		confort (positif)	Top hyper confortable et tout doux	Top hyper confortable et tout doux / 4 nuits avec pour le moment  / On verra les effets à long terme 
Trustpilot	6ab4f8c7748e09c23d35b018	https://fr.trustpilot.com/reviews/6ab4f8c7748e09c23d35b018	2026-09-24T12:17:43Z	5	BasicLink	Saiyan's Sons		livraison / delais	Très bon produit	Très bon produit, arrivé dans les temps, bien protégé et qualitatif. Première nuit parfaite. 
Trustpilot	6ab4f6872e42753cc3638feb	https://fr.trustpilot.com/reviews/6ab4f6872e42753cc3638feb	2026-09-24T12:08:07Z	5	BasicLink	Antoine 		confort (positif)	Commande rapide.	Commande rapide. / Super confort nos nuits ont completement changer
Trustpilot	6ab4f4a6049ec8b0654fff77	https://fr.trustpilot.com/reviews/6ab4f4a6049ec8b0654fff77	2026-09-24T12:00:06Z	5	BasicLink	patrick simar		confort (positif)	Produit confortable et conforme !	Produit confortable et conforme ! 
Trustpilot	6ab4e152756b8da6ae73acfa	https://fr.trustpilot.com/reviews/6ab4e152756b8da6ae73acfa	2026-09-24T10:37:38Z	5	Organic	Abdel Jalil			Belle expérience	Belle expérience 
Trustpilot	6ab4d071189a3aa1edf83228	https://fr.trustpilot.com/reviews/6ab4d071189a3aa1edf83228	2026-09-24T09:25:37Z	5	BasicLink	FRED A.		douleurs (cou, dos, epaules);service client;qualite percue	Très bon produit maux de nuque et dos…	Très bon produit maux de nuque et dos reglé très efficace ces oreillers ...  / Problème sur un oreiller petit défaut très vite pris en charge par le SAV  / Très bonne qualité de service 
Trustpilot	6ab4cf360dac94fa476e5f34	https://fr.trustpilot.com/reviews/6ab4cf360dac94fa476e5f34	2026-09-24T09:20:23Z	5	BasicLink	Melanie MULLER		livraison / delais;qualite percue;emballage / compression	Le produit 	Livraison sous 1 semaine environ, colis livré dans la boite aux lettres bien emballé  / J'ai senti la différence dès la première nuit  / Je ne regrette pas mon achat !  / A voir comment l'oreiller vieillit dans le temps mais il parait vraiment solide 
Trustpilot	6ab4ccb4815cde1f935a1db2	https://fr.trustpilot.com/reviews/6ab4ccb4815cde1f935a1db2	2026-09-24T09:09:40Z	5	BasicLink	ANGELIQUE HIRSH		douleurs (cou, dos, epaules);recommande	Oreiller magique !	Oreiller magique ! / J'ai mon oreiller soya 2.0 depuis maintenant 6 jours et mes douleurs aux cervicales ont totalement disparues. /  Je suis vraiment bluffée.  / Je recommande vivement ce produit aux personnes aillant des douleurs au cou, n'attendais plus. ! / Mes réveilles le matin ne sont plus douloureux.  / Je suis totalement ravie de mon investissement dans ce produit. / Merci Soya
Trustpilot	6ab4c87fcb13510a99e7793d	https://fr.trustpilot.com/reviews/6ab4c87fcb13510a99e7793d	2026-09-24T08:51:43Z	5	BasicLink	guillaume coudret		confort (positif);douleurs (cou, dos, epaules);qualite percue	Coussins de très bonne qualité et…	Coussins de très bonne qualité et agreable au toucher . / Depuis que je l’est mon mal de bras et nuque a disparu 
Trustpilot	6ab4c582d20aef866b6fcf81	https://fr.trustpilot.com/reviews/6ab4c582d20aef866b6fcf81	2026-09-24T08:38:58Z	5	BasicLink	Elodie M		douleurs (cou, dos, epaules);retour / remboursement;qualite percue	Le premier jour du reste de ma vie !	Acquérir le Soya 3 a tout simplement changé mes nuits. Je fais partie de ces gens qui ont toujours dormi sur le ventre ou le côté, mais avec le temps et l'âge, les douleurs de hanches, de genou, les retournements intempestifs sont venus hacher mes nuits. J'ai vu cet oreiller, j'en ai rêvé, j'ai fini par l'acheter, après moult hésitations, mais dès la première nuit, le changement a été radical. Je dors sur le dos, le sommeil est bien plus réparateur, si je me glisse sur le côté, ma tête est bien soutenue, et j'ai découvert que je préférai encore plus le grand coté que le petit. Bonus inatendu, mon fils me le fauche pour la sensorialité que la matière lui procure, je lui en ai donc acheté un pour lui. Nous recommandons !!
Trustpilot	6ab4c3bc495e343739fb851a	https://fr.trustpilot.com/reviews/6ab4c3bc495e343739fb851a	2026-09-24T08:31:24Z	5	BasicLink	Wioletta Bogusia Kotnowska		douleurs (cou, dos, epaules);retour / remboursement	Pas convaincue au départ je m’étais dit…	Pas convaincue au départ je m’étais dit que j’allais le tester puis le renvoyer . Des la première nuit plus aucune raideur au niveau des cervicales . C’est magique ! 
Trustpilot	6ab4bf4688304c4228b2e3f4	https://fr.trustpilot.com/reviews/6ab4bf4688304c4228b2e3f4	2026-09-24T08:12:22Z	5	BasicLink	Geraldine Buchin		confort (positif);douleurs (cou, dos, epaules)	Une véritable révolution pour mes nuits ! ✨	J'ai acheté cet oreiller en espérant un peu de répit, et je pèse mes mots : c'est un véritable coup de cœur ! / Depuis que je l'utilise, la différence est radicale. Je dors beaucoup mieux, mes nuits sont profondément réparatrices, et surtout, je n'ai plus mal aux cervicales le matin. Il offre un maintien parfait tout en étant incroyablement confortable.
Trustpilot	6ab4bcc2519e29ecc25885bc	https://fr.trustpilot.com/reviews/6ab4bcc2519e29ecc25885bc	2026-09-24T08:01:38Z	5	BasicLink	M Philippe ZIMMERMANN		douleurs (cou, dos, epaules)	Cela fait une semaine d’utilisation	Cela fait une semaine d’utilisation, encore un peu tôt pour avoir un réel effet mais le ressenti commence à être   Positif dès le réveil avec moins de raideurs cervicales et dorsales. En espérant que cela sera encore plus flagrant d’ici quelques jours 👍
Trustpilot	6ab4bbb2f82d8768003e474d	https://fr.trustpilot.com/reviews/6ab4bbb2f82d8768003e474d	2026-09-24T07:57:06Z	5	BasicLink	Véronique Rocourt		confort (positif);douleurs (cou, dos, epaules);qualite percue	Conquise !	La commande s'est très bien déroulée, les oreillers étaient très bien emballés et la qualité est au rendez-vous. Après 3 nuits d'essais je suis, pour l'instant, ravie du confort apporté, sommeil de meilleur qualité car moins de réveils et moins de douleurs (cou, épaules et même hanches !). Faites ce cadeau à votre corps ;)
Trustpilot	6ab4a44d7c288592ddaa9e75	https://fr.trustpilot.com/reviews/6ab4a44d7c288592ddaa9e75	2026-09-24T06:17:17Z	5	BasicLink	MIKLASZEWSKI Sandrine		temps d adaptation;qualite percue;conformite a l annonce	Perplexe puis convaincue	Découverte du produit. Envoi rapide. Produit conforme au descriptif. 1ere nuit = adaptation. La 2e est convainquante sur la qualité du sommeil 
Trustpilot	6ab4567b43148e9ad5b95325	https://fr.trustpilot.com/reviews/6ab4567b43148e9ad5b95325	2026-09-24T00:45:15Z	5	BasicLink	Boudrenghien Jean-Marie		douleurs (cou, dos, epaules);livraison / delais	Oreiller efficace	Oreiller efficace: douleurs cervicales disparues à 90%. / Livraison rapide et efficace par bpost.
Trustpilot	6ab3f19cc5f20ec7c77bd0c4	https://fr.trustpilot.com/reviews/6ab3f19cc5f20ec7c77bd0c4	2026-09-23T17:34:52Z	5	BasicLink	dany		confort (positif);fermete (dur / mou);taille / dimensions / taie;temps d adaptation;housse;suivi de colis	Bon maintien et très agréable	L'envoi est rapide et le suivi bien maintenu. L'oreiller est très doux et confortable. La housse de protection permet de bien protéger l'oreiller et j'ai pu le mettre dans mes autres taies d'oreillers sans problème. le maintien est ferme et même si les premières nuits demandent une adaptation a sa forme depuis plusieurs jours je dors mieux.
Trustpilot	6ab3e0f98423b62ea061162a	https://fr.trustpilot.com/reviews/6ab3e0f98423b62ea061162a	2026-09-23T16:23:53Z	5	BasicLink	Nathalie		livraison / delais;qualite percue	Soya 3.0	coussin de qualité, commande facile et livraison rapide.
Trustpilot	6ab393fef53f2f92232b8df6	https://fr.trustpilot.com/reviews/6ab393fef53f2f92232b8df6	2026-09-23T10:55:26Z	5	BasicLink	Sultan Rafael		confort (positif);douleurs (cou, dos, epaules)	Nid douillet	Au départ, la forme de l’oreiller ne m’enthousiasmait pas vraiment visuellement, mais dès la première nuit, ça n’avait plus d importance. J’ai adoré la sensation d’avoir la nuque soutenue, en étant installé dans un nid douillet. /  / J’ai été prudent en n’en commandant qu’un seul pour commencer, mais je sais déjà qu’il m’en faudra deux autres : un deuxième pour moi, et un troisième pour offrir à mon père 
Trustpilot	6ab389c76209b8f9890993a2	https://fr.trustpilot.com/reviews/6ab389c76209b8f9890993a2	2026-09-23T10:11:51Z	5	BasicLink	Audrey Soupé		livraison / delais;service client;qualite percue;recommande	Un service client très rapide	Un service client très rapide, et aux petits soins.  / Après avoir répondu à un commentaire sur FB à quelqu'un, SOYA Paris m'a contacté pour tout de suite me donner des nouvelles de ma commande et me rassurer sur le délais.  /  / Quant à la qualité de mon coussin... Un bonheur !  /  / Je recommande +++++++ 
Trustpilot	6ab380190c31edc49322ee67	https://fr.trustpilot.com/reviews/6ab380190c31edc49322ee67	2026-09-23T09:30:33Z	5	BasicLink	Mathilde		livraison / delais	C’était génial	C’était génial, j’ai reçu le coussin rapidement et il m’a changé la vie. Je dors beaucoup mieux. / Merci merci merciiii / 
Trustpilot	6ab37da6ff7d21df76fcfcda	https://fr.trustpilot.com/reviews/6ab37da6ff7d21df76fcfcda	2026-09-23T09:20:06Z	5	BasicLink	Customer			Tout correspond à ce qui est proposé	Tout correspond à ce qui est proposé. Plus qu’à expérimenter et apprécier. 
Trustpilot	6ab37b41728b24005036d9d1	https://fr.trustpilot.com/reviews/6ab37b41728b24005036d9d1	2026-09-23T09:09:53Z	5	BasicLink	sandra pot			Parfait a renouveller 	Mes nuits ont changées
Trustpilot	6ab379eda0e3d9f79a39cbfc	https://fr.trustpilot.com/reviews/6ab379eda0e3d9f79a39cbfc	2026-09-23T09:04:13Z	5	BasicLink	Pascale Melin		douleurs (cou, dos, epaules)	Nous n'avons plus du tout mal aux…	Nous n'avons plus du tout mal aux cervicales et au dos au réveil.
Trustpilot	6ab3786c6f61c76040037ddd	https://fr.trustpilot.com/reviews/6ab3786c6f61c76040037ddd	2026-09-23T08:57:48Z	5	BasicLink	Jean Christophe Arnaud		livraison / delais	Super produit reçu rapidement!	Super produit reçu rapidement! / Je kiffe toutes les nuits!! / Merci 
Trustpilot	6ab376fbf50360f76ea72498	https://fr.trustpilot.com/reviews/6ab376fbf50360f76ea72498	2026-09-23T08:51:39Z	5	BasicLink	Kevin Mollicone		confort (positif);recommande	⭐️⭐️⭐️⭐️⭐️	⭐️⭐️⭐️⭐️⭐️ /  / On en a acheté deux, un pour ma femme et un pour moi, et franchement… quelle découverte ! 😍 /  / Dès les premières nuits, on a senti une vraie différence : super confortable, un excellent maintien et cette sensation de vraiment bien se poser quand on se couche. On dort tellement bien avec qu’on aurait du mal à revenir à un oreiller classique maintenant 😅 /  / Une très belle surprise, on ne regrette absolument pas notre achat. Je recommande à 100 % ! 👌
Trustpilot	6ab36c6202aad4b48f74d10c	https://fr.trustpilot.com/reviews/6ab36c6202aad4b48f74d10c	2026-09-23T08:06:26Z	5	BasicLink	Gindre		confort (positif)	Vraiment très agréable	Vraiment très agréable, la position est optimale ! Merci 🙏 
Trustpilot	6ab365a1831a48d948147b8c	https://fr.trustpilot.com/reviews/6ab365a1831a48d948147b8c	2026-09-23T07:37:37Z	5	BasicLink	MR CHRISTIAN  MERTZ		confort (positif);livraison / delais;qualite percue	Qualité des coussins remarquable 	Qualité des coussins remarquable  / Livraison un peu longue malgré tout  / Sensations de fluidité surprenante au début mais tellement agréable 
Trustpilot	6ab3658e99ce9c407f656a38	https://fr.trustpilot.com/reviews/6ab3658e99ce9c407f656a38	2026-09-23T07:37:19Z	5	BasicLink	Clemence		douleurs (cou, dos, epaules);livraison / delais;recommande	Reçu hier et testé cette nuit	Reçu hier et testé cette nuit. Un oreiller parfait. Je me leve ce matin sans aucune douleurs cervicales. / Vraiment parfait. / Je recommande
Trustpilot	6ab3503fe883f674cc4983bd	https://fr.trustpilot.com/reviews/6ab3503fe883f674cc4983bd	2026-09-23T06:06:23Z	5	BasicLink	Benedicte Carrez		douleurs (cou, dos, epaules);temps d adaptation;recommande	Diminution des raideurs matinales	C'est le deuxième oreiller que je commande, c'est pour l'offrir cette fois ci. Je suis très satisfaite du mien que j'ai depuis presque 1 an maintenant.  J'ai pu constater une diminution des raideurs que j'avais au.nibeau de la nique et des épaules au réveil . / Après quelques jours d'adaptation,  je ne m'en passerais plus maintenant. / Je recommande vivement !
Trustpilot	6ab2d5dd4b091aa3c0aabbfe	https://fr.trustpilot.com/reviews/6ab2d5dd4b091aa3c0aabbfe	2026-09-22T21:24:13Z	5	BasicLink	Carole Cauquil		livraison / delais;recommande	Je recommande !	Je suis contente de mon achat. J’ai été séduite par le coussin et j’en ai acheté deux pour mon mari et moi même et je me suis pas déçue.  / Livraison un peu longue mais ce n’est pas bien grave.
Trustpilot	6ab2a3c98d2de0c2a3bf4d30	https://fr.trustpilot.com/reviews/6ab2a3c98d2de0c2a3bf4d30	2026-09-22T17:50:33Z	5	BasicLink	stephane		confort (positif);hauteur / epaisseur;douleurs (cou, dos, epaules);housse	Oreiller soya 3.0 	Oreiller soya 3.0  / Véritable maintient des cervicales pendant le sommeil . / Très confortable  et vraiment reposant grâce à la mousse a mémoire de forme. / Très agréable avec sa housse super douce . / Ajustable avec les 2 hauteurs du creux de nuque.  / Je suis vraiment satisfait de mon achat 
Trustpilot	6ab2978c976ca2d8d477790f	https://fr.trustpilot.com/reviews/6ab2978c976ca2d8d477790f	2026-09-22T16:58:20Z	5	BasicLink	Jessy TOQUARD		recommande	Très tre bien	Très, très bien oreiller, je recommande.
Trustpilot	6ab294c74853096d26132e55	https://fr.trustpilot.com/reviews/6ab294c74853096d26132e55	2026-09-22T16:46:32Z	5	BasicLink	Emeric Fingonnet		douleurs (cou, dos, epaules);livraison / delais;service client;recommande	Recommande vivement 	La commande a pris du temps. Mais l'entreprise a répondu à mon message pour me rassurer. J ai beaucoup moins de tension dans les cervicales. Le colis était parfaitement emballé et le tout était en excellent état. Je recommande vivement.
Trustpilot	6ab27f1d65860618e387bead	https://fr.trustpilot.com/reviews/6ab27f1d65860618e387bead	2026-09-22T15:14:05Z	5	BasicLink	Romain Duriez		douleurs (cou, dos, epaules);livraison / delais;qualite percue	Incroyable je dors mieux 	Incroyable je dors mieux , moins de douleurs au reveil voir casiment plus du tout. / Et le petit coussin entre les genoux juste parfait ! / Merci pour votre innovation / Produit de qualité et pas trop de delai de livraison. / 20/10
Trustpilot	6ab27eb1e46f5c1d8421b153	https://fr.trustpilot.com/reviews/6ab27eb1e46f5c1d8421b153	2026-09-22T15:12:17Z	5	BasicLink	Jennifer		confort (positif);douleurs (cou, dos, epaules);qualite percue	Coussin de très bonne qualité	Coussin de très bonne qualité.  / 3 nuits que je l'utilise et je me sens moins tendu au niveau des cervicales. Un peu haut à mon goût mais très confortable. 
Trustpilot	6ab2494f4839660d448bd671	https://fr.trustpilot.com/reviews/6ab2494f4839660d448bd671	2026-09-22T11:24:31Z	5	BasicLink	laetitia		confort (positif);douleurs (cou, dos, epaules);temps d adaptation	Enfin des réveils sans douleurs	Ravie de mon oreiller 3.0. Après 2 ou 3 nuits d'adaptation, je le trouve tout simplement parfait. Fini les tensions aux cervicales et aux trapèzes au réveil. J'utilise le petit côté, et il offre un confort irréprochable aussi bien sur le dos que sur le côté.
Trustpilot	6ab22b1dfc8d8e95e3fdc959	https://fr.trustpilot.com/reviews/6ab22b1dfc8d8e95e3fdc959	2026-09-22T09:15:41Z	5	BasicLink	Juliette		livraison / delais	J'ai commandé le soya 3.0	J'ai commandé le soya 3.0 / Très bien / Livré protègé, La house ammovible c'est niquel. 3 jours et je dort déja mieux
Trustpilot	6ab22b0f153d5caab245de0d	https://fr.trustpilot.com/reviews/6ab22b0f153d5caab245de0d	2026-09-22T09:15:27Z	5	BasicLink	Ludivine		confort (positif);douleurs (cou, dos, epaules);livraison / delais	Un oreiller parfait !	Un oreiller parfait ! Je dors bien, au réveil plus de mal de tête, fini la nuque douloureuse.  / Expédition rapide. / Rien à redire : absolument parfait et efficace 
Trustpilot	6ab21f023cddda07cd996a11	https://fr.trustpilot.com/reviews/6ab21f023cddda07cd996a11	2026-09-22T08:24:02Z	5	BasicLink	100496985			Très satisfait de ma commande.	Très satisfait de ma commande. /  / 
Trustpilot	6ab2114afb89668218ffc139	https://fr.trustpilot.com/reviews/6ab2114afb89668218ffc139	2026-09-22T07:25:30Z	5	BasicLink	Jean Merlen		confort (positif);livraison / delais	Meilleur sommeil après 3 nuits!!	Petit délai pour la livraison mais très raisonnable, et après 3 nuits totalement convaincu par le 3.0, moins tordu la nuit et moins de travers au réveil, hâte de voir si ça va se confirmer sur le long terme!! / 
Trustpilot	6ab1fdecb0944e6c945dcbe6	https://fr.trustpilot.com/reviews/6ab1fdecb0944e6c945dcbe6	2026-09-22T06:02:52Z	5	BasicLink	Mrs Myriam SCHAAL		livraison / delais	Le produit est top	Le produit est top, la livraison assez rapide (malgrès que dès que  l' on a commandé on aimerait l'avoir comme si nous étions en boutique) 😅
Trustpilot	6ab1f0b5f8b26adff9d2fbab	https://fr.trustpilot.com/reviews/6ab1f0b5f8b26adff9d2fbab	2026-09-22T05:06:29Z	5	BasicLink	camille outters		confort (positif);fermete (dur / mou);douleurs (cou, dos, epaules);temps d adaptation	Le changement tant attendu	On avait un vrai besoin de confort la nuit. Trop habitué aux oreillers mou et sans aucun maintien, j'ai découvert Soya. Le test est concluant, plus aucune douleurs au réveil et un confort de sommeil fantastique.
Trustpilot	6ab19012123a08b3671d5bd7	https://fr.trustpilot.com/reviews/6ab19012123a08b3671d5bd7	2026-09-21T22:14:10Z	5	BasicLink	Jules Cressend			Très satisfait	Après seulement quelques nuits, je suis très satisfait de mon achat
Trustpilot	6ab189377b541e16d92ac49a	https://fr.trustpilot.com/reviews/6ab189377b541e16d92ac49a	2026-09-21T21:44:55Z	5	BasicLink	Barbara 		confort (positif)	Top confort !	Top confort !  
Trustpilot	6ab15d2aab832a0f57436e0a	https://fr.trustpilot.com/reviews/6ab15d2aab832a0f57436e0a	2026-09-21T18:36:58Z	5	BasicLink	Frédérique Walker			l'oreiller qui a sauvé les nuits de mon mari et mes nerfs ..😂💤	Je l'ai acheté pour mon mari. / Au bout d une semaine, il dort beaucoup mieux et moi aussi car il ronfle aussi beaucoup moins. Je vais voir pour m'en offrir un à Noël / 
Trustpilot	6ab15b0215bb3756c83ce2b7	https://fr.trustpilot.com/reviews/6ab15b0215bb3756c83ce2b7	2026-09-21T18:27:46Z	5	BasicLink	Julien Guerrin		livraison / delais	Pour le moment je suis très satisfait…	Pour le moment je suis très satisfait de l'oreiller. Envoi et réception rien a dire.
Trustpilot	6ab148d51dcd6ef4b36e5d8b	https://fr.trustpilot.com/reviews/6ab148d51dcd6ef4b36e5d8b	2026-09-21T17:10:13Z	5	BasicLink	Coralie Mourain		qualite percue;recommande	Très bon oreiller	Très bon oreiller, de bonne qualité  / je recommande cette oreiller soya 3.0  /  /  / 
Trustpilot	6ab1226f6091206564bd8696	https://fr.trustpilot.com/reviews/6ab1226f6091206564bd8696	2026-09-21T14:26:23Z	5	BasicLink	valerie beaufils		temps d adaptation;retour / remboursement;prix / valeur;conformite a l annonce	J ai découvert soya par la publicité 	J ai découvert soya par la publicité  / Infirmière de base et très sensible aux risques induits par les postures je me suis intéressée de plus près à cet oreiller  / Au départ lequel choisir le 2.0 ou le 3.0 ? J avoue que la promotion a fait mon choix  / Puis un critère c est une entreprise française , qui sait mettre en avant le retour d experience d autres cultures et du savoir d expert donc   Que dire  / On essaie  / La première nuit pas facile de changer ses habitudes  / Mais depuis une semaine honnêtement … les tensions diminuent la nuit et le lendemain devient plus serein alors essayez et faites votre expérience  il n y a que ceux qui ont cet oreiller  qui pourront faire leur retour  / À vous moi j ai passé le cap  / 
Trustpilot	6ab1051e5b7a1d37275dd86d	https://fr.trustpilot.com/reviews/6ab1051e5b7a1d37275dd86d	2026-09-21T12:21:19Z	5	BasicLink	Vick S		douleurs (cou, dos, epaules);temps d adaptation	À essayer et à adopter.	Bien qu’un peu septique au début , car il faut un petit temps d’adaptation ( une nuit ) . / Je n’ai qu’une chose à dire ; l’essayer c’est l’adopter. Je ressens déjà  moins de douleurs au niveau de mes cervicales .
Trustpilot	6ab1048fec238b07c8dad0ca	https://fr.trustpilot.com/reviews/6ab1048fec238b07c8dad0ca	2026-09-21T12:18:55Z	5	BasicLink	Diego Fortea		douleurs (cou, dos, epaules)	Première semaine validée.	Première semaine validée. / Nous en sommes très content ma femme et moi. / Beaucoup moins de douleur aux cervicales
Trustpilot	6ab039de855cc9cbe93d8c2b	https://fr.trustpilot.com/reviews/6ab039de855cc9cbe93d8c2b	2026-09-20T21:54:06Z	5	BasicLink	decamp dany		douleurs (cou, dos, epaules)	Satisfaction 100%	Ayant de grave problèmes  de dos . Je suis satisfait pleinement de cet achat .
Trustpilot	6ab0254628e9f324bfedf635	https://fr.trustpilot.com/reviews/6ab0254628e9f324bfedf635	2026-09-20T20:26:14Z	5	BasicLink	Sabine Gutrin		confort (positif);douleurs (cou, dos, epaules)	Excellent produit 	Excellent produit, un réel confort. Je n'ai plus aucunes douleurs aux cervicales depuis que je dors avec l'oreiller Soya 3.0
Trustpilot	6ab017f8d402cea3830fcd9a	https://fr.trustpilot.com/reviews/6ab017f8d402cea3830fcd9a	2026-09-20T19:29:28Z	5	BasicLink	Gerard Mignot		confort (positif);douleurs (cou, dos, epaules);temps d adaptation	Soya 3.0	Soya 3.0, confortable dès la première nuit, adaptation facile dans toutes les positions. Nuque moins douloureuse avec moins de tensions après 10 nuits. À tester si vous avez des problèmes de douleur des cervicales au réveil.
Trustpilot	6aafcf2e6e927f1da4cb68b6	https://fr.trustpilot.com/reviews/6aafcf2e6e927f1da4cb68b6	2026-09-20T14:18:54Z	5	BasicLink	Consumer		douleurs (cou, dos, epaules)	Ayant des problèmes de dos depuis…	Ayant des problèmes de dos depuis quelques années, je n’ai jamais trouvé un oreiller qui me convienne autant !  / J’ai profité de l’offre pour en acheter un à mon compagnon qui ronfle énormément !  / Jackpot ! Je n’ai plus mal au dos  et mes nuits sont bien plus silencieuses ! 
Trustpilot	6aafc7a3bf6db1394da8abb4	https://fr.trustpilot.com/reviews/6aafc7a3bf6db1394da8abb4	2026-09-20T13:46:43Z	5	BasicLink	Nathalie		confort (positif);douleurs (cou, dos, epaules);livraison / delais;recommande	Ravie de mon achat chez soya…	Bonjour je suis ravie d avoir acheté les 2 oreillers chez soya Paris. Je dors beaucoup mieux et moins mal au dos et mon compagnon aussi. Et la rapidité de la livraison. Je vous le recommande vraiment et on si fait très vite avec l oreillers et très confortable. Je suis très contente de mon achat merci a soya.😉👍😁
Trustpilot	6aafc6de181b4e6224af85f6	https://fr.trustpilot.com/reviews/6aafc6de181b4e6224af85f6	2026-09-20T13:43:27Z	5	BasicLink	Laetitia Alleg			C’est top ça m’a changé la vie dès la…	C’est top ça m’a changé la vie dès la première nuit
Trustpilot	6aafc2284d6ee35f516f842e	https://fr.trustpilot.com/reviews/6aafc2284d6ee35f516f842e	2026-09-20T13:23:20Z	5	BasicLink	Anne		chaleur / fraicheur	J'ai acheté l'oreiller Soya 3.0 et j'adore! 	J'ai acheté l'oreiller Soya 3.0 et j'adore dormir avec. Il est doux et donne une sensation de fraîcheur : pour moi qui suis ménopausée et souffre de bouffées de chaleur, c'est un vrai bonheur de poser ma tête dessus. J'apprécie aussi beaucoup le creux dans lequel je pose le côté de ma tête car je dors avec des bouchons d'oreille. 
Trustpilot	6aafbffcd034da3786300859	https://fr.trustpilot.com/reviews/6aafbffcd034da3786300859	2026-09-20T13:14:04Z	5	BasicLink	Laura.		douleurs (cou, dos, epaules);recommande	Les oreillers sont bien	Les oreillers sont bien, je dors beaucoup mieux, plus de douleurs aux cervicales! Je recommande. 
Trustpilot	6aaf989d57287dbaf912b1db	https://fr.trustpilot.com/reviews/6aaf989d57287dbaf912b1db	2026-09-20T10:26:05Z	5	BasicLink	Camille			J’attends d’essayer !	J’attends d’essayer !
Trustpilot	6aaf92c86601306cb812f1da	https://fr.trustpilot.com/reviews/6aaf92c86601306cb812f1da	2026-09-20T10:01:13Z	5	BasicLink	Crublet		douleurs (cou, dos, epaules);livraison / delais	Le site soya est très simple…	Le site soya est très simple d’utilisation, tout est compréhensible.  / Le délai de livraison a été respecté.  / Je teste le produit actuellement pour l’instant ça va j’attend de voir si les tension dans le dos vont réellement partir 
Trustpilot	6aaf9153ac6a92f039ab8f7e	https://fr.trustpilot.com/reviews/6aaf9153ac6a92f039ab8f7e	2026-09-20T09:54:59Z	5	BasicLink	Eric Bourlet		confort (positif);recommande	Très bon coussin	Très bon coussin, confortable et avec un excellent maintien. Après quelques nuits, je dors vraiment mieux. Je recommande !
Trustpilot	6aaf8c4e1f39762ff28c5dab	https://fr.trustpilot.com/reviews/6aaf8c4e1f39762ff28c5dab	2026-09-20T09:33:34Z	5	BasicLink	Muriel BOEGLIN		livraison / delais	Commande simple et efficace	Commande simple , arrivée rapide et l'oreiller est incroyable . 
Trustpilot	6aaf8b99055c7b9cc9861c7b	https://fr.trustpilot.com/reviews/6aaf8b99055c7b9cc9861c7b	2026-09-20T09:30:34Z	5	BasicLink	Olivier Glaziou		livraison / delais	Oreiller 	La commande a été reçu rapidement et sans problème 
Trustpilot	6aaf81009a8e21993d3b6d2c	https://fr.trustpilot.com/reviews/6aaf81009a8e21993d3b6d2c	2026-09-20T08:45:20Z	5	BasicLink	Marlène		douleurs (cou, dos, epaules);livraison / delais	J'ai été convaincu par l'oreiller et…	J'ai été convaincu par l'oreiller et j'ai commandé. Quelques jours je l'es reçu. Cela fait 4 nuits que je dors avec et franchement il est top. Je me réveille sans douleurs aux épaules et où au cervicales.
Trustpilot	6aaf7d35ff8cc70f08075eb0	https://fr.trustpilot.com/reviews/6aaf7d35ff8cc70f08075eb0	2026-09-20T08:29:09Z	5	BasicLink	Hervé HERVE			Très bien 	Très bien . Mon mari adore son cadeau.
Trustpilot	6aaf7b1306a0f0c59a4e6797	https://fr.trustpilot.com/reviews/6aaf7b1306a0f0c59a4e6797	2026-09-20T08:20:03Z	5	BasicLink	AURéLIA PESENTI			Simplicité et rapidité de la commande .	Simplicité et rapidité de la commande . / Oreiller au top 
Trustpilot	6aaf70b42ae357242d7915a4	https://fr.trustpilot.com/reviews/6aaf70b42ae357242d7915a4	2026-09-20T07:35:48Z	5	BasicLink	Laurent M.		livraison / delais	Testés et approuvés	Des réception les oreillers ont été testés et approuvés. Nous recommandons vivement !!!
Trustpilot	6aaf4f4676580eaf0abc7c2d	https://fr.trustpilot.com/reviews/6aaf4f4676580eaf0abc7c2d	2026-09-20T05:13:10Z	5	BasicLink	Joris Sotton		confort (positif);chaleur / fraicheur;recommande	Coussin qui reste frais et doux 	Coussin qui reste frais et doux ! Agréablement surpris je recommande sans aucun soucis 
Trustpilot	6aaf3b2146bf7bb61984cefa	https://fr.trustpilot.com/reviews/6aaf3b2146bf7bb61984cefa	2026-09-20T03:47:14Z	5	BasicLink	Audrey BALLESTER		qualite percue;recommande	Parfait!	Parfait!! Je suis ravie de la qualité et je recommande vivement.
Trustpilot	68a37a1a98bc2398761a22f9	https://fr.trustpilot.com/reviews/68a37a1a98bc2398761a22f9	2025-08-18T21:08:10.000Z	5	Organic	Tonia Stevens			Je ne peux plus m’en passer.	Parfait dès la première nuit, je ne m'en passe plus. Je me suis endormi très vite, et le lendemain j’étais vraiment reposé. Il ne quitte plus mon lit.
Trustpilot	68a3567b2602c806bc2a2952	https://fr.trustpilot.com/reviews/68a3567b2602c806bc2a2952	2025-08-18T18:36:11.000Z	5	BasicLink	Laurent Bennarrouche		livraison / delais	Ce coussin convient parfaitement au…	Ce coussin convient parfaitement au attentes j’en suis ravis !
Trustpilot	68a34f364596c2fba68bab92	https://fr.trustpilot.com/reviews/68a34f364596c2fba68bab92	2025-08-18T18:05:10.000Z	4	AFSv2	Helene Møller		confort (positif);fermete (dur / mou);douleurs (cou, dos, epaules)	Douleurs disparues rapidement	Super confortable et pratique, les douleurs ont disparu rapidement. En quelques jours, j’ai vu une nette amélioration. Moins de raideur, plus de souplesse au réveil.
Trustpilot	68a32fc1bcaa2306363b5253	https://fr.trustpilot.com/reviews/68a32fc1bcaa2306363b5253	2025-08-18T15:50:57.000Z	1	Organic	Sarah Cinzia		livraison / delais;non recu / commande incomplete;arnaque / fraude;faux avis / avis supprimes	Colis jamais reçu	Colis jamais reçu!  / Belle arnaque!  / Ne vous fiez pas aux avis positifs! 
Trustpilot	68a2e0c05ef6cb78dbd5b7ed	https://fr.trustpilot.com/reviews/68a2e0c05ef6cb78dbd5b7ed	2025-08-18T10:13:52.000Z	5	BasicLink	janick		confort (positif);qualite percue	Nous sommes ravis de nos achats	Nous sommes ravis de nos achats. Les coussins sont très confortables, de bonne qualité. Envoi très rapide. Nous avons effectué notre deuxième commande. 
Trustpilot	68a2d25c587c8e531ce0b92e	https://fr.trustpilot.com/reviews/68a2d25c587c8e531ce0b92e	2025-08-18T09:12:28.000Z	5	BasicLink	Fanny		confort (positif)	Au top !	Très agréablement surprise de ma commande c’est ma deuxième commande et pourtant j’en ai acheté des coussins pour trouver le bon et je peux vous dire que c’est celui là pour moi !
Trustpilot	68a2c5bdf6be1fd4514f95de	https://fr.trustpilot.com/reviews/68a2c5bdf6be1fd4514f95de	2025-08-18T08:18:37.000Z	5	BasicLink	Hugo pinson		confort (positif)	Entreprise qui met en avant le confort…	Entreprise qui met en avant le confort et le bien être 
Trustpilot	68a1c68c255e13e0ae4e7a09	https://fr.trustpilot.com/reviews/68a1c68c255e13e0ae4e7a09	2025-08-17T14:09:48.000Z	5	BasicLink	Cyril Michel		confort (positif)	Bon ressenti avec cette oreiller	Bon ressenti avec cette oreiller, sur le dos la tête est bien calé sans basculer involontairement sur la droite ou gauche. J apprécie. /  / La position sur le côté est agréable avec l empreinte pour le bras, c est naturel en faite.
Trustpilot	68a1a58f0f5d4fb22acd15f7	https://fr.trustpilot.com/reviews/68a1a58f0f5d4fb22acd15f7	2025-08-17T11:49:03.000Z	1	Organic	Air Jus		livraison / delais;non recu / commande incomplete;service client;arnaque / fraude	Ce sont des voleurs.	Ce sont des voleurs. / Commande passée en décembre, avec un faux numéro de livraison. Malgré plusieurs relances par mail, au début ils s'excusent puis aucune réponse, commande jamais reçue.  / Ne pas acheter sur leur site.  / D'ailleurs, ils n'ont aucune adresse en France. 
Trustpilot	68a19b13c9f6333aaa65bb6b	https://fr.trustpilot.com/reviews/68a19b13c9f6333aaa65bb6b	2025-08-17T11:04:19.000Z	5	BasicLink	Emilie		confort (positif)	Super !	Après 2 nuits avec l'oreiller et le coussin lombaire, je revis, merci beaucoup, un vrai bonheur de bien dormir et de me réveiller sans avoir l'impression de mettre fait rouler dessus 🎉🎉
Trustpilot	68a199319d685d24f2eed407	https://fr.trustpilot.com/reviews/68a199319d685d24f2eed407	2025-08-17T10:56:17.000Z	5	BasicLink	Malika Mechmache		service client	vous êtes réactive sur les mails 	vous êtes réactive sur les mails , je vous ai demandé de me dire où s’e en ai la commande vous m’avez répondu 2 fois dans la même semaine , sa nous rassure qu’on va bien recevoir la commande 
Trustpilot	68a185a3d5ae898242187798	https://fr.trustpilot.com/reviews/68a185a3d5ae898242187798	2025-08-17T09:32:51.000Z	4	BasicLink	frederic blanc		douleurs (cou, dos, epaules);livraison / delais	produit surprenant.	produit surprenant.. plus mal au dos au réveil.. que du bonheur.. un seul bémol le délai de livraison.. plus d’une semaine 
Trustpilot	68a0d47f2ec545cb3907ab19	https://fr.trustpilot.com/reviews/68a0d47f2ec545cb3907ab19	2025-08-16T20:57:03.000Z	5	AFSv2	Earl D. Phillips		origine / chine / dropshipping	Sceptique au début, convaincu après usage	Au début sceptique, mais aujourd’hui je ne peux plus m’en passer. J’ai même changé d’avis sur la mousse à mémoire de forme. Avec celui-ci, tout est bien pensé.
Trustpilot	68a0d1775999b1b53f32e843	https://fr.trustpilot.com/reviews/68a0d1775999b1b53f32e843	2025-08-16T20:44:07.000Z	5	AFSv2	Edward J. McKissack		confort (positif)	Bien mieux que tout ce que j’ai testé	Confortable et agréable, bien mieux que ce que j'ai pu tester avant. Je m’attendais à un oreiller comme les autres, mais là on est clairement un cran au-dessus.
Trustpilot	68a0cbb97192a7c537c4bc65	https://fr.trustpilot.com/reviews/68a0cbb97192a7c537c4bc65	2025-08-16T20:19:37.000Z	4	AFSv2	David M. Simpson		confort (positif);douleurs (cou, dos, epaules);qualite percue	Qualité + soulagement garanti	Excellente qualité et soulagement des douleurs garanti. L’oreiller épouse bien la forme de la tête, la mousse est dense et confortable. Parfait pour un bon maintien.
Trustpilot	68a0c9a558d8369b1444863a	https://fr.trustpilot.com/reviews/68a0c9a558d8369b1444863a	2025-08-16T20:10:45.000Z	5	AFSv2	William L. Lawson		douleurs (cou, dos, epaules);prix / valeur;recommande	Parfait pour les douleurs cervicales	Idéal pour les personnes souffrant de douleurs cervicales. J’ai longtemps cherché une solution, et là je sens vraiment un mieux. Je recommande à tous ceux qui souffrent comme moi.
Trustpilot	689f599b54ecf58a71198aa1	https://fr.trustpilot.com/reviews/689f599b54ecf58a71198aa1	2025-08-15T18:00:27.000Z	5	BasicLink	Antoine Cauchy			Super oreiller	Super oreiller 
Trustpilot	689f0e00032a246386cab461	https://fr.trustpilot.com/reviews/689f0e00032a246386cab461	2025-08-15T12:37:53.000Z	5	BasicLink	Maxime Chanu		douleurs (cou, dos, epaules);recommande	Je suis très content de se site que…	Je suis très content de se site que j’ai trouver sur Facebook je recommande fortement surtout le coussin soya 2.0 mon collège a plus de douleur au cervical 
Trustpilot	689f0d8332d1f58a5e02677f	https://fr.trustpilot.com/reviews/689f0d8332d1f58a5e02677f	2025-08-15T12:35:47.000Z	5	BasicLink	Colleté Audrey		confort (positif);douleurs (cou, dos, epaules)	Meilleur sommeil 	Meilleur sommeil, beaucoup moins de douleurs cervicales au réveil.
Trustpilot	689f096381b5c15bf18dfab0	https://fr.trustpilot.com/reviews/689f096381b5c15bf18dfab0	2025-08-15T12:18:11.000Z	5	BasicLink	Fabien		confort (positif);douleurs (cou, dos, epaules);qualite percue	Oreillers de très bonne qualité	Oreillers de très bonne qualité, épouse parfaitement la tête et la nuque, très agréable au touché. Fait du bien !
Trustpilot	68a878ec3d11b0a39f38646a	https://fr.trustpilot.com/reviews/68a878ec3d11b0a39f38646a	2025-08-22T16:04:28.000Z	5	BasicLink	Jessica Giraud		confort (positif);douleurs (cou, dos, epaules)	Oreiller super confortable et dès la…	Oreiller super confortable et dès la première utilisation, j'ai senti une amélioration au niveau des cervicales (moins de raideurs et de douleurs) ainsi qu'aux épaules.
Trustpilot	68a8669d9ee9dbdcdbe1b5f8	https://fr.trustpilot.com/reviews/68a8669d9ee9dbdcdbe1b5f8	2025-08-22T14:46:21.000Z	5	BasicLink	Isa Mour			Ma fille m’a fait connaitre votre site	Ma fille m’a fait connaitre votre site, elle était interessée par l’oreiller Soya 02.  J’ai commandé deux oreillers Soya 01, que je suis en train de tester.  / Puis hier j’ai commandé pour ma fille 2 oreillers Soya 02. Jusque là tout va bien.
Trustpilot	68a83c637a015e6ff80d928b	https://fr.trustpilot.com/reviews/68a83c637a015e6ff80d928b	2025-08-22T11:46:11.000Z	5	BasicLink	Mohamed Mezouar		recommande	Génial	Depuis que j'ai essayé cet oreiller je ne peux plus revenir à l'ancien, je sens que mon sommeil est plus profond et je me réveille totalement détendu. Je recommande vivement !
Trustpilot	68a829f2ecb49c06026f0304	https://fr.trustpilot.com/reviews/68a829f2ecb49c06026f0304	2025-08-22T10:27:30.000Z	5	Organic	G W		livraison / delais;service client	Soya au top	J'ai eu très peur en voyant certains commentaires négatifs mais Soya a su me rassurer et m'a tenu au courant par mail. J'ai commandé 3 oreillers le 11 août et je les ai reçu le 20 août.  / Merci au service après vente de Soya. / Plus qu'à tester les oreillers.
Trustpilot	68a7f83f60088ee8d4d55f96	https://fr.trustpilot.com/reviews/68a7f83f60088ee8d4d55f96	2025-08-22T06:55:27.000Z	5	BasicLink	Leveque		douleurs (cou, dos, epaules);temps d adaptation	3 nuits et douleurs de nuque disparues	Après déjà 3 nuits, douleurs de nuque disparues!  Il faut un petit peu de temps pour s’habituer qd même puisque assez différent d’un oreiller classique… mais top!
Trustpilot	68a7ba69f8e69ce8fe590b46	https://fr.trustpilot.com/reviews/68a7ba69f8e69ce8fe590b46	2025-08-22T02:31:37.000Z	5	Organic	Lawrence M. Herron		confort (positif)	Sommeil enfin réparateur	Enfin des nuits tranquilles et réparatrices, merci Soya. Je ne me réveille plus fatigué. Je dors profondément et je récupère mieux.
Trustpilot	68a76872ab705c6439960613	https://fr.trustpilot.com/reviews/68a76872ab705c6439960613	2025-08-21T20:41:54.000Z	4	Organic	Cedric		livraison / delais;non recu / commande incomplete;service client;qualite percue;arnaque / fraude	Merci à tous ceux qui m´on fait baliser…	Merci à tous ceux qui m´on fait baliser en disant que c’est une arnaque !!! / Pas du tout! Effectivement j’ai pas reçu le colis dans le délai de 5 jours comme indiqué sur le site. Commande le 11 août reçu le 21. Il répondait à mes mails.  / À vérifier la qualité des oreillers par la suite.  / 
Trustpilot	68a75a8ce2801c23f13457c3	https://fr.trustpilot.com/reviews/68a75a8ce2801c23f13457c3	2025-08-21T19:42:36.000Z	5	BasicLink	Rudy “Trisoprank” Van Vooren		douleurs (cou, dos, epaules);livraison / delais	Dupuis que je l’ai reçu j’ai beaucoup…	Dupuis que je l’ai reçu j’ai beaucoup moins de douleur 
Trustpilot	68a752c61c6ae13179bd3138	https://fr.trustpilot.com/reviews/68a752c61c6ae13179bd3138	2025-08-21T19:09:26.000Z	5	BasicLink	Laurent Valpromy		livraison / delais;service client	En cette période estivale	En cette période estivale, le colis a mis plus de temps, mais le service client a bien fonctionné. Les coussins nous permettent de mieux dormir.
Trustpilot	68a750c899a0a8c5dada6c12	https://fr.trustpilot.com/reviews/68a750c899a0a8c5dada6c12	2025-08-21T19:00:56.000Z	4	BasicLink	Cyrille Audonnet		service client;qualite percue;recommande	Un oreiller parfait 	Un oreiller parfait , un maintien impeccable dans toutes les positions et l'ergonomie pour le passage des bras est top 🤗 un tout petit bémol pour le tissu en maille, au niveau  du passage des bras , qui est moins doux , sinon je recommande 🤗
Trustpilot	68a74a929bba12f2f4876215	https://fr.trustpilot.com/reviews/68a74a929bba12f2f4876215	2025-08-21T18:34:26.000Z	4	Organic	MR FREDOC		confort (positif);douleurs (cou, dos, epaules)	l'oreiller miracle	bien dormi avec cet oreiller , pas de douleurs aux cervicales, ni aux bras ,reste à voir dans le temps l'efficacité pour le moment c'est top
Trustpilot	68a73f786b94eb0e152bc395	https://fr.trustpilot.com/reviews/68a73f786b94eb0e152bc395	2025-08-21T17:47:04.000Z	5	BasicLink	lucas nerin		confort (positif);douleurs (cou, dos, epaules);prix / valeur;recommande	Depuis l'achat de ce coussin je passe de bien meilleure nuit	Depuis l'achat de ce coussin je passe de bien meilleure nuit je bouge moins pour chercher la position et j'ai moins de raideur matinale, je l'ai même conseillé à ma famille
Trustpilot	68a73cd4baaff8a4be955c76	https://fr.trustpilot.com/reviews/68a73cd4baaff8a4be955c76	2025-08-21T17:35:48.000Z	5	BasicLink	Luca Contiero		confort (positif)	Super confortable	Super confortable
Trustpilot	68a71ec0fcaa0fae00947cb8	https://fr.trustpilot.com/reviews/68a71ec0fcaa0fae00947cb8	2025-08-21T15:27:28.000Z	4	BasicLink	Marie Rougier Chemel		douleurs (cou, dos, epaules);livraison / delais	Les délais de livraison ont été plus…	Les délais de livraison ont été plus longs que prévus (2 bonnes semaines vs 3 à 5 jours selon le site web). Par contre, l'oreiller correspond bien à mes attentes et a soulagé mes douleurs.
Trustpilot	68a7067f688844a40f549bae	https://fr.trustpilot.com/reviews/68a7067f688844a40f549bae	2025-08-21T13:43:59.000Z	5	BasicLink	Eric DESTOUCHES			Topissime !	Dubitatif au départ, bluffant à l'essai.  / Je vais en acheter un autre pour ma compagne qui n'en voulait pas tout d'abord. Je suis équipé pour les apnées du sommeil et souffre d'une hernie discale L5. Sincèrement, je suis conquis.
Trustpilot	68a70602ff60df9f9f6ef7d7	https://fr.trustpilot.com/reviews/68a70602ff60df9f9f6ef7d7	2025-08-21T13:41:54.000Z	5	BasicLink	Julie Wunderly		douleurs (cou, dos, epaules)	Super	Dès la première nuit passée avec l'oreiller ergonomique on sent que la tête et la nuque sont bien calées, le dos reste bien droit quand on dort sur le côté. C'est top !
Trustpilot	68a6f8de2e6a6daf343a2f13	https://fr.trustpilot.com/reviews/68a6f8de2e6a6daf343a2f13	2025-08-21T12:45:50.000Z	5	BasicLink	Lmu		livraison / delais;conformite a l annonce	Pour l'instant satisfaite 	Offre intéressante, produit conforme à l'image et livraison plus ou moins rapide. Cela ne fait que quelques jours que nous avons les coussins et nous sommes pour l'instant satisfaite. 
Trustpilot	68a6f48c370629b46401abea	https://fr.trustpilot.com/reviews/68a6f48c370629b46401abea	2025-08-21T12:27:24.000Z	5	BasicLink	Thibaut Beck 		qualite percue;housse	Très bonne expérience	Très bonne expérience, et produits de qualités. / A modifier juste peut-être en rajoutant une étiquette pour l'entretien des housses d'oreiller.
Trustpilot	68a6eaba6abdd2290db0d7b0	https://fr.trustpilot.com/reviews/68a6eaba6abdd2290db0d7b0	2025-08-21T11:45:31.000Z	5	BasicLink	Jérôme Dupriez		livraison / delais;qualite percue	Délais de livraison respecté	Délais de livraison respecté, produits de bonne qualité, cela ne fais que deux jours, mais on voit déjà la différence 
Trustpilot	69b6a19617962b157f640389	https://fr.trustpilot.com/reviews/69b6a19617962b157f640389	2026-03-15T14:09:58.000Z	4	BasicLink	Yannick		confort (positif);temps d adaptation;livraison / delais	Très contente de mon achat	Très contente de mon achat. Un peu de délai pour la réception mais pas non plus 1 mois. J’ai pris le soya 3.0 et il faut un temps d’adaptation mais il est super confortable.
Trustpilot	69b69dce41940cab16d35f62	https://fr.trustpilot.com/reviews/69b69dce41940cab16d35f62	2026-03-15T13:53:50.000Z	1	Organic	Bousquet		livraison / delais	 Societe pas serieuse et toujours pas livré Voila plus de 15 jours que j attends ma…	Voila plus de 15 jours que j attends ma commande..aucune info à par me dire qu elle va bientôt partir du depot ..societe pas serieuse. / 
Trustpilot	69b678f3472f948aed344bdc	https://fr.trustpilot.com/reviews/69b678f3472f948aed344bdc	2026-03-15T11:16:35.000Z	5	BasicLink	Carine Lecler		livraison / delais	Professionnalisme	Commande facile / Produit correspondant à la description et à mes attentes / Livraison rapide 
Trustpilot	69b6752b3d09b0559f8adb96	https://fr.trustpilot.com/reviews/69b6752b3d09b0559f8adb96	2026-03-15T11:00:28.000Z	5	BasicLink	Client		confort (positif);douleurs (cou, dos, epaules);livraison / delais	Commande sans encombre	Commande passée sans difficulté, reception de la commande parfaitement exécutée,  / Oreiller très confortable, ma douleur de cou a disparu a son utilisation.
Trustpilot	69b59192c601e98632eee22f	https://fr.trustpilot.com/reviews/69b59192c601e98632eee22f	2026-03-14T18:49:22.000Z	5	BasicLink	ALAIN OBERT		livraison / delais;conformite a l annonce	Produit conforme à mes attentes	Produit conforme à mes attentes
Trustpilot	69b5862d4bbe709f2a19d28c	https://fr.trustpilot.com/reviews/69b5862d4bbe709f2a19d28c	2026-03-14T18:00:45.000Z	4	BasicLink	jb jb		confort (positif)	Le coussin est agréable et soutient…	Le coussin est agréable et soutient bien la tête 
Trustpilot	69b56400235d0d71845e416b	https://fr.trustpilot.com/reviews/69b56400235d0d71845e416b	2026-03-14T15:34:56.000Z	5	BasicLink	Xavier Tirant		livraison / delais	Livraison rapide et produit idéal pour…	Livraison rapide et produit idéal pour la personne qui a des problèmes de sommeil ou d’apnée 
Trustpilot	69b53fef9a017bbf76075f4a	https://fr.trustpilot.com/reviews/69b53fef9a017bbf76075f4a	2026-03-14T13:01:03.000Z	5	BasicLink	Grandin		douleurs (cou, dos, epaules)	Très satisfaite	1ere nuit avec mon coussin et je me suis déjà réveillée avec moins de tension au niveau de mes cervicales et une impression d'un sommeil moins agité. 
Trustpilot	69b53480759a702ad9ceb6ba	https://fr.trustpilot.com/reviews/69b53480759a702ad9ceb6ba	2026-03-14T12:12:16.000Z	5	BasicLink	Verriez 		douleurs (cou, dos, epaules);livraison / delais;service client;housse	Heureux 	Je suis l'heureux propriétaire d'un oreiller  soya 2 depuis  maintenant 3 mois  ,et j'en suis pleinement satisfait.  / Je me lève sans douleur au niveau de la nuque.  C’est un vrai bonheur. Il y'a quand un vrai problème sur la communication. Vous  mettez dans votre offre  une livraison standard  entre 3 et 5 jours.  J'ai fait une nouvelle commande de 2 oreillers soya 3 et de 3 housses le 02/02/2026 et je n'ai toujours pas été  livré à ce jours.  Cette commande  était pour faire un cadeau d’anniversaire . J'ai été obligé de vous envoyer 2 mail  pour  espérer recevoir  ma commande  la semaine prochaine. Ce n'est  pas  très encourageant de vous faire  d'autres commandes dans l'avenir.  / J'espère que  cela pourra vous servir  dans votre  façon de traiter les commandes de vos clients.  / Je  vous souhaite une très belle journée  / Éric Verriez 
Trustpilot	69b52f7431091f5ef0f37bdb	https://fr.trustpilot.com/reviews/69b52f7431091f5ef0f37bdb	2026-03-14T11:50:44.000Z	5	BasicLink	Guillaume Vert		confort (positif);douleurs (cou, dos, epaules);qualite percue;housse;recommande	Nouvel achat pour le renouvellement de mes housses	Nouvel achat pour le renouvellement de mes housses et toujours satisfait de la qualité des produits et de l’efficacité des envois. Je ne peux plus me passer du confort de mon coussins, mes maux de dos liés à une mauvaise position la nuit ont quasiment disparus.  / Je recommande !! 
Trustpilot	69b5235002e7df786b7f32c6	https://fr.trustpilot.com/reviews/69b5235002e7df786b7f32c6	2026-03-14T10:58:56.000Z	5	BasicLink	Danaë Schneider		confort (positif)	Franchement rapide et confortable	Franchement rapide et confortable, j’avais ces dernier temps mal au crâne en me réveillant mon oreiller était vraiment mort et là depuis 3 nuits je revis c’est ultra confortable que ce soit sur le dos sur le ventre ou côté  / Merci
Trustpilot	69b51b245cddb8c4661aa781	https://fr.trustpilot.com/reviews/69b51b245cddb8c4661aa781	2026-03-14T10:24:04.000Z	5	BasicLink	JJ FOGLINO		livraison / delais;qualite percue	Respect des dates de livraison	Respect des dates de livraison / Produit de qualite
Trustpilot	69b5131bef6244a2af2b829d	https://fr.trustpilot.com/reviews/69b5131bef6244a2af2b829d	2026-03-14T09:49:47.000Z	4	BasicLink	War Lord		odeur	Les oreillers sont parfait	Les oreillers sont parfait, juste il y a une odeur, due au stockage trop long dans des dépots humides, je pense.
Trustpilot	69b50d344c4b9c168370a2a8	https://fr.trustpilot.com/reviews/69b50d344c4b9c168370a2a8	2026-03-14T09:24:36.000Z	5	BasicLink	Hélène Ansel-Duchossoy		douleurs (cou, dos, epaules);temps d adaptation;livraison / delais;recommande	Oreiller au top du top, que je conseille très fortement	J’ai reçu les oreillers hier, j’ai passé ma première nuit avec et franchement c’est top, il va me falloir un adaptation, mais je me suis réveillé sans douleur. Je le recommande+++
Trustpilot	69b4eb63b5a12b7315f6643d	https://fr.trustpilot.com/reviews/69b4eb63b5a12b7315f6643d	2026-03-14T07:00:19.000Z	5	BasicLink	pascal tonarelli		qualite percue	qualité de service et de produits	qualité de service et de produits
Trustpilot	69b45135c89362d821ab338c	https://fr.trustpilot.com/reviews/69b45135c89362d821ab338c	2026-03-13T20:02:29.000Z	5	BasicLink	Françoise		livraison / delais;conformite a l annonce	Article conforme à l annonce	Article conforme à l annonce. Délai de livraison raisonnable 
Trustpilot	69b446247b1e5a37fb317fa7	https://fr.trustpilot.com/reviews/69b446247b1e5a37fb317fa7	2026-03-13T19:15:16.000Z	5	BasicLink	Emmanuelle A			Traitement rapide de ma commande	Traitement rapide de ma commande
Trustpilot	69b4415ab8b9811971783f8a	https://fr.trustpilot.com/reviews/69b4415ab8b9811971783f8a	2026-03-13T18:54:50.000Z	4	BasicLink	Brassac Laetitia		douleurs (cou, dos, epaules);temps d adaptation	J'avais de très grosse douleurs au…	J'avais de très grosse douleurs au cervical et je vois vraiment la différence.  / Je suis également appareiller pour dormir et c'est vraiment adapter 
Trustpilot	69b40f6f2c4ca229a3f400c6	https://fr.trustpilot.com/reviews/69b40f6f2c4ca229a3f400c6	2026-03-13T15:21:51.000Z	5	BasicLink	sebastien		livraison / delais;qualite percue	Livraison assez rapide et bien emballé.	Livraison assez rapide et bien emballé. / Oreiller de bonne qualité 
Trustpilot	69b3f458f08ce305cd94fc01	https://fr.trustpilot.com/reviews/69b3f458f08ce305cd94fc01	2026-03-13T13:26:16.000Z	5	BasicLink	JEAN DANIEL			Malgré la pléthore de proposition pour…	Malgré la pléthore de proposition pour l’article qui m’intéressait, la proposition de Soya a été la plus convaincante ! 
Trustpilot	69b3eb89ee477e430f9018b9	https://fr.trustpilot.com/reviews/69b3eb89ee477e430f9018b9	2026-03-13T12:48:41.000Z	5	BasicLink	Francois Georget		livraison / delais	J’ai reçu ma commande dans un délai…	J’ai reçu ma commande dans un délai cours, et en parfait état. Elle était très bien identifiée et très bien protégée. / Je suis satisfait.
Trustpilot	69b3e9ea0773f9fadcf35be1	https://fr.trustpilot.com/reviews/69b3e9ea0773f9fadcf35be1	2026-03-13T12:41:46.000Z	5	BasicLink	Christelle Quintard		confort (positif);douleurs (cou, dos, epaules);temps d adaptation;livraison / delais	Après une première nuit avec l’oreiller, zéro douleur aux cervicales	Après une première nuit avec l’oreiller Soya.2 je suis agréablement surprise. Le temps d’adaptation a été très court. Zéro douleur aux cervicales au réveil. Ça fait du bien ! La livraison a pris un peu de temps, mais je ne regrette pas mon achat. Je songe à commander un deuxième oreiller à emporter quand je dors en dehors de chez moi.
Trustpilot	69b3e6b7c3b69f76f608b9bd	https://fr.trustpilot.com/reviews/69b3e6b7c3b69f76f608b9bd	2026-03-13T12:28:07.000Z	5	BasicLink	Stéphanie Delepine		confort (positif)	Très bon produit	Très bon produit pour le moment sa fait 2jours que je l'ai mais tres confortable 
Trustpilot	69b3e0edaac7af497940efc4	https://fr.trustpilot.com/reviews/69b3e0edaac7af497940efc4	2026-03-13T12:03:25.000Z	5	BasicLink	Rémi A.			Très bon achat	Très bon achat. Expérience réussie. / Grâce à l'oreiller soya mon sommeil est profond et meilleur. 
Trustpilot	69b3c00c684cef646e7bddfc	https://fr.trustpilot.com/reviews/69b3c00c684cef646e7bddfc	2026-03-13T09:43:08.000Z	5	BasicLink	Hollande			Produits découverts récemment.	Produits découverts récemment. / Je n'ai jamais trouvé l'oreiller idéal et bien c'est fait maintenant !!!! Au top 👌 
Trustpilot	69b3b8eac0fb4df1d6e807fe	https://fr.trustpilot.com/reviews/69b3b8eac0fb4df1d6e807fe	2026-03-13T09:12:42.000Z	5	BasicLink	gilles Rannou		confort (positif)	Très agréable 	La position de la tete est parfaite  / Merci pour cette expérience 
Trustpilot	69b3a280224aee0758fa6163	https://fr.trustpilot.com/reviews/69b3a280224aee0758fa6163	2026-03-13T07:37:04.000Z	5	BasicLink	Pascaline		douleurs (cou, dos, epaules);temps d adaptation;livraison / delais	Livraison rapide et oreiller parfait	Livraison rapide et oreiller parfait . Un petit temps. D’Adaptation pour vraiment apprécier ce nouvel oreiller . Mais au bout de deux trois jours je ressens les bienfaits de ce produit . Je n ai plus la nuque raide quand je me lève . Mon sommeil est plus profond . 
Trustpilot	69b3964105b93deeced313b1	https://fr.trustpilot.com/reviews/69b3964105b93deeced313b1	2026-03-13T06:44:49.000Z	5	BasicLink	Un client très satisfait		confort (positif);odeur;taille / dimensions / taie;livraison / delais;housse;suivi de colis;recommande	À recommander et bonne nuit 😉	Petit problème de suivi des commandes chez le livreur, mais les 5 oreillers Soya 2.0 & 3.0 commandés sont bien arrivés intacts et proprement emballés. L‘odeur dégagée des oreillers est un peu forte les premiers jours (à laisser aérés quelque temps), Les deux versions ont été achetées pour les essayer et les comparer afin que chacun dans la famille trouve ce dont il a besoin:  la forme des oreillers est agréable, la texture aussi. Il est également possible de mettre les coussins dans des housses de coussin „normales“ (aux bonnes dimensions bien évidemment). La tête est bien calée et trouve naturellement sa place dans l’oreiller. D‘une manière générale positivement surpris et satisfaits des achats. Merci Soya 😊
Trustpilot	69b2f86c0306b06a39b6575d	https://fr.trustpilot.com/reviews/69b2f86c0306b06a39b6575d	2026-03-12T19:31:24.000Z	5	BasicLink	Dana		conformite a l annonce;recommande	Publicité non mensongère	Publicité non mensongère, promesses tenues, je suis une cliente satisfaite qui recommande vivement l'entreprise Soya
Trustpilot	69b2ed14f0602eb7798f6a3b	https://fr.trustpilot.com/reviews/69b2ed14f0602eb7798f6a3b	2026-03-12T18:43:00.000Z	5	BasicLink	Raphaëlle 		livraison / delais;service client;recommande	Contente de mon oreiller	Contente de mon oreiller. Livraison rapide et le SAV rapide pour répondre aux questions. / Je recommande 
Trustpilot	69b2dbc29589310de65889a1	https://fr.trustpilot.com/reviews/69b2dbc29589310de65889a1	2026-03-12T17:29:06.000Z	5	Organic	Nathalie MOREL		livraison / delais;service client	Un très bon service client	Un très bon service client, des délais de livraisons respectés
Trustpilot	69b2d98b9b827412b90ae1b8	https://fr.trustpilot.com/reviews/69b2d98b9b827412b90ae1b8	2026-03-12T17:19:39.000Z	5	BasicLink	Anita Karo		confort (positif);livraison / delais	commande rapide sur le site internet	commande rapide sur le site internet, livraison rapide à la date indiquée. Le site est clair, mais je pense que pour ma prochaine commande je prendrai le modèle 3 encore plus confortable !
Trustpilot	69b2b631faec87107a03eac6	https://fr.trustpilot.com/reviews/69b2b631faec87107a03eac6	2026-03-12T14:48:49.000Z	5	BasicLink	Celine Jehanne			Très bon oreiller soya 2 et coussin de…	Très bon oreiller soya 2 et coussin de chaise 
Trustpilot	69b2b2ed9d3f85411933f677	https://fr.trustpilot.com/reviews/69b2b2ed9d3f85411933f677	2026-03-12T14:34:54.000Z	4	BasicLink	Jade Gueroult		livraison / delais	Bon produit	Bon produit cependant la livraison était beaucoup plus longue que prévue (10 jours au lieux de 5) mais sinon très bien !
Trustpilot	69b2a7338c1baff4643ef1ce	https://fr.trustpilot.com/reviews/69b2a7338c1baff4643ef1ce	2026-03-12T13:44:51.000Z	5	BasicLink	Ricard		confort (positif)	Merveilleux	Très heureuse de l'achat du coussin soya 2.0 coussin exceptionnel et agréable 
Trustpilot	69b28f1b4656bd304dc35a50	https://fr.trustpilot.com/reviews/69b28f1b4656bd304dc35a50	2026-03-12T12:02:03.000Z	1	BasicLink	Samy		retour / remboursement;service client;conformite a l annonce;arnaque / fraude	Arnaque ne pas acheter !!	Arnaque ne pas acheter !!! Service client déplorable. / J'ai retourné le produit neuf en respectant à la lettre la procédure et après plusieurs relance pendant plus de 5 mois, on me dit que le retour n'est pas conforme  sans aucune explication donc pas de remboursement et le pompon c'est qu'ils gardent le produit chez eux. Personne au téléphone, ils communiquent que par email.
Trustpilot	69b28e5a50183c5563187ada	https://fr.trustpilot.com/reviews/69b28e5a50183c5563187ada	2026-03-12T11:58:50.000Z	5	BasicLink	Olivier Delage		confort (positif)	Oreiller doux et confortable 	Ce sont des oreillers très confortable, 
Trustpilot	69b27f699ad1bb1a03135909	https://fr.trustpilot.com/reviews/69b27f699ad1bb1a03135909	2026-03-12T10:55:05.000Z	5	BasicLink	François Malavallon			Rapide efficace	Rapide efficace 
Trustpilot	69b1cd8582da2afd4954fb73	https://fr.trustpilot.com/reviews/69b1cd8582da2afd4954fb73	2026-03-11T22:16:05.000Z	5	BasicLink	Roxane CHARLES		confort (positif);fermete (dur / mou);douleurs (cou, dos, epaules)	Maintien optimal	Le nouveau coussin 3.0 permet un maintien des cervicales optimal. Le coussin est plutôt dur mais à mémoire de forme et très agréable pour la nuit. Je l’ai depuis 1 semaine, j'espère que ca diminuera mes problèmes cervicales. 
Trustpilot	69b13554195e50393b6abb7f	https://fr.trustpilot.com/reviews/69b13554195e50393b6abb7f	2026-03-11T11:26:44.000Z	5	BasicLink	Virginie EDOUARD		confort (positif);chaleur / fraicheur;douleurs (cou, dos, epaules)	Une semaine avec mon oreiller…	Une semaine avec mon oreiller ergonomique SOYA 2.0… et déjà une vraie différence. / Avant : / Je me réveillais souvent avec la nuque raide, parfois même avec un mal de tête dès le matin. / Pas l’idéal pour démarrer une journée pleine d’énergie. / Depuis que je dors avec cet oreiller : / ✔️ mes cervicales sont beaucoup plus détendues au réveil / ✔️ le maintien est vraiment confortable / ✔️ et gros plus : il ne tient pas chaud, donc pas de sensation de transpiration pendant la nuit / Résultat : des nuits plus agréables et des réveils beaucoup plus légers. / Si tu te réveilles régulièrement avec des tensions dans la nuque, ça vaut vraiment la peine de tester un bon oreiller ergonomique. Le sommeil change tout.
Trustpilot	69b12872fd4ab02690dd4f46	https://fr.trustpilot.com/reviews/69b12872fd4ab02690dd4f46	2026-03-11T10:31:46.000Z	5	BasicLink	Elodie 		temps d adaptation;recommande	Oreillers Soya 3.0	J'ai commandé deux oreillers Soya 3.0. Ce fut le coup de foudre direct pour mon compagnon, il n'avait pas passé d'aussi bonnes nuits depuis une éternité. Pour ma part, une petite adaptation de 2 semaines avant d'en avoir les bénéfices. Je recommande cet achat !
Trustpilot	69b123c432d17ce3d7ad3041	https://fr.trustpilot.com/reviews/69b123c432d17ce3d7ad3041	2026-03-11T10:11:48.000Z	1	Organic	Anaïs M		livraison / delais;non recu / commande incomplete;retour / remboursement;service client;arnaque / fraude	Attention arnaque 	J'ai commandé le 25 janvier (nous sommes le 11 mars !) et je n'ai jamais reçu mon colis. J'ai fait une attestation sur l'honneur et on me dit qu'on ne peut pas me rembourser mais qu'on procède à l'envoi d'un nouveau colis. Ok.  / Une semaine après toujours rien. On me dit qu'ils ont eu des soucis de stock mais on m'assure que ça sera expédié encore cette semaine et qu'après ça je pourrais le renvoyer pour être remboursée. Ok.  / Mercredi suivant, toujours rien. On me dit que le colis est prêt à être expédié et partira dans la journée. Non mais c'est une blague ?? Donc il était largement temps de procéder au remboursement comme demandé. Service client plus que médiocre qui se moque de ses clients et n'accorde aucune considération à leurs demandes. Je demande une fois de plus à être remboursée pour ce colis jamais reçu. Je vous déconseille vivement cette société qui s'apparente à une belle arnaque 
Trustpilot	69b11c2151f4a138da5a2053	https://fr.trustpilot.com/reviews/69b11c2151f4a138da5a2053	2026-03-11T09:39:13.000Z	5	BasicLink	Lucile caravita		livraison / delais	Deux commandes 	Deux commandes reçues conformes à la description  / J adore le coussin commande  / Merci 
Trustpilot	69b09457895fe6c560c35d29	https://fr.trustpilot.com/reviews/69b09457895fe6c560c35d29	2026-03-10T23:59:51.000Z	5	BasicLink	Daniel			Super choix de ma part	Super choix de ma part
Trustpilot	69b08ba7412711845b3f5bd2	https://fr.trustpilot.com/reviews/69b08ba7412711845b3f5bd2	2026-03-10T23:22:47.000Z	1	Organic	BORDEAUX		livraison / delais;qualite percue;arnaque / fraude	UNE GROSSE ARNAQUE!!!!!!	UNE GROSSE ARNAQUE!!!!!! / Qualité médiocre / Livraison très longue / Il y en à marre de se faire avoir par c'est sites sans la moindre conscience professionnelle. / 
Trustpilot	69b071903b5a42c57fd0c52f	https://fr.trustpilot.com/reviews/69b071903b5a42c57fd0c52f	2026-03-10T21:31:28.000Z	5	BasicLink	Gaetan Chauvet		douleurs (cou, dos, epaules);qualite percue	Un oreiller de qualité 	Un oreiller de qualité  / Mon dos apprécie 😃
Trustpilot	69b054d393d64d5739c9fac0	https://fr.trustpilot.com/reviews/69b054d393d64d5739c9fac0	2026-03-10T19:28:51.000Z	4	BasicLink	DIDIER L		livraison / delais	reçu début de semaine je teste...	reçu début de semaine je teste...
Trustpilot	69b036f4d8e57d67e10bb6e3	https://fr.trustpilot.com/reviews/69b036f4d8e57d67e10bb6e3	2026-03-10T17:21:24.000Z	4	BasicLink	Marion B		confort (positif);temps d adaptation	Très bonne adaptation à la nouvelle…	Très bonne adaptation à la nouvelle forme de cousin, très agréable. / 
Trustpilot	69b02e746f1bc2a3d3c4bcc0	https://fr.trustpilot.com/reviews/69b02e746f1bc2a3d3c4bcc0	2026-03-10T16:45:08.000Z	5	BasicLink	Happy 			Très satisfaite	Très satisfaite 
Trustpilot	69b02d4d7c1c82f802b412d7	https://fr.trustpilot.com/reviews/69b02d4d7c1c82f802b412d7	2026-03-10T16:40:13.000Z	5	BasicLink	estelle		confort (positif);douleurs (cou, dos, epaules)	Bonjour	Bonjour,  / Très hésitante .... mais j'ai commandé pour voir. Et dès la premières nuits, moins de douleurs cervicales.  / A voir dans le temps ... ca fait une semaine. ;-)  / Très agréablement surprise pour le moment. / 
Trustpilot	69b0169f9c1db26a3eb7fb49	https://fr.trustpilot.com/reviews/69b0169f9c1db26a3eb7fb49	2026-03-10T15:03:27.000Z	5	BasicLink	Rochat Suzanne		livraison / delais;conformite a l annonce;housse	J ai hésité longtemps avant de…	J ai hésité longtemps avant de commander auprès de Soya Paris mais je suis plus que heureuse de l avoir fait. Entreprise sérieuse avec livraison rapide et article conforme à la publicité faite. Je suis plus que satisfaite de mon oreiller et je ne voudrais plus me en passer...Mon seul regret ? C est de ne pas avoir commandé les housses de remplacement en même temps 😁...!
Trustpilot	69b01281d26e5d49cc540b74	https://fr.trustpilot.com/reviews/69b01281d26e5d49cc540b74	2026-03-10T14:45:53.000Z	5	BasicLink	magalie lopes			L’oreiller est génial je revis	L’oreiller est génial je revis 
Trustpilot	69b010ea08e431a879bd48d0	https://fr.trustpilot.com/reviews/69b010ea08e431a879bd48d0	2026-03-10T14:39:06.000Z	5	BasicLink	Franck Le Flem		douleurs (cou, dos, epaules);service client;recommande	Des nuits enfin retrouvées et des douleurs envolées 	Service client à l'écoute de ses clients. De précieux conseils et un envoi rapide. / Nous avons acheté le Soya 2.0 et nous en sommes pleinement satisfaits. / Je recommande cet oreiller aux personnes souffrant des cervicales.
Trustpilot	69b00ebf02c8d0c3c1c51335	https://fr.trustpilot.com/reviews/69b00ebf02c8d0c3c1c51335	2026-03-10T14:29:51.000Z	5	BasicLink	Emma Alvarez		douleurs (cou, dos, epaules)	Un vrai sommeil réparateur !!	Un vrai sommeil réparateur !!! Enfin !!! Les douleurs ont disparues et ça influence tout mon quotidien ! Merci 
Trustpilot	69b00e9304c5c6a9a5234068	https://fr.trustpilot.com/reviews/69b00e9304c5c6a9a5234068	2026-03-10T14:29:07.000Z	5	BasicLink	Gaël ORHON		livraison / delais;recommande	👍 👌👍👌	Colis reçu rapidement et en bon état, l'article correspond tout à fait et me donne satisfaction. /  / Je recommande
Trustpilot	69b00bb864749eef25e43d89	https://fr.trustpilot.com/reviews/69b00bb864749eef25e43d89	2026-03-10T14:16:56.000Z	5	BasicLink	Vanessa Bonamy		douleurs (cou, dos, epaules);temps d adaptation;livraison / delais	Parfait 	Commande reçue rapidement, et j'adore.  Après quelques jours d'adaptation je l'ai complètement adopté, plus aucune douleurs cervicales!
Trustpilot	69affb66bd80d9d5cfbe8326	https://fr.trustpilot.com/reviews/69affb66bd80d9d5cfbe8326	2026-03-10T13:07:18.000Z	5	BasicLink	Victoria			Hésitation mais finalement achats 	Beaucoup de pub qui m’ont fait longuement hésité . Mais à force je me suis lancer . 1er nuit réticente mais les autres sont top moi qui avais du mal à dormir depuis 2 semaine . Merci 
Trustpilot	69aff7e25dedfe6d51fe5fbf	https://fr.trustpilot.com/reviews/69aff7e25dedfe6d51fe5fbf	2026-03-10T12:52:18.000Z	5	BasicLink	FRANCOISE STAUB		chaleur / fraicheur;douleurs (cou, dos, epaules);recommande	Excellent maintien des cervicales que…	Excellent maintien des cervicales que l'on dorme sur le dos ou sur le côté comme moi. Pas de transpiration dans le cou et enfin une nuit calme et reposante ! / Je recommande. /  / 
Trustpilot	69aff443ebdf20df5c215def	https://fr.trustpilot.com/reviews/69aff443ebdf20df5c215def	2026-03-10T12:36:51.000Z	5	BasicLink	MANUEL LEGLISE		douleurs (cou, dos, epaules);prix / valeur;recommande	Très bon produit je le conseille à…	Très bon produit je le conseille à toute personne qui cherche un bon sommeil et ne plus avoir mal au dos
Trustpilot	69aff097ef1ca8a85aa4f2f1	https://fr.trustpilot.com/reviews/69aff097ef1ca8a85aa4f2f1	2026-03-10T12:21:11.000Z	5	BasicLink	Stéphane Bauchemin		temps d adaptation	Adaptation la nuit même 	Adaptation la nuit même  / Je suis très satisfait de cet oreiller 
Trustpilot	69afea1d8442fecb85865204	https://fr.trustpilot.com/reviews/69afea1d8442fecb85865204	2026-03-10T11:53:33.000Z	5	BasicLink	Alexandre Laverdine		confort (positif);livraison / delais	Tres satisfait 	Tres satisfait du confort et du maitient de la tête. Plus que conforme à mes attentes
Trustpilot	69afdfeec9c2a047e653dc83	https://fr.trustpilot.com/reviews/69afdfeec9c2a047e653dc83	2026-03-10T11:10:06.000Z	4	BasicLink	client(e)		livraison / delais;conformite a l annonce	Tout c’est bien passé 	Tout c’est bien passé  / Produit conforme à mes attentes 
Trustpilot	69afd6c1d2f848ba25d63e3c	https://fr.trustpilot.com/reviews/69afd6c1d2f848ba25d63e3c	2026-03-10T10:30:57.000Z	5	BasicLink	Cécile POTHIN		douleurs (cou, dos, epaules);livraison / delais;recommande	Oreillers au top	Oreillers commandés car beaucoup de problème de dos et de cervicales.  Les oreillers sont arrivés sous une dizaine de jours, et dès la 1ère utilisation, j'ai ressenti un mieux au niveau des cervicales.  J'en ai commandé 3 (1 pour chaque membre de la famille), et je ne regrette pas ! Je recommande. 
Trustpilot	69afd5624ec9c1e6567226a5	https://fr.trustpilot.com/reviews/69afd5624ec9c1e6567226a5	2026-03-10T10:25:06.000Z	5	BasicLink	BEURRIAND Aurélie		confort (positif);douleurs (cou, dos, epaules)	Coussin très confortable	Coussin très confortable. Finalement soulagement des cervicales. 
Trustpilot	69afd1b926512084d8453b16	https://fr.trustpilot.com/reviews/69afd1b926512084d8453b16	2026-03-10T10:09:29.000Z	5	BasicLink	Pierre Dos Santos		douleurs (cou, dos, epaules)	Vraiment étonné !	Vraiment étonné ! / Très satisfait de cette oreiller  / Depuis que je dort avec j ai plus de douleurs au cervicales.  Merci beaucoup 
Trustpilot	69afc4511c4eaa1a0b0a30f0	https://fr.trustpilot.com/reviews/69afc4511c4eaa1a0b0a30f0	2026-03-10T09:12:18.000Z	4	BasicLink	Soizic		confort (positif);livraison / delais	Rapide, agréable, confortable 	Une livraison rapide, des oreillers doux et flexibles qui reprennent leur forme instantanément, un meilleur confort pour dormir, merci !
Trustpilot	69afbe037ba9d9cef7f97011	https://fr.trustpilot.com/reviews/69afbe037ba9d9cef7f97011	2026-03-10T08:45:23.000Z	5	BasicLink	Disa Hus		recommande	Ça fait une semaine que je dors avec ce…	Ça fait une semaine que je dors avec ce coussin et mon sommeil est beaucoup mieux et beaucoup plus profond. Je recommande à 100 %.
Trustpilot	69afbdad22409e4b8d204a3b	https://fr.trustpilot.com/reviews/69afbdad22409e4b8d204a3b	2026-03-10T08:43:57.000Z	5	BasicLink	Patricia Bourriaud		fermete (dur / mou);douleurs (cou, dos, epaules)	Oreiller 2.0 parfait pour les cervicales 	J'ai acheté l'oreiller 2.0 car j'ai des problèmes de cervicales. Le matin je me réveille enfin reposée et sans douleurs. L'oreiller est ferme et on peut dormir sur le côté, le dos et le ventre. Mon conjoint l'a essayé et je viens de repasser une commande pour lui.
Trustpilot	69afba53b43735da928d2e51	https://fr.trustpilot.com/reviews/69afba53b43735da928d2e51	2026-03-10T08:29:39.000Z	5	BasicLink	DROUIN			Soya 3.0 une belle innovation	Soya 3.0 une belle innovation. Merci je dors désormais paisiblement.
Trustpilot	69afb1c5d422a1544da966aa	https://fr.trustpilot.com/reviews/69afb1c5d422a1544da966aa	2026-03-10T07:53:09.000Z	5	BasicLink	SEDARD Valerie		douleurs (cou, dos, epaules)	J ai acheté les oreillers ils sont super 	J ai acheté les oreillers ils sont super je ai Plus mal aux cervicales ensuite j ai acheté un coussin pour l assise et un soutien pour le dos ils soulagent beaucoup mon coccyx et mon dos 
Trustpilot	69af36914ed05468be3d5adb	https://fr.trustpilot.com/reviews/69af36914ed05468be3d5adb	2026-03-09T23:07:29.000Z	5	BasicLink	Patricia Kara		confort (positif);douleurs (cou, dos, epaules);livraison / delais	Commande reçue très contente de mon…	Commande reçue très contente de mon achat / Cet oreiller est juste incroyable  / l essayer c est l adopter / Je dors plus confortablement je n ai plus de douleurs dans la nuque au réveil 
Trustpilot	69aecd0dc6e43472b1036b6a	https://fr.trustpilot.com/reviews/69aecd0dc6e43472b1036b6a	2026-03-09T15:37:17.000Z	5	BasicLink	Laurie		confort (positif);livraison / delais;qualite percue	Produit de qualité et agréable	Produit de qualité et agréable. Livraison rapide et soigné.
Trustpilot	69aeb0a658bcefd9417fedc8	https://fr.trustpilot.com/reviews/69aeb0a658bcefd9417fedc8	2026-03-09T13:36:06.000Z	5	BasicLink	junyaa Rezuas		confort (positif)	Agréable c'est top	Agréable c'est top
Trustpilot	69aeae4f1a00cb8156f93200	https://fr.trustpilot.com/reviews/69aeae4f1a00cb8156f93200	2026-03-09T13:26:08.000Z	5	BasicLink	Agnès Paroldo		confort (positif);douleurs (cou, dos, epaules)	confort absolu	Excellent produit, plus de douleurs aux cervicales, un confort absolu, que du bonheur!!! mon sommeil c'est bien amélioré je me réveille reposée et sans douleurs. Merci.
Trustpilot	69aea6aa248ef8f4b02e5e0c	https://fr.trustpilot.com/reviews/69aea6aa248ef8f4b02e5e0c	2026-03-09T12:53:30.000Z	5	BasicLink	CS		confort (positif)	Confort et meilleure nuit de sommeil	Confort et meilleur sommeil 
Trustpilot	69aea699e1e344d8b1a9b351	https://fr.trustpilot.com/reviews/69aea699e1e344d8b1a9b351	2026-03-09T12:53:13.000Z	1	Organic	Aurore Dupain		livraison / delais;retour / remboursement;service client;suivi de colis	Colis renvoyé depuis 2 mois, toujours pas de remboursement	"Colis renvoyé - à mes frais - avec suivi, depuis maintenant 2 mois. Je me fais balader par différents services qui me certifient que mon remboursement est ""pris en charge et en cours"". Je n'ai toujours pas mon argent malgré 5 relances."
Trustpilot	69ae910a9d4a4d4c57c45c77	https://fr.trustpilot.com/reviews/69ae910a9d4a4d4c57c45c77	2026-03-09T11:21:14.000Z	5	BasicLink	Sandrine très satisfaite		confort (positif);odeur;taille / dimensions / taie;douleurs (cou, dos, epaules);livraison / delais	Effectivement ont dors mieux ont est…	Effectivement ont dors mieux ont est mieux installé juste il sent Fort a son arrivée mais une bonne aération et c'est parti une taie d'oreiller normal va dessus sans soucis il est confortable mes cervicales vont mieux 
Trustpilot	699b2eb6d9688226403ae5da	https://fr.trustpilot.com/reviews/699b2eb6d9688226403ae5da	2026-02-22T18:28:38.000Z	4	BasicLink	Flyttar ofta			Sleeping disorders reduced after the first night	I would give 5 stars for the product but reduced star for the slow delivery. After the second night my devices indicated clearly reduced sleeping disorders. The following nights they remained at low level. I immediately went on to purchase the pillows for my family too. Very happy with my purchase. 
Trustpilot	6998b9b9059640374aa9eab5	https://fr.trustpilot.com/reviews/6998b9b9059640374aa9eab5	2026-02-20T21:44:57.000Z	5	BasicLink	Cyme			Very good quality	Very good quality, i got a pillow that was 50% off and was left very satisfied. Would defo recommend and will continue to shop at Soya Paris!
Trustpilot	698e0865b71b017ec8f0a0f7	https://fr.trustpilot.com/reviews/698e0865b71b017ec8f0a0f7	2026-02-12T19:05:41.000Z	5	BasicLink	Ingrida Grigaliunaite			Merci	Merci, c’est perfect!
Trustpilot	6980f16d0386954a4c1c1857	https://fr.trustpilot.com/reviews/6980f16d0386954a4c1c1857	2026-02-02T20:48:13.000Z	5	BasicLink	D F			The order was easy to place. I‘m waiting now for the delivery. 	Easy to order. I‘m waiting for the delivery. 
Trustpilot	6980adec9b02445250641048	https://fr.trustpilot.com/reviews/6980adec9b02445250641048	2026-02-02T16:00:12.000Z	1	Organic	Katherine Smith		origine / chine / dropshipping	I sure hope it's worth the wait	I sure hope it's worth the wait. I have been waiting for a few weeks with this pillow and it's still in China according to the Shop app. I will never again order from this company!
Trustpilot	69516b3ad19b10fb5bc44fd3	https://fr.trustpilot.com/reviews/69516b3ad19b10fb5bc44fd3	2025-12-28T19:39:06.000Z	5	BasicLink	Beatrijs Noppe			the pillows does what I expected	the pillows does what I expected. I feel in my lower back and neck that now I lay in a right line with my spine. I fall asleep faster. 
Trustpilot	6938abb3173f60483dcebf28	https://fr.trustpilot.com/reviews/6938abb3173f60483dcebf28	2025-12-10T01:07:31.000Z	1	Organic	client			Refund Held Hostage for Their Own Mistake	I ordered a Soya 3.0, a Soya 2.0, and a lumbar cushion. I received the Soya 3.0 and the lumbar cushion, but not the Soya 2.0. / Instead, I received a pillowcase. I asked them to send me the Soya 2.0 again, but I received another pillowcase. /  / So I asked them to cancel the Soya 2.0 order, issue a refund, and provide a return label for the two pillowcases I received (which I never ordered). They replied that I had to return the two pillowcases at my own expense, otherwise I wouldn’t be refunded for the pillow. /  / They’re essentially holding my refund hostage over two pillowcases I never ordered and only received because of their mistake. Worst customer service ever.
Trustpilot	69161c7d0017f2da810fde3d	https://fr.trustpilot.com/reviews/69161c7d0017f2da810fde3d	2025-11-13T19:59:25.000Z	5	BasicLink	Misati			Totally satisfied never slept this good…	Totally satisfied never slept this good in a long time. 
Trustpilot	69143b6338d3d7f0b3f3b440	https://fr.trustpilot.com/reviews/69143b6338d3d7f0b3f3b440	2025-11-12T09:46:43.000Z	5	Organic	Barbara theart			Best pillow 	A pillow like no other . Embraces the neckline to give you support wherever needed . Love it 
Trustpilot	68f9c77c9ff73a988e37b769	https://fr.trustpilot.com/reviews/68f9c77c9ff73a988e37b769	2025-10-23T08:13:16.000Z	5	BasicLink	Mark Wishlie Metran			c’est trés tréa bien	c’est trés tréa bien! i always sleep well every night and my body back it didn’t hurt anymore! thank you soya paris. this is a birthday gift to myself! highly recommended this shop. 💙💙💙🥰🥰🫶🏻🫶🏻🤗🤗😍😍
Trustpilot	68d950b78a94e4c4943a186c	https://fr.trustpilot.com/reviews/68d950b78a94e4c4943a186c	2025-09-28T17:13:59.000Z	5	BasicLink	Jeanne Usachova			I didn't expect that this pillow will…	I didn't expect that this pillow will be so soft to touch and comfy to use. Glad I got 2 of it. 
Trustpilot	68a1aea36b5a1ab6fad6e378	https://fr.trustpilot.com/reviews/68a1aea36b5a1ab6fad6e378	2025-08-17T12:27:47.000Z	1	Organic	big Toons		livraison / delais;arnaque / fraude	Effectivement je confirme ⚠️ attention…	Effectivement je confirme ⚠️ attention grosse arnaque ne vous faite pas pigeonner comme moi vous pouvez toujours rêver le colis n'arrivera pas a destination 
Trustpilot	67a89b73a4688ea3fc8dfba7	https://fr.trustpilot.com/reviews/67a89b73a4688ea3fc8dfba7	2025-02-09T14:11:31.000Z	1	Organic	Ayesha Baig		arnaque / fraude	This site is a scam!!	This site is a scam!!! I ordered in november they are making excuses i have filed with paypal but no help!!! I haven’t received my refund!!!!
Loox	GatDeTEFL	loox/couette-rafraichissante-soyafresh_p01.html	2026-06-28T07:16:35Z	5	horodate	Sophie F.	couette-rafraichissante-soyafresh			Je dors beaucoup mieux depuis que j’ai l’oreiller soya
Loox	IuIuQ20Xz	loox/coussin-ergonomique-avec-tete-de-lit_p01.html	2026-04-02T07:22:17Z	5	horodate	Sylvie U.	coussin-ergonomique-avec-tete-de-lit	confort (positif);taille / dimensions / taie;douleurs (cou, dos, epaules);retour / remboursement		Mon fils me l’a offert, dès la première nuit j’ai senti la différence, je n’ai enfin pas passé ma nuit à tourner et retourner pour mettre mon oreiller en place. /  Ce matin je me suis réveillée sans tension dans le cou ni dans le bas du dos.  / Franchement si vous avez des douleurs cervicales dorsales ou bien lombaires c’est vraiment l’oreiller qu’il faut avoir, en plus sa taie est toute douce très agréable. / Un des très rares produits que l’on ne trouve (hélas) que sur la toile, mais qui est vraiment...
Loox	YiTsepViFU	loox/coussin-lombaire-ergonomique-soya_p01.html	2026-09-24T19:29:25Z	1	horodate_verifie	Nathalie E.	coussin-lombaire-ergonomique-soya	fermete (dur / mou)		Nul ! Trop mou !
Loox	I-LNxkoNT1	loox/coussin-lombaire-ergonomique-soya_p01.html	2026-09-23T11:27:43Z	1	horodate_verifie	Florent P.	coussin-lombaire-ergonomique-soya	origine / chine / dropshipping		Produit chinois qui essaie de masquer sa provenance
Loox	v2vVbtnUlj	loox/coussin-lombaire-ergonomique-soya_p01.html	2026-09-15T06:14:55Z	2	horodate_verifie	Laurent	coussin-lombaire-ergonomique-soya			Ne tient pas bien au niveau du genou... Déçu. Sangle trop lâche...
Loox	WOqEaJ5Qug	loox/coussin-lombaire-ergonomique-soya_p01.html	2026-09-10T03:39:32Z	4	horodate_verifie	Jerome G.	coussin-lombaire-ergonomique-soya	livraison / delais		Bien reçu aussi, merci
Loox	bCKO4unDXO	loox/coussin-lombaire-ergonomique-soya_p01.html	2026-09-06T13:06:17Z	1	horodate_verifie	Pilou A.	coussin-lombaire-ergonomique-soya	hauteur / epaisseur		Coussin trop epais, sangle non reglable
Loox	7bZsLQjTsO	loox/coussin-lombaire-ergonomique-soya_p01.html	2026-09-03T07:30:42Z	5	horodate_verifie	Emeline	coussin-lombaire-ergonomique-soya	confort (positif);fermete (dur / mou)		Moelleux et ferme à la fois , ce place super bien au niveau des jambes .
Loox	zrNNAZIXXt	loox/coussin-lombaire-ergonomique-soya_p01.html	2026-08-23T11:47:35Z	5	horodate_verifie	Kimberly G.	coussin-lombaire-ergonomique-soya			Super pour éviter que les genoux se touche
Loox	JSSi1TGt7j	loox/coussin-lombaire-ergonomique-soya_p01.html	2026-08-11T11:50:31Z	5	horodate_verifie	Leila	coussin-lombaire-ergonomique-soya			Offert a mon amie qui en achete un deuxieme pour voyager zinsi qu’un tour de cou…
Loox	sEG92bRg_2	loox/coussin-lombaire-ergonomique-soya_p01.html	2026-08-04T15:18:27Z	5	horodate_verifie	Delphine	coussin-lombaire-ergonomique-soya	confort (positif);livraison / delais		Livraison très longue. Pas encore testé mais a l’air très confortable
Loox	dWBW64D_UM	loox/coussin-lombaire-ergonomique-soya_p01.html	2026-07-11T13:40:32Z	4	horodate_verifie	Laila	coussin-lombaire-ergonomique-soya			Il est bien, mais je trouve qu’il gêne un peu
Loox	_zIsTxtOT1	loox/coussin-lombaire-ergonomique-soya_p01.html	2026-07-02T08:56:34Z	3	horodate_verifie	Virginie	coussin-lombaire-ergonomique-soya	livraison / delais;origine / chine / dropshipping		Reçu à tester. Vient de chine
Loox	1oPF6zw6-m	loox/coussin-lombaire-ergonomique-soya_p01.html	2026-06-12T12:41:02Z	5	horodate_verifie	Sylvain C.	coussin-lombaire-ergonomique-soya			Haut
Loox	wTfLoRRg09	loox/coussin-lombaire-ergonomique-soya_p01.html	2026-06-06T21:49:16Z	4	horodate_verifie	Florine	coussin-lombaire-ergonomique-soya			Tres bien mais ne tient pas forcément tres bien
Loox	ltgFXql-ym	loox/coussin-lombaire-ergonomique-soya_p01.html	2026-05-14T20:34:08Z	5	horodate_verifie	Elise	coussin-lombaire-ergonomique-soya	douleurs (cou, dos, epaules)		Genial. Plus de douleur au genou pour dormir
Loox	86QAuCsiE5	loox/coussin-lombaire-ergonomique-soya_p01.html	2026-04-16T10:41:25Z	5	horodate_verifie	Farid R.	coussin-lombaire-ergonomique-soya			Je dors bcp mieux merci
Loox	SW9ADr-vD9	loox/coussin-lombaire-ergonomique-soya_p01.html	2026-04-07T10:56:00Z	5	horodate_verifie	Jean-louis F.	coussin-lombaire-ergonomique-soya	confort (positif);temps d adaptation		Coussin très adapté et confortable
Loox	rEZl3lrWvL	loox/coussin-lombaire-ergonomique-soya_p01.html	2026-04-06T08:45:20Z	4	horodate_verifie	Sandy	coussin-lombaire-ergonomique-soya	douleurs (cou, dos, epaules)		Très bon produit  qui soulage le dos lorsqu’on dort sur le côté , remplace parfaitement ma technique précédente qui était de mettre ma couette entre mes genoux ☺️
Loox	WYtlSjQE0E	loox/coussin-lombaire-ergonomique-soya_p01.html	2026-01-28T17:48:49Z	5	horodate_verifie	Corinne S.	coussin-lombaire-ergonomique-soya	recommande		Extra, je recommande.
Loox	-Rc_5kbqMd	loox/coussin-lombaire-ergonomique-soya_p01.html	2026-01-28T10:15:45Z	4	horodate_verifie	Audrey M.	coussin-lombaire-ergonomique-soya	temps d adaptation;retour / remboursement		La première nuit a été très difficile, j'avais mal .. mon corps n'était pas habituée. Par contre, j'ai pris le pas pour les nuits suivantes, j'ai beau me retourner, je n'ai pas besoin de le repositionner et je dors plutôt bien !
Loox	hiryaLrJel	loox/coussin-lombaire-ergonomique-soya_p01.html	2026-01-26T20:35:18Z	5	horodate_verifie	Laure D.	coussin-lombaire-ergonomique-soya	douleurs (cou, dos, epaules);recommande		Parfait pour un bon positionnement de la colonne quand on dort sur le côté. Et donc, moins de douleurs dans le dos. Je le recommande.
Loox	CU5rM-EZhX	loox/coussin-lombaire-ergonomique-soya_p02.html	2026-01-19T10:43:46Z	5	horodate_verifie	Laure-anne A.	coussin-lombaire-ergonomique-soya	confort (positif)		Ce petit coussin est vraiment très pratique, je le mets autour de ma cuisse et il ne bouge pas de la nuit , il est moelleux et maintient bien ma cuisse
Loox	-D2O_HHfgw	loox/coussin-lombaire-ergonomique-soya_p02.html	2025-12-31T17:57:02Z	1	horodate_verifie	Sabine N.	coussin-lombaire-ergonomique-soya	taille / dimensions / taie;douleurs (cou, dos, epaules)		Très déçu de ce cousin. Taille trop petite pour être accroché à un siège pour maintenir le dos droit. Résultat, je ne peux pas men servir et sera rangé dans un placard.
Loox	q370QF5fWd	loox/coussin-lombaire-ergonomique-soya_p02.html	2025-12-20T17:56:56Z	5	horodate_verifie	Yazan B.	coussin-lombaire-ergonomique-soya			Très comfortable
Loox	w5rRfH-oQS	loox/coussin-lombaire-ergonomique-soya_p02.html	2025-12-16T16:03:54Z	5	horodate_verifie	Ingrid I.	coussin-lombaire-ergonomique-soya			parfait
Loox	HiGNYJyz9S	loox/couverture-lestee-therapeutique_p01.html	2026-06-08T15:43:06Z	2	horodate_verifie	Anne-sophie	couverture-lestee-therapeutique	livraison / delais		Connaissant la. Ouverture Lestee au sein de l’hôpital je suis decue car le poids qui fait anti stress n’y eet pas du tout, ce que j’ai recu c’est une couverture plaid, il ny a rien de thérapeutique dedans . Decue de mob achat
Loox	PelG8Gipmx	loox/couverture-lestee-therapeutique_p01.html	2026-05-29T16:55:01Z	1	horodate_verifie	Anouk	couverture-lestee-therapeutique			Très déçue  / Une simple couverture polaire qui ne ressemble absolument pas a la photo. Très légère
Loox	zo-cTzqOn	loox/couverture-lestee-therapeutique_p01.html	2026-01-04T11:48:23Z	5	horodate	Karine B.	couverture-lestee-therapeutique	douleurs (cou, dos, epaules);livraison / delais;recommande		Bonjour / Ça fait une semaine que j’ai reçu mon oreiller et je suis 100 % satisfaite, je le recommande,  je dors beaucoup mieux, je n’ai plus mal dans les épaules au dos, c’est vraiment super   / Merci je passe Des super nuits
Loox	P53wFUih8	loox/draps-en-soie-naturelle-soya_p01.html	2026-08-09T07:36:13Z	1	horodate	K	draps-en-soie-naturelle-soya	prix / valeur;conformite a l annonce		Faux ! Ce n'est pas de la soie ! /  / C'est du simple polyester. J'ai vérifié avec une flamme : ça a fondu. La soie ne fond jamais. Le prix de ce drap est de 10 € maximum.
Loox	R3Vh-Bcgry	loox/draps-rafraichissants-soyafresh_p01.html	2026-09-22T09:07:39Z	1	horodate_verifie	Julene	draps-rafraichissants-soyafresh	livraison / delais;non recu / commande incomplete;retour / remboursement;housse		j'ai acheté une housse avec le société soya paris. Le couleur n'était pas comme l'image donc j'ai retourné cette article debut juillet, il sont bien recu, mais j'attends toujours le reimbursement. toujours rien!!! /  / pour moi, cest une société a éviter!!!!!!!
Loox	FhKpaty5E0	loox/draps-rafraichissants-soyafresh_p01.html	2026-08-30T10:47:17Z	2	horodate_verifie	Olivier	draps-rafraichissants-soyafresh	prix / valeur;origine / chine / dropshipping;conformite a l annonce;housse		Description trompeuse car il s'agit d'un drap housse et non d'un drap, qui plus est 100% polyester fabriqué en chine... Ne vaut pas son prix
Loox	lSzvku9C9S	loox/ensemble-de-coussins-orthopediques_p01.html	2026-03-21T20:06:11Z	5	horodate_verifie	Souhila O.	ensemble-de-coussins-orthopediques	confort (positif)		Doux et agréable
Loox	97NhYTiZ0	loox/ensemble-de-coussins-orthopediques_p01.html	2026-02-24T10:36:07Z	5	horodate	Karim C.	ensemble-de-coussins-orthopediques			Achat en cours
Loox	QxUj_B92w2	loox/ensemble-de-coussins-orthopediques_p01.html	2026-01-19T10:49:00Z	4	horodate_verifie	Laure-anne A.	ensemble-de-coussins-orthopediques	confort (positif);hauteur / epaisseur;douleurs (cou, dos, epaules)		l'assise est vraiment super, hyper confortable, j'avais des douleurs au coxxys et maintenant plus du tout . Par contre le dossier est un peu trop épais à mon goût, mais la forme est ok
Loox	e2XumlD7Rn	loox/ensemble-de-coussins-orthopediques_p01.html	2025-06-05T16:57:14Z	5	horodate	Muriel T.	ensemble-de-coussins-orthopediques	douleurs (cou, dos, epaules);service client		"Achetés pour ma mère ayant des douleurs cervicales en raison de mauvaises postures liées à l'âge, sa réponse est la suivante :  ""Oreiller parfait et très bien pensé. Le cou est parfaitement préservé et protégé.  J'en suis très satisfaite!""  / Et pour l'ensemble de coussins de siège (assise et dos) : ""extraordinaire""! / Muriel"
Loox	T1Pzckf3fT	loox/ensemble-doreillers-reglables_p01.html	2026-08-24T13:16:20Z	1	horodate_verifie	Laetitia D.	ensemble-doreillers-reglables			Ne me convient pas
Loox	tXu6ueYj1D	loox/ensemble-doreillers-reglables_p01.html	2026-01-19T17:03:06Z	5	horodate_verifie	Amelie N.	ensemble-doreillers-reglables	temps d adaptation;qualite percue		Très bien. On s’habitue vite aux différents positionnements. Matière douce.
Loox	VYalQ3K4OJ	loox/housse-d-oreiller-de-rechange-soya-1_p01.html	2026-09-18T12:05:40Z	5	horodate_verifie	Frederic V.	housse-d-oreiller-de-rechange-soya-1			Même sans mode d’utilisation intuitivement ça marche
Loox	nKopD7JfF6	loox/housse-d-oreiller-de-rechange-soya-1_p01.html	2026-09-18T11:24:04Z	5	horodate_verifie	Maintier J.	housse-d-oreiller-de-rechange-soya-1			bon produit
Loox	yxd_7RBDmN	loox/housse-d-oreiller-de-rechange-soya-1_p01.html	2026-09-15T21:25:43Z	1	horodate_verifie	Kar B.	housse-d-oreiller-de-rechange-soya-1			Pas le bon modèle
Loox	NzljV2vmQ_	loox/housse-d-oreiller-de-rechange-soya-1_p01.html	2026-09-03T12:28:43Z	5	horodate_verifie	Amos T.	housse-d-oreiller-de-rechange-soya-1			Ma femme la adoptée moi pas convaincu
Loox	ll4MJb0f8q	loox/housse-d-oreiller-de-rechange-soya-1_p01.html	2026-08-28T13:32:29Z	5	horodate_verifie	Gérald H.	housse-d-oreiller-de-rechange-soya-1			Haut
Loox	1vWZl-7veE	loox/housse-d-oreiller-de-rechange-soya-1_p01.html	2026-08-26T13:23:31Z	5	horodate_verifie	Coralie	housse-d-oreiller-de-rechange-soya-1	confort (positif);housse		La housse correspondant bien à l’oreiller.  Elle est agreable au toucher et respirante.   / Elle se met et se retire facilement  / Lavable  / Sechage rapide
Loox	DvhnvEfsVA	loox/housse-d-oreiller-de-rechange-soya-1_p01.html	2026-07-30T14:43:39Z	5	horodate_verifie	Laurent P.	housse-d-oreiller-de-rechange-soya-1			Le top
Loox	r-AAkViZAw	loox/housse-d-oreiller-de-rechange-soya-1_p01.html	2026-07-11T11:50:31Z	5	horodate_verifie	Elodie P.	housse-d-oreiller-de-rechange-soya-1			Încroyable
Loox	Y1CqRHsdg0	loox/housse-d-oreiller-de-rechange-soya-1_p01.html	2026-07-11T09:42:08Z	5	horodate_verifie	Christophe	housse-d-oreiller-de-rechange-soya-1			Tres bon maintien de tête
Loox	1kzQBhL-C	loox/housse-d-oreiller-de-rechange-soya-1_p01.html	2026-07-06T06:32:50Z	5	horodate_verifie	Andrea	housse-d-oreiller-de-rechange-soya-1			Impeccable
Loox	a66ZG5fKco	loox/housse-d-oreiller-de-rechange-soya-1_p01.html	2026-07-01T06:52:35Z	1	horodate_verifie	Castillo J.	housse-d-oreiller-de-rechange-soya-1	livraison / delais		J'amais reçu ma commande
Loox	tosZo1gfUD	loox/housse-d-oreiller-de-rechange-soya-1_p01.html	2026-06-24T10:05:02Z	5	horodate_verifie	Jean-luc L.	housse-d-oreiller-de-rechange-soya-1	taille / dimensions / taie;temps d adaptation		Tres bien s'adapte sur ma taie d'oreiller / Cordialement merci
Loox	TiqlUXRjas	loox/housse-d-oreiller-de-rechange-soya-1_p01.html	2026-06-23T04:27:51Z	5	horodate_verifie	Farid R.	housse-d-oreiller-de-rechange-soya-1	housse		Housse parfaite merci
Loox	ykiDMAtmpa	loox/housse-d-oreiller-de-rechange-soya-1_p01.html	2026-06-06T21:48:32Z	3	horodate_verifie	Florine	housse-d-oreiller-de-rechange-soya-1			D'accord
Loox	A5g6rXC7z	loox/housse-d-oreiller-de-rechange-soya-1_p01.html	2026-05-26T11:02:51Z	3	horodate	Céline	housse-d-oreiller-de-rechange-soya-1	chaleur / fraicheur;douleurs (cou, dos, epaules);temps d adaptation		"Je réserve mon jugement quant au soulagement des douleurs cervicales, cela ne fait que quelques jours que je l'utilise et pour le moment rien de flagrant. / Points négatifs il tient très chaud et j'appréhende les grosses chaleurs à venir, ensuite on peut vraiment très peu bouger la tête. Ce point conviendra certainement à certaines personnes mais il est bon de le savoir, moi j’ai l'impression d'être ""coincée"" et là encore c’est peut-être une question d'habitude."
Loox	JRnQgyOxlr	loox/housse-d-oreiller-de-rechange-soya-1_p01.html	2026-05-21T08:44:08Z	5	horodate_verifie	Virginie	housse-d-oreiller-de-rechange-soya-1	douleurs (cou, dos, epaules)		Parfait, je n’ai plus mal dans la nuque et je dors beaucoup mieux 👍
Loox	ZR_bE13Wxa	loox/housse-d-oreiller-de-rechange-soya-1_p01.html	2026-05-14T20:33:45Z	4	horodate_verifie	Elise	housse-d-oreiller-de-rechange-soya-1	confort (positif)		Pratique et facile. Confortable et douce
Loox	OLkHZABIbj	loox/housse-d-oreiller-de-rechange-soya-1_p01.html	2026-05-10T08:53:31Z	5	horodate_verifie	Celine P.	housse-d-oreiller-de-rechange-soya-1			parfait
Loox	JDLJ7A6zLe	loox/housse-d-oreiller-de-rechange-soya-1_p01.html	2026-05-03T18:39:00Z	5	horodate_verifie	Sonia R.	housse-d-oreiller-de-rechange-soya-1			Nuit parfaite
Loox	FyhAQcoWCO	loox/housse-d-oreiller-de-rechange-soya-1_p01.html	2026-04-29T18:05:02Z	5	horodate_verifie	Louisette P.	housse-d-oreiller-de-rechange-soya-1	confort (positif)		Tres confortable
Loox	Wod88tHsrk	loox/housse-d-oreiller-de-rechange-soya-1_p02.html	2026-04-15T13:36:11Z	5	horodate_verifie	Julien	housse-d-oreiller-de-rechange-soya-1			Je viens de l’essayer , tellement bien
Loox	zQBSTGewKB	loox/housse-d-oreiller-de-rechange-soya-1_p02.html	2026-04-10T07:39:17Z	5	horodate_verifie	Ronald	housse-d-oreiller-de-rechange-soya-1	livraison / delais		Parfait, conforme à mes attentes 👍
Loox	cqx13NsQoa	loox/housse-d-oreiller-de-rechange-soya-1_p02.html	2026-03-20T18:48:36Z	5	horodate_verifie	Laurence G.	housse-d-oreiller-de-rechange-soya-1	livraison / delais		Correspond exactement à mes attentes
Loox	xdivqcy0ss	loox/housse-d-oreiller-de-rechange-soya-1_p02.html	2026-02-07T05:09:51Z	5	horodate_verifie	Sandrine S.	housse-d-oreiller-de-rechange-soya-1			Me soulage bien
Loox	kZJWSH47jL	loox/housse-d-oreiller-de-rechange-soya-1_p02.html	2026-01-26T20:33:55Z	5	horodate_verifie	Laure D.	housse-d-oreiller-de-rechange-soya-1	housse		Pratique d'avoir une 2eme housse pour les lessives.
Loox	MbxI9Gi3d5	loox/housse-d-oreiller-de-rechange-soya-1_p02.html	2026-01-15T17:13:03Z	5	horodate_verifie	Olivier O.	housse-d-oreiller-de-rechange-soya-1	housse		La housse très bien
Loox	qCufB3xojR	loox/housse-d-oreiller-de-rechange-soya-1_p02.html	2026-01-11T16:43:07Z	5	horodate_verifie	Jean Jacques P.	housse-d-oreiller-de-rechange-soya-1	conformite a l annonce		Très bien, conforme à la description. Parfaite pour l'oreiller.
Loox	qNSM9ZfpZ	loox/housse-d-oreiller-de-rechange-soya-1_p02.html	2026-01-11T13:43:26Z	5	horodate_verifie	Sophie L.	housse-d-oreiller-de-rechange-soya-1	service client		J attends toujours que le sav me recontacte. 2 oreillers sur 4 sont supers. Les 2 autres ont une mousse différente !
Loox	Ja3guUT3JD	loox/housse-d-oreiller-de-rechange-soya-1_p02.html	2026-01-10T20:22:41Z	5	horodate_verifie	Alain A.	housse-d-oreiller-de-rechange-soya-1	qualite percue		Oreiller au top et de super bonne qualité
Loox	4WC6WhvtMk	loox/housse-d-oreiller-de-rechange-soya-1_p02.html	2026-01-10T14:33:50Z	5	horodate_verifie	Aurelia A.	housse-d-oreiller-de-rechange-soya-1	recommande		Super produit je recommande
Loox	JWNDYgx3y	loox/housse-d-oreiller-de-rechange-soya-1_p02.html	2026-01-08T18:00:05Z	4	horodate_verifie	Massimo M.	housse-d-oreiller-de-rechange-soya-1	confort (positif);douleurs (cou, dos, epaules)		Très très belle expérience,  il est vrai que les douleurs que j’avais sur la nuque et les épaules pouf disparue . Un coussin très confortable.  / Par contre j’ai l’impression que le coussin s’affaisse un petit peu.
Loox	7OBCeHPqw	loox/housse-d-oreiller-de-rechange-soya-1_p02.html	2026-01-08T12:13:21Z	4	horodate_verifie	Martine F.	housse-d-oreiller-de-rechange-soya-1	housse		Housse correcte
Loox	HFKU5FH6I	loox/housse-d-oreiller-de-rechange-soya-1_p02.html	2026-01-07T09:04:52Z	5	horodate_verifie	Samira V.	housse-d-oreiller-de-rechange-soya-1	confort (positif);douleurs (cou, dos, epaules)		Je travaille de nuit et je rentre avec des douleurs cervicales et bas du dos et depuis que j’ai les oreillers  je vois une nette amélioration je dors bien et ils me font du bien
Loox	EHUz31ERzS	loox/housse-d-oreiller-de-rechange-soya-1_p02.html	2026-01-07T05:23:49Z	5	horodate_verifie	Jérôme J.	housse-d-oreiller-de-rechange-soya-1	temps d adaptation;qualite percue		De bonne qualité elle s'adapte parfaitement à l'oreiller.
Loox	ftyLBcBs_	loox/housse-d-oreiller-de-rechange-soya-1_p02.html	2026-01-05T14:43:53Z	4	horodate_verifie	Luc L.	housse-d-oreiller-de-rechange-soya-1			Bouloche un peu , il y a un coup de main a prendre pour la remettre
Loox	S0mpTXixf	loox/housse-d-oreiller-de-rechange-soya-1_p02.html	2026-01-05T09:56:14Z	5	horodate_verifie	Lara M.	housse-d-oreiller-de-rechange-soya-1	confort (positif)		Magnifique, le meilleur sommeil que j'aie jamais eu !
Loox	1rWB_fnih	loox/housse-d-oreiller-de-rechange-soya-1_p02.html	2025-12-30T20:07:39Z	4	horodate_verifie	Marc B.	housse-d-oreiller-de-rechange-soya-1			J’apprécie ce coussin qui me maintient bien 👍
Loox	s9hulTGTL	loox/housse-d-oreiller-de-rechange-soya-1_p02.html	2025-12-30T15:28:21Z	5	horodate_verifie	Frédéric P.	housse-d-oreiller-de-rechange-soya-1			T’as super produit
Loox	xZr2G1reOj	loox/housse-d-oreiller-de-rechange-soya-1_p02.html	2025-12-26T14:48:02Z	5	horodate_verifie	Sylvia C.	housse-d-oreiller-de-rechange-soya-1			Facilement déhoussable !
Loox	MGTjkNPWef	loox/housse-d-oreiller-de-rechange-soya-1_p02.html	2025-12-26T11:04:36Z	5	horodate_verifie	Hélène G.	housse-d-oreiller-de-rechange-soya-1	housse		Super housse d’oreiller
Loox	hm_rZ80cvS	loox/housse-d-oreiller-de-rechange-soya-1_p03.html	2025-12-16T18:20:34Z	5	horodate_verifie	Bruno D.	housse-d-oreiller-de-rechange-soya-1	confort (positif)		Top, vraiment confort
Loox	d7--YymMpm	loox/housse-d-oreiller-de-rechange-soya-1_p03.html	2025-11-30T13:28:44Z	5	horodate_verifie	Elisabeth L.	housse-d-oreiller-de-rechange-soya-1	douleurs (cou, dos, epaules);qualite percue		Ca fait une semaine que je l’utilise et jen suis très satisfaite jai moins mal au cou à voir sur le temps pour la qualité du coussin…
Loox	KiR3Vj_wSO	loox/housse-d-oreiller-de-rechange-soya-1_p03.html	2025-11-29T14:17:54Z	5	horodate_verifie	Virginie C.	housse-d-oreiller-de-rechange-soya-1	douleurs (cou, dos, epaules)		Après plusieurs nuits je confirme un bienfait tant au niveau de mes cervicales cou et épaules / Je me reveille sans douleurs  / Merci
Loox	DEs2-4fOcp	loox/housse-d-oreiller-de-rechange-soya-1_p03.html	2025-11-21T10:15:11Z	5	horodate_verifie	Raphaël R.	housse-d-oreiller-de-rechange-soya-1	livraison / delais;conformite a l annonce		Colis compact et soigné, produit conforme à la description.
Loox	5nSen4dWI1	loox/housse-d-oreiller-de-rechange-soya-3-0_p01.html	2026-09-26T07:14:51Z	5	horodate_verifie	Loic G.	housse-d-oreiller-de-rechange-soya-3-0			Super
Loox	4e0ABmfBcC	loox/housse-d-oreiller-de-rechange-soya-3-0_p01.html	2026-09-25T14:10:55Z	4	horodate_verifie	Cédric S.	housse-d-oreiller-de-rechange-soya-3-0			Se positionne correctement.
Loox	tU76APj3g_	loox/housse-d-oreiller-de-rechange-soya-3-0_p01.html	2026-09-25T14:10:17Z	3	horodate_verifie	Cédric S.	housse-d-oreiller-de-rechange-soya-3-0	fermete (dur / mou)		Oreillers très ferme
Loox	BZ7zuyEPyi	loox/housse-d-oreiller-de-rechange-soya-3-0_p01.html	2026-09-24T19:30:35Z	1	horodate_verifie	Nathalie E.	housse-d-oreiller-de-rechange-soya-3-0			Ne sert à rien !
Loox	yybOo5u0Cg	loox/housse-d-oreiller-de-rechange-soya-3-0_p01.html	2026-09-24T19:30:17Z	5	horodate_verifie	Nathalie E.	housse-d-oreiller-de-rechange-soya-3-0	douleurs (cou, dos, epaules);origine / chine / dropshipping		Dropshipping ! Des oreillers qui donnent mal aux cervicales ! Fuyez !
Loox	yuzEBK6HVy	loox/housse-d-oreiller-de-rechange-soya-3-0_p01.html	2026-09-23T11:27:51Z	1	horodate_verifie	Florent P.	housse-d-oreiller-de-rechange-soya-3-0	origine / chine / dropshipping		Produit chinois qui essaie de masquer sa provenance
Loox	JLdfAbAMUL	loox/housse-d-oreiller-de-rechange-soya-3-0_p01.html	2026-09-22T22:37:44Z	5	horodate_verifie	Natacha	housse-d-oreiller-de-rechange-soya-3-0			j'adore
Loox	HTX64XM2MD	loox/housse-d-oreiller-de-rechange-soya-3-0_p01.html	2026-09-22T12:06:02Z	5	horodate_verifie	Helena M.	housse-d-oreiller-de-rechange-soya-3-0	housse		Parfait une housse de rechange indispensable même si elle sèche rapidement 😉
Loox	wtDyJS3Oq7	loox/housse-d-oreiller-de-rechange-soya-3-0_p01.html	2026-09-19T11:23:06Z	3	horodate_verifie	Stéphane J.	housse-d-oreiller-de-rechange-soya-3-0	housse		Housse vraiment pas facile a mettre....
Loox	iSR1JKOTUZ	loox/housse-d-oreiller-de-rechange-soya-3-0_p01.html	2026-09-17T09:21:30Z	5	horodate_verifie	Sarah S.	housse-d-oreiller-de-rechange-soya-3-0			parfait
Loox	wh0UB6ygfV	loox/housse-d-oreiller-de-rechange-soya-3-0_p01.html	2026-09-16T21:29:33Z	5	horodate_verifie	Maeva P.	housse-d-oreiller-de-rechange-soya-3-0			J'adore
Loox	cYCTGMX7pf	loox/housse-d-oreiller-de-rechange-soya-3-0_p01.html	2026-09-15T06:13:46Z	1	horodate_verifie	Laurent	housse-d-oreiller-de-rechange-soya-3-0			À éviter, c'est du nylon.😒
Loox	5iDb4lzdxW	loox/housse-d-oreiller-de-rechange-soya-3-0_p01.html	2026-09-14T15:17:58Z	5	horodate_verifie	Christelle	housse-d-oreiller-de-rechange-soya-3-0	temps d adaptation;qualite percue		Parfaitement adapté à l’oreiller, une douceur incroyable. Bonne qualité de tissu.
Loox	n4mtiAkyVm	loox/housse-d-oreiller-de-rechange-soya-3-0_p01.html	2026-09-13T21:37:50Z	5	horodate_verifie	Axel L.	housse-d-oreiller-de-rechange-soya-3-0			bien
Loox	ZPhvSAjHho	loox/housse-d-oreiller-de-rechange-soya-3-0_p01.html	2026-09-13T21:37:45Z	5	horodate_verifie	Axel L.	housse-d-oreiller-de-rechange-soya-3-0			bien
Loox	k_Kxbmon8x	loox/housse-d-oreiller-de-rechange-soya-3-0_p01.html	2026-09-10T11:03:43Z	4	horodate_verifie	Christophe D.	housse-d-oreiller-de-rechange-soya-3-0	livraison / delais		Bien reçu
Loox	YNBhR71YhC	loox/housse-d-oreiller-de-rechange-soya-3-0_p01.html	2026-09-10T11:03:27Z	4	horodate_verifie	Christophe D.	housse-d-oreiller-de-rechange-soya-3-0	livraison / delais		Bien reçu
Loox	nCkVoLSRSA	loox/housse-d-oreiller-de-rechange-soya-3-0_p01.html	2026-09-08T15:24:25Z	1	horodate_verifie	Cédric R.	housse-d-oreiller-de-rechange-soya-3-0	livraison / delais		j'ai commandé un blanc j'ai reçu un gris
Loox	jW5xs1t_IB	loox/housse-d-oreiller-de-rechange-soya-3-0_p01.html	2026-09-03T07:27:38Z	5	horodate_verifie	Emeline	housse-d-oreiller-de-rechange-soya-3-0			Super douce et facile à mettre ce lave à 40°c et c'est un plus
Loox	3wB7ovxDqa	loox/housse-d-oreiller-de-rechange-soya-3-0_p01.html	2026-08-27T10:08:18Z	5	horodate_verifie	Couderc V.	housse-d-oreiller-de-rechange-soya-3-0	livraison / delais		Livré avec oreiller  / Ras
Loox	86MYej4aT3r	loox/housse-d-oreiller-de-rechange-soya-3-0_p02.html	2026-08-27T09:50:54Z	5	horodate_verifie	Jonathan B.	housse-d-oreiller-de-rechange-soya-3-0			Oreiller top
Loox	G20_xYXbZt	loox/housse-d-oreiller-de-rechange-soya-3-0_p02.html	2026-08-24T03:22:11Z	5	horodate_verifie	Jerome C.	housse-d-oreiller-de-rechange-soya-3-0			Excellent produit.
Loox	DUDH-wE3XH	loox/housse-d-oreiller-de-rechange-soya-3-0_p02.html	2026-08-24T03:21:53Z	5	horodate_verifie	Jerome C.	housse-d-oreiller-de-rechange-soya-3-0	confort (positif);chaleur / fraicheur;recommande		Très pratique et très agréable au toucher avec une sensation de fraîcheur. Je recommande ce produit.
Loox	7_tFVh_CjO	loox/housse-d-oreiller-de-rechange-soya-3-0_p02.html	2026-08-22T22:21:35Z	5	horodate_verifie	Sylvie K.	housse-d-oreiller-de-rechange-soya-3-0	taille / dimensions / taie		Des taies juste parfaites !
Loox	y1Gr9HHFc2	loox/housse-d-oreiller-de-rechange-soya-3-0_p02.html	2026-08-20T14:42:23Z	5	horodate_verifie	Frederic P.	housse-d-oreiller-de-rechange-soya-3-0			Haut
Loox	FiqoAUwT1p	loox/housse-d-oreiller-de-rechange-soya-3-0_p02.html	2026-08-19T10:36:57Z	5	horodate_verifie	Olivier	housse-d-oreiller-de-rechange-soya-3-0			Impeccable aussi
Loox	JFbpVNeaBC	loox/housse-d-oreiller-de-rechange-soya-3-0_p02.html	2026-08-13T13:27:33Z	5	horodate_verifie	Val V.	housse-d-oreiller-de-rechange-soya-3-0	housse		Housse très douce
Loox	49XQI2IxRe	loox/housse-d-oreiller-de-rechange-soya-3-0_p02.html	2026-08-11T11:52:00Z	5	horodate_verifie	Leila	housse-d-oreiller-de-rechange-soya-3-0			Imprccable. Rien a rajouter. Je fais des émules …
Loox	7GjHyZLwi3	loox/housse-d-oreiller-de-rechange-soya-3-0_p02.html	2026-08-06T12:17:42Z	1	horodate_verifie	Besançon	housse-d-oreiller-de-rechange-soya-3-0	confort (positif)		Le textile n est pas agréable.
Loox	-j2FoWZAiC	loox/housse-d-oreiller-de-rechange-soya-3-0_p02.html	2026-08-06T12:16:57Z	1	horodate_verifie	Besançon	housse-d-oreiller-de-rechange-soya-3-0	livraison / delais		Délais très long
Loox	gnd9TDzktR	loox/housse-d-oreiller-de-rechange-soya-3-0_p02.html	2026-07-31T10:11:34Z	1	horodate_verifie	Catherine	housse-d-oreiller-de-rechange-soya-3-0	conformite a l annonce		Pas conforme avec mon oreiller
Loox	3n7ahivHkx	loox/housse-d-oreiller-de-rechange-soya-3-0_p02.html	2026-07-21T13:10:46Z	4	horodate_verifie	Chantal	housse-d-oreiller-de-rechange-soya-3-0			tres douce mais sentait le neuf, du laver deux fois
Loox	G88eepzjBU	loox/housse-d-oreiller-de-rechange-soya-3-0_p02.html	2026-07-16T09:42:32Z	5	horodate_verifie	Aline W.	housse-d-oreiller-de-rechange-soya-3-0	temps d adaptation		S adapte bien à l oreiller
Loox	XtESDY07lo	loox/housse-d-oreiller-de-rechange-soya-3-0_p02.html	2026-07-11T07:47:51Z	2	horodate_verifie	Laetitia L.	housse-d-oreiller-de-rechange-soya-3-0	confort (positif);inconfort / mal dormi;qualite percue		Vraiment pas confortable et la matière non plus
Loox	M6GBKwS8vq	loox/housse-d-oreiller-de-rechange-soya-3-0_p02.html	2026-07-03T17:22:46Z	5	horodate_verifie	Zoé	housse-d-oreiller-de-rechange-soya-3-0	confort (positif);housse		Housse extra douce et hyper confortable
Loox	wqroZvYMQ5	loox/housse-d-oreiller-de-rechange-soya-3-0_p02.html	2026-06-30T08:19:07Z	5	horodate_verifie	Alain	housse-d-oreiller-de-rechange-soya-3-0	livraison / delais		Livraison rapide
Loox	Hw2nJx4tLP	loox/housse-d-oreiller-de-rechange-soya-3-0_p02.html	2026-06-25T07:55:41Z	1	horodate_verifie	Karen A.	housse-d-oreiller-de-rechange-soya-3-0	housse		Housse synthétique
Loox	rpXxvDHv0g	loox/housse-d-oreiller-de-rechange-soya-3-0_p02.html	2026-06-25T07:55:29Z	1	horodate_verifie	Karen A.	housse-d-oreiller-de-rechange-soya-3-0	housse		Housse en synthétique
Loox	We3vTO4Vdm	loox/housse-d-oreiller-de-rechange-soya-3-0_p02.html	2026-06-22T08:50:36Z	5	horodate_verifie	Christelle V.	housse-d-oreiller-de-rechange-soya-3-0			Idem
Loox	6xAp6BNrf0	loox/housse-d-oreiller-de-rechange-soya-3-0_p02.html	2026-06-22T08:50:24Z	5	horodate_verifie	Christelle V.	housse-d-oreiller-de-rechange-soya-3-0	douleurs (cou, dos, epaules)		Après trois nuits d'essai je trouve le produit efficace. Aucunes douleurs au niveau des cervicales
Loox	AvcJNYaTcd	loox/housse-d-oreiller-de-rechange-soya-3-0_p03.html	2026-06-14T13:37:58Z	5	horodate_verifie	Sophie	housse-d-oreiller-de-rechange-soya-3-0	confort (positif)		Nickel très agréable au touché
Loox	4XJZ9mNYzc	loox/housse-d-oreiller-de-rechange-soya-3-0_p03.html	2026-06-11T10:28:45Z	5	horodate_verifie	Celine	housse-d-oreiller-de-rechange-soya-3-0	confort (positif)		Très agréable au toucher
Loox	FNWrLtNqdz	loox/housse-d-oreiller-de-rechange-soya-3-0_p03.html	2026-06-05T05:22:33Z	3	horodate_verifie	Florence F.	housse-d-oreiller-de-rechange-soya-3-0	retour / remboursement;emballage / compression		Il est très bien mais ne me convient pas, vu les commentaires j’avais vraiment espoir dans cette technologie, je suis déçue et l’essai promis de 30 jours n’est que commercial, impossible de le renvoyer dans son emballage d’origine et sans avoir poser sa tete dessus !!!
Loox	nmjCo-0bd1	loox/housse-d-oreiller-de-rechange-soya-3-0_p03.html	2026-06-03T09:38:59Z	5	horodate_verifie	Louisette P.	housse-d-oreiller-de-rechange-soya-3-0			Parfait
Loox	dipIt49kcL	loox/housse-d-oreiller-de-rechange-soya-3-0_p03.html	2026-06-02T18:30:10Z	5	horodate_verifie	Benoit B.	housse-d-oreiller-de-rechange-soya-3-0	housse		Bonne housse
Loox	MXlRRR4KXp	loox/housse-d-oreiller-de-rechange-soya-3-0_p03.html	2026-06-02T09:57:39Z	1	horodate_verifie	Alissa	housse-d-oreiller-de-rechange-soya-3-0	qualite percue		Mauvaise qualité
Loox	x_HsKy-9Ct	loox/housse-d-oreiller-de-rechange-soya-3-0_p03.html	2026-05-08T18:47:47Z	5	horodate_verifie	Guy P.	housse-d-oreiller-de-rechange-soya-3-0			Super, très bien !
Loox	GRBq2DvfhO	loox/housse-d-oreiller-de-rechange-soya-3-0_p03.html	2026-04-27T16:28:02Z	5	horodate_verifie	Emmanuelle M.	housse-d-oreiller-de-rechange-soya-3-0			Tres bon produit
Loox	s3vsB8daKS	loox/housse-d-oreiller-de-rechange-soya-3-0_p03.html	2026-04-27T09:00:05Z	5	horodate_verifie	Lionel	housse-d-oreiller-de-rechange-soya-3-0			Tres bon produit
Loox	4fWp2zSD67	loox/housse-d-oreiller-de-rechange-soya-3-0_p03.html	2026-04-25T08:17:14Z	5	horodate_verifie	Leila	housse-d-oreiller-de-rechange-soya-3-0			Conforme
Loox	hX-F_Ldt35	loox/housse-d-oreiller-de-rechange-soya-3-0_p03.html	2026-04-23T08:37:55Z	5	horodate_verifie	Yannick	housse-d-oreiller-de-rechange-soya-3-0			Top Produit
Loox	JCtC7ag_Ch	loox/housse-d-oreiller-de-rechange-soya-3-0_p03.html	2026-04-23T08:37:43Z	5	horodate_verifie	Yannick	housse-d-oreiller-de-rechange-soya-3-0			Top produit
Loox	Tg5sFVqpG_	loox/housse-d-oreiller-de-rechange-soya-3-0_p03.html	2026-04-21T13:39:22Z	5	horodate_verifie	Isabelle	housse-d-oreiller-de-rechange-soya-3-0	confort (positif);recommande		Il est doux et confortable, je recommande
Loox	cygMfzq_co	loox/housse-d-oreiller-de-rechange-soya-3-0_p03.html	2026-04-21T13:15:23Z	5	horodate_verifie	Colette	housse-d-oreiller-de-rechange-soya-3-0	temps d adaptation		Tout à fait adaptée à l’oreiller Soya
Loox	-yorcxeRIE	loox/housse-d-oreiller-de-rechange-soya-3-0_p03.html	2026-04-16T12:51:22Z	5	horodate_verifie	Nadia	housse-d-oreiller-de-rechange-soya-3-0	confort (positif)		oreiller très confortable parfait
Loox	rFik0INg3R	loox/housse-d-oreiller-de-rechange-soya-3-0_p03.html	2026-04-09T07:39:51Z	5	horodate_verifie	Natacha	housse-d-oreiller-de-rechange-soya-3-0			Incroyable!!
Loox	apLdST3Vy	loox/housse-d-oreiller-de-rechange-soya-3-0_p03.html	2026-04-07T15:40:08Z	5	horodate	Louise F.	housse-d-oreiller-de-rechange-soya-3-0			Vraiment efficace
Loox	0odfrX7too	loox/housse-d-oreiller-de-rechange-soya-3-0_p03.html	2026-03-31T10:10:46Z	5	horodate_verifie	Frédéric B.	housse-d-oreiller-de-rechange-soya-3-0			Article correspond exactement à ce que j'ai commandé
Loox	q7JTvA2M3O	loox/housse-d-oreiller-de-rechange-soya-3-0_p03.html	2026-02-25T20:38:18Z	5	horodate_verifie	Carolina N.	housse-d-oreiller-de-rechange-soya-3-0	confort (positif)		Super confortable, nuits de sommeil plus profond et reposant.
Loox	YKX0iU-XldV	loox/housse-d-oreiller-de-rechange-soya-3-0_p03.html	2026-02-10T17:10:57Z	5	horodate_verifie	Etienne N.	housse-d-oreiller-de-rechange-soya-3-0	housse		Housse vraiment parfaite pour cet oreiller.
Loox	hosh_Mgnx1	loox/housse-d-oreiller-de-rechange-soya-3-0_p04.html	2026-02-10T17:10:38Z	5	horodate_verifie	Etienne N.	housse-d-oreiller-de-rechange-soya-3-0	housse		Housse vraiment parfaite pour cet oreiller.
Loox	a7ISHUQddi	loox/housse-d-oreiller-de-rechange-soya-3-0_p04.html	2026-02-10T17:10:16Z	5	horodate_verifie	Etienne N.	housse-d-oreiller-de-rechange-soya-3-0	housse		Housse vraiment parfait pour et oreiller.
Loox	XL9Z6NU3yc	loox/housse-d-oreiller-de-rechange-soya-3-0_p04.html	2026-02-10T17:09:47Z	5	horodate_verifie	Etienne N.	housse-d-oreiller-de-rechange-soya-3-0	housse		Housse parfaite pour cet oreiller.
Loox	lljpGAyONq	loox/housse-d-oreiller-de-rechange-soya-3-0_p04.html	2026-02-10T17:09:28Z	5	horodate_verifie	Etienne N.	housse-d-oreiller-de-rechange-soya-3-0	housse		Housse vraiment faite pour cet oreiller
Loox	jrt5HRG37	loox/housse-d-oreiller-de-rechange-soya-3-0_p04.html	2026-02-07T20:19:34Z	5	horodate	Natacha M.	housse-d-oreiller-de-rechange-soya-3-0	douleurs (cou, dos, epaules);recommande		Cela ça fait 15 jours ont dort beaucoup mieux plus de migraine pour l'instant et niveau dos c'est le top  👍👍👍👍 / Ne regrette en rien notre achat on en 2 moi et mon conjoint je recommande fortement
Loox	8BfAyrUZAu	loox/housse-d-oreiller-de-rechange-soya-3-0_p04.html	2026-01-30T16:44:18Z	3	horodate_verifie	Catherine M.	housse-d-oreiller-de-rechange-soya-3-0			Dommage que ce ne soit pas en coton
Loox	WEderZxsOl	loox/housse-d-oreiller-de-rechange-soya-3-0_p04.html	2026-01-30T16:44:05Z	3	horodate_verifie	Catherine M.	housse-d-oreiller-de-rechange-soya-3-0			Dommage que ce ne soir pas en coton
Loox	kGyXLtmiee	loox/housse-d-oreiller-de-rechange-soya-3-0_p04.html	2026-01-23T13:37:02Z	5	horodate_verifie	Bèatrice L.	housse-d-oreiller-de-rechange-soya-3-0			Très doux
Loox	kMK6smrXkw	loox/housse-d-oreiller-de-rechange-soya-3-0_p04.html	2026-01-23T13:36:42Z	4	horodate_verifie	Bèatrice L.	housse-d-oreiller-de-rechange-soya-3-0			Très doux
Loox	gJh4njh0KG	loox/housse-d-oreiller-de-rechange-soya-3-0_p04.html	2026-01-21T20:53:24Z	4	horodate_verifie	Sophie M.	housse-d-oreiller-de-rechange-soya-3-0	temps d adaptation		La house est tres bien adaptée à l'oreiller.
Loox	vMCKw0LHE	loox/housse-d-oreiller-de-rechange-soya-3-0_p04.html	2026-01-21T05:07:46Z	5	horodate	Florence P.	housse-d-oreiller-de-rechange-soya-3-0	confort (positif);douleurs (cou, dos, epaules);qualite percue;housse		L essayer c est l adopter ! Je ne je ne sais pas comment j’ai fait avant pour dormir confortablement, je suis totalement convertie à cet oreiller qui épouse ma tête.  je n ai plus de mal de tête ni de mal de nuque.   je suis totalement séduite et ne saurais plus m en passer.  De plus, la qualité du produit, de la housse et du petit coussin pour les genoux sont  incroyables !
Loox	1b0mNiidqE	loox/housse-d-oreiller-de-rechange-soya-3-0_p04.html	2026-01-19T10:43:02Z	5	horodate_verifie	Laure-anne A.	housse-d-oreiller-de-rechange-soya-3-0	housse		Jolie housse pour changer de look
Loox	qJMRpO_sJx	loox/housse-d-oreiller-de-rechange-soya-3-0_p04.html	2026-01-10T10:34:12Z	5	horodate_verifie	Nicolas J.	housse-d-oreiller-de-rechange-soya-3-0			Doux et soyeux
Loox	_8mZ7lOSw	loox/housse-d-oreiller-de-rechange-soya-3-0_p04.html	2026-01-05T12:18:04Z	4	horodate_verifie	Alain R.	housse-d-oreiller-de-rechange-soya-3-0			Un peu plus deçus par l'aspect qualitatif du produit, on attendait un peu mieux.
Loox	e8O6xNCJxT	loox/housse-d-oreiller-de-rechange-soya-3-0_p04.html	2025-12-16T18:01:44Z	4	horodate_verifie	Elisabeth H.	housse-d-oreiller-de-rechange-soya-3-0	qualite percue;conformite a l annonce		Reçus en bonne état , à l'air de bonne qualité à voire si il tien ces promesses à tester
Loox	p9fkRf81_d	loox/housse-d-oreiller-de-rechange-soya-3-0_p04.html	2025-12-13T10:03:46Z	5	horodate_verifie	Stéphanie J.	housse-d-oreiller-de-rechange-soya-3-0			Oreiller formidable !
Loox	8rdV0Vw1Dv	loox/housse-d-oreiller-de-rechange-soya-3-0_p04.html	2025-11-23T10:09:27Z	5	horodate_verifie	Eric T.	housse-d-oreiller-de-rechange-soya-3-0			Très doux, se lave très bien et sèche très vite. Au top
Loox	hpZPUUZ9v6	loox/housse-d-oreiller-en-soie-naturelle-soya_p01.html	2026-07-22T21:00:15Z	5	horodate_verifie	Marjolaine	housse-d-oreiller-en-soie-naturelle-soya			Très joli produit
Loox	LypzIAmhx	loox/housse-d-oreiller-en-soie-naturelle-soya_p01.html	2026-04-26T07:18:18Z	5	horodate	Marie Christine Z.	housse-d-oreiller-en-soie-naturelle-soya	hauteur / epaisseur;douleurs (cou, dos, epaules)		J'avais acheté le soya 2,0, et je n'ai pas eu l'effet escompté trop haut pour mes cervicales, alors j'ai acheté le 3.0 et là  un vrai bonheur je dors mieux et je n'ai plus mal aux cervicales et à la tête le matin   / Merci beaucoup
Loox	cXk_C0SzH	loox/housse-d-oreiller-en-soie-naturelle-soya_p01.html	2026-03-14T08:27:26Z	4	horodate	Marie A.	housse-d-oreiller-en-soie-naturelle-soya	taille / dimensions / taie;conformite a l annonce		Bonjour !!!  D’accord avec les autres commentaires et j’en ai acheté pour mes enfants et leurs conjoints …. 6 au total … tout le monde dort mieux. Je le mets dans ma taie et ça n’altère pas son efficacité. J’aimerais d’ailleurs commander des taies en soie sur le site mais je ne sais pas si l’oreiller 3.0 rentre dedans !!!! Est-ce que quelqu’un a fait ça ???
Loox	uchPwvOKG	loox/housse-d-oreiller-en-soie-naturelle-soya_p01.html	2026-01-08T17:38:21Z	5	horodate_verifie	Choucroun B.	housse-d-oreiller-en-soie-naturelle-soya			Parfait 👍
Loox	tb8UOqY9ib	loox/housse-d-oreiller-en-soie-naturelle-soya_p01.html	2026-01-05T12:15:26Z	5	horodate_verifie	Alain R.	housse-d-oreiller-en-soie-naturelle-soya	confort (positif);housse		Housse agreable au contact. Aspect qualitatif du produit bien réel.
Loox	urggwU_OD8	loox/housse-d-oreiller-en-soie-naturelle-soya_p01.html	2026-01-02T11:03:42Z	5	horodate_verifie	Karen	housse-d-oreiller-en-soie-naturelle-soya	housse		Housse tres pratique le bleu est parfait
Loox	fP-uPe7jg2	loox/housse-d-oreiller-en-soie-naturelle-soya_p01.html	2026-01-01T11:01:54Z	5	horodate_verifie	Karine J.	housse-d-oreiller-en-soie-naturelle-soya	qualite percue;prix / valeur		Très bon rapport qualité coût
Loox	EmVS06lF_v	loox/housse-d-oreiller-en-soie-naturelle-soya_p01.html	2025-11-21T09:55:17Z	5	horodate_verifie	Sylvie C.	housse-d-oreiller-en-soie-naturelle-soya	fermete (dur / mou)		Tres bien, mais pas sure qu'il dure tres longtemps.
Loox	LrY9cTaM7i	loox/housse-doreiller-de-rechange-enfant_p01.html	2026-09-23T20:36:24Z	3	horodate_verifie	Rosalie	housse-doreiller-de-rechange-enfant	taille / dimensions / taie		Trop petit
Loox	lb9_juXCrB	loox/housse-doreiller-de-rechange-enfant_p01.html	2026-08-18T18:34:53Z	1	horodate_verifie	Grégory	housse-doreiller-de-rechange-enfant	taille / dimensions / taie;livraison / delais;non recu / commande incomplete;retour / remboursement		Commander la mauvaise taille, renvoyer et jamais reçu le remboursement
Loox	ux21p31QkF	loox/masque-de-sommeil-en-soie_p01.html	2026-01-28T17:54:26Z	5	horodate_verifie	Corinne S.	masque-de-sommeil-en-soie	recommande		Très doux et vraiment sans lumière. / Facile à faire tenir avec le scratch et bien cousu.  / Je recommande.
Loox	D_y9mIumR-	loox/oreiller-de-voyage-ergonomique-soya_p01.html	2026-09-15T06:15:55Z	2	horodate_verifie	Laurent	oreiller-de-voyage-ergonomique-soya			Je ne comprends pas le mode d'utilisation, une notice aurait été la bienvenue.
Loox	zL5-gZ9rDt	loox/oreiller-de-voyage-ergonomique-soya_p01.html	2026-08-14T22:31:11Z	1	horodate_verifie	Jordan	oreiller-de-voyage-ergonomique-soya	livraison / delais		Arrivé déchiré
Loox	ra9gbJKvoV	loox/oreiller-de-voyage-ergonomique-soya_p01.html	2026-06-23T01:10:27Z	1	horodate_verifie	Florence B.	oreiller-de-voyage-ergonomique-soya			Produit inutilisable
Loox	thup6CAdIq	loox/oreiller-soya-1-0_p01.html	2026-09-04T18:01:50Z	1	horodate_verifie	Valérie L.	oreiller-soya-1-0	hauteur / epaisseur		Extrêmement déçue car sur la photo je pensais avcoir un oreiller un peu epais et du coup il est plat et long.
Loox	iVoK-ud8um	loox/oreiller-soya-1-0_p01.html	2026-06-05T02:57:11Z	1	horodate_verifie	Nicolas G.	oreiller-soya-1-0	conformite a l annonce;arnaque / fraude		Decevant, ne correspond pas a la description. Arnaque
Loox	yaZpbQtSvO	loox/oreiller-soya-1-0_p01.html	2026-05-20T19:55:55Z	5	horodate_verifie	Christian	oreiller-soya-1-0	fermete (dur / mou)		Ferme et soutient bien. Plus nécessaire de tourner dans tous les sens. Me convient bien.
Loox	4En1cUEe-d	loox/oreiller-soya-1-0_p01.html	2026-01-11T08:34:35Z	4	horodate_verifie	Geltz C.	oreiller-soya-1-0	taille / dimensions / taie		Tres bien dommage quil ny ait pas de taie d'oreiller...
Loox	ItQgoZjY8	loox/oreiller-soya-2-0_p01.html	2026-09-25T13:21:32Z	5	horodate	Martial P.	oreiller-soya-2-0	confort (positif)		Très confortable dès les premières nuits, je sens une vraie différence au réveil.
Loox	wsX1MiDVx	loox/oreiller-soya-2-0_p01.html	2026-09-25T13:16:13Z	5	horodate	Fabrice S.	oreiller-soya-2-0	confort (positif)		Franchement, je ne m’attendais pas à ressentir une différence aussi rapidement. Après quelques nuits,  J’ai trouvé ma position beaucoup plus confortable et mes réveils sont nettement plus agréables.
Loox	jOcQSxoTI	loox/oreiller-soya-2-0_p01.html	2026-09-25T13:10:05Z	5	horodate	Juliette D.	oreiller-soya-2-0	douleurs (cou, dos, epaules);qualite percue		Très bon oreiller, je l’ai adopté rapidement et  Je me réveille avec beaucoup moins de tensions dans la nuque.  La qualité est au rendez-vous et je dors vraiment mieux depuis que je l’utilise.
Loox	bYKuSTW6f	loox/oreiller-soya-2-0_p01.html	2026-09-25T13:08:07Z	5	horodate	Jean F.	oreiller-soya-2-0	douleurs (cou, dos, epaules);livraison / delais		Parfait pour mes cervicales, je suis très satisfait de mon achat. Livraison rapide, merci !
Loox	SMuBPre7B	loox/oreiller-soya-2-0_p01.html	2026-09-25T13:02:32Z	5	horodate	Baptiste R.	oreiller-soya-2-0	confort (positif);douleurs (cou, dos, epaules);temps d adaptation;recommande		Je suis vraiment satisfait de mon oreiller. J’avais régulièrement des tensions au niveau de la nuque au réveil et je sens clairement une différence depuis que je l’utilise. Il faut peut-être quelques nuits pour s’habituer à la forme, mais une fois qu’on trouve sa position, le confort est vraiment au rendez-vous. Je recommande 👍
Loox	eIkhgld1U	loox/oreiller-soya-2-0_p01.html	2026-09-25T12:57:54Z	5	horodate	Julien D.	oreiller-soya-2-0	confort (positif);douleurs (cou, dos, epaules)		Très satisfaite de nos SOYA 3.0 ! Après seulement quelques nuits,  J’ai vraiment ressenti une différence au niveau du confort de ma nuque et je me réveille beaucoup plus détendue le matin.
Loox	Lr6fDRZ2wY	loox/oreiller-soya-2-0_p01.html	2026-09-21T12:44:44Z	5	horodate_verifie	Lebouleux Dominique	oreiller-soya-2-0			Très bien sa fait une semaine et on dort très bien
Loox	E8zMHCJWa	loox/oreiller-soya-2-0_p01.html	2026-09-19T10:58:48Z	3	horodate	Benoit B.	oreiller-soya-2-0	livraison / delais;non recu / commande incomplete;housse		J’ai bien reçu ma commande, mais il me manque les deux housses supplémentaire qui devaient être offerte, je n’ai rien eu de tout cela. / À qui réclamer!
Loox	yb2yC2545y	loox/oreiller-soya-2-0_p01.html	2026-09-19T10:10:32Z	1	horodate_verifie	Christelle G.	oreiller-soya-2-0	temps d adaptation		Le produit n’est pas adapté pour notre sommeil
Loox	E1KOSgX7G83	loox/oreiller-soya-2-0_p01.html	2026-09-19T00:00:00Z	5	import_minuit_verifie	Justine.r	oreiller-soya-2-0	confort (positif)		Le confort est au rendez-vous et la forme me plaît beaucoup.
Loox	_uOthFs30A	loox/oreiller-soya-2-0_p01.html	2026-09-16T13:50:32Z	2	horodate_verifie	Éric L.	oreiller-soya-2-0	odeur;douleurs (cou, dos, epaules);temps d adaptation;retour / remboursement		produit qui sent le moisie très très fort. pas du tout adapté aux personnages s'étant fait opérer des cervicales.  / je veux me faire rembourser le produit
Loox	bK_NrRJ_Nj	loox/oreiller-soya-2-0_p01.html	2026-09-16T11:54:17Z	3	horodate_verifie	Fatima A.	oreiller-soya-2-0	confort (positif);livraison / delais		Pas vraiment ce que je pensais c’est le troisième que j’achète et je n arrive pas à trouver pour mon confort peu être le soya 3.0
Loox	kaK6LJxi435	loox/oreiller-soya-2-0_p01.html	2026-09-15T00:00:00Z	5	import_minuit_verifie	Morgane.s	oreiller-soya-2-0	fermete (dur / mou);prix / valeur		Je cherchais un oreiller ni trop ferme ni trop mou et celui-ci correspond bien.
Loox	M8u0UJ2tOer	loox/oreiller-soya-2-0_p01.html	2026-09-12T00:00:00Z	5	import_minuit_verifie	Loïc.c	oreiller-soya-2-0	temps d adaptation		Première nuit un peu inhabituelle, puis très bonne adaptation.
Loox	1qnz2nkFauU	loox/oreiller-soya-2-0_p01.html	2026-09-12T00:00:00Z	5	import_minuit_verifie	Kévin.v	oreiller-soya-2-0			Je préfère nettement ce type de forme à mes anciens oreillers classiques.
Loox	bd7cJe4t819	loox/oreiller-soya-2-0_p01.html	2026-09-12T00:00:00Z	5	import_minuit_verifie	Inès.l	oreiller-soya-2-0			Le côté haut correspond mieux à ma morphologie.
Loox	o6q7-2uRNN	loox/oreiller-soya-2-0_p01.html	2026-09-11T06:28:43Z	3	horodate_verifie	Lucie P.	oreiller-soya-2-0	livraison / delais		Livraison un peu longue…
Loox	10RiaHX7dh	loox/oreiller-soya-2-0_p01.html	2026-09-10T18:28:49Z	1	horodate_verifie	Cosimo F.	oreiller-soya-2-0	livraison / delais		reçu aujourd'hui 10 septembre à peine ouvert le paquet que les cousin non pas le creux au milieu le bouton qui tien enfonçé le cousin ne tienne pas grrrrrr ! déjà un regret de mon achat
Loox	aQSQncW4VP	loox/oreiller-soya-2-0_p01.html	2026-09-08T09:48:32Z	4	horodate_verifie	Cécile	oreiller-soya-2-0	confort (positif)		Très agréable, avec je dors vraiment mieux sauf suis le ventre…
Loox	AiYx9tX1SI	loox/oreiller-soya-2-0_p01.html	2026-09-08T00:26:05Z	4	horodate_verifie	Walid K.	oreiller-soya-2-0	livraison / delais		La livraison était pas respecté
Loox	PoWklV86SB	loox/oreiller-soya-2-0_p02.html	2026-09-07T20:50:32Z	4	horodate_verifie	Viviane R.	oreiller-soya-2-0	prix / valeur		Il c’était pas la bonne adresse obligé d’aller le chercher a la poste se matin
Loox	I0VUdMwPv4u	loox/oreiller-soya-2-0_p02.html	2026-09-06T00:00:00Z	5	import_minuit_verifie	Fabien.m	oreiller-soya-2-0	confort (positif);fermete (dur / mou)		Agréablement surprise par la souplesse de la mousse.
Loox	9jHu56VKQK	loox/oreiller-soya-2-0_p02.html	2026-09-03T08:43:03Z	5	horodate_verifie	Mariana	oreiller-soya-2-0			J'en suis très satisfait. Merci, / Depuis que je l'ai, je dors beaucoup mieux.
Loox	kE2Nh7mnsNZ	loox/oreiller-soya-2-0_p02.html	2026-09-03T00:00:00Z	5	import_minuit_verifie	Laura.f	oreiller-soya-2-0	temps d adaptation		La forme est originale mais on s’y habitue rapidement.
Loox	AapsIYsGu	loox/oreiller-soya-2-0_p02.html	2026-09-02T09:32:04Z	1	horodate	Caroline	oreiller-soya-2-0			J’ai commandé le 29Aout je suis bien débité mais mais commande est introuvable !!!
Loox	lL6PIiT1AZ	loox/oreiller-soya-2-0_p02.html	2026-09-02T00:00:00Z	5	import_minuit_verifie	Anthony.l	oreiller-soya-2-0	hauteur / epaisseur		Je trouve le concept des deux hauteurs vraiment intéressant car chacun peut avoir un ressenti différent.
Loox	2avuPsQd1H1	loox/oreiller-soya-2-0_p02.html	2026-09-02T00:00:00Z	5	import_minuit_verifie	Aurélie.p	oreiller-soya-2-0	confort (positif);fermete (dur / mou)		La mousse offre une sensation agréable sans être trop molle.
Loox	MCcY8g81Pd	loox/oreiller-soya-2-0_p02.html	2026-08-31T09:56:47Z	5	horodate_verifie	Olivier B.	oreiller-soya-2-0			Tres bon.produit
Loox	3D6fboint8A	loox/oreiller-soya-2-0_p02.html	2026-08-30T15:57:26Z	5	horodate_verifie	Amos T.	oreiller-soya-2-0	confort (positif)		Super bien dormir merci beaucoup
Loox	MH8qwhdc2	loox/oreiller-soya-2-0_p02.html	2026-08-30T00:00:00Z	5	import_minuit_verifie	Baptiste.m	oreiller-soya-2-0	confort (positif);fermete (dur / mou);qualite percue		La matière est souple et agréable sous la tête.
Loox	0-mjsjHZJS	loox/oreiller-soya-2-0_p02.html	2026-08-29T05:07:17Z	2	horodate_verifie	Celine L.	oreiller-soya-2-0	confort (positif);inconfort / mal dormi		Pour un couchage sur le ventre, pas du tout confortable, je regrette mon achat
Loox	qimLKzLWEy1	loox/oreiller-soya-2-0_p02.html	2026-08-29T00:00:00Z	5	import_minuit_verifie	Sandrine.b	oreiller-soya-2-0	hauteur / epaisseur		Je trouve le concept des deux hauteurs vraiment pratique.
Loox	6kZD76kFbdV	loox/oreiller-soya-2-0_p02.html	2026-08-29T00:00:00Z	5	import_minuit_verifie	Pierre.h	oreiller-soya-2-0			Pour l’instant, mes premières semaines d’utilisation sont positives.
Loox	ONgdfTKXcEP	loox/oreiller-soya-2-0_p02.html	2026-08-29T00:00:00Z	5	import_minuit_verifie	Hélène.r	oreiller-soya-2-0	hauteur / epaisseur		J’aime particulièrement le fait de pouvoir choisir mon niveau de hauteur.
Loox	sLh6wqY-Bu	loox/oreiller-soya-2-0_p02.html	2026-08-28T18:43:49Z	3	horodate_verifie	Laetitia P.	oreiller-soya-2-0	origine / chine / dropshipping;recommande		Déçu du produit la pression du milieu ne tient pas, j'ai acheté le même pour mon mari sur Amazon pas de soucis. / Du coup je vais en recommandé une sur Amazon, dommage.
Loox	LFJjYzhQhV	loox/oreiller-soya-2-0_p02.html	2026-08-28T13:32:19Z	5	horodate_verifie	Gérald H.	oreiller-soya-2-0			Haut
Loox	gP2X1l_vf	loox/oreiller-soya-2-0_p02.html	2026-08-27T07:36:05Z	5	horodate	François H.	oreiller-soya-2-0	confort (positif);douleurs (cou, dos, epaules);temps d adaptation;livraison / delais		Bonjour SOYA,  / Je voulais vous dire à quel point vous avez changé nos vies à ma femme et moi depuis que nous avons reçu nos oreillers 3.0. Le confort est vraiment au rdv.  Ma femme n'a plus de douleur aux épaules depuis.   / En revanche, j'ai une proposition à vous faire...  / Étant très amoureux, nous avons l'habitude de dormir collés l'un à l'autre. Nos nouveaux coussins ne sont pas compatibles, l'un des deux doit le quitter pour se rapprocher.  / Auriez vous la possibilité d'inventer un coussin 2 pla...
Loox	wHoqNInnlov	loox/oreiller-soya-2-0_p02.html	2026-08-26T09:45:15Z	1	horodate_verifie	Frederic	oreiller-soya-2-0	livraison / delais;non recu / commande incomplete;arnaque / fraude		Commande jamais recu , est-ce une arnaque ??
Loox	vRWVPrmB6xM	loox/oreiller-soya-2-0_p02.html	2026-08-26T00:00:00Z	5	import_minuit_verifie	Julie.n	oreiller-soya-2-0	confort (positif);fermete (dur / mou)		Je pensais qu’il serait trop ferme, mais finalement le confort me convient très bien.
Loox	hRNik9Scwp2	loox/oreiller-soya-2-0_p02.html	2026-08-23T00:00:00Z	5	import_minuit_verifie	Antoine.h	oreiller-soya-2-0	temps d adaptation		L’adaptation a pris seulement deux ou trois nuits dans mon cas.
Loox	pkbjR5FOUb	loox/oreiller-soya-2-0_p03.html	2026-08-22T14:42:14Z	5	horodate_verifie	Coralie Clement C.	oreiller-soya-2-0			Incroyable !! Je revis mes nuits
Loox	6FAC5xkqM	loox/oreiller-soya-2-0_p03.html	2026-08-21T00:00:00Z	5	import_minuit_verifie	Mélanie.b	oreiller-soya-2-0			Bonne première expérience avec un oreiller de cette forme.
Loox	RZmngAWFMG	loox/oreiller-soya-2-0_p03.html	2026-08-20T16:31:04Z	5	horodate_verifie	Anne-sandrine	oreiller-soya-2-0			Ces oreillers sont exceptionnels. Enfin un vrai soutien ergonomique
Loox	8aVE593ow2	loox/oreiller-soya-2-0_p03.html	2026-08-20T07:58:59Z	5	horodate_verifie	Zazzera Z.	oreiller-soya-2-0			Je dors bcp mieux depuis que j’ai les coussins
Loox	8AEhJpZOo0	loox/oreiller-soya-2-0_p03.html	2026-08-17T00:00:00Z	5	import_minuit_verifie	Alexis.m	oreiller-soya-2-0	temps d adaptation		L’oreiller est devenu très rapidement une habitude. Quand je dors ailleurs
Loox	xPNquaSTo8i	loox/oreiller-soya-2-0_p03.html	2026-08-17T00:00:00Z	5	import_minuit_verifie	Mélissa.f	oreiller-soya-2-0			Bon maintien sans sensation de rigidité.
Loox	iBzgrTJYrtt	loox/oreiller-soya-2-0_p03.html	2026-08-17T00:00:00Z	5	import_minuit_verifie	Émilie.b	oreiller-soya-2-0			Très satisfaite après plusieurs jours d’utilisation.
Loox	3ecXNUAQLD	loox/oreiller-soya-2-0_p03.html	2026-08-16T08:53:10Z	5	horodate_verifie	Carole L.	oreiller-soya-2-0	douleurs (cou, dos, epaules);temps d adaptation		Je me lève avec moins de raideur dans le dos , un temps d'adaptation est nécessaire pour se familiariser avec l'oreiller, mais dès la première nuit j'ai ressenti la différence
Loox	bnrxGR_9tx	loox/oreiller-soya-2-0_p03.html	2026-08-15T00:00:00Z	5	import_minuit_verifie	Véronique.b	oreiller-soya-2-0			Après plusieurs jours de test je suis satisfait. Il faut simplement trouver le bon sens selon sa morphologie.
Loox	A3iKd3tH5M1	loox/oreiller-soya-2-0_p03.html	2026-08-15T00:00:00Z	5	import_minuit_verifie	Manon.b	oreiller-soya-2-0	fermete (dur / mou)		Très bon équilibre entre souplesse et maintien.
Loox	QAy8ze2zBG	loox/oreiller-soya-2-0_p03.html	2026-08-12T11:52:12Z	5	horodate_verifie	Monique	oreiller-soya-2-0			J’aime beaucoup mon nouvel oreiller, qui facilite le sommeil.
Loox	wpcQ7P7Lmm	loox/oreiller-soya-2-0_p03.html	2026-08-11T11:53:25Z	5	horodate_verifie	Leila	oreiller-soya-2-0	confort (positif)		Parfait. Un en reserve pour mes invites. Mis dans la chambre d’amis. !! Le sejour sera d’autant plus agreable et récupérateur !!
Loox	3RtmEHhGKr8	loox/oreiller-soya-2-0_p03.html	2026-08-11T00:00:00Z	5	import_minuit_verifie	Amandine.n	oreiller-soya-2-0	confort (positif)		La mousse est agréable et reprend rapidement sa forme.
Loox	czuwW0-WUy	loox/oreiller-soya-2-0_p03.html	2026-08-10T14:14:56Z	5	horodate_verifie	Isa	oreiller-soya-2-0	confort (positif)		Très confortable.
Loox	x8gIzHSNJDf	loox/oreiller-soya-2-0_p03.html	2026-08-10T00:00:00Z	5	import_minuit_verifie	Océane.n	oreiller-soya-2-0	confort (positif)		Très agréable, surtout après avoir trouvé le bon côté pour moi.
Loox	QhFNrBWy4	loox/oreiller-soya-2-0_p03.html	2026-08-09T06:33:12Z	1	horodate	Marielle B.	oreiller-soya-2-0	livraison / delais;retour / remboursement;service client		Cela fait 8 semaines que j attends mon remboursement j ai relancé plusieurs fois mais a chaque fois on me dit qu ils ont du retard .  / Il faut à chaque fois que je renvoie mon étiquette de retour et mon numéro de commande.!
Loox	3ca2d8pUCEB	loox/oreiller-soya-2-0_p03.html	2026-08-09T00:00:00Z	5	import_minuit_verifie	Chloé.s	oreiller-soya-2-0			Le côté le plus bas me convient parfaitement.
Loox	BcWSNrNW1Ss	loox/oreiller-soya-2-0_p03.html	2026-08-08T00:00:00Z	5	import_minuit_verifie	Delphine.g	oreiller-soya-2-0	confort (positif);taille / dimensions / taie		Très confortable avec une taie en coton classique par-dessus.
Loox	a3VMs_6JD2	loox/oreiller-soya-2-0_p03.html	2026-08-06T11:31:13Z	1	horodate	Christelle B.	oreiller-soya-2-0	qualite percue		La qualité n’est vraiment pas au rendez-vous
Loox	HdtGkiuWu6	loox/oreiller-soya-2-0_p03.html	2026-08-04T12:20:58Z	5	horodate_verifie	Nicole L.	oreiller-soya-2-0	confort (positif)		J aime la forme et depuis que je dors avec je dors BIEN.
Loox	gGesLgO0GO	loox/oreiller-soya-2-0_p04.html	2026-08-03T11:00:22Z	5	horodate_verifie	Virginie C.	oreiller-soya-2-0	douleurs (cou, dos, epaules)		Parfait plus mal au cervical
Loox	8TAJiHCHAq	loox/oreiller-soya-2-0_p04.html	2026-08-03T10:14:16Z	1	horodate_verifie	Marion G.	oreiller-soya-2-0	livraison / delais;qualite percue		L’oreiller reçu ne ressemble pas vraiment aux photos et les matieres ne sont pas premium. Passez votre chemin
Loox	dfb0djDKS	loox/oreiller-soya-2-0_p04.html	2026-08-03T00:00:00Z	5	import_minuit_verifie	Guillaume.r	oreiller-soya-2-0	confort (positif);fermete (dur / mou)		Agréablement surpris par le moelleux. Je pensais recevoir quelque chose de beaucoup plus rigide.
Loox	1OZ7Fydjfl	loox/oreiller-soya-2-0_p04.html	2026-07-30T14:43:32Z	5	horodate_verifie	Laurent P.	oreiller-soya-2-0			Le top
Loox	xeufmfRwIC	loox/oreiller-soya-2-0_p04.html	2026-07-29T12:46:00Z	3	horodate_verifie	Jean-paul	oreiller-soya-2-0			À voir
Loox	tTy4rXagbJL	loox/oreiller-soya-2-0_p04.html	2026-07-29T00:00:00Z	5	import_minuit_verifie	Christophe.m	oreiller-soya-2-0	temps d adaptation		La forme ergonomique demande un petit temps d’adaptation mais rien de gênant.
Loox	r_y__5FyKWt	loox/oreiller-soya-2-0_p04.html	2026-07-28T00:00:00Z	5	import_minuit_verifie	Sébastien.t	oreiller-soya-2-0	confort (positif)		Je dors alternativement sur le dos et sur le côté et je trouve l’oreiller confortable dans les deux positions.
Loox	KZQm3byn-Ez	loox/oreiller-soya-2-0_p04.html	2026-07-28T00:00:00Z	5	import_minuit_verifie	Caroline.p	oreiller-soya-2-0	douleurs (cou, dos, epaules)		J’apprécie particulièrement le soutien au niveau de la tête et de la nuque.
Loox	NjiiingN9Gy	loox/oreiller-soya-2-0_p04.html	2026-07-26T00:00:00Z	5	import_minuit_verifie	Coralie.f	oreiller-soya-2-0			Au début je trouvais la forme inhabituelle
Loox	5blCg2JWezl	loox/oreiller-soya-2-0_p04.html	2026-07-25T09:45:32Z	1	horodate_verifie	Pascal B.	oreiller-soya-2-0	confort (positif);taille / dimensions / taie;temps d adaptation;qualite percue;prix / valeur		Pas du tout adapté à ma morphologie je pense , très cher pour un morceau de mousse taillé. Ne vous laissez pas avoir par les influenceurs comme j'ai pu l'être . Le produit est de bonne qualité générale mais mon coussin de base est beaucoup plus confortable .
Loox	vTKEaHKfHf	loox/oreiller-soya-2-0_p04.html	2026-07-25T03:41:22Z	5	horodate_verifie	Catherine	oreiller-soya-2-0			Pas encore essayé
Loox	QHA3n6TDJNC	loox/oreiller-soya-2-0_p04.html	2026-07-25T00:00:00Z	5	import_minuit_verifie	Florian.r	oreiller-soya-2-0			Après quelques nuits d’essai, je suis satisfaite de mon achat.
Loox	tyhj7Re1Hr	loox/oreiller-soya-2-0_p04.html	2026-07-24T11:49:47Z	2	horodate_verifie	Nathalie C.	oreiller-soya-2-0			Pas top
Loox	7ilQ9jHBBM	loox/oreiller-soya-2-0_p04.html	2026-07-23T11:47:39Z	5	horodate_verifie	Emanuella D.	oreiller-soya-2-0	confort (positif)		Très bon produit. Vraiment très confortable.
Loox	r9o_FUv68i	loox/oreiller-soya-2-0_p04.html	2026-07-23T09:10:44Z	3	horodate_verifie	Severine F.	oreiller-soya-2-0	livraison / delais		Reçu ce matin , dommage que la livraison express soit aussi long.
Loox	KpKZMOXaE-	loox/oreiller-soya-2-0_p04.html	2026-07-23T08:05:58Z	5	horodate_verifie	Boucher Valérie	oreiller-soya-2-0			Au top
Loox	KIdEdr_RSp	loox/oreiller-soya-2-0_p04.html	2026-07-21T18:18:40Z	3	horodate_verifie	Jean-paul	oreiller-soya-2-0	livraison / delais		Livraison mauvaise
Loox	AQpvKflSKJ	loox/oreiller-soya-2-0_p04.html	2026-07-21T10:13:16Z	5	horodate_verifie	Elisabeth	oreiller-soya-2-0	conformite a l annonce		Conforme à la description, à tester maintenant !
Loox	76jA5NBJNxd	loox/oreiller-soya-2-0_p04.html	2026-07-21T00:00:00Z	5	import_minuit_verifie	Céline.v	oreiller-soya-2-0	taille / dimensions / taie		J’ai ajouté une taie classique assez large et elle épouse très bien la forme de l’oreiller.
Loox	IKFlqCLrxao	loox/oreiller-soya-2-0_p04.html	2026-07-19T00:00:00Z	5	import_minuit_verifie	Mathilde.f	oreiller-soya-2-0			Bonne sensation de maintien lorsque je dors sur le côté.
Loox	Exo25-raCBb	loox/oreiller-soya-2-0_p05.html	2026-07-19T00:00:00Z	5	import_minuit_verifie	Nadège.d	oreiller-soya-2-0			Je suis satisfaite du maintien sans sensation d’être bloquée.
Loox	toQ9b12YLE_	loox/oreiller-soya-2-0_p05.html	2026-07-18T00:00:00Z	5	import_minuit_verifie	David.n	oreiller-soya-2-0	confort (positif)		L’oreiller est moelleux tout en gardant suffisamment de soutien.
Loox	5oWcVq5BbsZ	loox/oreiller-soya-2-0_p05.html	2026-07-16T00:00:00Z	5	import_minuit_verifie	Éva.v	oreiller-soya-2-0	confort (positif);temps d adaptation		Bon confort général et adaptation plutôt rapide.
Loox	rMkJqDtdMJS	loox/oreiller-soya-2-0_p05.html	2026-07-14T00:00:00Z	5	import_minuit_verifie	Vincent.r	oreiller-soya-2-0			J’aime beaucoup la sensation enveloppante de l’oreiller.
Loox	ThMXgUBIkAE	loox/oreiller-soya-2-0_p05.html	2026-07-11T13:40:04Z	4	horodate_verifie	Laila	oreiller-soya-2-0	douleurs (cou, dos, epaules)		On aime bien les coussins  ça apporte un support pour la nuque pour la tête pour les cervicales  par contre le petit truc qu’on met entre les jambes, il me sert la jambe je trouve qu’il est gênant la nuit
Loox	0PchA3Dqin	loox/oreiller-soya-2-0_p05.html	2026-07-11T11:50:09Z	5	horodate_verifie	Elodie P.	oreiller-soya-2-0	douleurs (cou, dos, epaules)		Il m'a changer mes nuits. Plus de douleurs aux cervicales
Loox	LlnyJiOi5d	loox/oreiller-soya-2-0_p05.html	2026-07-11T09:41:37Z	5	horodate_verifie	Christophe	oreiller-soya-2-0			Très bien !
Loox	v6s0gtw73Fm	loox/oreiller-soya-2-0_p05.html	2026-07-08T00:00:00Z	5	import_minuit_verifie	Laurent.v	oreiller-soya-2-0	fermete (dur / mou)		Le niveau de fermeté me convient parfaitement.
Loox	JL8JZiiEGy	loox/oreiller-soya-2-0_p05.html	2026-07-08T00:00:00Z	5	import_minuit_verifie	Raphaël.v	oreiller-soya-2-0	hauteur / epaisseur		La hauteur que j’ai choisie me convient parfaitement.
Loox	0V2KjrsLgz	loox/oreiller-soya-2-0_p05.html	2026-07-06T06:32:32Z	5	horodate_verifie	Andrea	oreiller-soya-2-0			Tres bon produit
Loox	wtuERb47Y6v	loox/oreiller-soya-2-0_p05.html	2026-07-06T00:00:00Z	5	import_minuit_verifie	Audrey.g	oreiller-soya-2-0	fermete (dur / mou)		L’oreiller est suffisamment souple sans être trop mou.
Loox	s83NLmy1tnr	loox/oreiller-soya-2-0_p05.html	2026-07-06T00:00:00Z	5	import_minuit_verifie	Sabrina.l	oreiller-soya-2-0	taille / dimensions / taie		Le format me convient bien et ne prend pas trop de place.
Loox	tgoiHubQ7mj	loox/oreiller-soya-2-0_p05.html	2026-07-05T00:00:00Z	5	import_minuit_verifie	Xavier.b	oreiller-soya-2-0	confort (positif)		Très agréable, je trouve ma position beaucoup plus naturellement.
Loox	aBHJWat0Cv	loox/oreiller-soya-2-0_p05.html	2026-07-04T09:08:13Z	5	horodate_verifie	Roseline G.	oreiller-soya-2-0			Ravie
Loox	JwPqy_TuaOO	loox/oreiller-soya-2-0_p05.html	2026-07-04T00:00:00Z	5	import_minuit_verifie	Jérôme.r	oreiller-soya-2-0			J’avais quelques doutes avant de commander, mais la première impression est bonne.
Loox	p1RGQ--Mi1	loox/oreiller-soya-2-0_p05.html	2026-07-02T14:40:36Z	2	horodate_verifie	Ileana	oreiller-soya-2-0	confort (positif);chaleur / fraicheur;qualite percue		Pas assez confortable comme beaucoup de monde parle... le tissu est fort transpirante et la fermeture au milieu ne tient du tout ... pas satisfaite en tout cas..
Loox	_jba5Ps4_2	loox/oreiller-soya-2-0_p05.html	2026-07-02T08:54:49Z	3	horodate_verifie	Virginie	oreiller-soya-2-0	livraison / delais;origine / chine / dropshipping		Reçu de chine, à tester !!
Loox	gK1BCZtRLH	loox/oreiller-soya-2-0_p05.html	2026-07-01T09:44:27Z	1	horodate_verifie	Maxime M.	oreiller-soya-2-0	hauteur / epaisseur;livraison / delais;conformite a l annonce		Ne correspond pas a mes attentes tete trop a plat trop en arrière
Loox	oQHxPXbnZo	loox/oreiller-soya-2-0_p05.html	2026-07-01T06:52:06Z	1	horodate_verifie	Castillo J.	oreiller-soya-2-0	livraison / delais		J'amais recu ma commande
Loox	3QQr7gGvjnY	loox/oreiller-soya-2-0_p05.html	2026-06-30T00:00:00Z	5	import_minuit_verifie	Alice.b	oreiller-soya-2-0			Je l’ai rapidement adopté pour mes nuits.
Loox	cLAHaAPUKx	loox/oreiller-soya-2-0_p06.html	2026-06-29T05:21:36Z	5	horodate_verifie	Daniela L.	oreiller-soya-2-0	douleurs (cou, dos, epaules)		Bizarre alors debut mais plus mal au dos
Loox	1aZo43PT_o-	loox/oreiller-soya-2-0_p06.html	2026-06-28T00:00:00Z	5	import_minuit_verifie	Léa.p	oreiller-soya-2-0	confort (positif)		Je dors principalement sur le dos et le confort me convient bien.
Loox	nE30K3lai8g	loox/oreiller-soya-2-0_p06.html	2026-06-25T00:00:00Z	5	import_minuit_verifie	Estelle.p	oreiller-soya-2-0			Je dors souvent sur le côté et je suis très à l’aise avec.
Loox	DaCoH6eO9T	loox/oreiller-soya-2-0_p06.html	2026-06-24T09:08:32Z	1	horodate_verifie	Emilie	oreiller-soya-2-0	confort (positif);inconfort / mal dormi;fermete (dur / mou);douleurs (cou, dos, epaules);prix / valeur		Après qq nuits avec l oreiller soya 2.0 j ai commencé à avoir des douleurs dans le dos que je n avais pas avant. Je l'ai acheté car je voyais de bon avis mais desfois à se demander si ils sont tous réels... L oreiller n est pas confortable comme sur la vidéo dur et la tête par en arrière. Le passage des bras est pas assez ouvert pour le mettre. Au vu du prix je suis déçue .
Loox	vYyWMESgBh	loox/oreiller-soya-2-0_p06.html	2026-06-22T09:17:03Z	1	horodate_verifie	Silvy R.	oreiller-soya-2-0	fermete (dur / mou);retour / remboursement;service client		Trop dur / aucun retour possible car pas de reponse a mes mails a ce sujet
Loox	JEZMVGbr06H	loox/oreiller-soya-2-0_p06.html	2026-06-21T00:00:00Z	5	import_minuit_verifie	Sarah.t	oreiller-soya-2-0			Très bonne sensation dès les premières minutes.
Loox	_OiOzfLj1tr	loox/oreiller-soya-2-0_p06.html	2026-06-20T00:00:00Z	5	import_minuit_verifie	Jonathan.d	oreiller-soya-2-0	hauteur / epaisseur;retour / remboursement		Très pratique de pouvoir simplement retourner l’oreiller pour changer de hauteur.
Loox	4c6iZlS6NR	loox/oreiller-soya-2-0_p06.html	2026-06-18T20:18:28Z	3	horodate_verifie	Virginie R.	oreiller-soya-2-0			Ne reprends oas sa forme d origine après 7 nuits
Loox	E8785Lh0oU	loox/oreiller-soya-2-0_p06.html	2026-06-18T00:00:00Z	5	import_minuit_verifie	Alexandre.c	oreiller-soya-2-0			Après plusieurs nuits, je trouve ma position plus facilement qu’avant.
Loox	YiLB2DDSgU	loox/oreiller-soya-2-0_p06.html	2026-06-16T14:00:13Z	5	horodate_verifie	Cyrille	oreiller-soya-2-0			Tres bon produit. A voir dans le temps.
Loox	eWrdYkpNal	loox/oreiller-soya-2-0_p06.html	2026-06-16T06:48:17Z	5	horodate_verifie	Elsa	oreiller-soya-2-0	confort (positif);douleurs (cou, dos, epaules)		Super oreillers vraiment on dort bien le cou est soutenu plus de ronflements de douleurs au réveil   / Ses oreillers on changé ma vie je suis tres satisfaite
Loox	emS0NccjDHG	loox/oreiller-soya-2-0_p06.html	2026-06-16T00:00:00Z	5	import_minuit_verifie	Arnaud.c	oreiller-soya-2-0			Je trouve que l’oreiller reste bien en place pendant la nuit.
Loox	RnMBKsOT3y	loox/oreiller-soya-2-0_p06.html	2026-06-15T16:01:31Z	5	horodate_verifie	Lydie D.	oreiller-soya-2-0	confort (positif)		Tres confortable.
Loox	4_DdwKGCs	loox/oreiller-soya-2-0_p06.html	2026-06-15T08:04:23Z	5	horodate	Fanny F.	oreiller-soya-2-0	douleurs (cou, dos, epaules);retour / remboursement;recommande		Je me réveillais avec des maux de tête, tensions au niveau des cervicales et trapèzes tous les matins. Après avoir lu les commentaires je me suis dit je tente je n'ai rien à perdre au pire je le retourne sous 30 jours. Et bien je ne suis pas déçue.   Je me réveille reposée sans douleur ni maux de tête  /  JE RECOMMANDE.
Loox	ZQsukOsvJS	loox/oreiller-soya-2-0_p06.html	2026-06-15T00:00:00Z	5	import_minuit_verifie	Julien.r	oreiller-soya-2-0			Pour le moment, très contente de mon choix.
Loox	d32G8Bl8_7N	loox/oreiller-soya-2-0_p06.html	2026-06-14T00:00:00Z	5	import_minuit_verifie	Mathieu.t	oreiller-soya-2-0	confort (positif);douleurs (cou, dos, epaules)		Très agréable pour dormir sur le dos comme sur le côté.
Loox	HL84n6D6F	loox/oreiller-soya-2-0_p06.html	2026-06-13T12:00:56Z	3	horodate	Philippe P.	oreiller-soya-2-0	retour / remboursement;service client;recommande		Les produits sont pas mal, mais le service clients est une catastrophe. / Ils ont depuis plus d’un mois  un retour de produits et je ne suis pas remboursé c’est inacceptable. / Je ne recommande pas cette entreprise
Loox	28f_dryzdWA	loox/oreiller-soya-2-0_p06.html	2026-06-13T00:00:00Z	5	import_minuit_verifie	Yoann.l	oreiller-soya-2-0	confort (positif)		Très agréable pour se détendre et trouver une position confortable.
Loox	AkXSAcKifJy	loox/oreiller-soya-2-0_p06.html	2026-06-12T00:00:00Z	5	import_minuit_verifie	Kévin.b	oreiller-soya-2-0	confort (positif);recommande		Produit agréable et facile à adopter. Je recommande surtout de tester tranquillement les deux sens.
Loox	ptUCJ29oYU-	loox/oreiller-soya-2-0_p06.html	2026-06-12T00:00:00Z	5	import_minuit_verifie	Damien.h	oreiller-soya-2-0			Personnellement, je préfère la partie la plus haute pour dormir sur le côté.
Loox	vejE93U1ikj	loox/oreiller-soya-2-0_p07.html	2026-06-12T00:00:00Z	5	import_minuit_verifie	Céline.p	oreiller-soya-2-0			Je bouge beaucoup la nuit et je reste malgré tout bien installé.
Loox	xpg27ykKpjN	loox/oreiller-soya-2-0_p07.html	2026-06-11T00:00:00Z	5	import_minuit_verifie	Nathalie.r	oreiller-soya-2-0	fermete (dur / mou)		Le maintien est présent sans donner une sensation d’oreiller trop dur
Loox	7WBH8Gfvyd	loox/oreiller-soya-2-0_p07.html	2026-06-11T00:00:00Z	5	import_minuit_verifie	Cindy.s	oreiller-soya-2-0	hauteur / epaisseur;temps d adaptation		J’avais peur qu’il soit trop épais mais les deux côtés permettent de bien s’adapter.
Loox	ikPlqtdHAh	loox/oreiller-soya-2-0_p07.html	2026-06-09T17:05:08Z	5	horodate_verifie	Cyrielle F.	oreiller-soya-2-0			Essayé qqs jours a l'air très bien, à voir sur le long terme.
Loox	f41iqatjLQq	loox/oreiller-soya-2-0_p07.html	2026-06-09T00:00:00Z	5	import_minuit_verifie	Benjamin.n	oreiller-soya-2-0	temps d adaptation		Il m’a fallu trois nuits pour vraiment m’y faire
Loox	JqiCBI5pZj	loox/oreiller-soya-2-0_p07.html	2026-06-09T00:00:00Z	5	import_minuit_verifie	Fanny.g	oreiller-soya-2-0	temps d adaptation		J’ai mis quelques nuits à m’adapter, maintenant tout va très bien.
Loox	v3YaBZkln9	loox/oreiller-soya-2-0_p07.html	2026-06-08T05:35:36Z	4	horodate_verifie	Anthony	oreiller-soya-2-0	fermete (dur / mou);housse		Tres bon produit , seul le bouton de la housse qui ne ferme pas
Loox	9kMRVpgmwK	loox/oreiller-soya-2-0_p07.html	2026-06-07T11:05:19Z	5	horodate_verifie	Martin G.	oreiller-soya-2-0			Top ⭐️⭐️⭐️⭐️⭐️🙂
Loox	ry1RutIf8B	loox/oreiller-soya-2-0_p07.html	2026-06-06T21:48:20Z	3	horodate_verifie	Florine	oreiller-soya-2-0			Il ne me convient pas
Loox	xVCXa6QRXoq	loox/oreiller-soya-2-0_p07.html	2026-06-06T00:00:00Z	5	import_minuit_verifie	Thibault.d	oreiller-soya-2-0	confort (positif)		Pour moi, le côté bas est largement suffisant et très confortable.
Loox	SuPyPn2X56	loox/oreiller-soya-2-0_p07.html	2026-06-06T00:00:00Z	5	import_minuit_verifie	Séverine.c	oreiller-soya-2-0			Très pratique pour tester différentes positions de sommeil.
Loox	ixzNpWQDnu	loox/oreiller-soya-2-0_p07.html	2026-06-05T12:25:48Z	2	horodate_verifie	Eliam	oreiller-soya-2-0	conformite a l annonce		Ne correspond pas réellement à l'article décrit...
Loox	ippc5cfbrrU	loox/oreiller-soya-2-0_p07.html	2026-06-05T00:00:00Z	5	import_minuit_verifie	Pauline.l	oreiller-soya-2-0			L’oreiller garde bien sa forme pendant la nuit.
Loox	FRSgt4xUoSq	loox/oreiller-soya-2-0_p07.html	2026-06-04T00:00:00Z	5	import_minuit_verifie	Lucas.d	oreiller-soya-2-0	confort (positif)		Très agréable au toucher et confortable une fois installé.
Loox	XAiIcZHt_CM	loox/oreiller-soya-2-0_p07.html	2026-06-04T00:00:00Z	5	import_minuit_verifie	Quentin.t	oreiller-soya-2-0	taille / dimensions / taie		J’ai ajouté une taie classique par-dessus et c’est parfait pour moi.
Loox	wumzuJ_fGT	loox/oreiller-soya-2-0_p07.html	2026-06-03T09:02:45Z	5	horodate_verifie	Régina	oreiller-soya-2-0	fermete (dur / mou);recommande		Bonjour je vous envoi mon avis concernant les oreillers...alors ils sont vraiment top!!! Je vous les recommande les yeux fermé....
Loox	KSkVC9vWNAm	loox/oreiller-soya-2-0_p07.html	2026-06-01T00:00:00Z	5	import_minuit_verifie	Benjamin.t	oreiller-soya-2-0	confort (positif);douleurs (cou, dos, epaules)		Très agréable lorsque je passe du dos au côté pendant la nuit.
Loox	GhL7StsXVX	loox/oreiller-soya-2-0_p07.html	2026-05-29T10:18:38Z	2	horodate_verifie	Isabelle	oreiller-soya-2-0	fermete (dur / mou);conformite a l annonce		La forme ne correspond pas tout à fait à ce qu’on voit sur Internet, l’oreiller est beaucoup trop dur.
Loox	YycJrmgTM99	loox/oreiller-soya-2-0_p07.html	2026-05-28T00:00:00Z	5	import_minuit_verifie	Loïc.f	oreiller-soya-2-0	confort (positif)		La tête est bien calée et je trouve que l’ensemble reste confortable même quand je change plusieurs fois de position.
Loox	lTUD7ksetg	loox/oreiller-soya-2-0_p07.html	2026-05-25T13:49:10Z	4	horodate_verifie	Dominique	oreiller-soya-2-0	confort (positif)		Confortable, facile a manipuler, facile a nettoyer. / Que du positif
Loox	lNhqcgeoef	loox/oreiller-soya-2-0_p08.html	2026-05-23T16:35:31Z	4	horodate_verifie	Stefano B.	oreiller-soya-2-0	confort (positif);qualite percue;prix / valeur		Oreiller confortable mais un peu cher pour la qualite des produtis
Loox	hFPUndCKdra	loox/oreiller-soya-2-0_p08.html	2026-05-23T00:00:00Z	5	import_minuit_verifie	Marine.s	oreiller-soya-2-0	confort (positif)		Après une semaine d’utilisation le confort reste le même qu’au premier jour
Loox	zWYGA_0UlI	loox/oreiller-soya-2-0_p08.html	2026-05-18T12:24:08Z	5	horodate_verifie	Elisabeth	oreiller-soya-2-0	confort (positif);recommande		Il est très agréable à l’utilisation, je le recommande
Loox	X6MS9lGKFz	loox/oreiller-soya-2-0_p08.html	2026-05-14T20:33:12Z	5	horodate_verifie	Elise	oreiller-soya-2-0	douleurs (cou, dos, epaules)		Super produit je n’ai enfin plus mal a mes épaules le matin
Loox	PY2_hFCC9sR	loox/oreiller-soya-2-0_p08.html	2026-05-14T00:00:00Z	5	import_minuit_verifie	Rémi.v	oreiller-soya-2-0	confort (positif);taille / dimensions / taie		Très doux et confortable. Personnellement je préfère mettre une taie classique par-dessus pour faciliter l’entretien.
Loox	nw_y6RXh2i9	loox/oreiller-soya-2-0_p08.html	2026-05-11T00:00:00Z	5	import_minuit_verifie	Valentin.c	oreiller-soya-2-0	confort (positif);fermete (dur / mou)		Bon équilibre entre souplesse et maintien dans mon cas. Je suis agréablement surpris.
Loox	QlYXqQqYDp	loox/oreiller-soya-2-0_p08.html	2026-05-07T12:09:37Z	2	horodate_verifie	Nat	oreiller-soya-2-0	taille / dimensions / taie;temps d adaptation		Nécessite un temps d'adaptation à la contrainte de la forme et la rigidité de l'oreiller.  / Le bouton pression au milieu de la taie ne fonctionne plus après le retrait pour le lavage.
Loox	Q2vGgb5Sm8	loox/oreiller-soya-2-0_p08.html	2026-05-03T18:38:43Z	5	horodate_verifie	Sonia R.	oreiller-soya-2-0	confort (positif)		Excellent. On retrouve des nuits paisibles
Loox	o1wI-kCccv	loox/oreiller-soya-2-0_p08.html	2026-04-30T11:11:15Z	2	horodate_verifie	Anne K.	oreiller-soya-2-0			Je n'aime pas du tout la position couché sur le ventre, ne l'avais acheté pour ça  / sinon c est bien
Loox	M9GZ1JpOdAq	loox/oreiller-soya-2-0_p08.html	2026-04-25T00:00:00Z	5	import_minuit_verifie	Caroline.p	oreiller-soya-2-0	hauteur / epaisseur		Je ne savais pas quelle hauteur choisir au début
Loox	VFev70_b3kr	loox/oreiller-soya-2-0_p08.html	2026-04-24T00:00:00Z	5	import_minuit_verifie	Bastien.l	oreiller-soya-2-0	prix / valeur		Après quelques jours je trouve que je cherche beaucoup moins ma position qu’avec mon ancien coussin.
Loox	J2-WjzwSxak	loox/oreiller-soya-2-0_p08.html	2026-04-22T00:00:00Z	5	import_minuit_verifie	Noémie.d	oreiller-soya-2-0	confort (positif)		Très confortable pour lire quelques minutes au lit puis s’endormir sans devoir changer d’oreiller.
Loox	DtZJ9Exofx	loox/oreiller-soya-2-0_p08.html	2026-04-20T12:46:47Z	5	horodate_verifie	Anne	oreiller-soya-2-0	douleurs (cou, dos, epaules);qualite percue		Pour l'instant mon avis est positif...mes douleurs ont disparu avec l'oreiller 2.0...mais je l'ai depuis peu et je ne peux pas encore être sûre à 100% de la qualité!
Loox	XGJkOEX3X8	loox/oreiller-soya-2-0_p08.html	2026-04-18T14:59:03Z	1	horodate_verifie	Pierre A.	oreiller-soya-2-0	qualite percue;prix / valeur		Acheter il y à QQ semaines, malheureusement un peu cher car la qualité n'est pas au RDV, mousse qui c'est ramollie très vite, couture au niveau des fermetures éclairs qui lâchent,et le bouton pression au milieu de l'oreiller ne tient plus ce qui fait que cela ramollie davantage la mousse. C'est dommage.
Loox	-kVpHAfjvRC	loox/oreiller-soya-2-0_p08.html	2026-04-16T12:38:05Z	2	horodate_verifie	Thomas P.	oreiller-soya-2-0	confort (positif)		Belle forme mais la tete trop en arriere, pas agreable pour dormir
Loox	IRAN-dUKgE	loox/oreiller-soya-2-0_p08.html	2026-04-16T12:02:34Z	2	horodate_verifie	Christel	oreiller-soya-2-0	taille / dimensions / taie;conformite a l annonce;housse		Le coussin semble moins rembouré que sur le site; difficile de mettre la housse ; la taie en soie est trop petite, cela comprime le coussin
Loox	a6VuaeitkY	loox/oreiller-soya-2-0_p08.html	2026-04-15T13:35:35Z	5	horodate_verifie	Julien	oreiller-soya-2-0			Tres bien !
Loox	laGcXHUjkv	loox/oreiller-soya-2-0_p08.html	2026-04-14T21:11:54Z	5	horodate_verifie	Hikmete	oreiller-soya-2-0			J'aime bien
Loox	EsvBbTl4_	loox/oreiller-soya-2-0_p08.html	2026-04-14T15:35:52Z	5	horodate	Martine P.	oreiller-soya-2-0	livraison / delais;housse		Bien arrivés ...., bien reçu au top. / Pourriez vous expliquer   à quoi sert la perssion blanche sur la housse blanche. ,  puisque la.  Housse  bleue en  n’a déja une ??   / Merci d’avance ....
Loox	3V5PnMozdQ7	loox/oreiller-soya-2-0_p08.html	2026-04-11T00:00:00Z	5	import_minuit_verifie	Sandrine.b	oreiller-soya-2-0	confort (positif);temps d adaptation		Oreiller original mais très agréable. La forme ergonomique demande juste un petit temps d’adaptation.
Loox	KzsRPt3nAI	loox/oreiller-soya-2-0_p09.html	2026-04-10T07:38:35Z	5	horodate_verifie	Ronald	oreiller-soya-2-0	confort (positif);livraison / delais		Très confortable, conforme à mes attentes, bravo 👍
Loox	g_A6ibKA1O	loox/oreiller-soya-2-0_p09.html	2026-04-07T17:01:48Z	5	horodate_verifie	Nathalie	oreiller-soya-2-0	douleurs (cou, dos, epaules)		Mes cervicales le remercient et mon sommeil aussi
Loox	smK4DBaADx	loox/oreiller-soya-2-0_p09.html	2026-04-06T08:44:06Z	4	horodate_verifie	Sandy	oreiller-soya-2-0	taille / dimensions / taie		Tres bon coussin ergo, m’a soulagé dès la premiere nuit. Possibilité de mettre une taie d’oreiller 70x50 dessus.
Loox	SmibtQIa3fp	loox/oreiller-soya-2-0_p09.html	2026-04-06T00:00:00Z	5	import_minuit_verifie	Hugo.r	oreiller-soya-2-0	confort (positif)		Je bouge énormément pendant mon sommeil et malgré ça je retrouve facilement une position confortable.
Loox	skKSiZTdra	loox/oreiller-soya-2-0_p09.html	2026-04-02T05:49:39Z	5	horodate_verifie	Valérie	oreiller-soya-2-0			Trop bien
Loox	4VnnTEx9tbr	loox/oreiller-soya-2-0_p09.html	2026-03-30T00:00:00Z	5	import_minuit_verifie	Lucie.n	oreiller-soya-2-0	hauteur / epaisseur;retour / remboursement		La possibilité de retourner l’oreiller pour changer de hauteur est vraiment pratique.
Loox	V-_kvQ1YR	loox/oreiller-soya-2-0_p09.html	2026-03-25T06:42:51Z	3	horodate	Corinne R.	oreiller-soya-2-0	douleurs (cou, dos, epaules);temps d adaptation		Des douleurs le matin au réveil. Je ne sais si c’est le temps de s’habituer mais douleur derrière la tête et cervicales mais moins mal aux épaules
Loox	ov7d75KtJIL	loox/oreiller-soya-2-0_p09.html	2026-03-18T00:00:00Z	5	import_minuit_verifie	Florian.t	oreiller-soya-2-0			Bonne première impression et encore meilleure après quelques nuits d’utilisation.
Loox	q7mI6Jyx7r8	loox/oreiller-soya-2-0_p09.html	2026-03-17T00:00:00Z	5	import_minuit_verifie	Amandine.f	oreiller-soya-2-0	hauteur / epaisseur		Mon ancien oreiller était beaucoup trop plat. Celui-ci me donne une sensation de soutien plus régulière.
Loox	jxhhNCfRY-9	loox/oreiller-soya-2-0_p09.html	2026-03-16T00:00:00Z	5	import_minuit_verifie	Quentin.s	oreiller-soya-2-0	confort (positif);fermete (dur / mou);prix / valeur		J’avais peur qu’il soit trop ferme mais finalement le 3.0 correspond bien au niveau de moelleux que je cherchais.
Loox	_c0RI_dqaDQ	loox/oreiller-soya-2-0_p09.html	2026-03-06T00:00:00Z	5	import_minuit_verifie	Mélanie.v	oreiller-soya-2-0	confort (positif)		Très satisfaite du confort. La mousse reprend bien sa forme et reste agréable pendant toute la nuit.
Loox	lW96-WMfKQ	loox/oreiller-soya-2-0_p09.html	2026-03-05T10:54:04Z	5	horodate_verifie	Laurent L.	oreiller-soya-2-0	livraison / delais		Livraison impeccable merci / Je vais les essayer
Loox	dYb0vneroD	loox/oreiller-soya-2-0_p09.html	2026-03-01T13:40:05Z	5	horodate_verifie	Tatiana B.	oreiller-soya-2-0	confort (positif)		Très confortable, au bout d une semaine je retrouve un sommeil réparateur
Loox	qe9e8_NUy	loox/oreiller-soya-2-0_p09.html	2026-02-21T21:01:21Z	3	horodate	Allison Z.	oreiller-soya-2-0	douleurs (cou, dos, epaules);temps d adaptation		J'ai acheté deux oreillers il y a un peu plus de 2 semaines. Mon compagnon dort très bien avec l'oreiller mais moi j'ai du mal à m'y faire je me réveille deux trois fois par nuit j'ai mal à mes cervicales je ne sais plus quoi faire.
Loox	lM3GwiZMU	loox/oreiller-soya-2-0_p09.html	2026-02-16T13:21:15Z	5	horodate	Viviane T.	oreiller-soya-2-0	confort (positif);livraison / delais		Bonjour, j'ai reçu mon oreiller 2.0, et dès que j'ai posé la tête, un confort ressenti, douillet pour ma tête, elle est bien calée.  le premier réveil, un ressenti très agréable, sensation de bien être.  Je me suis dit, pourquoi je ne l'ai pas acheté avant !!! N'hésitez pas, car la santé est très importante, surtout le sommeil !!!
Loox	9kj-uHNz_t_	loox/oreiller-soya-2-0_p09.html	2026-02-14T00:00:00Z	5	import_minuit_verifie	Maxime.g	oreiller-soya-2-0			Pour moi le côté le plus haut est parfait
Loox	p6VKW80nW	loox/oreiller-soya-2-0_p09.html	2026-02-11T17:14:33Z	5	horodate	Gyorgyi R.	oreiller-soya-2-0	livraison / delais;housse		J'ai reçu l'oreiller 2.0. SUPER!!! J'aimerais acheter un housse foncé.  Où et comment je peu trouver ?
Loox	0oKTHRqozD	loox/oreiller-soya-2-0_p09.html	2026-02-11T13:53:51Z	5	horodate_verifie	Chaida B.	oreiller-soya-2-0	recommande		Bonjour, /  Cela fait maintenant 8jours que mon mari et moi même utilisons ces oreillers  et que dire c'est juste un oreiller miracle. Je le recommande a 1000%.
Loox	agL8nMTyiA	loox/oreiller-soya-2-0_p09.html	2026-02-11T11:15:49Z	5	horodate_verifie	Veronique D.	oreiller-soya-2-0	douleurs (cou, dos, epaules)		Produit au top . Je dors mieux et moins mal aux cervicales et au dos .
Loox	IfbZDmVjN	loox/oreiller-soya-2-0_p09.html	2026-02-11T09:00:26Z	3	horodate	Sandrine R.	oreiller-soya-2-0	service client		Bonjour , j ai passé commande , j attend .  / Par contre problème d adresse j ai envoyé deux message pas de réponse , j espère de tout cœur les recevoir 😌
Loox	qgcHVNLzSH	loox/oreiller-soya-2-0_p10.html	2026-02-07T05:09:28Z	5	horodate_verifie	Sandrine S.	oreiller-soya-2-0			Me soulage bien
Loox	cBl0oGEEwa	loox/oreiller-soya-2-0_p10.html	2026-02-06T15:11:25Z	5	horodate_verifie	Corinne T.	oreiller-soya-2-0	confort (positif);douleurs (cou, dos, epaules);housse		Ce coussin ergonomique est très confortable  / Mousse hyper agréable car moelleuse mais elle maintient. / Beaucoup moins de douleurs cervicales au réveil. / J'ai commandé 2 housses de rechange. / En revanche je le trouve très moche sur mon lit.... / Je n'aime pas du tout sa forme
Loox	fIIVrSg9v	loox/oreiller-soya-2-0_p10.html	2026-02-04T19:06:45Z	3	horodate	Assepram B.	oreiller-soya-2-0	livraison / delais;non recu / commande incomplete;housse		Livraison rapide, petit bémol. J'avais commandé 2 oreiller avec 2 housses offertes. Mais je n'ai pas reçu les housses
Loox	_ndM7u4GHj	loox/oreiller-soya-2-0_p10.html	2026-02-04T07:37:35Z	5	horodate_verifie	Franck L.	oreiller-soya-2-0	confort (positif);douleurs (cou, dos, epaules)		Je suis agréablement surpris, je sens un réel confort avec cette oreiller , fini le mal aux cervicales !!!
Loox	aXn4A51NZMl	loox/oreiller-soya-2-0_p10.html	2026-02-01T00:00:00Z	5	import_minuit_verifie	Anaïs.c	oreiller-soya-2-0			Je préfère personnellement le côté le plus bas
Loox	UqVsh4Mpbh	loox/oreiller-soya-2-0_p10.html	2026-01-27T09:05:42Z	3	horodate_verifie	Armelle S.	oreiller-soya-2-0	fermete (dur / mou)		Pas assez souple pour moi
Loox	Nkb27vJCL8	loox/oreiller-soya-2-0_p10.html	2026-01-26T20:33:14Z	5	horodate_verifie	Laure D.	oreiller-soya-2-0	douleurs (cou, dos, epaules);recommande		Super contente de mon oreiller. J'ai beaucoup moins de douleurs dans la nuque depuis que je l'utilise. Je le recommande.
Loox	tTd_-yTrOFQ	loox/oreiller-soya-2-0_p10.html	2026-01-24T11:26:53Z	5	horodate_verifie	Nadège H.	oreiller-soya-2-0	confort (positif);douleurs (cou, dos, epaules);temps d adaptation		Très confortable et adapté a ma morphologie de la nuque.
Loox	sa5TC4eCuj	loox/oreiller-soya-2-0_p10.html	2026-01-23T20:46:19Z	5	horodate_verifie	Séverine B.	oreiller-soya-2-0	douleurs (cou, dos, epaules);qualite percue		Très bon produit! Des les premiers nuits d'utilisation,,les maux de dos ont diminué. Meilleurs qualites de sommeil.
Loox	2-1JbpX7Am	loox/oreiller-soya-2-0_p10.html	2026-01-21T19:35:04Z	1	horodate_verifie	Charles J.	oreiller-soya-2-0	recommande		Oreillers trop fin quand on a une forte carrure et que l’on dort sur le côté. Je ne recommande pas.
Loox	wER_g5B-rvP	loox/oreiller-soya-2-0_p10.html	2026-01-21T00:00:00Z	5	import_minuit_verifie	Céline.l	oreiller-soya-2-0	confort (positif)		Le confort est vraiment différent d’un oreiller classique. Il faut tester pour comprendre la sensation.
Loox	dJMME19vgV	loox/oreiller-soya-2-0_p10.html	2026-01-16T12:39:56Z	5	horodate_verifie	Cecile G.	oreiller-soya-2-0	confort (positif)		Surprenant . Mais tres confortable
Loox	oABUIRRZz	loox/oreiller-soya-2-0_p10.html	2026-01-12T19:42:16Z	4	horodate	Audrey P.	oreiller-soya-2-0	confort (positif);retour / remboursement;housse		Bonjour  / Existe t’il des housses sur le soya 2 qui ne boulochent pas ? Au bout de 2 semaines d’utilisation ce n’est pas très agréable.  / En vous en remerciant par avance de votre retour  / Cordialement  / Mme Pottier
Loox	CvhE_rb3qh	loox/oreiller-soya-2-0_p10.html	2026-01-12T08:21:26Z	5	horodate_verifie	Christine C.	oreiller-soya-2-0			Parfait bien emballé
Loox	Rbf06c-_TD0	loox/oreiller-soya-2-0_p10.html	2026-01-12T00:00:00Z	5	import_minuit_verifie	Lucas.d	oreiller-soya-2-0			J’en avais entendu parler plusieurs fois avant de me décider. Pour le moment je suis content d’avoir essayé.
Loox	GL4XOh0jL	loox/oreiller-soya-2-0_p10.html	2026-01-11T13:08:49Z	5	horodate_verifie	Claude P.	oreiller-soya-2-0	douleurs (cou, dos, epaules)		Plus de douleurs au cervicales 🙏
Loox	nH28NwDRdM	loox/oreiller-soya-2-0_p10.html	2026-01-10T20:22:16Z	5	horodate_verifie	Alain A.	oreiller-soya-2-0	qualite percue		Oreille de très bonne qualité le maintient est juste parfait j'espère penser la même chose dans la durée dans le temps
Loox	dOFlgHYY8w	loox/oreiller-soya-2-0_p10.html	2026-01-10T09:36:34Z	4	horodate	Claudine C.	oreiller-soya-2-0	douleurs (cou, dos, epaules);temps d adaptation;recommande		l oreiller soya 3 est 1 très bon produit ,  je l'ai acheté parce que dans votre pub vous confirmez qu'il est adapté pour les personnes portant 1 masque d'apnée, c'est mon cas . Faudrait préciser adapté si on dort sur le dos moi  je dors sur le coté, avec cet oreiller c'est quasi impossible. je l'ai essayé 3 nuits au bout de  30mn j'ai renoncé. En l utilisant normalement je le recommande sans hésiter
Loox	fw1B1Tx3R4	loox/oreiller-soya-2-0_p10.html	2026-01-10T08:47:22Z	4	horodate_verifie	Françoise N.	oreiller-soya-2-0	housse		très bien. Mais où trouver des housses en coton lavables ?
Loox	7cP4oI7mz	loox/oreiller-soya-2-0_p10.html	2026-01-09T17:49:40Z	5	horodate_verifie	Brigitte P.	oreiller-soya-2-0	douleurs (cou, dos, epaules)		Beaucoup moins de douleurs au cervicales au réveil
Loox	CjE9ghV0y6y	loox/oreiller-soya-2-0_p11.html	2026-01-09T00:00:00Z	5	import_minuit_verifie	Pauline.m	oreiller-soya-2-0			J’apprécie particulièrement le fait que ma tête reste bien positionnée sans sensation de rigidité.
Loox	tsOPHKIz4	loox/oreiller-soya-2-0_p11.html	2026-01-08T20:00:59Z	5	horodate_verifie	Edward L.	oreiller-soya-2-0			Très bon oreiller qui maintient la tête stable, quelle que soit l’orientation de celle-ci.
Loox	U8dNECPMQ	loox/oreiller-soya-2-0_p11.html	2026-01-08T17:39:08Z	5	horodate_verifie	Choucroun B.	oreiller-soya-2-0			Je ne pourrais plus m’en passer. /  J’ai enfin retrouvé des nuits avec un sommeil réparateur et j’ai arrêté de faire les 4 coins de mon lit  en bougeant.. Je me réveille bien   plus apaisée
Loox	mYzP9TpkA	loox/oreiller-soya-2-0_p11.html	2026-01-08T16:01:54Z	4	horodate_verifie	Nathalie H.	oreiller-soya-2-0	temps d adaptation		Au début un peu bizarre, mais on s’habitue. / C’est bien .
Loox	YRs2CVCWh	loox/oreiller-soya-2-0_p11.html	2026-01-08T12:02:56Z	3	horodate_verifie	Martine F.	oreiller-soya-2-0	confort (positif)		Moyen le confort
Loox	nXY_Desxux	loox/oreiller-soya-2-0_p11.html	2026-01-08T09:29:53Z	5	horodate_verifie	Aurelia A.	oreiller-soya-2-0	recommande		Super produit  / Je recommande
Loox	gzqrV5N-oF	loox/oreiller-soya-2-0_p11.html	2026-01-07T17:04:22Z	5	horodate_verifie	Ouassim B.	oreiller-soya-2-0	confort (positif)		Agréable et confortable
Loox	kIIg9G4ge	loox/oreiller-soya-2-0_p11.html	2026-01-07T16:43:53Z	4	horodate_verifie	Denis L.	oreiller-soya-2-0	confort (positif)		Après quelques semaines d’utilisation le confort s’amoindrit. / Peut être que le 3.0 corrigera ce point.
Loox	wDoOFTLjt	loox/oreiller-soya-2-0_p11.html	2026-01-07T14:08:59Z	5	horodate_verifie	Nathalie C.	oreiller-soya-2-0	douleurs (cou, dos, epaules);temps d adaptation		Je suis atteinte de névralgie cervico-brachiale, et je recherchais un oreiller adapté à la position couchée sur le côté et sur le dos. /  Grâce à cet oreiller, je dors mieux, ma nuque est moins sollicitée.
Loox	a8-h0AQQBi	loox/oreiller-soya-2-0_p11.html	2026-01-07T05:21:41Z	5	horodate_verifie	Jérôme J.	oreiller-soya-2-0			Enfin un oreiller qui me permet de faire mes nuits d'une seule traite sans me réveiller a 2 ou 3 heure du matin.
Loox	p9VyOAWpn	loox/oreiller-soya-2-0_p11.html	2026-01-06T20:49:51Z	5	horodate_verifie	Jaessye B.	oreiller-soya-2-0	confort (positif);douleurs (cou, dos, epaules);recommande		C'est vrai que depuis que j'ai l'oreiller Soya  Je n'ai plus mal aux cervicales et le coussin entre les cuisses est super agréable ne gêne pas pour la nuit j'adore.  Je le recommande pour les personnes qui dorment sur le côté.  /  / Merciiii l'équipe Soya et bonne année 2026.
Loox	8dxpD3kbWN	loox/oreiller-soya-2-0_p11.html	2026-01-06T06:55:08Z	4	horodate_verifie	Nora B.	oreiller-soya-2-0	confort (positif)		Confortable,après essaie bien dormi 👍👍
Loox	2ubNvP-Xd	loox/oreiller-soya-2-0_p11.html	2026-01-05T14:45:20Z	5	horodate_verifie	Luc L.	oreiller-soya-2-0	douleurs (cou, dos, epaules)		Permet de dormir sur le dos, sur côté etc...
Loox	NwsBJbWE7	loox/oreiller-soya-2-0_p11.html	2026-01-04T17:11:23Z	4	horodate_verifie	Clochard C.	oreiller-soya-2-0	temps d adaptation		Je dors sur le côté et il faut s’adapter au début pour trouver le trou où mettre sa tête mais ça vient 😁
Loox	dwnT-nX_uJ	loox/oreiller-soya-2-0_p11.html	2025-12-31T17:54:39Z	3	horodate_verifie	Sabine N.	oreiller-soya-2-0	taille / dimensions / taie;temps d adaptation		Satisfaite sans plus. Le format nest pas adaptable a mes protèges oreillers.
Loox	HyYnXDL81	loox/oreiller-soya-2-0_p11.html	2025-12-30T21:31:48Z	5	horodate_verifie	Fabien P.	oreiller-soya-2-0	confort (positif);douleurs (cou, dos, epaules)		Oreiller très confortable qui permet réellement de limiter les douleurs au niveau des cervicales.
Loox	VwpVlCCz5Dy	loox/oreiller-soya-2-0_p11.html	2025-12-26T00:00:00Z	5	import_minuit_verifie	Manon.r	oreiller-soya-2-0	confort (positif);taille / dimensions / taie		Trrès agréable au toucher et bon maintien. J’ai simplement ajouté une taie en coton par-dessus.
Loox	fR8PXCCEWla	loox/oreiller-soya-2-0_p11.html	2025-12-23T00:00:00Z	5	import_minuit_verifie	Damien.h	oreiller-soya-2-0			Je l’utilise depuis une semaine et pour l’instant je n’ai aucune envie de reprendre mon ancien oreiller.
Loox	y2U-1OZlNY	loox/oreiller-soya-2-0_p11.html	2025-12-20T22:08:34Z	5	horodate_verifie	Miguel Angel M.	oreiller-soya-2-0	confort (positif)		Magnifique et très confortable.  / Merci
Loox	ZQw0VSMA0f	loox/oreiller-soya-2-0_p11.html	2025-12-19T06:31:02Z	5	horodate_verifie	Maelys A.	oreiller-soya-2-0	livraison / delais;qualite percue		Reçu en 8 jours. Superbe qualité !
Loox	HnCA9RsXcnu	loox/oreiller-soya-2-0_p12.html	2025-12-18T00:00:00Z	5	import_minuit_verifie	Chloé.n	oreiller-soya-2-0	emballage / compression		La forme surprend au déballage mais elle devient rapidement naturelle une fois allongé dessus.
Loox	s5L7IaWPBzq	loox/oreiller-soya-2-0_p12.html	2025-12-15T00:00:00Z	5	import_minuit_verifie	Alexandre.t	oreiller-soya-2-0			Après plusieurs oreillers testés ces dernières années
Loox	IEqrcLPve	loox/oreiller-soya-2-0_p12.html	2025-12-10T15:04:06Z	3	horodate	Valérie G.	oreiller-soya-2-0	chaleur / fraicheur;douleurs (cou, dos, epaules);temps d adaptation;retour / remboursement		Les 2 premières semaines je n'ai eu aucune douleur à l'adaptation par contre ce qui me gênait beaucoup c'est la chaleur de l'oreiller et même si je me levais pour aller au petit coin l'oreiller n'avait pas le temps de refroidir donc très désagréable de se coucher ou de rester sur un oreiller chaud surtout qu'on ne peut le retourner car ne s'utilise que dans un sens !!!!  / A la 3ème semaine j'ai commencé à avoir des douleurs cervicales et trapèzes...  / A refaire je ne l'achèterais pas...
Loox	IaYYs__0dNy	loox/oreiller-soya-2-0_p12.html	2025-12-06T00:00:00Z	5	import_minuit_verifie	Mathieu.s	oreiller-soya-2-0	confort (positif);hauteur / epaisseur		Très bon confort général. J’ai testé les deux hauteurs avant de trouver celle qui me convient le mieux.
Loox	O-9b9Hlyy	loox/oreiller-soya-2-0_p12.html	2025-12-05T07:29:44Z	4	horodate	Brice B.	oreiller-soya-2-0	livraison / delais;retour / remboursement		Cela fait maintenant 1 mois que j’ai retourné les soya 2 pour acheter les soya 3 parce que les 2 ne me convenait pas et j’attend toujours le remboursement.Le délai est beaucoup trop long et j’espère surtout être rembourser.
Loox	p9V394NuqEP	loox/oreiller-soya-2-0_p12.html	2025-11-27T00:00:00Z	5	import_minuit_verifie	Laura.v	oreiller-soya-2-0			Première nuit un peu étrange à cause de la forme
Loox	JGJkckY957	loox/oreiller-soya-2-0_p12.html	2025-11-23T00:00:00Z	5	import_minuit_verifie	Thomas.g	oreiller-soya-2-0	confort (positif)		Le côté moelleux me plaît beaucoup
Loox	3qH_8D4Z3K	loox/oreiller-soya-2-0_p12.html	2025-11-22T08:54:15Z	5	horodate_verifie	Dominique D.	oreiller-soya-2-0	douleurs (cou, dos, epaules)		Je suis heureuse car depuis que je l ai je n'ai plus mal ma nuque
Loox	Rovg4o14Mg	loox/oreiller-soya-2-0_p12.html	2025-11-21T10:14:54Z	5	horodate_verifie	Raphaël R.	oreiller-soya-2-0	confort (positif);livraison / delais;prix / valeur;conformite a l annonce		Colis compact et soigné, produit conforme à la description. /  3 premières nuits dessus sont vraiment agréables.  Merci, à bientôt. Par contre sans les promos c'est vraiment cher.
Loox	8WiqNQrDvH	loox/oreiller-soya-2-0_p12.html	2025-11-20T00:00:00Z	5	import_minuit_verifie	Élodie.c	oreiller-soya-2-0			J’étais assez sceptique avant de commander mais après quelques nuits je comprends beaucoup mieux le concept.
Loox	oDEiXKSitQ	loox/oreiller-soya-2-0_p12.html	2025-11-19T00:00:00Z	5	import_minuit_verifie	Nicolas.p	oreiller-soya-2-0	confort (positif)		Je dors principalement sur le côté et je trouve le maintien vraiment agréable dans cette position.
Loox	FWgDLYaUU1	loox/oreiller-soya-2-0_p12.html	2025-11-17T00:00:00Z	5	import_minuit_verifie	Camille.l	oreiller-soya-2-0	confort (positif);livraison / delais		Reçu récemment et pour le moment très satisfait. Il est beaucoup plus confortable que mon ancien oreiller.
Loox	bKjXrXUSS	loox/oreiller-soya-2-0_p12.html	2025-11-16T14:17:12Z	3	horodate	Jennifer	oreiller-soya-2-0			Nous l avons depuis 4 nuits et nous nous demandions si nous pouvions l utiliser des 2 côtés ?
Loox	Tr7CZvsQD	loox/oreiller-soya-2-0_p12.html	2025-11-16T08:37:00Z	3	horodate	Gérard G.	oreiller-soya-2-0	douleurs (cou, dos, epaules)		Deuxième nuit avec le Soya 2, et nette amélioration de mes douleurs cervicales. Cependant, des douleurs aux lombaires sont apparues depuis que j'utilise le Soya 2. J'hésite à reprendre mon ancien oreiller.
Loox	q64Zjag0d	loox/oreiller-soya-2-0_p12.html	2025-11-15T17:09:14Z	3	horodate	Jennifer	oreiller-soya-2-0	douleurs (cou, dos, epaules);temps d adaptation;livraison / delais		Oreiller 2.0 reçu il y a 3 jours. Adaptation difficile et douleur cervicales toujours présente.  / Mais nous nous laissons encore un peu de temps pour que notre corps s'adapte. On espère quil rendra nos nuits meilleurs.
Loox	QLK6sKTZVB	loox/oreiller-soya-2-0_p12.html	2025-11-07T00:00:00Z	5	import_minuit_verifie	Sophie.m	oreiller-soya-2-0			Belle surprise
Loox	RpPgZGxbtn	loox/oreiller-soya-2-0_p12.html	2025-11-01T00:00:00Z	5	import_minuit_verifie	Jérôme.c	oreiller-soya-2-0	confort (positif)		Très agréable dès les premières nuits
Loox	n09qAqBY8	loox/oreiller-soya-2-0_p12.html	2025-10-22T20:45:01Z	5	horodate	Alexia R.	oreiller-soya-2-0	douleurs (cou, dos, epaules);livraison / delais;arnaque / fraude;recommande		J'adore cet oreiller.   Il convient parfaitement à mes cervicales.  J'ai beaucoup moins de douleurs au réveil. Je recommande vraiment. Délais de livraison assez rapide contrairement à ce qu'il est écrit et le conditionnement est tres bien, colis livrédans la boite au lettres pour 2 oreillers .  Ce n'est pas une arnaque vous pouvez commander ! Je vais probablement en recommander pour offrir à Noël.. super idée cadeau 😊
Loox	F0P6_fqvjC	loox/oreiller-soya-2-0_p12.html	2025-10-20T18:03:52Z	5	horodate	Sofiane B.	oreiller-soya-2-0	livraison / delais		On a reçu l’oreiller, ma mère et moi, et on l’a tout de suite adopté ! /  Franchement, il nous a changé nos nuits , on dort beaucoup mieux et même les ronflements ont diminué
Loox	oU1AiJwvA4a	loox/oreiller-soya-2-0_p12.html	2025-10-17T07:51:10Z	5	horodate	Nathalie B.	oreiller-soya-2-0	douleurs (cou, dos, epaules);temps d adaptation;recommande		Ayant de gros soucis de cervicales, de dos et d épaule, je suis très contente de l'achat du coussin. /  Je me lève en ayant plus mal aux cervicales ..vraiment top.  / Il faut juste un moment d'adaptation mais nickel. / Je recommande vraiment.
Loox	koo_etcSNUE	loox/oreiller-soya-2-0_p13.html	2025-10-12T22:25:35Z	5	horodate	Adrien C.	oreiller-soya-2-0	confort (positif);temps d adaptation		Bonjour, ça va faire un mois que je l’ai acheté et je l’utilise selon mon état de fatigue mais franchement  oreiller au top confortable un petit temps d’adaptation.  On y dort bien avec.
Loox	tsDOdInPh3H	loox/oreiller-soya-2-0_p13.html	2025-10-02T18:10:24Z	5	horodate	Audrey D.	oreiller-soya-2-0			Au top, tout de suite adopté !
Loox	ZMuVdeNpDJT	loox/oreiller-soya-2-0_p13.html	2025-10-02T18:08:00Z	5	horodate	Randal K.	oreiller-soya-2-0	service client		Super satisfait rien à dire, mention spécial à l'équipe service client super réactif.
Loox	LIfWRSka0HJ	loox/oreiller-soya-2-0_p13.html	2025-10-02T18:06:51Z	5	horodate	Lester T.	oreiller-soya-2-0			Super achat aucun regret !!!!
Loox	F1LzSHGlCJp	loox/oreiller-soya-2-0_p13.html	2025-10-02T18:03:52Z	5	horodate	Lucas H.	oreiller-soya-2-0			Magnifique il à changer mes nuits.
Loox	noOG_2s7YHg	loox/oreiller-soya-2-0_p13.html	2025-10-02T09:01:38Z	5	horodate	Larange Z.	oreiller-soya-2-0	confort (positif);livraison / delais;recommande		J'ai perdu espoir de recevoir mes coussins mais 3 semaines plus tard j'ai les reçu . / Avant J'ai dorme très mal en se levant plusieurs fois dans la nuit . En dormant sur ce coussin je dors bien ,j'ai des rêves en nouveaux et je me lève reposé.   / Très contante et j'ai recommandé pour mon fils .Juste j'espère qu'elles arriverons plutôt.
Loox	Y7-fiM894tM	loox/oreiller-soya-2-0_p13.html	2025-10-02T08:19:03Z	3	horodate	Tom D.	oreiller-soya-2-0	livraison / delais;non recu / commande incomplete		Assez longtemps à recevoir et je ne les ai toujours pas reçus. Il me dit qu'il sera livré, mais toujours pas de livreur après deux planifications. Je vais essayer dans un point relais, on verra bien.
Loox	l1SAOAkQ5Ia	loox/oreiller-soya-2-0_p13.html	2025-09-27T08:51:08Z	5	horodate	Hedwige D.	oreiller-soya-2-0	douleurs (cou, dos, epaules);emballage / compression		Sceptique à l’achat et plus encore au déballage.  Mais dès la 1ere nuit je suis séduite.  Lorsque j ai posé ma tête la 1ere fois, j ai ressenti comme une remise en place de mes articulations et un soulagement au niveau musculaire de la nuque et des épaules. Je suis tellement heureuse que j envisage l achat de plusieurs pour au cas où.
Loox	fd0NLhg2WIt	loox/oreiller-soya-2-0_p13.html	2025-09-24T10:29:56Z	5	horodate	Marion P.	oreiller-soya-2-0	douleurs (cou, dos, epaules);recommande		Des années que j'ai mal aux cervicales et aux trapèzes. J ai essayé plusieurs choses, rien de très concluant / Mais là je suis bluffée franchement.  /  Une différence dès la première nuit. Ça fait 10 jours que je l'ai, et je n ai déjà plus mal.  C est trop bien / Je recommande vivement  / Merci beaucoup
Loox	ch6TU1rvpbQ	loox/oreiller-soya-2-0_p13.html	2025-09-19T07:05:17Z	5	horodate	Jeanclaude H.	oreiller-soya-2-0			Bonjour est t’il efficace contre les apnées cordialement
Loox	Dj-BfOhPDvX	loox/oreiller-soya-2-0_p13.html	2025-09-18T13:47:39Z	5	horodate	Yanis L.	oreiller-soya-2-0	confort (positif);housse		J'ai adoré, meilleur sommeil depuis un moment. Dommage mon chien a fait caca dessus, obligé de prendre une nouvelle housse hahahaha
Loox	YmDm9T53ypa	loox/oreiller-soya-2-0_p13.html	2025-09-18T00:00:00Z	5	import_minuit_verifie	Stéphane.a	oreiller-soya-2-0			Mieux qu’un oreiller classique. Franchement foncez, il faut investir dans son sommeil
Loox	tGH56MgvtVx	loox/oreiller-soya-2-0_p13.html	2025-09-18T00:00:00Z	5	import_minuit_verifie	Thomas.q	oreiller-soya-2-0	livraison / delais		Commande reçue en bon état, très satisfait. Merci Soya.
Loox	026-OaxwbY7	loox/oreiller-soya-2-0_p13.html	2025-09-18T00:00:00Z	5	import_minuit_verifie	Clément.j	oreiller-soya-2-0	confort (positif)		Confort notable dès la première nuit.
Loox	yIMpWT7MNtu	loox/oreiller-soya-2-0_p13.html	2025-09-18T00:00:00Z	5	import_minuit_verifie	Laura.l	oreiller-soya-2-0			Moins de réveils nocturnes, sommeil plus profond.
Loox	DCXnkeFPtGd	loox/oreiller-soya-2-0_p13.html	2025-09-18T00:00:00Z	5	import_minuit_verifie	Alexandre.m	oreiller-soya-2-0	livraison / delais;conformite a l annonce		Produit conforme à la description, livraison soignée.
Loox	-Y2tqEiGQeB	loox/oreiller-soya-2-0_p13.html	2025-09-18T00:00:00Z	5	import_minuit_verifie	Inès.d	oreiller-soya-2-0			Je dors beaucoup mieux qu’avec mon ancien oreiller.
Loox	wH9gThBzF2v	loox/oreiller-soya-2-0_p13.html	2025-09-18T00:00:00Z	5	import_minuit	Florence.p	oreiller-soya-2-0	conformite a l annonce		Produit fidèle à l’annonce, rien à redire.
Loox	ZGYylLfBys	loox/oreiller-soya-2-0_p13.html	2025-09-18T00:00:00Z	5	import_minuit	Sophie.a	oreiller-soya-2-0	recommande		Très bon produit, je recommande sans hésiter.
Loox	ELp64g0PZQ	loox/oreiller-soya-2-0_p13.html	2025-09-18T00:00:00Z	5	import_minuit	Matthieu.w	oreiller-soya-2-0	confort (positif)		Sensation de confort immédiat.
Loox	O4KI9PnO_1a	loox/oreiller-soya-2-0_p14.html	2025-09-18T00:00:00Z	5	import_minuit_verifie	Julie.j	oreiller-soya-2-0	livraison / delais;qualite percue		Oreiller reçu rapidement, bonne qualité, je dors mieux qu’avant.
Loox	wkIEBNSU-_X	loox/oreiller-soya-2-0_p14.html	2025-09-18T00:00:00Z	5	import_minuit_verifie	Nathan.n	oreiller-soya-2-0	recommande		Excellent ! Mon kiné me l’avait conseillé et je ne regrette pas.
Loox	6gXo3wDcCvj	loox/oreiller-soya-2-0_p14.html	2025-09-18T00:00:00Z	5	import_minuit_verifie	Léa.l	oreiller-soya-2-0			Je bouge moins la nuit et mon sommeil est plus réparateur.
Loox	nrgChUqqkp8	loox/oreiller-soya-2-0_p14.html	2025-09-18T00:00:00Z	5	import_minuit_verifie	Paul.p	oreiller-soya-2-0	livraison / delais;conformite a l annonce		Livraison un peu longue mais produit conforme et efficace.
Loox	WzJBgFWGXOY	loox/oreiller-soya-2-0_p14.html	2025-09-18T00:00:00Z	5	import_minuit	Amandine.a	oreiller-soya-2-0	housse		J’aurais aimé une housse supplémentaire incluse.
Loox	06OnvlfFevm	loox/oreiller-soya-2-0_p14.html	2025-09-18T00:00:00Z	5	import_minuit	Fanny.f	oreiller-soya-2-0			Je ne dors plus sans, il me suit partout.
Loox	miKYDz9_hVb	loox/oreiller-soya-2-0_p14.html	2025-09-18T00:00:00Z	5	import_minuit	Alice.a	oreiller-soya-2-0	douleurs (cou, dos, epaules)		Plus aucun torticolis depuis que je dors avec.
Loox	S21DQfTIM2m	loox/oreiller-soya-2-0_p14.html	2025-09-18T00:00:00Z	5	import_minuit	Anaïs.a	oreiller-soya-2-0	douleurs (cou, dos, epaules)		Achat satisfaisant, j’ai bien moins mal au dos.
Loox	OUwuwTAGppM	loox/oreiller-soya-2-0_p14.html	2025-09-18T00:00:00Z	5	import_minuit_verifie	Camille.c	oreiller-soya-2-0	douleurs (cou, dos, epaules)		Je n’ai plus de migraines au réveil depuis que je l’utilise.
Loox	cKP7DFuxi-M	loox/oreiller-soya-2-0_p14.html	2025-09-18T00:00:00Z	5	import_minuit	Mehdi.m	oreiller-soya-2-0	confort (positif)		Très agréable, enfin des nuits sans interruption.
Loox	1ZyfyPGVtLH	loox/oreiller-soya-2-0_p14.html	2025-09-18T00:00:00Z	5	import_minuit_verifie	Pierre.p	oreiller-soya-2-0	confort (positif);fermete (dur / mou)		Je le trouve confortable, mais ma femme trouve qu’il est trop dur.
Loox	WUg8WY829rP	loox/oreiller-soya-2-0_p14.html	2025-09-18T00:00:00Z	5	import_minuit	Victor.v	oreiller-soya-2-0	livraison / delais		Je suis satisfait mais la livraison a été un peu lente.
Loox	FI29MJxwrdM	loox/oreiller-soya-2-0_p14.html	2025-09-18T00:00:00Z	5	import_minuit	Catherine.c	oreiller-soya-2-0	douleurs (cou, dos, epaules)		Un vrai soulagement pour mes cervicales.
Loox	FU8gg7F-YKv	loox/oreiller-soya-2-0_p14.html	2025-09-18T00:00:00Z	5	import_minuit_verifie	Mélanie.m	oreiller-soya-2-0			Ça a changé mes nuits, je me réveille reposé.
Loox	k4jk0_IWaK	loox/oreiller-soya-2-0_p14.html	2025-09-18T00:00:00Z	5	import_minuit_verifie	Lucas.b	oreiller-soya-2-0	livraison / delais		Livraison rapide et produit bien emballé.
Loox	EOt5k_08l	loox/oreiller-soya-2-0_p14.html	2025-09-18T00:00:00Z	5	import_minuit_verifie	Hugo.s	oreiller-soya-2-0	confort (positif)		Je suis très content, je dors bien mieux qu’avant.
Loox	dEZFmtXUJk	loox/oreiller-soya-2-0_p14.html	2025-09-18T00:00:00Z	5	import_minuit_verifie	David.m	oreiller-soya-2-0	livraison / delais		Livraison rapide et produit bien emballé.
Loox	4KWnyV-X0U	loox/oreiller-soya-2-0_p14.html	2025-09-18T00:00:00Z	5	import_minuit_verifie	Antoine.r	oreiller-soya-2-0			Un vrai changement dans mes nuits, merci Soya.
Loox	uNX9mgohxaM	loox/oreiller-soya-2-0_p14.html	2025-09-18T00:00:00Z	5	import_minuit_verifie	Pauline.m	oreiller-soya-2-0			Je dors enfin d’une seule traite sans me réveiller.
Loox	FYQLzJzjIyY	loox/oreiller-soya-2-0_p14.html	2025-09-18T00:00:00Z	5	import_minuit_verifie	Sophie.m	oreiller-soya-2-0	douleurs (cou, dos, epaules)		Très bon produit, mes douleurs se sont nettement atténuées.
Loox	yNlrq7JPdxC	loox/oreiller-soya-2-0_p15.html	2025-09-18T00:00:00Z	5	import_minuit	Amélie.b	oreiller-soya-2-0	douleurs (cou, dos, epaules)		Très bon produit, mes douleurs se sont nettement atténuées.
Loox	0kgIWcZxuvf	loox/oreiller-soya-2-0_p15.html	2025-09-05T16:39:47Z	5	horodate	Magali C.	oreiller-soya-2-0	livraison / delais;service client;conformite a l annonce		Reçu hier nos coussins  on est très satisfait !  Petit point noir pour la compagnie de transport on l’a attendu 2 semaines (annoncer sur le site 3 à 5 jours ) mais soya est très réactif et répond très vite merci 🙏 on parlera de vous c’est sur !
Loox	u3bf7NmKRzF	loox/oreiller-soya-2-0_p15.html	2025-08-31T14:43:07Z	5	horodate	Laurence S.	oreiller-soya-2-0	confort (positif);douleurs (cou, dos, epaules);livraison / delais;service client;recommande		Nous sommes ravis cela fait 1 semaine que nous avons reçu nos oreillers ( problème de livraison mais l équipe de soya Paris a été très efficace et très réactive et très disponible pour répondre à notre inquiétude) et nous sommes ravis  meilleur sommeil et déjà moins mal au cervicales   / On recommande vivement  / Merci à l équipe soya
Loox	X9rjVEYgFel	loox/oreiller-soya-2-0_p15.html	2025-08-17T14:04:59Z	5	horodate	Aurélie C.	oreiller-soya-2-0	confort (positif);douleurs (cou, dos, epaules);qualite percue		Une super expérience ! / Achat de 2 oreillers Soya pour moi et mon conjoint, nous sommes tous deux conquis. / La douceur du tissu, son ergonomie,  moins de ronflement, meilleur sommeil, et beaucoup moins de douleur dans la nuque  pour chacun de nous.  / D'ailleurs tellement conquis qu'ils nous accompagnent pour les vacances, nous ne les quittons plus 😊
Loox	qyMtr4gmRkw	loox/oreiller-soya-2-0_p15.html	2025-08-13T17:02:43Z	5	horodate	Yvonne P.	oreiller-soya-2-0	taille / dimensions / taie;livraison / delais;conformite a l annonce		Reçu très rapidement....extrêmement contente et même surprise des résultats....MAIS...extrêmement déçue de ne pas AVOIR REÇU les 2 taies gratuites sans explication.... / J'ai commandé 2 oreillers....alors PUBLICITE MENSONGÈRE ?!
Loox	kjmxKEwexjk	loox/oreiller-soya-2-0_p15.html	2025-08-09T19:57:29Z	5	horodate	Samantha D.	oreiller-soya-2-0	qualite percue		Une réelle découverte ! Je suis conquise,  la matière, l’ergonomie.. tout est penser avec précision.  Cet oreiller semble être fait pour moi, j’en ai également acheter un pour mon papa j’ai déjà hâte de le lui offrir : pour moi c’est désormais un indispensable … je ne me vois pas revenir à des oreillers classiques
Loox	WoVDq3DUXqv	loox/oreiller-soya-2-0_p15.html	2025-08-05T14:19:07Z	5	horodate	Gwen C.	oreiller-soya-2-0	douleurs (cou, dos, epaules);livraison / delais		Livraison un peu long ! Je l’ai acheter apres l’avoir vu la pub sur instagram mais sans trop y croire !!!   Je fais des névralgies cervicales et c’est incroyable le maintien est top.  On ce place naturellement dans une bonne position. Je suis contente de mon achat et petit plus je ronfle plus.🙂 foncé moi je regret pas du tout et je vais en prendre un autre pour mon mari qui en veux un aussi maintenant 😊
Loox	YeI5pLn-khh	loox/oreiller-soya-2-0_p15.html	2025-08-04T10:37:44Z	5	horodate	Chantal C.	oreiller-soya-2-0	livraison / delais;non recu / commande incomplete		Je l'ai commandé l'argent à été retiré (nomal).mais j'ai oublié de donner mon adresse donc pas reçu. J'aimerais savoir ce que je dois faire merci
Loox	xSecVRVF2vs	loox/oreiller-soya-2-0_p15.html	2025-08-03T10:59:32Z	5	horodate	Jacques L.	oreiller-soya-2-0	confort (positif);douleurs (cou, dos, epaules)		Oreillers très confortable qui améliore le sommeil et soulage les cervicales.
Loox	9yYCercvAaR	loox/oreiller-soya-2-0_p15.html	2025-07-31T21:52:45Z	5	horodate	Jean J.	oreiller-soya-2-0	confort (positif);livraison / delais		Un peu longue la livraison mais enfin reçu ! Hâte de les tester je vous tiens au courant. En tout ça a l'air confortable
Loox	J4sUS1-KsR3	loox/oreiller-soya-2-0_p15.html	2025-07-30T21:01:03Z	5	horodate	Mathilde P.	oreiller-soya-2-0			"J'étais scéptique à l'idée de commander un oreiller ""miracle"" mais je vous jure ça marche vraiment !! J'y crois pas comment ça fait une différence fou.  Pour une fois j'ai l'impression d'avoir vraiment eu un sommeil de 8h récupérateur.  Chapeau au designeur !"
Loox	tYGffuQNk6s	loox/oreiller-soya-2-0_p15.html	2025-07-30T06:25:11Z	5	horodate	Mirielle Z.	oreiller-soya-2-0	douleurs (cou, dos, epaules)		J'ai des douleurs cervicales depuis plusieurs mois, j'ai essayé trois nouveaux oreillers sans bénéfice hélàs, mais  Depuis que j'utilise l'oreiller Soya je me réveille avec la nuque reposée et sans douleurs.  C'est fantastique.
Loox	2DwAd2j0t5m	loox/oreiller-soya-2-0_p15.html	2025-07-23T12:48:06Z	5	horodate	Sylvain T.	oreiller-soya-2-0	confort (positif)		Bien reçuu merci à l'équipe soya ! Vos produits sont supers confortables :)
Loox	a5IX1nZR2B-	loox/oreiller-soya-2-0_p15.html	2025-07-11T14:40:46Z	5	horodate	Chris F.	oreiller-soya-2-0	douleurs (cou, dos, epaules);housse		Plus d'1an déjà que j'ai adopté cet oreiller et il ne faudrait pas me le reprendre ! /  Terminé les douleurs aux cervicales le matin au réveil.  Pour conserver son bon état je glisse 2 housses l'une sur l'autre pour qu'il ne se salisse pas.
Loox	WtFp4VxjmFi	loox/oreiller-soya-2-0_p15.html	2025-07-03T15:30:11Z	5	horodate	Alice F.	oreiller-soya-2-0	douleurs (cou, dos, epaules)		Je suis ravie d'avoir enfin trouvé cette oreiller pour mes cervicales et mon dos aussi  ma colonne vertébrale n'a plus de soucis merci beaucoup....  Je ré commande
Loox	6swGyCjCI1	loox/oreiller-soya-2-0_p15.html	2025-07-01T08:43:50Z	5	horodate	Patrick R.	oreiller-soya-2-0	confort (positif);livraison / delais;recommande		Bien reçu merci, très confortable je recommande !
Loox	_jsZVO4MPv	loox/oreiller-soya-2-0_p15.html	2025-07-01T07:36:29Z	5	horodate	Christiane L.	oreiller-soya-2-0	livraison / delais;housse		Bonjour. J' ai bien reçu mes 3 oreillers. En bon état. Comment peut on enlever la housse, du faite qu'il y a un bouton pression au milieu. Merci de me renseigner.
Loox	DtLd2IcbCev	loox/oreiller-soya-2-0_p15.html	2025-06-30T00:00:00Z	5	import_minuit_verifie	Olivie R.	oreiller-soya-2-0	prix / valeur		J’en ai pris un pour moi, maintenant toute la famille en veut un ptdrrr. On peut avoir un code promo ?
Loox	hB9vA0eOLoD	loox/oreiller-soya-2-0_p15.html	2025-06-27T00:00:00Z	5	import_minuit_verifie	Julien B.	oreiller-soya-2-0	confort (positif);livraison / delais		Quatre commandes en tout. / Toutes arrivées en bon état et dans les délais prévus. / En plus que du bonheur et du confort. / Merci à tous.
Loox	BKJK_1Z_vup	loox/oreiller-soya-2-0_p15.html	2025-06-27T00:00:00Z	5	import_minuit_verifie	Amandine.r	oreiller-soya-2-0	fermete (dur / mou);douleurs (cou, dos, epaules)		Un peu ferme pour moi au départ mais on sent bien que ça maintient la nuque.
Loox	YhD8ql3dHTb	loox/oreiller-soya-2-0_p16.html	2025-06-27T00:00:00Z	5	import_minuit_verifie	Nicolas.b	oreiller-soya-2-0			Fini les nuits compliquées, merci à l'équipe Soya pour ce produit au top.
Loox	Gd_SbfOYBYf	loox/oreiller-soya-2-0_p16.html	2025-06-27T00:00:00Z	5	import_minuit	Aisha.b	oreiller-soya-2-0	douleurs (cou, dos, epaules);livraison / delais		Bon produit, livraison correcte. Ce n’est pas miraculeux, mais mes cervicales vont mieux.
Loox	BWemgzDspiS	loox/oreiller-soya-2-0_p16.html	2025-06-27T00:00:00Z	5	import_minuit	Zara.a	oreiller-soya-2-0	douleurs (cou, dos, epaules);recommande		Je recommande vivement, surtout à ceux qui ont des problèmes de dos ou de nuque
Loox	dXFIufmLcrY	loox/oreiller-soya-2-0_p16.html	2025-06-27T00:00:00Z	5	import_minuit	Sven.j	oreiller-soya-2-0	confort (positif);livraison / delais;qualite percue		Oreiller reçu en bon état. Bonne qualité, mais j’aurais aimé un peu plus de moelleux.
Loox	Dmeklo1O8c	loox/oreiller-soya-2-0_p16.html	2025-06-27T00:00:00Z	5	import_minuit_verifie	Emilie.r	oreiller-soya-2-0			Franchement bluffé, mes réveils sont plus légers. On sent que le produit a été pensé pour la santé.
Loox	ba7zHHmG9Xk	loox/oreiller-soya-2-0_p16.html	2025-06-27T00:00:00Z	5	import_minuit_verifie	Anaïs.k	oreiller-soya-2-0	confort (positif)		Correct mais pas aussi moelleux que je pensais.
Loox	8YrJ26Q_Pi4	loox/oreiller-soya-2-0_p16.html	2025-06-27T00:00:00Z	5	import_minuit_verifie	Lucie.h	oreiller-soya-2-0			Je me réveille reposé.
Loox	swSTWVmke23	loox/oreiller-soya-2-0_p16.html	2025-06-27T00:00:00Z	5	import_minuit	Inès.s	oreiller-soya-2-0			Aucun regret, bon achat.
Loox	fRIFSCx9U_l	loox/oreiller-soya-2-0_p16.html	2025-06-27T00:00:00Z	5	import_minuit	Thomas.t	oreiller-soya-2-0			Mon sommeil est plus stable depuis que je l’utilise.
Loox	rBjwQ5xDK-v	loox/oreiller-soya-2-0_p16.html	2025-06-27T00:00:00Z	5	import_minuit	Nadia.y	oreiller-soya-2-0	conformite a l annonce		Produit conforme, pas de mauvaises surprises.
Loox	l0lvSMcfAZ8	loox/oreiller-soya-2-0_p16.html	2025-06-27T00:00:00Z	5	import_minuit	Océane.g	oreiller-soya-2-0			Je me réveille moins fatigué.
Loox	YNZEE8tb2G	loox/oreiller-soya-2-0_p16.html	2025-06-20T18:16:50Z	5	horodate	Frederique P.	oreiller-soya-2-0	douleurs (cou, dos, epaules);livraison / delais;qualite percue;recommande		Je suis tellement ravie de cet oreiller que je viens de recevoir le deuxième pour laisser sur mon lieu de vacances ,livraison rapide sous 9jours  /  Plus de douleurs cervicales, sommeil de qualité   / Je recommande fortement ce site SOYA PARIS
Loox	iGxfSpTrM0Z	loox/oreiller-soya-2-0_p16.html	2025-06-19T00:00:00Z	5	import_minuit_verifie	Guillaume M.	oreiller-soya-2-0	confort (positif)		On sent que c’est pensé pour le confort ET pour la santé. Je dors mieux et je me tiens plus droit dans la journée. Merci SOYA
Loox	HONnp3QgP5	loox/oreiller-soya-2-0_p16.html	2025-06-16T20:42:26Z	5	horodate	Hortense H.	oreiller-soya-2-0			Super oreiller merci soya vous gérez hâte de voir ce que la prochaine version va donner !! :)
Loox	NSGy0f9r1NO	loox/oreiller-soya-2-0_p16.html	2025-06-13T00:00:00Z	5	import_minuit_verifie	Lucy A.	oreiller-soya-2-0	confort (positif);fermete (dur / mou);douleurs (cou, dos, epaules)		Bon oreiller, ferme mais confortable. Il épouse bien la nuque.
Loox	VSslD250nV	loox/oreiller-soya-2-0_p16.html	2025-06-08T17:32:40Z	5	horodate	Cyril R.	oreiller-soya-2-0	confort (positif);livraison / delais;recommande		J'en ai pris pour toute la famille, livraison rapide super confort. Je recommande soya
Loox	A5X7talDln8	loox/oreiller-soya-2-0_p16.html	2025-06-08T00:00:00Z	5	import_minuit_verifie	Marcel D.	oreiller-soya-2-0	housse		La housse est douce, on sent que c’est un produit travaillé.
Loox	R1IjjTSyAYC	loox/oreiller-soya-2-0_p16.html	2025-06-05T00:00:00Z	5	import_minuit_verifie	Vincent L.	oreiller-soya-2-0	confort (positif);livraison / delais		Colis arrivé rapidement pour ma part (Belgique) /  Agréablement surpris, je peux dormir dans n'importe quelle position sans me réveiller courbaturé.  / Je n'ai cependant aucune pathologies spécifique, mais je me réveillais souvant avec des maux de dot.
Loox	oAlsyl7PCJh	loox/oreiller-soya-2-0_p16.html	2025-06-05T00:00:00Z	5	import_minuit_verifie	Laura M.	oreiller-soya-2-0	douleurs (cou, dos, epaules);livraison / delais		D'une part la livraison a été très rapide et conforme, j'ai testé le produit quelques jours, il faudra plus de recul pour juger du bien être ressenti, car j'ai des douleurs depuis longtemps, mais  mon cou l'a adopté de suite donc c'est bon signe . Bon contact avec l'enseigne qui s'intéresse à sa clientèle
Loox	HQ1F-8uVpb0	loox/oreiller-soya-2-0_p16.html	2025-06-05T00:00:00Z	5	import_minuit_verifie	Camille.l	oreiller-soya-2-0	temps d adaptation		J’ai mis deux ou trois nuits à m’habituer mais maintenant je dors sans réveils nocturnes.
Loox	6Ag4qgUnzS6	loox/oreiller-soya-2-0_p17.html	2025-06-05T00:00:00Z	5	import_minuit_verifie	Marc.p	oreiller-soya-2-0	confort (positif);douleurs (cou, dos, epaules)		Agréablement surprise, je n’ai plus de douleurs aux cervicales depuis que je l’utilise.
Loox	2LanU-amgEO	loox/oreiller-soya-2-0_p17.html	2025-06-05T00:00:00Z	5	import_minuit_verifie	Nathalie.l	oreiller-soya-2-0	livraison / delais;service client		À peine j’ai demandé pourquoi ma commande n’arrivait pas, dans l’immédiat j’ai reçu la réponse. Merci de votre réaction rapide♥️
Loox	KyjL4okesf5	loox/oreiller-soya-2-0_p17.html	2025-06-05T00:00:00Z	5	import_minuit_verifie	Antoine.m	oreiller-soya-2-0	livraison / delais		Colis arrivé à l’heure, oreiller bien emballé. Première impression très positive
Loox	n9d8E5Cj0aw	loox/oreiller-soya-2-0_p17.html	2025-06-05T00:00:00Z	5	import_minuit_verifie	Sophie.l	oreiller-soya-2-0	douleurs (cou, dos, epaules)		Très contente, mes migraines matinales se sont fortement atténuées.
Loox	XFyvhcUzrZO	loox/oreiller-soya-2-0_p17.html	2025-06-05T00:00:00Z	5	import_minuit_verifie	Romain.d	oreiller-soya-2-0			Super produit, ça change vraiment des oreillers classiques.
Loox	BsHubVQO4oY	loox/oreiller-soya-2-0_p17.html	2025-06-05T00:00:00Z	5	import_minuit_verifie	Stéphane.l	oreiller-soya-2-0	confort (positif);livraison / delais;conformite a l annonce		Livraison rapide en Suisse. Produit conforme et confortable.
Loox	2bpi8w0ejxW	loox/oreiller-soya-2-0_p17.html	2025-06-05T00:00:00Z	5	import_minuit_verifie	Mélanie.c	oreiller-soya-2-0			Ce n’est pas miraculeux, mais ça aide vraiment à mieux dormir.
Loox	U5ti4bUk40v	loox/oreiller-soya-2-0_p17.html	2025-06-05T00:00:00Z	5	import_minuit	Yara.s	oreiller-soya-2-0	fermete (dur / mou)		Un peu ferme au début, mais après quelques jours, j’ai compris pourquoi : il maintient parfaitement
Loox	pzqvaDjBv-W	loox/oreiller-soya-2-0_p17.html	2025-06-05T00:00:00Z	5	import_minuit	Lukas.n	oreiller-soya-2-0			Très satisfait, je dors mieux et mes maux de tête ont diminué.
Loox	Y-S6IqRtFfL	loox/oreiller-soya-2-0_p17.html	2025-06-05T00:00:00Z	5	import_minuit	Priya.s	oreiller-soya-2-0	livraison / delais;service client		Livraison rapide et service client réactif, ça fait plaisir.
Loox	bqC1P4MpeNb	loox/oreiller-soya-2-0_p17.html	2025-06-05T00:00:00Z	5	import_minuit	Anaïs.c	oreiller-soya-2-0	confort (positif);chaleur / fraicheur;qualite percue		Je transpire moins la nuit, la matière est agréable et respirante.
Loox	5lwfvvSWRzu	loox/oreiller-soya-2-0_p17.html	2025-06-05T00:00:00Z	5	import_minuit	Hélène.b	oreiller-soya-2-0			J’adore, je l’emmène même quand je voyage
Loox	nliQ5qRA9tE	loox/oreiller-soya-2-0_p17.html	2025-06-05T00:00:00Z	5	import_minuit_verifie	Vincent.t	oreiller-soya-2-0	confort (positif);douleurs (cou, dos, epaules)		Agréable surprise ! Je ne pensais pas sentir une telle différence aussi vite. Plus de douleurs à la nuque au réveil.
Loox	QDv6YzLa5ZS	loox/oreiller-soya-2-0_p17.html	2025-06-05T00:00:00Z	5	import_minuit_verifie	Claire.d	oreiller-soya-2-0	livraison / delais;conformite a l annonce		Bonne expérience globale : produit conforme, livraison correcte. Je sens que mes nuits sont plus reposantes.
Loox	R4qiwZiaEcf	loox/oreiller-soya-2-0_p17.html	2025-06-05T00:00:00Z	5	import_minuit_verifie	Antoine.v	oreiller-soya-2-0	livraison / delais		Colis reçu dans les temps, oreiller bien protégé. Produit sérieux et efficace.
Loox	rEPA_0PPhwP	loox/oreiller-soya-2-0_p17.html	2025-06-05T00:00:00Z	5	import_minuit_verifie	Julie.n	oreiller-soya-2-0	livraison / delais		Commande facile, livraison rapide. Première nuit concluante.
Loox	E17LPUozppT	loox/oreiller-soya-2-0_p17.html	2025-06-05T00:00:00Z	5	import_minuit	Pauline.k	oreiller-soya-2-0	confort (positif)		Un confort qui se ressent vraiment après quelques jours.
Loox	xNBGHByoFqN	loox/oreiller-soya-2-0_p17.html	2025-06-05T00:00:00Z	5	import_minuit	Aurélien.p	oreiller-soya-2-0	confort (positif)		Un investissement rentable pour ma santé et mon confort.
Loox	JV71lXZ7657	loox/oreiller-soya-2-0_p17.html	2025-06-05T00:00:00Z	5	import_minuit	Hélène.k	oreiller-soya-2-0	douleurs (cou, dos, epaules)		Le soutien de la nuque est impeccable, mes nuits sont plus calmes.
Loox	-CSJwO8U7IL	loox/oreiller-soya-2-0_p17.html	2025-06-05T00:00:00Z	5	import_minuit_verifie	Benjamin.f	oreiller-soya-2-0			Je me réveille moins fatigué.
Loox	CsIqlwwGyJA	loox/oreiller-soya-2-0_p18.html	2025-06-05T00:00:00Z	5	import_minuit_verifie	Nadia.a	oreiller-soya-2-0	douleurs (cou, dos, epaules)		Bonne conception, mes épaules vont mieux.
Loox	aqeRias1iHr	loox/oreiller-soya-2-0_p18.html	2025-06-05T00:00:00Z	5	import_minuit_verifie	Thomas.c	oreiller-soya-2-0	douleurs (cou, dos, epaules)		Mes douleurs cervicales ont disparu après 3 semaines.
Loox	tLOe7Ja8X2f	loox/oreiller-soya-2-0_p18.html	2025-06-05T00:00:00Z	5	import_minuit_verifie	Lucie.q	oreiller-soya-2-0			Indispensable pour mes nuits.
Loox	TybQ4611-6a	loox/oreiller-soya-2-0_p18.html	2025-06-05T00:00:00Z	5	import_minuit_verifie	Manon.f	oreiller-soya-2-0			Idéal pour dormir sur le côté.
Loox	m5xonebTmsQ	loox/oreiller-soya-2-0_p18.html	2025-06-05T00:00:00Z	5	import_minuit_verifie	Émilie.e	oreiller-soya-2-0			Je dors clairement mieux qu’avant.
Loox	BgogJK8ZAG4	loox/oreiller-soya-2-0_p18.html	2025-06-05T00:00:00Z	5	import_minuit_verifie	Esteban.e	oreiller-soya-2-0	service client		Service client réactif, j’ai eu une réponse rapide.
Loox	ifbfw1Kp0-K	loox/oreiller-soya-2-0_p18.html	2025-06-05T00:00:00Z	5	import_minuit_verifie	Alexandre.z	oreiller-soya-2-0	confort (positif);qualite percue		Tissu doux et agréable.
Loox	89425dRF6jq	loox/oreiller-soya-2-0_p18.html	2025-06-05T00:00:00Z	5	import_minuit	Chloé.a	oreiller-soya-2-0			Ma femme veut le même, on en reprendra sûrement un deuxième.
Loox	nZWvJ9nsy8I	loox/oreiller-soya-2-0_p18.html	2025-06-05T00:00:00Z	5	import_minuit	Amélie.i	oreiller-soya-2-0	recommande		Très bon maintien, recommandé par mon kiné.
Loox	8J6e5Zj5w8i	loox/oreiller-soya-2-0_p18.html	2025-06-05T00:00:00Z	5	import_minuit	Élodie.g	oreiller-soya-2-0			Très satisfait globalement.
Loox	vt9N-0mVXdw	loox/oreiller-soya-2-0_p18.html	2025-06-05T00:00:00Z	5	import_minuit	Amélie.r	oreiller-soya-2-0			Mes réveils sont plus légers, produit pensé pour la santé.
Loox	wmr4XPz2Rwx	loox/oreiller-soya-2-0_p18.html	2025-06-05T00:00:00Z	5	import_minuit	Gaëtan.b	oreiller-soya-2-0			Bonne expérience du début à la fin.
Loox	E9iK3hHWVlf	loox/oreiller-soya-2-0_p18.html	2025-06-05T00:00:00Z	5	import_minuit	Stéphane.y	oreiller-soya-2-0			Nuits plus profondes, moins de tensions.
Loox	L6ezI24Vrk7	loox/oreiller-soya-2-0_p18.html	2025-06-05T00:00:00Z	5	import_minuit	Cédric.g	oreiller-soya-2-0	qualite percue;prix / valeur		Prix justifié par la qualité.
Loox	OgyQNL88Hns	loox/oreiller-soya-2-0_p18.html	2025-06-05T00:00:00Z	5	import_minuit	Amélie.a	oreiller-soya-2-0	recommande		Je recommande sans hésiter.
Loox	9lnyqqOKW2N	loox/oreiller-soya-2-0_p18.html	2025-06-05T00:00:00Z	5	import_minuit	Élodie.x	oreiller-soya-2-0	conformite a l annonce		Produit conforme, je sens que mes nuits sont plus reposantes.
Loox	uvk4NwxL148	loox/oreiller-soya-2-0_p18.html	2025-06-05T00:00:00Z	5	import_minuit	Benoît.c	oreiller-soya-2-0			Facile à entretenir.
Loox	AwmWwQjTWmq	loox/oreiller-soya-2-0_p18.html	2025-06-05T00:00:00Z	5	import_minuit_verifie	Gaëtan.w	oreiller-soya-2-0	livraison / delais		Livraison rapide et oreiller conforme.
Loox	04wg_OId6yg	loox/oreiller-soya-2-0_p18.html	2025-06-05T00:00:00Z	5	import_minuit_verifie	Julie.g	oreiller-soya-2-0	qualite percue		Bonne qualité, je dors mieux depuis que je l’utilise.
Loox	BhwYSqVmIjA	loox/oreiller-soya-2-0_p18.html	2025-06-05T00:00:00Z	5	import_minuit_verifie	Mélanie.p	oreiller-soya-2-0	douleurs (cou, dos, epaules)		Je n’ai plus mal à la nuque au réveil.
Loox	U6IBAxqGEht	loox/oreiller-soya-2-0_p19.html	2025-06-05T00:00:00Z	5	import_minuit_verifie	Thomas.q	oreiller-soya-2-0			Très bon maintien, je dors sur le côté et c’est idéal.
Loox	FzyPqQYq_6V	loox/oreiller-soya-2-0_p19.html	2025-06-05T00:00:00Z	5	import_minuit_verifie	Lucie.u	oreiller-soya-2-0	confort (positif);housse		La housse est douce et agréable au toucher.
Loox	I17KnWs1bC3	loox/oreiller-soya-2-0_p19.html	2025-06-05T00:00:00Z	5	import_minuit_verifie	Sophie.b	oreiller-soya-2-0	chaleur / fraicheur;qualite percue		Je transpire moins la nuit, matière respirante.
Loox	oY4DAX3_XXr	loox/oreiller-soya-2-0_p19.html	2025-06-05T00:00:00Z	5	import_minuit_verifie	Cédric.k	oreiller-soya-2-0	confort (positif)		Super confort, j’ai commandé un deuxième pour ma compagne.
Loox	0xdBMc-6SZ3	loox/oreiller-soya-2-0_p19.html	2025-06-05T00:00:00Z	5	import_minuit_verifie	Alban.z	oreiller-soya-2-0	qualite percue;prix / valeur		Bon rapport qualité/prix.
Loox	70Tqa-zOA59	loox/oreiller-soya-2-0_p19.html	2025-06-05T00:00:00Z	5	import_minuit_verifie	David.a	oreiller-soya-2-0	livraison / delais;suivi de colis		Livraison rapide et suivi sérieux.
Loox	4zCH0Sh-MEj	loox/oreiller-soya-2-0_p19.html	2025-06-05T00:00:00Z	5	import_minuit_verifie	Florence.y	oreiller-soya-2-0	douleurs (cou, dos, epaules)		Bonne surprise, je me réveille sans raideurs.
Loox	th4lqOA3u	loox/oreiller-soya-2-0_p19.html	2025-06-05T00:00:00Z	5	import_minuit	Camille.b	oreiller-soya-2-0	qualite percue		Ça change la qualité de mes nuits.
Loox	SU6B53FfJu	loox/oreiller-soya-2-0_p19.html	2025-06-05T00:00:00Z	5	import_minuit	Élodie.q	oreiller-soya-2-0	temps d adaptation		Oreiller bien pensé, adapté à plusieurs positions.
Loox	cHYCtVv5QP	loox/oreiller-soya-2-0_p19.html	2025-06-05T00:00:00Z	5	import_minuit	Justine.f	oreiller-soya-2-0			Je suis reposé le matin, enfin.
Loox	eHK3ONqKu4	loox/oreiller-soya-2-0_p19.html	2025-06-05T00:00:00Z	5	import_minuit	Pascal.a	oreiller-soya-2-0	livraison / delais		Colis arrivé plus tôt que prévu.
Loox	xI8pEiRPhq-	loox/oreiller-soya-2-0_p19.html	2025-06-05T00:00:00Z	5	import_minuit	Clément.u	oreiller-soya-2-0	recommande		Pas de regrets, je recommande.
Loox	FG2xES4OTvN	loox/oreiller-soya-2-0_p19.html	2025-06-05T00:00:00Z	5	import_minuit	Inès.b	oreiller-soya-2-0			Mon sommeil est plus calme et continu.
Loox	DkehXIngaB5	loox/oreiller-soya-2-0_p19.html	2025-06-05T00:00:00Z	5	import_minuit	Océane.y	oreiller-soya-2-0	confort (positif);douleurs (cou, dos, epaules)		Très bon confort pour dormir sur le dos.
Loox	iqoXrFbHDtN	loox/oreiller-soya-2-0_p19.html	2025-06-05T00:00:00Z	5	import_minuit	Hélène.r	oreiller-soya-2-0	douleurs (cou, dos, epaules)		Un vrai soulagement pour mes épaules.
Loox	kTwyfA7iKbo	loox/oreiller-soya-2-0_p19.html	2025-06-05T00:00:00Z	5	import_minuit	Cédric.f	oreiller-soya-2-0	qualite percue;prix / valeur		Le prix est justifié par la qualité.
Loox	JR58ERu-jgn	loox/oreiller-soya-2-0_p19.html	2025-06-05T00:00:00Z	5	import_minuit	Camille.z	oreiller-soya-2-0	confort (positif)		Produit sérieux et confortable.
Loox	L_RZPeuKww6	loox/oreiller-soya-2-0_p19.html	2025-06-05T00:00:00Z	5	import_minuit_verifie	Emma.e	oreiller-soya-2-0	fermete (dur / mou);douleurs (cou, dos, epaules)		Je trouve l’oreiller un peu ferme, mais il maintient bien la nuque.
Loox	XoaZVgWRVPV	loox/oreiller-soya-2-0_p19.html	2025-06-05T00:00:00Z	5	import_minuit_verifie	Thomas.t	oreiller-soya-2-0	douleurs (cou, dos, epaules);temps d adaptation		Après quelques nuits d’adaptation, mes douleurs cervicales se sont atténuées.
Loox	vhgiY8E2icm	loox/oreiller-soya-2-0_p19.html	2025-06-05T00:00:00Z	5	import_minuit_verifie	Hugo.h	oreiller-soya-2-0			Un peu déstabilisant au début, mais maintenant je ne peux plus m’en passer.
Loox	Dok8uhhoWHE	loox/oreiller-soya-2-0_p20.html	2025-06-05T00:00:00Z	5	import_minuit_verifie	Manon.m	oreiller-soya-2-0	confort (positif);qualite percue;recommande		Super qualité, agréable au toucher, je recommande.
Loox	lrwfQ2Ghb_Y	loox/oreiller-soya-2-0_p20.html	2025-06-05T00:00:00Z	5	import_minuit_verifie	Clara.c	oreiller-soya-2-0			Je dors sur le côté, ça me convient parfaitement.
Loox	U4huGiRIoGZ	loox/oreiller-soya-2-0_p20.html	2025-06-05T00:00:00Z	5	import_minuit	Yasmine.y	oreiller-soya-2-0	qualite percue		Bonne qualité, mais j’attends de voir sur le long terme.
Loox	EWZVwcZuv9Z	loox/oreiller-soya-2-0_p20.html	2025-06-05T00:00:00Z	5	import_minuit	Benoît.b	oreiller-soya-2-0	temps d adaptation		Pas encore habitué, mais je sens que ça va m’aider.
Loox	2k5cpPOucP0	loox/oreiller-soya-2-0_p20.html	2025-06-05T00:00:00Z	5	import_minuit_verifie	Maxime.m	oreiller-soya-2-0			Bon maintien, mais j’aurais aimé qu’il soit un peu plus large.
Loox	ANVAmxOQQqy	loox/oreiller-soya-2-0_p20.html	2025-06-05T00:00:00Z	5	import_minuit	Samir.s	oreiller-soya-2-0			Un bon investissement pour mon bien-être.
Loox	1XHNIXDZiDR	loox/oreiller-soya-2-0_p20.html	2025-06-05T00:00:00Z	5	import_minuit	Julien.j	oreiller-soya-2-0			Très bon maintien, ça aide à garder une bonne posture la nuit.
Loox	U222N3_0ASL	loox/oreiller-soya-2-0_p20.html	2025-06-05T00:00:00Z	5	import_minuit_verifie	Antoine.a	oreiller-soya-2-0	hauteur / epaisseur		J’avais peur qu’il soit trop haut, mais c’est parfait pour moi.
Loox	dya_G8zGkZS	loox/oreiller-soya-2-0_p20.html	2025-06-05T00:00:00Z	5	import_minuit	Laura.l	oreiller-soya-2-0	hauteur / epaisseur		Je suis déçu, je le trouve trop plat pour mes besoins.
Loox	0zC5amfOmtz	loox/oreiller-soya-2-0_p20.html	2025-06-05T00:00:00Z	5	import_minuit	Marine.m	oreiller-soya-2-0			Bonne surprise, je pensais que ce serait gadget.
Loox	mj5pyIiMMeX	loox/oreiller-soya-2-0_p20.html	2025-06-05T00:00:00Z	5	import_minuit	Patricia.p	oreiller-soya-2-0	prix / valeur		Un peu cher mais franchement efficace.
Loox	219ctBoCY6l	loox/oreiller-soya-2-0_p20.html	2025-06-05T00:00:00Z	5	import_minuit	Morgane.m	oreiller-soya-2-0	confort (positif);chaleur / fraicheur		Très confortable, mais un peu chaud l’été.
Loox	J_aaCpo4L8Z	loox/oreiller-soya-2-0_p20.html	2025-06-05T00:00:00Z	5	import_minuit	Yohan.y	oreiller-soya-2-0			Je sens déjà une amélioration après 4 nuits.
Loox	vUMbhTJrFST	loox/oreiller-soya-2-0_p20.html	2025-06-05T00:00:00Z	5	import_minuit	David.d	oreiller-soya-2-0			Après une semaine, nette amélioration de mon sommeil.
Loox	hVwzQkkOwL7	loox/oreiller-soya-2-0_p20.html	2025-06-05T00:00:00Z	5	import_minuit_verifie	Sophie.s	oreiller-soya-2-0			Super produit, on sent la différence dès la première nuit.
Loox	ECJcHu6u1NC	loox/oreiller-soya-2-0_p20.html	2025-06-05T00:00:00Z	5	import_minuit	Jonathan.j	oreiller-soya-2-0	fermete (dur / mou)		Je le trouve un peu trop ferme, mais mon mari l’adore.
Loox	CWVZ9nuF4BT	loox/oreiller-soya-2-0_p20.html	2025-06-05T00:00:00Z	5	import_minuit	Estelle.e	oreiller-soya-2-0	douleurs (cou, dos, epaules)		Après quelques jours, je dors mieux et sans douleurs.
Loox	jN9kznzi8o6	loox/oreiller-soya-2-0_p20.html	2025-06-05T00:00:00Z	5	import_minuit_verifie	Vincent.l	oreiller-soya-2-0			Je dors enfin d’une seule traite sans me réveiller.
Loox	TDSdc-Kt_9V	loox/oreiller-soya-2-0_p20.html	2025-06-05T00:00:00Z	5	import_minuit_verifie	Nadia.m	oreiller-soya-2-0			Je n’utilise plus que cet oreiller maintenant.
Loox	46pJ1vtsB-Y	loox/oreiller-soya-2-0_p20.html	2025-06-05T00:00:00Z	5	import_minuit	Antoine.l	oreiller-soya-2-0	confort (positif)		Confort au top, plus de tensions le matin.
Loox	xQTr8-igKIV	loox/oreiller-soya-2-0_p21.html	2025-06-05T00:00:00Z	5	import_minuit	Antoine.g	oreiller-soya-2-0	qualite percue;prix / valeur		Excellent rapport qualité/prix.
Loox	92Bw6szweMQ	loox/oreiller-soya-2-0_p21.html	2025-06-05T00:00:00Z	5	import_minuit	Thomas.p	oreiller-soya-2-0	confort (positif)		Confort au top, plus de tensions le matin.
Loox	Evu8QmYgxoh	loox/oreiller-soya-2-0_p21.html	2025-06-05T00:00:00Z	5	import_minuit	Pauline.d	oreiller-soya-2-0			Un vrai changement dans mes nuits, merci Soya.
Loox	5Wm15BuSG	loox/oreiller-soya-2-0_p21.html	2025-05-25T10:57:30Z	5	horodate	Martine J.	oreiller-soya-2-0			À quoi sert la pression au centre ?  / Merci
Loox	ue1n12TaSnf	loox/oreiller-soya-2-0_p21.html	2025-05-21T00:00:00Z	5	import_minuit_verifie	Nina O.	oreiller-soya-2-0	odeur		Odeur un peu désagréable à l'ouverture mais super oreiller. On attends les matelas !!
Loox	cwYUonQHnzM	loox/oreiller-soya-2-0_p21.html	2025-05-20T13:52:08Z	5	horodate	Franck V.	oreiller-soya-2-0	confort (positif);douleurs (cou, dos, epaules);livraison / delais		Arrivée hier à la maison, je n’avais qu’une Hâte de l’essayer… / J’ai vraiment bien dormi, et je me suis réveillé avec aucune douleur dans les cervicales, il y  avait bien longtemps que ce n’était pas arrivé !! / J’ai converti mon frère, et il va passer une commande.!!  / Merci soya !!  / Franck
Loox	njNLU_gyPGV	loox/oreiller-soya-2-0_p21.html	2025-05-20T12:59:15Z	5	horodate	Marwa I.	oreiller-soya-2-0	taille / dimensions / taie;temps d adaptation;conformite a l annonce		Meilleur oreiller possible pour les dormeurs sur le dos !! Forme et maintien parfaite.  Dommage il y’a pas de taies en soie adaptés à la forme mais une taie classique fait l’affaire aussi ! 😅
Loox	1nshPauPmg0	loox/oreiller-soya-2-0_p21.html	2025-05-17T00:00:00Z	5	import_minuit_verifie	Vincent U.	oreiller-soya-2-0	housse		Même après plusieurs lavages de la housse, et après plusieurs nuits tout reste impeccable, pas besoin de changer d'oreiller chaque 6 mois.
Loox	wm6YHshahU6	loox/oreiller-soya-2-0_p21.html	2025-05-16T00:00:00Z	5	import_minuit_verifie	Nathalie É.	oreiller-soya-2-0			Bon produit :)
Loox	59OqXFFPF5T	loox/oreiller-soya-2-0_p21.html	2025-05-15T00:00:00Z	5	import_minuit_verifie	Édouard J.	oreiller-soya-2-0			Je pensais que c’était juste un oreiller… c’est bien plus !
Loox	nnmvufyfE9d	loox/oreiller-soya-2-0_p21.html	2025-05-15T00:00:00Z	5	import_minuit_verifie	Marc B.	oreiller-soya-2-0			Je l'utilise depuis 3 mois, maintenant c'est super mais il peluche un peu.
Loox	PW3gosdHcKM	loox/oreiller-soya-2-0_p21.html	2025-05-14T00:00:00Z	5	import_minuit_verifie	Jeannine L.	oreiller-soya-2-0			Il a gardé sa forme depuis des mois maintenant, je viens d'en prendre un pour mon mari !!
Loox	HWBapbDo4F	loox/oreiller-soya-2-0_p21.html	2025-05-10T00:00:00Z	5	import_minuit_verifie	Louis A.	oreiller-soya-2-0	douleurs (cou, dos, epaules)		Merci à l’équipe pour cet oreiller magique. Mon dos vous dit merci.
Loox	WoZpvm9Dtx-	loox/oreiller-soya-2-0_p21.html	2025-05-09T00:00:00Z	5	import_minuit_verifie	Marguerite V.	oreiller-soya-2-0	douleurs (cou, dos, epaules)		Merci à l’équipe pour cet oreiller magique. Mon dos vous dit merci.
Loox	_8Fo2ece9bR	loox/oreiller-soya-2-0_p21.html	2025-05-07T19:46:07Z	5	horodate	Remy G.	oreiller-soya-2-0			J’en ai pris pour toute la famille !!! Merci Soya mes enfants sont ravis !
Loox	oKvd2-SeF6w	loox/oreiller-soya-2-0_p21.html	2025-05-02T00:00:00Z	5	import_minuit_verifie	Eugène C.	oreiller-soya-2-0	confort (positif);fermete (dur / mou)		Très agréable au toucher, pas trop ferme, ni trop mou.
Loox	3xDQ4bQjEFL	loox/oreiller-soya-2-0_p21.html	2025-05-01T00:00:00Z	5	import_minuit_verifie	Henri M.	oreiller-soya-2-0	douleurs (cou, dos, epaules)		Depuis que je dors avec, je me réveille sans raideur. Merci soyaa !!!
Loox	ofeYEWkP4tZ	loox/oreiller-soya-2-0_p21.html	2025-04-26T00:00:00Z	5	import_minuit_verifie	Gérard H.	oreiller-soya-2-0	livraison / delais;qualite percue		Reçu en 3 jours, très bien emballé. Belle qualité au toucher.
Loox	5drw9uttpYu	loox/oreiller-soya-2-0_p21.html	2025-04-24T20:11:47Z	5	horodate	Yanis L.	oreiller-soya-2-0	confort (positif);douleurs (cou, dos, epaules);livraison / delais;service client;recommande		Franchement, super content de mon oreiller SOYA. / Je dormais mal depuis un moment, toujours des douleurs à la nuque... et là, ça fait vraiment la différence. /  Je me réveille plus reposée, sans tension, c’est hyper agréable.  /  / Livraison nickel, service client réactif, rien à dire. / Je recommande à ceux qui veulent vraiment mieux dormir. /  / Merci la team SOYA
Loox	-By-eCMQR-P	loox/oreiller-soya-2-0_p21.html	2025-04-24T00:00:00Z	5	import_minuit_verifie	Alex G.	oreiller-soya-2-0			C’est devenu mon oreiller principal, je ne peux plus dormir sans.
Loox	c8W_2knyzAu	loox/oreiller-soya-2-0_p22.html	2025-04-23T00:00:00Z	5	import_minuit_verifie	Emmanuel P.	oreiller-soya-2-0	qualite percue		Je ne pensais pas qu'un oreiller pouvait autant changer la qualité de mon sommeil. Merci SOYA !
Loox	eHQqJGVuWz8	loox/oreiller-soya-2-0_p22.html	2025-04-19T00:05:50Z	5	horodate_verifie	Sherif M.	oreiller-soya-2-0	douleurs (cou, dos, epaules);temps d adaptation		Franchement ce coussin a facilité mes nuits .  J’ai l’habitude de dormir sur le dos et me réveiller avec des douleurs aux cervicales, avec ce coussin qui s’adapte parfaitement à ma tête . Plus de douleur
Loox	wDoaRiknkj2	loox/oreiller-soya-2-0_p22.html	2025-04-16T00:00:00Z	5	import_minuit_verifie	Thomas D.	oreiller-soya-2-0	douleurs (cou, dos, epaules);temps d adaptation		Parfaitement adapté à mes besoins ,, plus aucune tension dans la nuque.
Loox	r3WvXrqXqYV	loox/oreiller-soya-2-0_p22.html	2025-04-16T00:00:00Z	5	import_minuit	Karim.e	oreiller-soya-2-0			Je pensais que ça allait être un gadget, mais ça m’aide vraiment à mieux dormir
Loox	d73QpzN_jeN	loox/oreiller-soya-2-0_p22.html	2025-04-16T00:00:00Z	5	import_minuit_verifie	Isabelle.t	oreiller-soya-2-0			J’étais sceptique, mais après 10 jours, je dors vraiment mieux. Plus de réveils nocturnes.
Loox	s-ufulMRiDm	loox/oreiller-soya-2-0_p22.html	2025-04-16T00:00:00Z	5	import_minuit_verifie	Élise.d	oreiller-soya-2-0	confort (positif)		Correct, mais pas aussi moelleux que je pensais. À voir avec le temps.
Loox	0d1ppkHRtDV	loox/oreiller-soya-2-0_p22.html	2025-04-16T00:00:00Z	5	import_minuit	Damien.l	oreiller-soya-2-0			Super oreiller, je me lève enfin reposée.
Loox	sgPufn_meYD	loox/oreiller-soya-2-0_p22.html	2025-04-16T00:00:00Z	5	import_minuit	Gaëtan.b	oreiller-soya-2-0			Mon sommeil est plus profond, je me réveille moins fatigué.
Loox	OqfnqGM9a6-	loox/oreiller-soya-2-0_p22.html	2025-04-16T00:00:00Z	5	import_minuit	François.c	oreiller-soya-2-0	douleurs (cou, dos, epaules)		Pratique et efficace, j’ai remarqué moins de tensions dans le haut du dos.
Loox	1hYi2ODazdL	loox/oreiller-soya-2-0_p22.html	2025-04-16T00:00:00Z	5	import_minuit	Justine.l	oreiller-soya-2-0	douleurs (cou, dos, epaules)		Mes douleurs aux trapèzes ont disparu au bout de quelques nuits.
Loox	X9-YkECP2Lw	loox/oreiller-soya-2-0_p22.html	2025-04-16T00:00:00Z	5	import_minuit	Clément.v	oreiller-soya-2-0	housse		Facile d’entretien, la housse passe en machine sans souci.
Loox	TSCD8jwTSEr	loox/oreiller-soya-2-0_p22.html	2025-04-14T04:09:05Z	5	horodate	Mehdi B.	oreiller-soya-2-0	confort (positif)		Cet oreiller m'a permis de retrouver une bonne posture , mes nuits sont beaucoup plus agréables.  / Un bel investissement !
Loox	8BBxJjCdS9W	loox/oreiller-soya-2-0_p22.html	2025-04-10T05:18:35Z	5	horodate_verifie	Franck T.	oreiller-soya-2-0	douleurs (cou, dos, epaules);livraison / delais		Bonjour,  /  /  Depuis que j'ai reçu mon oreiller je n'est plus de douleur cervicale et j'ai retrouvé un sommeil reposant très bon produit merci.
Loox	A2DlWafg2gE	loox/oreiller-soya-2-0_p22.html	2025-04-10T03:57:22Z	5	horodate	Thomas R.	oreiller-soya-2-0	temps d adaptation;housse		J’en ai racheté un pour ma femme qui arrêtais pas de me le piquer !!  Je l’ai depuis quelques semaines il est parfait… mais faudrait nous offrir des housses de rechange qui s’adaptent à sa forme !!
Loox	P2SRWoLiLe5	loox/oreiller-soya-2-0_p22.html	2025-04-09T00:00:00Z	5	import_minuit_verifie	Sophie M.	oreiller-soya-2-0			Dès la première nuit j'ai senti une différence énorme, top produit.
Loox	ng0zO7L16Bn	loox/oreiller-soya-2-0_p22.html	2025-04-09T00:00:00Z	5	import_minuit_verifie	Maxime M.	oreiller-soya-2-0	douleurs (cou, dos, epaules)		Très content de mon achat, le soutien cervical est exceptionnel.
Loox	b5pRAWJyMEK	loox/oreiller-soya-2-0_p22.html	2025-04-09T00:00:00Z	5	import_minuit_verifie	Sarah G.	oreiller-soya-2-0	fermete (dur / mou);temps d adaptation		Pas mal, même si j'ai pris quelques jours à m'habituer à la fermeté.
Loox	K5zwva69n4r	loox/oreiller-soya-2-0_p22.html	2025-04-08T00:00:00Z	5	import_minuit_verifie	Martine G.	oreiller-soya-2-0	qualite percue;prix / valeur		Aucun regret. Rapport qualité-prix top.
Loox	ka-DSpRFtJK	loox/oreiller-soya-2-0_p22.html	2025-04-04T00:00:00Z	5	import_minuit_verifie	Emma R.	oreiller-soya-2-0	douleurs (cou, dos, epaules)		Super pour les douleurs cervicales récurrentes.
Loox	kide5nuMgHj	loox/oreiller-soya-2-0_p22.html	2025-04-02T00:00:00Z	5	import_minuit_verifie	Alexandre D.	oreiller-soya-2-0			Mes ronflements ont quasiment disparu, mon épouse est ravie !
Loox	T4jRXOR5HwS	loox/oreiller-soya-2-0_p23.html	2025-04-02T00:00:00Z	5	import_minuit_verifie	Alexandre H.	oreiller-soya-2-0	confort (positif)		Tellement agréable que je l'utilise aussi pour me détendre.
Loox	dnUWpocQJCI	loox/oreiller-soya-2-0_p23.html	2025-04-02T00:00:00Z	5	import_minuit_verifie	Éléonore S.	oreiller-soya-2-0	fermete (dur / mou)		Pas trop ferme, pas trop mou, juste ce qu’il faut.
Loox	_Sla-GVmJN9	loox/oreiller-soya-2-0_p23.html	2025-03-31T00:00:00Z	3	import_minuit_verifie	Mélanie D.	oreiller-soya-2-0	confort (positif)		Très agréable pour les dormeurs sur le côté.
Loox	xxiisZ3pm1t	loox/oreiller-soya-2-0_p23.html	2025-03-28T00:00:00Z	5	import_minuit_verifie	Hugo P.	oreiller-soya-2-0	confort (positif);douleurs (cou, dos, epaules)		Oreiller confortable et très efficace pour mes cervicales.
Loox	y6Ps44O8mwF	loox/oreiller-soya-2-0_p23.html	2025-03-28T00:00:00Z	5	import_minuit_verifie	Nina S.	oreiller-soya-2-0	fermete (dur / mou)		Léger, ferme, respirant… vraiment bien pensé.
Loox	gpLYa9A7vu	loox/oreiller-soya-2-0_p23.html	2025-03-26T00:00:00Z	5	import_minuit_verifie	Manon L.	oreiller-soya-2-0			Même mon ostéo m’a demandé ce que j’avais changé.
Loox	qL1dJ39oDOI	loox/oreiller-soya-2-0_p23.html	2025-03-26T00:00:00Z	5	import_minuit_verifie	Antoine P.	oreiller-soya-2-0			Je dors beaucoup mieux depuis que j'ai SOYA, plus besoin de kiné toutes les semaines.
Loox	5vgvGq5DD_4	loox/oreiller-soya-2-0_p23.html	2025-03-25T00:00:00Z	5	import_minuit_verifie	Hélène L.	oreiller-soya-2-0	douleurs (cou, dos, epaules)		Je suis infirmière et j’ai souvent mal au cou : c’est fini.
Loox	3CQXbESE1Cl	loox/oreiller-soya-2-0_p23.html	2025-03-24T00:00:00Z	5	import_minuit_verifie	Hugo P.	oreiller-soya-2-0	recommande		Excellent produit, je recommande fortement à tout le monde.
Loox	8V5ddKhzMHu	loox/oreiller-soya-2-0_p23.html	2025-03-24T00:00:00Z	5	import_minuit_verifie	Xavier G.	oreiller-soya-2-0			Je pensais que c’était juste un oreiller… c’est bien plus !
Loox	K7RMdjMvtFf	loox/oreiller-soya-2-0_p23.html	2025-03-19T00:00:00Z	5	import_minuit_verifie	Romain H.	oreiller-soya-2-0	confort (positif)		Un confort incomparable, même en voyage je l’emporte avec moi.
Loox	Xpl8V_BfzA	loox/oreiller-soya-2-0_p23.html	2025-03-19T00:00:00Z	5	import_minuit_verifie	Frédéric L.	oreiller-soya-2-0	douleurs (cou, dos, epaules)		Depuis que je l'utilise, je me réveille sans aucune douleur cervicale.  Un vrai changement. Pour une fois je regrette pas un achat sur internet.
Loox	tENqf7pvFXu	loox/oreiller-soya-2-0_p23.html	2025-03-17T00:00:00Z	5	import_minuit_verifie	Arthur G.	oreiller-soya-2-0	douleurs (cou, dos, epaules)		Depuis que j'utilise l'oreiller SOYA, j'ai enfin pu dire adieu aux douleurs cervicales.  Je voyage souvent pour le travail et maintenant, je l'emporte partout avec moi.
Loox	hRvGwPhIOYl	loox/oreiller-soya-2-0_p23.html	2025-03-17T00:00:00Z	5	import_minuit_verifie	Brigitte F.	oreiller-soya-2-0	douleurs (cou, dos, epaules)		J'adore cet oreiller ! Il m'a débarrassé de mes tensions cervicales.
Loox	9Dn1K8D1JJc	loox/oreiller-soya-2-0_p23.html	2025-03-16T00:00:00Z	5	import_minuit_verifie	Nicolas M.	oreiller-soya-2-0	recommande		Même mon kiné me l’a recommandé. j'étais assez scéptique mais vaut largement l'investissement!
Loox	eOudtG2IZ2m	loox/oreiller-soya-2-0_p23.html	2025-03-16T00:00:00Z	5	import_minuit	Mathieu.m	oreiller-soya-2-0	qualite percue		Il ne me convient pas totalement, mais la qualité est là.
Loox	j8EEA7-cvpX	loox/oreiller-soya-2-0_p23.html	2025-03-16T00:00:00Z	5	import_minuit	Kevin.k	oreiller-soya-2-0	conformite a l annonce;recommande		Produit conforme à la description, je recommande.
Loox	XaKhuAdW5_E	loox/oreiller-soya-2-0_p23.html	2025-03-16T00:00:00Z	5	import_minuit	Kylian.k	oreiller-soya-2-0	douleurs (cou, dos, epaules)		Très efficace pour mes douleurs chroniques.
Loox	MLDbzqJL5xZ	loox/oreiller-soya-2-0_p23.html	2025-03-16T00:00:00Z	5	import_minuit	Mélanie.g	oreiller-soya-2-0	confort (positif)		Super confort, le soutien est idéal.
Loox	OljI427MNs-	loox/oreiller-soya-2-0_p23.html	2025-03-16T00:00:00Z	5	import_minuit	Antoine.p	oreiller-soya-2-0	qualite percue		La qualité est au rendez-vous, on sent la différence.
Loox	3wUVbOsQw2b	loox/oreiller-soya-2-0_p24.html	2025-03-15T00:00:00Z	5	import_minuit_verifie	Anaïs C.	oreiller-soya-2-0	livraison / delais		Reçu il y a une semaine, pour l'instant je ne vois pas encore de gros changements.
Loox	r2F3jYoN_0H	loox/oreiller-soya-2-0_p24.html	2025-03-15T00:00:00Z	4	import_minuit_verifie	Mathilde C.	oreiller-soya-2-0	fermete (dur / mou)		Très bon oreiller ergonomique, il aurait juste pu être un peu moins ferme pour moi.
Loox	3GBS9U2iWkp	loox/oreiller-soya-2-0_p24.html	2025-03-15T00:00:00Z	5	import_minuit_verifie	Isabelle S.	oreiller-soya-2-0			Pas mal, mais on veut le matelas maintenant soya !!
Loox	zJJv6XCk4TP	loox/oreiller-soya-2-0_p24.html	2025-03-15T00:00:00Z	5	import_minuit	Noémie.n	oreiller-soya-2-0			Un sommeil plus profond et moins de réveils nocturnes.
Loox	UWJKgXo0K6l	loox/oreiller-soya-2-0_p24.html	2025-03-15T00:00:00Z	5	import_minuit	Guillaume.g	oreiller-soya-2-0	douleurs (cou, dos, epaules)		Depuis que je l’utilise, plus aucune douleur au réveil.
Loox	1wIcayaDidy	loox/oreiller-soya-2-0_p24.html	2025-03-15T00:00:00Z	5	import_minuit	Romain.r	oreiller-soya-2-0			Au début j’étais sceptique, mais j’avoue que ça marche bien.
Loox	K666O_SToAE	loox/oreiller-soya-2-0_p24.html	2025-03-15T00:00:00Z	5	import_minuit_verifie	Elodie.e	oreiller-soya-2-0	qualite percue;prix / valeur		Bon rapport qualité prix, même si un peu cher à l’achat.
Loox	8oGyCxJI-03	loox/oreiller-soya-2-0_p24.html	2025-03-15T00:00:00Z	5	import_minuit	Stéphanie.s	oreiller-soya-2-0	temps d adaptation		Pas adapté à mon cas mais on voit que c’est du sérieux.
Loox	fQfrCesxGPs	loox/oreiller-soya-2-0_p24.html	2025-03-15T00:00:00Z	5	import_minuit_verifie	Sarah.m	oreiller-soya-2-0			Mon kiné m’a dit de le garder, ça veut tout dire !
Loox	HOspHs5b0Ka	loox/oreiller-soya-2-0_p24.html	2025-03-15T00:00:00Z	5	import_minuit	Emma.l	oreiller-soya-2-0	douleurs (cou, dos, epaules);recommande		Je recommande à tous ceux qui ont mal aux cervicales.
Loox	m63_vwkO8oE	loox/oreiller-soya-2-0_p24.html	2025-03-14T00:00:00Z	5	import_minuit	Océane.o	oreiller-soya-2-0	confort (positif);prix / valeur		Un peu cher, mais ça vaut le coup vu le confort.
Loox	x-nTm_622BU	loox/oreiller-soya-2-0_p24.html	2025-03-14T00:00:00Z	5	import_minuit	Olivier.o	oreiller-soya-2-0			Je l’utilise depuis 3 semaines et je sens la différence.
Loox	IwuY5luXKqW	loox/oreiller-soya-2-0_p24.html	2025-03-14T00:00:00Z	5	import_minuit	Sylvain.s	oreiller-soya-2-0	confort (positif)		Je suis très content, je dors bien mieux qu’avant.
Loox	YZgwLIMjXRp	loox/oreiller-soya-2-0_p24.html	2025-03-14T00:00:00Z	5	import_minuit	Céline.c	oreiller-soya-2-0	fermete (dur / mou)		Un peu ferme, mais il maintient parfaitement la tête.
Loox	IQdMaE-rg12	loox/oreiller-soya-2-0_p24.html	2025-03-14T00:00:00Z	5	import_minuit_verifie	Jules.j	oreiller-soya-2-0	douleurs (cou, dos, epaules);recommande		Je le recommande à ceux qui souffrent de tensions dans la nuque.
Loox	tysrcDZJeuQ	loox/oreiller-soya-2-0_p24.html	2025-03-14T00:00:00Z	5	import_minuit	Geoffrey.g	oreiller-soya-2-0	taille / dimensions / taie		Bonne taille et maintien parfait.
Loox	cXpODgu_g3e	loox/oreiller-soya-2-0_p24.html	2025-03-14T00:00:00Z	5	import_minuit_verifie	Marc.b	oreiller-soya-2-0	douleurs (cou, dos, epaules)		Parfait pour mes douleurs au cou.
Loox	nnCQSoZDVn_	loox/oreiller-soya-2-0_p24.html	2025-03-14T00:00:00Z	5	import_minuit	Marie.d	oreiller-soya-2-0			Un peu déroutant les premières nuits mais ensuite parfait.
Loox	kimw3iCzwSK	loox/oreiller-soya-2-0_p24.html	2025-03-14T00:00:00Z	5	import_minuit	Camille.g	oreiller-soya-2-0			Un peu déroutant les premières nuits mais ensuite parfait.
Loox	gelBPesS_Vm	loox/oreiller-soya-2-0_p24.html	2025-03-13T00:00:00Z	5	import_minuit_verifie	Élise M.	oreiller-soya-2-0	fermete (dur / mou)		Très bon oreiller ergonomique,, il aurait juste pu être un peu moins ferme pour moi.
Loox	vQmaTaBereq	loox/oreiller-soya-2-0_p25.html	2025-03-13T00:00:00Z	5	import_minuit_verifie	Isabelle.g	oreiller-soya-2-0	housse		Oreiller bien conçu, la housse est douce. J’aurais aimé plus de choix de couleurs.
Loox	Myvgpmg5sc1	loox/oreiller-soya-2-0_p25.html	2025-03-13T00:00:00Z	5	import_minuit_verifie	Élodie.m	oreiller-soya-2-0	recommande		Produit fidèle à la description, rien à redire. Je recommande.
Loox	gIowmShNNKn	loox/oreiller-soya-2-0_p25.html	2025-03-13T00:00:00Z	5	import_minuit_verifie	Paul.r	oreiller-soya-2-0	confort (positif);chaleur / fraicheur;qualite percue		Je transpire moins qu’avec mes anciens oreillers, la matière est agréable.
Loox	kaGsNaF1EPz	loox/oreiller-soya-2-0_p25.html	2025-03-13T00:00:00Z	5	import_minuit	Ines.m	oreiller-soya-2-0	temps d adaptation		Correct sans plus. Peut-être que je dois encore m’y habituer.
Loox	wgU-Exo-Hv3	loox/oreiller-soya-2-0_p25.html	2025-03-13T00:00:00Z	5	import_minuit	Kenji.t	oreiller-soya-2-0	douleurs (cou, dos, epaules)		Mes douleurs aux épaules ont disparu au bout de quelques jours d’utilisation.
Loox	zh7vSi6Hjq0	loox/oreiller-soya-2-0_p25.html	2025-03-13T00:00:00Z	5	import_minuit	Leïla.h	oreiller-soya-2-0	recommande		Très contente de mon achat, j’ai déjà recommandé à deux amies.
Loox	yPsl15bfNSs	loox/oreiller-soya-2-0_p25.html	2025-03-13T00:00:00Z	5	import_minuit_verifie	Lucie.b	oreiller-soya-2-0	confort (positif);fermete (dur / mou);qualite percue;housse		Oreiller de bonne qualité, la housse est douce et pratique. Peut-être un peu ferme pour ceux qui aiment le moelleux.
Loox	vftYCxtMltd	loox/oreiller-soya-2-0_p25.html	2025-03-13T00:00:00Z	5	import_minuit_verifie	Hugo.d	oreiller-soya-2-0	confort (positif)		Confort notable après quelques jours.
Loox	ZX8wgY6StoC	loox/oreiller-soya-2-0_p25.html	2025-03-13T00:00:00Z	5	import_minuit_verifie	Olivier.f	oreiller-soya-2-0	recommande		Une vraie découverte, je recommande.
Loox	3iKaAkiRR-j	loox/oreiller-soya-2-0_p25.html	2025-03-13T00:00:00Z	5	import_minuit_verifie	Manon.g	oreiller-soya-2-0	confort (positif)		Un confort inédit pour moi.
Loox	BF-bAC1sr-H	loox/oreiller-soya-2-0_p25.html	2025-03-13T00:00:00Z	5	import_minuit_verifie	Aurélien.j	oreiller-soya-2-0	douleurs (cou, dos, epaules)		Bonne tenue de la nuque, je sens la différence.
Loox	wEK1zvr3LLr	loox/oreiller-soya-2-0_p25.html	2025-03-13T00:00:00Z	5	import_minuit	Émilie.m	oreiller-soya-2-0			Fidèle à la description.
Loox	cGvi6q1hxHT	loox/oreiller-soya-2-0_p25.html	2025-03-13T00:00:00Z	5	import_minuit	Nolwenn.b	oreiller-soya-2-0	emballage / compression		Produit qualitatif, emballage soigné.
Loox	X77Etn0TSim	loox/oreiller-soya-2-0_p25.html	2025-03-13T00:00:00Z	5	import_minuit	Justine.v	oreiller-soya-2-0			Super oreiller, je me lève enfin reposée.
Loox	wWugGbwXV6d	loox/oreiller-soya-2-0_p25.html	2025-03-13T00:00:00Z	5	import_minuit	Élodie.z	oreiller-soya-2-0	livraison / delais		Première nuit concluante, livraison rapide.
Loox	RcY5FJXXAIm	loox/oreiller-soya-2-0_p25.html	2025-03-13T00:00:00Z	5	import_minuit	Océane.b	oreiller-soya-2-0	livraison / delais;service client		Bon produit, répond bien à mes attentes.
Loox	3ltsDdLVshw	loox/oreiller-soya-2-0_p25.html	2025-03-13T00:00:00Z	5	import_minuit_verifie	David.h	oreiller-soya-2-0	fermete (dur / mou)		Un peu ferme au début mais parfait après quelques nuits.
Loox	O8hkHsdR4Ly	loox/oreiller-soya-2-0_p25.html	2025-03-13T00:00:00Z	5	import_minuit_verifie	Marion.o	oreiller-soya-2-0	service client		Service client impeccable, réponses rapides.
Loox	qrVxk14MrC-	loox/oreiller-soya-2-0_p25.html	2025-03-13T00:00:00Z	5	import_minuit_verifie	Anaïs.b	oreiller-soya-2-0	confort (positif)		Correct, mais j’attendais un peu plus de moelleux.
Loox	GWXYUa_hrv3	loox/oreiller-soya-2-0_p25.html	2025-03-13T00:00:00Z	5	import_minuit_verifie	Alexandre.n	oreiller-soya-2-0	douleurs (cou, dos, epaules)		Après 2 semaines, mes douleurs cervicales ont diminué.
Loox	ZZ8070BAtbq	loox/oreiller-soya-2-0_p26.html	2025-03-13T00:00:00Z	5	import_minuit_verifie	Anaïs.d	oreiller-soya-2-0			Pas magique mais efficace.
Loox	at3oaj50YT	loox/oreiller-soya-2-0_p26.html	2025-03-13T00:00:00Z	5	import_minuit	David.x	oreiller-soya-2-0	douleurs (cou, dos, epaules)		Mes migraines ont nettement diminué.
Loox	matYPVPs_N7	loox/oreiller-soya-2-0_p26.html	2025-03-13T00:00:00Z	5	import_minuit	Laetitia.x	oreiller-soya-2-0	confort (positif)		Confortable et simple d’entretien.
Loox	vLJcBIx9oMO	loox/oreiller-soya-2-0_p26.html	2025-03-13T00:00:00Z	5	import_minuit	Vincent.b	oreiller-soya-2-0	chaleur / fraicheur;qualite percue		Le tissu reste frais toute la nuit.
Loox	1a8HyKqLkE7	loox/oreiller-soya-2-0_p26.html	2025-03-13T00:00:00Z	5	import_minuit	Camille.k	oreiller-soya-2-0			Bonne expérience d’achat du début à la fin.
Loox	MkCFyOJ__WP	loox/oreiller-soya-2-0_p26.html	2025-03-13T00:00:00Z	5	import_minuit	Lucie.k	oreiller-soya-2-0	recommande		J’ai déjà recommandé à mes proches.
Loox	ibOb-0HMqIM	loox/oreiller-soya-2-0_p26.html	2025-03-13T00:00:00Z	5	import_minuit	François.c	oreiller-soya-2-0	temps d adaptation		Après quelques jours d’adaptation, parfait.
Loox	ipT5tsG_j6l	loox/oreiller-soya-2-0_p26.html	2025-03-13T00:00:00Z	5	import_minuit_verifie	Lucas.l	oreiller-soya-2-0	douleurs (cou, dos, epaules)		Très bon produit, plus de raideurs au réveil.
Loox	V3bGW28LXh1	loox/oreiller-soya-2-0_p26.html	2025-03-13T00:00:00Z	5	import_minuit_verifie	Louis.l	oreiller-soya-2-0	douleurs (cou, dos, epaules)		Ça a vraiment soulagé mes douleurs d’épaule.
Loox	lRMIubxW6Gm	loox/oreiller-soya-2-0_p26.html	2025-03-13T00:00:00Z	5	import_minuit	Eva.e	oreiller-soya-2-0	fermete (dur / mou);non recu / commande incomplete		Je trouve qu’il manque un peu de souplesse.
Loox	th4spIYs-jM	loox/oreiller-soya-2-0_p26.html	2025-03-13T00:00:00Z	5	import_minuit	Karim.k	oreiller-soya-2-0	recommande		Bonne expérience globale, je recommande.
Loox	q3fvHI95MOC	loox/oreiller-soya-2-0_p26.html	2025-03-13T00:00:00Z	5	import_minuit	Aurélie.a	oreiller-soya-2-0			Je me réveille plus reposé, c’est flagrant.
Loox	kxDv9EDgCIb	loox/oreiller-soya-2-0_p26.html	2025-03-13T00:00:00Z	5	import_minuit_verifie	Inès.i	oreiller-soya-2-0			Enfin un oreiller qui me convient après plusieurs essais ratés.
Loox	jJ1VLD4e4eP	loox/oreiller-soya-2-0_p26.html	2025-03-13T00:00:00Z	5	import_minuit	Adrien.a	oreiller-soya-2-0	confort (positif);qualite percue		Oreiller de qualité, tissu agréable, belle finition.
Loox	T0QhSCaqWiY	loox/oreiller-soya-2-0_p26.html	2025-03-13T00:00:00Z	5	import_minuit_verifie	Nina.n	oreiller-soya-2-0	douleurs (cou, dos, epaules)		Mes cervicales me disent merci !
Loox	xSblvwmbDiN	loox/oreiller-soya-2-0_p26.html	2025-03-13T00:00:00Z	5	import_minuit	Lucie.l	oreiller-soya-2-0	service client;qualite percue		Bonne qualité et très bon service client.
Loox	NuOBWtmQmR	loox/oreiller-soya-2-0_p26.html	2025-03-13T00:00:00Z	5	import_minuit_verifie	Nadia.s	oreiller-soya-2-0			Mon kiné m’a dit de le garder, ça veut tout dire !
Loox	WRomWPRzAV	loox/oreiller-soya-2-0_p26.html	2025-03-13T00:00:00Z	5	import_minuit_verifie	Claire.d	oreiller-soya-2-0			Un vrai changement dans mes nuits, merci Soya.
Loox	_FXIv0fqzg	loox/oreiller-soya-2-0_p26.html	2025-03-13T00:00:00Z	5	import_minuit_verifie	Jérôme.b	oreiller-soya-2-0	douleurs (cou, dos, epaules)		Très bon produit, mes douleurs se sont nettement atténuées.
Loox	uxbFVkFyi6	loox/oreiller-soya-2-0_p26.html	2025-03-13T00:00:00Z	5	import_minuit_verifie	Camille.d	oreiller-soya-2-0	qualite percue		La qualité est au rendez-vous, on sent la différence.
Loox	gldXW2IT3O	loox/oreiller-soya-2-0_p27.html	2025-03-13T00:00:00Z	5	import_minuit_verifie	Julie.m	oreiller-soya-2-0	douleurs (cou, dos, epaules);recommande		Je recommande à tous ceux qui ont mal aux cervicales.
Loox	dqil6cTb-R	loox/oreiller-soya-2-0_p27.html	2025-03-13T00:00:00Z	5	import_minuit_verifie	Vincent.l	oreiller-soya-2-0			Aucun regret, je dors mieux que jamais.
Loox	IsQXvXIR640	loox/oreiller-soya-2-0_p27.html	2025-03-13T00:00:00Z	5	import_minuit_verifie	Marie.l	oreiller-soya-2-0	douleurs (cou, dos, epaules)		Je me réveille sans douleur, c’est magique.
Loox	IIq-Xf9BJ2w	loox/oreiller-soya-2-0_p27.html	2025-03-13T00:00:00Z	5	import_minuit	Hugo.g	oreiller-soya-2-0	douleurs (cou, dos, epaules)		Parfait pour mes douleurs au cou.
Loox	T_6BrSENNJf	loox/oreiller-soya-2-0_p27.html	2025-03-13T00:00:00Z	5	import_minuit	Élodie.m	oreiller-soya-2-0	qualite percue;prix / valeur		Excellent rapport qualité/prix.
Loox	mAVkhL86dxi	loox/oreiller-soya-2-0_p27.html	2025-03-12T00:00:00Z	5	import_minuit_verifie	Florian H.	oreiller-soya-2-0	douleurs (cou, dos, epaules)		Parfait pour moi, je ne me réveille plus avec des douleurs.
Loox	YKBbvyO2bir	loox/oreiller-soya-2-0_p27.html	2025-03-12T00:00:00Z	5	import_minuit_verifie	Roger R.	oreiller-soya-2-0			Ma fille de 12 ans dort beaucoup mieux depuis.
Loox	fVMqQiT5_Q2	loox/oreiller-soya-2-0_p27.html	2025-03-12T00:00:00Z	5	import_minuit	Emma.l	oreiller-soya-2-0			Je n’utilise plus que cet oreiller maintenant.
Loox	JJg-7iYI4bZ	loox/oreiller-soya-2-0_p27.html	2025-03-11T00:00:00Z	5	import_minuit_verifie	Chloé C.	oreiller-soya-2-0			Mes enfants l'ont essayé et m'ont demandé le même ! Commande groupée chez nous maintenant.
Loox	IY7Di1upIxv	loox/oreiller-soya-2-0_p27.html	2025-03-11T00:00:00Z	5	import_minuit_verifie	Susan B.	oreiller-soya-2-0			Il est parfait, même pour les longues nuits d’hiver.
Loox	rukn2KqeKJH	loox/oreiller-soya-2-0_p27.html	2025-03-11T00:00:00Z	5	import_minuit	Mélanie.p	oreiller-soya-2-0	livraison / delais		Livraison rapide et produit bien emballé.
Loox	L_8qYqYHESv	loox/oreiller-soya-2-0_p27.html	2025-03-10T00:00:00Z	5	import_minuit_verifie	Romain A.	oreiller-soya-2-0	qualite percue		Produit de grande qualité, la marque Soya a vraiment fait la différence sur mes nuits.
Loox	m7dxhs2tn5l	loox/oreiller-soya-2-0_p27.html	2025-03-10T00:00:00Z	5	import_minuit	Marie.m	oreiller-soya-2-0	qualite percue;prix / valeur		Excellent rapport qualité/prix.
Loox	JR2HJ6Xws5n	loox/oreiller-soya-2-0_p27.html	2025-03-09T00:00:00Z	5	import_minuit_verifie	Julien P.	oreiller-soya-2-0	housse;recommande		Les housses offertes sont un vrai plus, je recommande fortement.
Loox	3lcuP2v1DkH	loox/oreiller-soya-2-0_p27.html	2025-03-09T00:00:00Z	5	import_minuit	Chloé.l	oreiller-soya-2-0			Mon kiné m’a dit de le garder, ça veut tout dire !
Loox	wob82geyfPo	loox/oreiller-soya-2-0_p27.html	2025-03-08T00:00:00Z	5	import_minuit_verifie	Anaïs R.	oreiller-soya-2-0			Vraiment soulagé par ce produit dès la première semaine.
Loox	4fM-SkKqk5p	loox/oreiller-soya-2-0_p27.html	2025-03-08T00:00:00Z	4	import_minuit_verifie	Romain P.	oreiller-soya-2-0			L'oreiller est top, plus aucun problème de sommeil.
Loox	2HRXE6gMsGf	loox/oreiller-soya-2-0_p27.html	2025-03-08T00:00:00Z	5	import_minuit_verifie	Lucie P.	oreiller-soya-2-0	douleurs (cou, dos, epaules)		Mes migraines matinales ont presque disparu grâce à cet oreiller.
Loox	pDVHcdIsCi2	loox/oreiller-soya-2-0_p27.html	2025-03-08T00:00:00Z	5	import_minuit	Chloé.m	oreiller-soya-2-0			Aucun regret, je dors mieux que jamais.
Loox	Vju1lM-DDao	loox/oreiller-soya-2-0_p27.html	2025-03-07T00:00:00Z	5	import_minuit	Marc.m	oreiller-soya-2-0			Je n’utilise plus que cet oreiller maintenant.
Loox	2-s6YfJyY--	loox/oreiller-soya-2-0_p28.html	2025-03-06T00:00:00Z	5	import_minuit_verifie	Isabelle L.	oreiller-soya-2-0			Belle inovation belle forme.
Loox	sL6jBzR0m3i	loox/oreiller-soya-2-0_p28.html	2025-03-06T00:00:00Z	5	import_minuit	Chloé.d	oreiller-soya-2-0	confort (positif)		Super confort, le soutien est idéal.
Loox	kZ-q8W4WBYj	loox/oreiller-soya-2-0_p28.html	2025-03-05T00:00:00Z	5	import_minuit	Lucas.l	oreiller-soya-2-0	livraison / delais		Livraison rapide et produit bien emballé.
Loox	lIJ13pdeThF	loox/oreiller-soya-2-0_p28.html	2025-03-04T00:00:00Z	5	import_minuit_verifie	Arthur C.	oreiller-soya-2-0	douleurs (cou, dos, epaules)		Vraiment content de mon achat, plus de douleurs au réveil.
Loox	xgwgmISYuFb	loox/oreiller-soya-2-0_p28.html	2025-03-04T00:00:00Z	5	import_minuit	Léa.r	oreiller-soya-2-0	qualite percue		La qualité est au rendez-vous, on sent la différence.
Loox	BNpJVeJEpTz	loox/oreiller-soya-2-0_p28.html	2025-03-03T00:00:00Z	5	import_minuit	Élodie.d	oreiller-soya-2-0			Je dors enfin d’une seule traite sans me réveiller.
Loox	obTl6T78oMY	loox/oreiller-soya-2-0_p28.html	2025-03-02T00:00:00Z	5	import_minuit_verifie	Florian R.	oreiller-soya-2-0	douleurs (cou, dos, epaules);qualite percue		Excellente qualité et soulagement des douleurs garanti.
Loox	eIXPtg7SBsW	loox/oreiller-soya-2-0_p28.html	2025-03-02T00:00:00Z	5	import_minuit	Romain.l	oreiller-soya-2-0	confort (positif)		Super confort, le soutien est idéal.
Loox	SLFSjh_sI8R	loox/oreiller-soya-2-0_p28.html	2025-03-01T00:00:00Z	5	import_minuit	Léa.d	oreiller-soya-2-0			Mon kiné m’a dit de le garder, ça veut tout dire !
Loox	Zuny58xr7PR	loox/oreiller-soya-2-0_p28.html	2025-02-28T00:00:00Z	5	import_minuit	Lucas.r	oreiller-soya-2-0			Je n’utilise plus que cet oreiller maintenant.
Loox	6GTWLkiU1aM	loox/oreiller-soya-2-0_p28.html	2025-02-27T00:00:00Z	5	import_minuit_verifie	Lucie L.	oreiller-soya-2-0			Très contente, oreiller adopté dès la première nuit !
Loox	X8pOqqjvmcE	loox/oreiller-soya-2-0_p28.html	2025-02-27T00:00:00Z	5	import_minuit	Mélanie.g	oreiller-soya-2-0	confort (positif)		Je suis très content, je dors bien mieux qu’avant.
Loox	u7SIuRMW1ro	loox/oreiller-soya-2-0_p28.html	2025-02-26T00:00:00Z	5	import_minuit	Pauline.d	oreiller-soya-2-0			Je dors enfin d’une seule traite sans me réveiller.
Loox	WBeCS7iIK-o	loox/oreiller-soya-2-0_p28.html	2025-02-25T00:00:00Z	4	import_minuit_verifie	Mathilde H.	oreiller-soya-2-0	hauteur / epaisseur		Bien dans l'ensemble, juste un peu épais pour dormir sur le ventre.
Loox	-AeVSwdeaNc	loox/oreiller-soya-2-0_p28.html	2025-02-25T00:00:00Z	4	import_minuit_verifie	Alexandre F.	oreiller-soya-2-0	confort (positif);prix / valeur		Un peu cher, mais honnêtement ça vaut chaque euro pour le confort apporté.
Loox	xv1Jm0yrlvi	loox/oreiller-soya-2-0_p28.html	2025-02-25T00:00:00Z	5	import_minuit_verifie	Clémence L.	oreiller-soya-2-0	douleurs (cou, dos, epaules)		Très bon maintien cervical, je me réveille enfin reposée.
Loox	wqqvF8zS_MW	loox/oreiller-soya-2-0_p28.html	2025-02-25T00:00:00Z	5	import_minuit	Marc.g	oreiller-soya-2-0			Je ne dors plus sans, il me suit partout.
Loox	pu4KrOfX-5r	loox/oreiller-soya-2-0_p28.html	2025-02-24T00:00:00Z	5	import_minuit_verifie	Marine M.	oreiller-soya-2-0	confort (positif);qualite percue		Oreiller de grande qualité, très confortable et durable.
Loox	GdI0STEngNo	loox/oreiller-soya-2-0_p28.html	2025-02-24T00:00:00Z	5	import_minuit	Nathalie.d	oreiller-soya-2-0			Je n’utilise plus que cet oreiller maintenant.
Loox	hJF9eozEPNY	loox/oreiller-soya-2-0_p28.html	2025-02-23T00:00:00Z	5	import_minuit_verifie	Nicolas D.	oreiller-soya-2-0	douleurs (cou, dos, epaules)		Parfait pour dormir sur le dos ou le côté, plus de douleurs.
Loox	LbvmeD6MSU2	loox/oreiller-soya-2-0_p29.html	2025-02-23T00:00:00Z	5	import_minuit_verifie	Laura A.	oreiller-soya-2-0	recommande		Tellement satisfaite que je l’ai recommandé à toutes mes amies !
Loox	2k1QvFAI8CG	loox/oreiller-soya-2-0_p29.html	2025-02-23T00:00:00Z	5	import_minuit	Marie.b	oreiller-soya-2-0	confort (positif)		Confort au top, plus de tensions le matin.
Loox	24e1tLXXbP9	loox/oreiller-soya-2-0_p29.html	2025-02-22T00:00:00Z	5	import_minuit_verifie	Benoît X.	oreiller-soya-2-0	recommande		Très bon oreiller, je l’ai même recommandé à mes parents.
Loox	puMO10Hc_b0	loox/oreiller-soya-2-0_p29.html	2025-02-22T00:00:00Z	5	import_minuit	Sophie.m	oreiller-soya-2-0	livraison / delais		Livraison rapide et produit bien emballé.
Loox	rdpd6YKP01H	loox/oreiller-soya-2-0_p29.html	2025-02-21T00:00:00Z	5	import_minuit_verifie	Clothilde I.	oreiller-soya-2-0			Je vais en acheter pour toute la famille.
Loox	nAEtuuoQWoo	loox/oreiller-soya-2-0_p29.html	2025-02-21T00:00:00Z	5	import_minuit	David.f	oreiller-soya-2-0			Mon kiné m’a dit de le garder, ça veut tout dire !
Loox	MAyuMJNGiE2	loox/oreiller-soya-2-0_p29.html	2025-02-20T00:00:00Z	5	import_minuit	Mélanie.d	oreiller-soya-2-0			Aucun regret, je dors mieux que jamais.
Loox	U1tVlRr0keQ	loox/oreiller-soya-2-0_p29.html	2025-02-19T00:00:00Z	5	import_minuit	Léa.b	oreiller-soya-2-0			Je n’utilise plus que cet oreiller maintenant.
Loox	TLhCDC3x-p-	loox/oreiller-soya-2-0_p29.html	2025-02-18T00:00:00Z	5	import_minuit_verifie	Nicolas L.	oreiller-soya-2-0	confort (positif)		Le confort est incroyable, je ne regrette absolument pas cet achat.
Loox	lmRW9FZ7gXN	loox/oreiller-soya-2-0_p29.html	2025-02-18T00:00:00Z	5	import_minuit	Claire.m	oreiller-soya-2-0	douleurs (cou, dos, epaules)		Je me réveille sans douleur, c’est magique.
Loox	O4QtYsZR7Lh	loox/oreiller-soya-2-0_p29.html	2025-02-17T00:00:00Z	5	import_minuit_verifie	Paulette C.	oreiller-soya-2-0			Mon mari ne ronfle presque plus depuis qu’il l’utilise !
Loox	OHfCf5qoh0I	loox/oreiller-soya-2-0_p29.html	2025-02-17T00:00:00Z	5	import_minuit	Sophie.b	oreiller-soya-2-0	confort (positif)		Je suis très content, je dors bien mieux qu’avant.
Loox	XOa7waT8mq	loox/oreiller-soya-2-0_p29.html	2025-02-16T00:00:00Z	5	import_minuit_verifie	Chloé C.	oreiller-soya-2-0	confort (positif);temps d adaptation		Très bon achat, confortable et bien adapté à toutes mes positions de sommeil.
Loox	7lpFKxC5R1J	loox/oreiller-soya-2-0_p29.html	2025-02-15T00:00:00Z	5	import_minuit_verifie	Vincent N.	oreiller-soya-2-0	confort (positif);chaleur / fraicheur		Tiens un peu chaud mais vraiment confort
Loox	VVaztiU0UXM	loox/oreiller-soya-2-0_p29.html	2025-02-13T00:00:00Z	5	import_minuit_verifie	Arthur G.	oreiller-soya-2-0	confort (positif)		Le confort est top, et mon partenaire remarque que je bouge moins la nuit.
Loox	lPbySjona1S	loox/oreiller-soya-2-0_p29.html	2025-02-13T00:00:00Z	5	import_minuit_verifie	Maurice A.	oreiller-soya-2-0	fermete (dur / mou)		Pas trop ferme, pas trop mou, juste ce qu’il faut.
Loox	qpr_W0d0DLe	loox/oreiller-soya-2-0_p29.html	2025-02-12T00:00:00Z	5	import_minuit_verifie	Emma G.	oreiller-soya-2-0	recommande		Première fois que je me sens aussi bien soutenu durant mon sommeil, je recommande !
Loox	TTFsh2l6E73	loox/oreiller-soya-2-0_p29.html	2025-02-12T00:00:00Z	5	import_minuit_verifie	Loïc T.	oreiller-soya-2-0			Depuis que je l'utilise, ma posture s'est nettement améliorée. Je n'ai plus cette sensation d'être tout courbé pendant mon sommeil
Loox	TNhnULSqnmb	loox/oreiller-soya-2-0_p29.html	2025-02-12T00:00:00Z	5	import_minuit	Rayan.t	oreiller-soya-2-0	confort (positif)		Pas déçu, bon produit, même si j’attendais un peu plus de moelleux.
Loox	UPvapdw0q4	loox/oreiller-soya-2-0_p29.html	2025-02-12T00:00:00Z	5	import_minuit_verifie	Julien.t	oreiller-soya-2-0	confort (positif);chaleur / fraicheur;qualite percue		Je transpire beaucoup moins qu’avant, la matière est agréable et reste fraîche.
Loox	oQiDmZ4lL0q	loox/oreiller-soya-2-0_p30.html	2025-02-12T00:00:00Z	5	import_minuit_verifie	Caroline.t	oreiller-soya-2-0			Nuits plus profondes, moins de tensions musculaires. Content de mon achat.
Loox	usl5J7UF2Dd	loox/oreiller-soya-2-0_p30.html	2025-02-12T00:00:00Z	5	import_minuit	Benoît.d	oreiller-soya-2-0	douleurs (cou, dos, epaules)		Bonne tenue de la nuque, je sens la différence dès le réveil.
Loox	WH_pv7KDXEF	loox/oreiller-soya-2-0_p30.html	2025-02-12T00:00:00Z	5	import_minuit	Cédric.h	oreiller-soya-2-0	qualite percue		Je ne pensais pas qu’un oreiller pouvait changer autant la qualité du sommeil.
Loox	7D_U8h42zCR	loox/oreiller-soya-2-0_p30.html	2025-02-12T00:00:00Z	5	import_minuit	Benjamin.f	oreiller-soya-2-0	recommande		Je recommande sans hésiter, produit sérieux.
Loox	J6hGiKcbIJ-	loox/oreiller-soya-2-0_p30.html	2025-02-12T00:00:00Z	5	import_minuit	Alban.d	oreiller-soya-2-0	confort (positif);chaleur / fraicheur		Sensation de fraîcheur agréable, surtout l’été.
Loox	xlb90fdIsS5	loox/oreiller-soya-2-0_p30.html	2025-02-10T00:00:00Z	5	import_minuit_verifie	Arthur B.	oreiller-soya-2-0			Depuis que je l'utilise, ma posture s'est nettement améliorée. Je n'ai plus cette sensation d'être tout courbé pendant mon sommeil
Loox	h0wvWPMz3y9	loox/oreiller-soya-2-0_p30.html	2025-02-10T00:00:00Z	5	import_minuit_verifie	Manon L.	oreiller-soya-2-0	recommande		Ma kiné m'a conseillé de changer d'oreiller. J'ai essayé SOYA et je ne reviendrai jamais en arrière.
Loox	l8_NN3IFxCe	loox/oreiller-soya-2-0_p30.html	2025-02-10T00:00:00Z	5	import_minuit_verifie	Claire M.	oreiller-soya-2-0	confort (positif)		Le confort absolu dès la première utilisation.
Loox	mueyMHqUySz	loox/oreiller-soya-2-0_p30.html	2025-02-10T00:00:00Z	5	import_minuit_verifie	Lucie V.	oreiller-soya-2-0	douleurs (cou, dos, epaules)		Fini les douleurs cervicales, vraiment ravie !
Loox	xY2gTSMbFqL	loox/oreiller-soya-2-0_p30.html	2025-02-10T00:00:00Z	5	import_minuit_verifie	Alix V.	oreiller-soya-2-0			Je l'emmene partout en voyage vraiment attendez vous à ne vous jamais vous en séparer mdr
Loox	wzZ8NBKiraZ	loox/oreiller-soya-2-0_p30.html	2025-02-09T00:00:00Z	5	import_minuit_verifie	Laura S.	oreiller-soya-2-0	qualite percue		La qualité du sommeil est incomparable avec Soya, adopté dès la première nuit.
Loox	7Wtl9dIs3U3	loox/oreiller-soya-2-0_p30.html	2025-02-09T00:00:00Z	5	import_minuit_verifie	Camille C.	oreiller-soya-2-0	confort (positif);recommande		J'ai retrouvé des nuits paisibles grâce à cet oreiller, je recommande sans hésiter.
Loox	QP-jNkTCRmM	loox/oreiller-soya-2-0_p30.html	2025-02-08T00:00:00Z	5	import_minuit_verifie	Gabriel M.	oreiller-soya-2-0	recommande		Mon kiné me l’a recommandé, j'y croyais pas trop au début mais ça marche bien on dirait.
Loox	ulpSQa49_NJ	loox/oreiller-soya-2-0_p30.html	2025-02-07T00:00:00Z	3	import_minuit_verifie	Thomas D.	oreiller-soya-2-0	temps d adaptation;qualite percue		Produit de qualité mais pas totalement adapté à mes besoins.
Loox	MqI2T10fibf	loox/oreiller-soya-2-0_p30.html	2025-02-05T00:00:00Z	5	import_minuit_verifie	Jérôme L.	oreiller-soya-2-0	fermete (dur / mou)		La mousse est ferme et douce à la fois.
Loox	5771qdsIc-T	loox/oreiller-soya-2-0_p30.html	2025-02-03T00:00:00Z	5	import_minuit_verifie	Nicolas F.	oreiller-soya-2-0			Je peux enfin dormir toute la nuit sans interruptions.
Loox	HP9DZ8rvbv8	loox/oreiller-soya-2-0_p30.html	2025-02-02T00:00:00Z	5	import_minuit_verifie	Nicole M.	oreiller-soya-2-0	qualite percue		Très bonne qualité, même après plusieurs mois d’utilisation. La mousse ne s'affaise pas super quali !
Loox	hm4wHNYfzZb	loox/oreiller-soya-2-0_p30.html	2025-02-01T00:00:00Z	5	import_minuit_verifie	Quentin L.	oreiller-soya-2-0	qualite percue		Meilleur que tous les oreillers que j'ai eus avant, super qualité.
Loox	s-YmZ9o-Cga	loox/oreiller-soya-2-0_p30.html	2025-01-31T00:00:00Z	5	import_minuit_verifie	Paul C.	oreiller-soya-2-0	douleurs (cou, dos, epaules)		Excellent soutien cervical, nuits améliorées.
Loox	Yer4St5F4DW	loox/oreiller-soya-2-0_p30.html	2025-01-31T00:00:00Z	5	import_minuit_verifie	Honoré C.	oreiller-soya-2-0	douleurs (cou, dos, epaules)		Je me réveille sans douleurs au cou, tous les jours.
Loox	Bm3Q4gSQ0o	loox/oreiller-soya-2-0_p31.html	2025-01-27T00:00:00Z	5	import_minuit_verifie	Quentin R.	oreiller-soya-2-0	qualite percue		Qualité exceptionnelle, soutien idéal pour toutes les positions.
Loox	FhmwNHUlirA	loox/oreiller-soya-2-0_p31.html	2025-01-24T00:00:00Z	4	import_minuit_verifie	Anaïs N.	oreiller-soya-2-0	douleurs (cou, dos, epaules)		J'ai acheté cet oreiller Soya pour mes douleurs chroniques et franchement je suis impressionné.
Loox	5ryqoGg4zJW	loox/oreiller-soya-2-0_p31.html	2025-01-24T00:00:00Z	5	import_minuit_verifie	Alex P.	oreiller-soya-2-0			Je dors beaucoup mieux, je ne me réveille plus la nuit.
Loox	BbDaFg7zMZC	loox/oreiller-soya-2-0_p31.html	2025-01-23T00:00:00Z	5	import_minuit_verifie	Maxime G.	oreiller-soya-2-0	confort (positif);qualite percue		Bonne qualité, mais j'aurais préféré un peu plus de moelleux.
Loox	e8lYxAi7RRu	loox/oreiller-soya-2-0_p31.html	2025-01-23T00:00:00Z	5	import_minuit_verifie	Marc U.	oreiller-soya-2-0			Il est pas mal, l'avantage c'est qu'il est durable. 😇
Loox	LDb7Sh4w2B0	loox/oreiller-soya-2-0_p31.html	2025-01-22T00:00:00Z	4	import_minuit_verifie	Romain M.	oreiller-soya-2-0	fermete (dur / mou)		Très bon maintien. Un peu ferme au début mais on s'y fait rapidement.
Loox	y8qLzyv21yY	loox/oreiller-soya-2-0_p31.html	2025-01-21T00:00:00Z	5	import_minuit_verifie	Alexandrie A.	oreiller-soya-2-0	confort (positif)		Même après des mois, toujours aussi confortable.
Loox	EUQaGAVEFtj	loox/oreiller-soya-2-0_p31.html	2025-01-17T00:00:00Z	5	import_minuit_verifie	Marine D.	oreiller-soya-2-0	douleurs (cou, dos, epaules)		Fini les migraines du matin depuis que j’utilise Soya, vraiment contente de mon achat.
Loox	urop_zQilS0	loox/oreiller-soya-2-0_p31.html	2025-01-16T00:00:00Z	5	import_minuit_verifie	Amélie P.	oreiller-soya-2-0			Produit correct , mais je n’ai pas ressenti de vraie différence . Expérience moyenne.
Loox	tjmttEP8ruR	loox/oreiller-soya-2-0_p31.html	2025-01-16T00:00:00Z	5	import_minuit_verifie	Loïc.m	oreiller-soya-2-0	confort (positif);livraison / delais		Commande reçue rapidement, oreiller bien protégé. Le confort se ressent surtout après quelques jours d’utilisation.
Loox	eDRob_1Ggmd	loox/oreiller-soya-2-0_p31.html	2025-01-16T00:00:00Z	5	import_minuit	Oksana.l	oreiller-soya-2-0	douleurs (cou, dos, epaules)		Une vraie surprise ! J’ai enfin retrouvé des nuits sans douleur.
Loox	Hf_dLiZAfE	loox/oreiller-soya-2-0_p31.html	2025-01-16T00:00:00Z	5	import_minuit_verifie	Camille.b	oreiller-soya-2-0	recommande		Ma femme l’a essayé et veut le même. On va sûrement en recommander un deuxième.
Loox	8AU2W6bNQ-T	loox/oreiller-soya-2-0_p31.html	2025-01-16T00:00:00Z	5	import_minuit_verifie	Théo.p	oreiller-soya-2-0			Ça ne fait pas de miracle, mais je dors clairement mieux qu’avec mes anciens oreillers.
Loox	IAupCitlD11	loox/oreiller-soya-2-0_p31.html	2025-01-16T00:00:00Z	5	import_minuit	Charlotte.g	oreiller-soya-2-0	livraison / delais;qualite percue		Colis arrivé en parfait état. Le produit respire la qualité.
Loox	6HIzv3UJt1Z	loox/oreiller-soya-2-0_p31.html	2025-01-16T00:00:00Z	5	import_minuit	Audrey.v	oreiller-soya-2-0	livraison / delais		Colis arrivé plus tôt que prévu, très satisfait.
Loox	bQK6apdMT0s	loox/oreiller-soya-2-0_p31.html	2025-01-16T00:00:00Z	5	import_minuit	Amélie.r	oreiller-soya-2-0			Pas miraculeux, mais clairement mieux qu’un oreiller classique.
Loox	7quhqOZgYwl	loox/oreiller-soya-2-0_p31.html	2025-01-16T00:00:00Z	5	import_minuit	Nolwenn.j	oreiller-soya-2-0	qualite percue;prix / valeur		Le prix est un peu élevé mais on voit la différence de qualité.
Loox	PEM8n4ELTBV	loox/oreiller-soya-2-0_p31.html	2025-01-13T00:00:00Z	5	import_minuit_verifie	Roland J.	oreiller-soya-2-0	douleurs (cou, dos, epaules)		Réduit clairement mes tensions dans la nuque.
Loox	VXF4J1HdZCL	loox/oreiller-soya-2-0_p31.html	2025-01-11T00:00:00Z	5	import_minuit_verifie	Florian B.	oreiller-soya-2-0	douleurs (cou, dos, epaules)		Idéal pour corriger la posture, plus de douleur au réveil.
Loox	F8rQgjzFlmO	loox/oreiller-soya-2-0_p31.html	2025-01-11T00:00:00Z	5	import_minuit_verifie	Josette V.	oreiller-soya-2-0			Je l’emmène partout en voyage, même à l’hôtel.
Loox	8NOsvWjv79Z	loox/oreiller-soya-2-0_p32.html	2025-01-10T00:00:00Z	5	import_minuit_verifie	Michelle A.	oreiller-soya-2-0			Mon mari n’arrivait pas à y croire, mais même lui dort mieux maintenant.
Loox	rCwFBn_2v99	loox/oreiller-soya-2-0_p32.html	2025-01-10T00:00:00Z	5	import_minuit_verifie	Laurent L.	oreiller-soya-2-0			Je me réveille avec une sensation de légèreté. C’est rare.
Loox	U-eGn8X3InE	loox/oreiller-soya-2-0_p32.html	2025-01-10T00:00:00Z	5	import_minuit_verifie	Lucy L.	oreiller-soya-2-0	douleurs (cou, dos, epaules)		Merci à l’équipe pour cet oreiller magique. Mon dos vous dit merci.
Loox	gGQd_sAAYzn	loox/oreiller-soya-2-0_p32.html	2025-01-09T00:00:00Z	5	import_minuit_verifie	Manon M.	oreiller-soya-2-0	taille / dimensions / taie		Excellent oreiller, juste dommage qu'il ne rentre pas dans toutes les taies classiques.
Loox	UhAOwhh2ZbN	loox/oreiller-soya-2-0_p32.html	2025-01-09T00:00:00Z	5	import_minuit_verifie	Thomas C.	oreiller-soya-2-0			J’ai enfin un vrai repos chaque nuit, merci SOYA.
Loox	rsqqrPpt_VU	loox/oreiller-soya-2-0_p32.html	2025-01-08T00:00:00Z	5	import_minuit_verifie	Hugo L.	oreiller-soya-2-0			Mon partenaire ne se plaint plus de mes ronflements, super achat.
Loox	lS7n3kY272v	loox/oreiller-soya-2-0_p32.html	2025-01-05T00:00:00Z	4	import_minuit_verifie	Sarah D.	oreiller-soya-2-0	qualite percue		Super qualité, vraiment différent des autres oreillers ergonomiques testés auparavant.
Loox	DCZMVZ22IvW	loox/oreiller-soya-2-0_p32.html	2025-01-01T00:00:00Z	5	import_minuit_verifie	Léa M.	oreiller-soya-2-0			Très satisfait, efficace dès la première nuit.
Loox	dtGA9LQA7oj	loox/oreiller-soya-2-0_p32.html	2025-01-01T00:00:00Z	3	import_minuit_verifie	Sarah P.	oreiller-soya-2-0			Bonne découverte. Je ne regrette pas mon achat.
Loox	uV8VOu93M-H	loox/oreiller-soya-2-0_p32.html	2024-12-31T00:00:00Z	5	import_minuit_verifie	Nicolas T.	oreiller-soya-2-0			Fini les nuits compliquées, merci à l'équipe Soya pour ce produit au top.
Loox	UgKPDmb7X0u	loox/oreiller-soya-2-0_p32.html	2024-12-31T00:00:00Z	5	import_minuit_verifie	Monique D.	oreiller-soya-2-0			On sent la différence dès la première nuit.
Loox	f0mmML6gJJ4	loox/oreiller-soya-2-0_p32.html	2024-12-29T00:00:00Z	5	import_minuit_verifie	Émilie B.	oreiller-soya-2-0	confort (positif);recommande		Confort optimal, je recommande sans hésitation.
Loox	HYql0oBRALl	loox/oreiller-soya-2-0_p32.html	2024-12-29T00:00:00Z	5	import_minuit_verifie	Romain P.	oreiller-soya-2-0			Très bon oreiller.
Loox	HEqYp5pHogv	loox/oreiller-soya-2-0_p32.html	2024-12-28T00:00:00Z	5	import_minuit_verifie	Anouk A.	oreiller-soya-2-0	temps d adaptation		Très bon maintien. J'ai enfin trouvé un oreiller adapté à ma morphologie.
Loox	UloPdskqbVw	loox/oreiller-soya-2-0_p32.html	2024-12-26T00:00:00Z	5	import_minuit_verifie	Camille D.	oreiller-soya-2-0	douleurs (cou, dos, epaules)		Moins de migraines au réveil.
Loox	P5sGHWnmjW8	loox/oreiller-soya-2-0_p32.html	2024-12-26T00:00:00Z	5	import_minuit_verifie	Suzanne D.	oreiller-soya-2-0			C’est simple : j’en ai un dans chaque chambre.
Loox	UHeVnN57TgO	loox/oreiller-soya-2-0_p32.html	2024-12-26T00:00:00Z	5	import_minuit_verifie	Alexandrie M.	oreiller-soya-2-0			J’en ai pris un pour moi, maintenant toute la famille en veut un.
Loox	XAx8wF9BOx9	loox/oreiller-soya-2-0_p32.html	2024-12-25T00:00:00Z	5	import_minuit_verifie	Vincent A.	oreiller-soya-2-0	qualite percue		Honnêtement, je pensais que c'était encore un vieux produit vu sur Insta. Mais c'est un vrai produit de qualité.
Loox	5HksVQwKp	loox/oreiller-soya-2-0_p32.html	2024-12-24T00:00:00Z	5	import_minuit_verifie	Baptiste G.	oreiller-soya-2-0	douleurs (cou, dos, epaules)		Un soulagement immédiat pour les épaules et les cervicales.
Loox	XPW8P3kkUI	loox/oreiller-soya-2-0_p32.html	2024-12-22T00:00:00Z	5	import_minuit_verifie	Baptiste B.	oreiller-soya-2-0	temps d adaptation		Après adaptation, c’est devenu indispensable à mon sommeil.
Loox	MEw1LlbrxAN	loox/oreiller-soya-2-0_p33.html	2024-12-22T00:00:00Z	5	import_minuit_verifie	Antoine B.	oreiller-soya-2-0			Parfait pour moi qui voyage beaucoup. Je le prends partout maintenant, même mieux que dans certains hôtels !
Loox	-JkqXvE_zhP	loox/oreiller-soya-2-0_p33.html	2024-12-21T00:00:00Z	5	import_minuit_verifie	Claire R.	oreiller-soya-2-0	confort (positif);recommande		J'ai retrouvé des nuits paisibles grâce à cet oreiller, je recommande sans hésiter.
Loox	rB8QzTZSuvU	loox/oreiller-soya-2-0_p33.html	2024-12-20T00:00:00Z	5	import_minuit_verifie	Nicolas O.	oreiller-soya-2-0	temps d adaptation		Je dors sur le ventre et j'ai toujours eu du mal à trouver un oreiller adapté. Celui-ci est le premier qui me soulage vraiment.
Loox	De-1jY_5R3n	loox/oreiller-soya-2-0_p33.html	2024-12-20T00:00:00Z	5	import_minuit_verifie	Quentin L.	oreiller-soya-2-0	qualite percue		Un indispensable pour mes nuits, super qualité.
Loox	MlUwAs3MDem	loox/oreiller-soya-2-0_p33.html	2024-12-18T00:00:00Z	5	import_minuit_verifie	Paul H.	oreiller-soya-2-0	confort (positif)		Idéal pour bien dormir et récupérer totalement la nuit.
Loox	VReOw-aOlTU	loox/oreiller-soya-2-0_p33.html	2024-12-18T00:00:00Z	5	import_minuit_verifie	Thomas B.	oreiller-soya-2-0			Dès la première nuit j’ai senti une vraie différence.
Loox	9O-pUrAeBzh	loox/oreiller-soya-2-0_p33.html	2024-12-18T00:00:00Z	5	import_minuit_verifie	Claudine N.	oreiller-soya-2-0	qualite percue;prix / valeur		Aucun regret. Rapport qualité-prix top.
Loox	PwkfwFRW0l0	loox/oreiller-soya-2-0_p33.html	2024-12-17T00:00:00Z	5	import_minuit_verifie	Quentin R.	oreiller-soya-2-0	douleurs (cou, dos, epaules)		Soutien exceptionnel pour les cervicales, très bon achat.
Loox	4A9OmtALTQ4	loox/oreiller-soya-2-0_p33.html	2024-12-17T00:00:00Z	5	import_minuit_verifie	Émilie D.	oreiller-soya-2-0	livraison / delais;qualite percue		Livraison rapide, belle qualité. Je sens la différence chaque matin.
Loox	qt5hkkrkw4n	loox/oreiller-soya-2-0_p33.html	2024-12-16T00:00:00Z	5	import_minuit_verifie	Stéphane M.	oreiller-soya-2-0			Je dors sur le ventre, et il me convient parfaitement.
Loox	fMfp38TIjJs	loox/oreiller-soya-2-0_p33.html	2024-12-15T00:00:00Z	5	import_minuit_verifie	Thomas G.	oreiller-soya-2-0			Fini les nuits agitées, c'est exactement ce dont j'avais besoin.
Loox	Pprc1v2Df_P	loox/oreiller-soya-2-0_p33.html	2024-12-13T00:00:00Z	5	import_minuit_verifie	Quentin R.	oreiller-soya-2-0	livraison / delais;qualite percue		Livraison rapide, qualité au rendez-vous, très contente de cet achat.
Loox	a_7GrnBRvF	loox/oreiller-soya-2-0_p33.html	2024-12-10T00:00:00Z	5	import_minuit_verifie	Léa J.	oreiller-soya-2-0	temps d adaptation;livraison / delais		On l'a acheté avec mon mari, j'ai remarqué un changement net, vrai miracle...mon mari n'arrive pas à s'y habituer haha.
Loox	LsnmrKM8iUr	loox/oreiller-soya-2-0_p33.html	2024-12-09T00:00:00Z	5	import_minuit_verifie	Mathieu U.	oreiller-soya-2-0			Oreiller très doux mais avec un super maintien. Bravo pour cette innovation, merci soya
Loox	OjJvKHabH_3	loox/oreiller-soya-2-0_p33.html	2024-12-07T00:00:00Z	5	import_minuit_verifie	Florian M.	oreiller-soya-2-0	temps d adaptation		Un peu difficile à m'adapter les premières nuits, mais maintenant je l'adore.
Loox	i1rZL6CKnFG	loox/oreiller-soya-2-0_p33.html	2024-12-06T00:00:00Z	5	import_minuit_verifie	Maxime L.	oreiller-soya-2-0	recommande		Mon kiné m'avait conseillé Soya, je comprends mieux pourquoi maintenant.
Loox	qM4RB3KYvmS	loox/oreiller-soya-2-0_p33.html	2024-12-06T00:00:00Z	5	import_minuit_verifie	Maryse H.	oreiller-soya-2-0			C’est mon deuxième achat, et c’est toujours aussi incroyable.
Loox	GBHjnd4px8w	loox/oreiller-soya-2-0_p33.html	2024-12-04T00:00:00Z	5	import_minuit_verifie	Florian G.	oreiller-soya-2-0			Très bon investissement, je sens vraiment une différence chaque matin.
Loox	fIPQHrorYjB	loox/oreiller-soya-2-0_p33.html	2024-12-03T00:00:00Z	5	import_minuit_verifie	Antoine É.	oreiller-soya-2-0	temps d adaptation		J’étais habitué aux oreillers d’hôtel, celui-ci est mille fois mieux.
Loox	lGiKzbMZlAp	loox/oreiller-soya-2-0_p33.html	2024-12-03T00:00:00Z	5	import_minuit_verifie	Patrick D.	oreiller-soya-2-0			Fini les nuits compliquées, merci à l'équipe Soya pour ce produit au top.
Loox	uXxu2yPNZ-o	loox/oreiller-soya-2-0_p34.html	2024-11-27T00:00:00Z	5	import_minuit_verifie	Antoine F.	oreiller-soya-2-0	douleurs (cou, dos, epaules)		Excellent soutien pour la nuque, je dors beaucoup mieux.
Loox	pnMSdBrm7hc	loox/oreiller-soya-2-0_p34.html	2024-11-26T00:00:00Z	5	import_minuit_verifie	Sophie D.	oreiller-soya-2-0	douleurs (cou, dos, epaules)		L'oreiller SOYA me soulage vraiment la nuque, je ne pourrais plus m'en passer !
Loox	RnUC6Hiky6S	loox/oreiller-soya-2-0_p34.html	2024-11-25T00:00:00Z	5	import_minuit_verifie	Marine A.	oreiller-soya-2-0			J'étais sceptique mais après quelques nuits, je suis totalement convaincue par Soya.
Loox	GzCPIch7fdW	loox/oreiller-soya-2-0_p34.html	2024-11-25T00:00:00Z	5	import_minuit_verifie	Justine B.	oreiller-soya-2-0	confort (positif);douleurs (cou, dos, epaules);temps d adaptation		Pas évident au début car j'avais l'habitude des oreillers très moelleux, mais là je sens que c'est meilleur pour mon dos.
Loox	CSTLTiGojfI	loox/oreiller-soya-2-0_p34.html	2024-11-24T00:00:00Z	4	import_minuit_verifie	Arthur R.	oreiller-soya-2-0	confort (positif)		Très agréable, je sens une vraie différence sur mon repos au quotidien.
Loox	8peere9zJuS	loox/oreiller-soya-2-0_p34.html	2024-11-24T00:00:00Z	5	import_minuit_verifie	Baptiste O.	oreiller-soya-2-0	confort (positif);fermete (dur / mou)		Très doux, bon équilibre entre fermeté et confort.
Loox	kFawXIHQkWZ	loox/oreiller-soya-2-0_p34.html	2024-11-20T00:00:00Z	5	import_minuit_verifie	Léa R.	oreiller-soya-2-0			Super produit, exactement ce que j’attendais.
Loox	maKhPsWhBTw	loox/oreiller-soya-2-0_p34.html	2024-11-20T00:00:00Z	5	import_minuit_verifie	Olivier D.	oreiller-soya-2-0			C’est simple : j’en ai un dans chaque chambre.
Loox	WOl5W78AojK	loox/oreiller-soya-2-0_p34.html	2024-11-20T00:00:00Z	5	import_minuit_verifie	Claire T.	oreiller-soya-2-0	recommande		Très satisfaite de mon achat. J'ai conseiller l'oreiller à mes amies.
Loox	bbwRMdPgGp4	loox/oreiller-soya-2-0_p34.html	2024-11-20T00:00:00Z	5	import_minuit_verifie	Alexandre.d	oreiller-soya-2-0	confort (positif);livraison / delais;conformite a l annonce		Commande reçue en quelques jours, produit conforme à la description.  Très bon confort dès la première nuit. Toutes arrivées en bon état et dans les délais prévus. / En plus que du bonheur et du confort. / Merci à tous.
Loox	LlDbDNGobiZ	loox/oreiller-soya-2-0_p34.html	2024-11-20T00:00:00Z	5	import_minuit_verifie	Julien.c	oreiller-soya-2-0	douleurs (cou, dos, epaules);temps d adaptation		Parfaitement adapté à mes besoins ,, plus aucune tension dans la nuque.
Loox	-1jMRLgAmQv	loox/oreiller-soya-2-0_p34.html	2024-11-20T00:00:00Z	5	import_minuit_verifie	Damien.r	oreiller-soya-2-0	temps d adaptation		Ma conjointe et moi avons chacun le nôtre. Elle adore, pour moi il me faut encore un temps d’adaptation.
Loox	p0OjvtJNIJP	loox/oreiller-soya-2-0_p34.html	2024-11-20T00:00:00Z	5	import_minuit_verifie	Audrey.n	oreiller-soya-2-0			Utilisé depuis 3 semaines, je dors mieux et je n’ai plus mal aux trapèzes.
Loox	aQC_Je8wZAM	loox/oreiller-soya-2-0_p34.html	2024-11-20T00:00:00Z	5	import_minuit	Omar.k	oreiller-soya-2-0	qualite percue		Super qualité ! L’oreiller reste bien en place et épouse vraiment les formes du cou.
Loox	7PomZvsrOne	loox/oreiller-soya-2-0_p34.html	2024-11-20T00:00:00Z	5	import_minuit	Nadiya.k	oreiller-soya-2-0	douleurs (cou, dos, epaules)		Très bon maintien cervical, je dors sur le côté et c’est parfait.
Loox	04CYT7LxTTU	loox/oreiller-soya-2-0_p34.html	2024-11-20T00:00:00Z	5	import_minuit	Théo.w	oreiller-soya-2-0	qualite percue;prix / valeur		Bon rapport qualité/prix, produit sérieux.
Loox	1kAP4sxERF	loox/oreiller-soya-2-0_p34.html	2024-11-20T00:00:00Z	5	import_minuit_verifie	David.c	oreiller-soya-2-0	livraison / delais		Livraison nickel, produit bien emballé. Première impression positive, à voir sur le long terme.
Loox	CGyL0TFBlSZ	loox/oreiller-soya-2-0_p34.html	2024-11-17T00:00:00Z	5	import_minuit_verifie	Claude P.	oreiller-soya-2-0			Ma fille l’a essayé, elle en veut un aussi maintenant !
Loox	_YpU9z6P38N	loox/oreiller-soya-2-0_p34.html	2024-11-16T00:00:00Z	5	import_minuit_verifie	Julien I.	oreiller-soya-2-0			Super produit.
Loox	yDgBFYPQxsa	loox/oreiller-soya-2-0_p34.html	2024-11-14T00:00:00Z	5	import_minuit_verifie	Thomas P.	oreiller-soya-2-0			Convient parfaitement même si on bouge beaucoup pendant la nuit.
Loox	hnK0wja-efw	loox/oreiller-soya-2-0_p35.html	2024-11-14T00:00:00Z	5	import_minuit_verifie	Léa R.	oreiller-soya-2-0	temps d adaptation		Après quelques nuits d'adaptation, je ne peux plus m'en passer. Merci SOYA !
Loox	CLnIJbHIt7w	loox/oreiller-soya-2-0_p35.html	2024-11-12T00:00:00Z	5	import_minuit_verifie	Louis G.	oreiller-soya-2-0	douleurs (cou, dos, epaules)		Plus jamais de torticolis, oreiller sauveur.
Loox	3H1xZE82_yq	loox/oreiller-soya-2-0_p35.html	2024-11-11T00:00:00Z	5	import_minuit_verifie	Émilie W.	oreiller-soya-2-0	douleurs (cou, dos, epaules)		J'étais souvent réveillé par des douleurs cervicales, maintenant c’est de l’histoire ancienne.
Loox	vmH4DfOHaDf	loox/oreiller-soya-2-0_p35.html	2024-11-10T00:00:00Z	5	import_minuit_verifie	Arthur M.	oreiller-soya-2-0	confort (positif);douleurs (cou, dos, epaules)		Confort incroyable, il m'aide énormément pour mes douleurs cervicales.
Loox	UtN_Gv8GyfI	loox/oreiller-soya-2-0_p35.html	2024-11-09T00:00:00Z	3	import_minuit_verifie	Sophie G.	oreiller-soya-2-0	douleurs (cou, dos, epaules)		Un peu sceptique au départ, mais après une semaine, impossible de revenir à un autre oreiller ! Ma nuque me dit merci chaque matin.
Loox	hbvjgujwD8H	loox/oreiller-soya-2-0_p35.html	2024-11-07T00:00:00Z	5	import_minuit_verifie	Vincent G.	oreiller-soya-2-0	temps d adaptation		Facile à adapter, mes nuits sont bien meilleures.
Loox	GCZTy2hwCZI	loox/oreiller-soya-2-0_p35.html	2024-11-07T00:00:00Z	5	import_minuit_verifie	Lucas P.	oreiller-soya-2-0	fermete (dur / mou)		La mousse est ferme et douce à la fois.
Loox	kubEY_Uezy_	loox/oreiller-soya-2-0_p35.html	2024-11-06T00:00:00Z	5	import_minuit_verifie	Arthur B.	oreiller-soya-2-0	douleurs (cou, dos, epaules)		Très bien pour mon dos et mes cervicales, je dors beaucoup mieux.
Loox	vuD7XTCRDL5	loox/oreiller-soya-2-0_p35.html	2024-11-06T00:00:00Z	5	import_minuit_verifie	Josette L.	oreiller-soya-2-0	douleurs (cou, dos, epaules)		Après des années de douleurs matinales, je revis. Merci.
Loox	S5QJwItIXvh	loox/oreiller-soya-2-0_p35.html	2024-11-05T00:00:00Z	5	import_minuit_verifie	Chloé G.	oreiller-soya-2-0			Une excellente découverte pour mon sommeil.
Loox	wpBogU62PdP	loox/oreiller-soya-2-0_p35.html	2024-11-05T00:00:00Z	4	import_minuit_verifie	Baptiste G.	oreiller-soya-2-0			Je ne croyais pas trop aux avis mais franchement, meilleur investissement de l'année.
Loox	i-aHLVACHde	loox/oreiller-soya-2-0_p35.html	2024-11-02T00:00:00Z	5	import_minuit_verifie	Gabrielle R.	oreiller-soya-2-0	douleurs (cou, dos, epaules)		Réduit clairement mes tensions dans la nuque.
Loox	U2eekf2gGu3	loox/oreiller-soya-2-0_p35.html	2024-10-30T00:00:00Z	5	import_minuit_verifie	Manon R.	oreiller-soya-2-0	douleurs (cou, dos, epaules)		Après quelques jours, les douleurs ont disparu, c'est incroyable.
Loox	KuvoEPoyBkv	loox/oreiller-soya-2-0_p35.html	2024-10-24T00:00:00Z	5	import_minuit_verifie	Camille D.	oreiller-soya-2-0			Après 3 mois d'utilisation, toujours très satisfaite.
Loox	rL4UJ0ZHMRg	loox/oreiller-soya-2-0_p35.html	2024-10-23T00:00:00Z	5	import_minuit_verifie	Michèle V.	oreiller-soya-2-0			Il tient parfaitement dans ma valise cabine.
Loox	rk-wpFXy4o7	loox/oreiller-soya-2-0_p35.html	2024-10-22T00:00:00Z	3	import_minuit_verifie	Claire F.	oreiller-soya-2-0	douleurs (cou, dos, epaules)		Oreiller génial, mes cervicales ne souffrent plus du tout.
Loox	BwyCPJ-mL76	loox/oreiller-soya-2-0_p35.html	2024-10-22T00:00:00Z	5	import_minuit_verifie	Raymond G.	oreiller-soya-2-0	douleurs (cou, dos, epaules)		Mon sommeil est plus profond et mes migraines ont diminué.
Loox	Ngsdpf-W7y	loox/oreiller-soya-2-0_p35.html	2024-10-21T00:00:00Z	5	import_minuit_verifie	Léa V.	oreiller-soya-2-0	douleurs (cou, dos, epaules)		Une vraie révélation pour mes douleurs cervicales.
Loox	4FYkbgwBSuf	loox/oreiller-soya-2-0_p35.html	2024-10-21T00:00:00Z	5	import_minuit_verifie	Sophie G.	oreiller-soya-2-0	recommande		Mon kiné me l'a conseillé, ça fait largement le taff !! Mais du coup je passe plus trop faire des séances chez elle hahah
Loox	qO2ps4Mctlj	loox/oreiller-soya-2-0_p35.html	2024-10-21T00:00:00Z	5	import_minuit_verifie	Claire.f	oreiller-soya-2-0	confort (positif);qualite percue;prix / valeur		Excellent rapport qualité/prix, on sent que c’est pensé pour la santé et pas juste le confort.
Loox	C-_reo6BRRL	loox/oreiller-soya-2-0_p36.html	2024-10-21T00:00:00Z	5	import_minuit	Noor.m	oreiller-soya-2-0			Très bon soutien, je sens que ma posture s’améliore même en journée.
Loox	fqFEgyIVX1	loox/oreiller-soya-2-0_p36.html	2024-10-21T00:00:00Z	5	import_minuit_verifie	Sophie.m	oreiller-soya-2-0	confort (positif);qualite percue;prix / valeur		Qualité au rendez-vous, rien à redire. Le prix est justifié au vu du confort apporté.
Loox	a1HxNeFo18G	loox/oreiller-soya-2-0_p36.html	2024-10-21T00:00:00Z	5	import_minuit_verifie	Hugo.b	oreiller-soya-2-0	conformite a l annonce;recommande		Produit conforme, pas de mauvaises surprises. Je recommande.
Loox	IUR0GIpN6go	loox/oreiller-soya-2-0_p36.html	2024-10-21T00:00:00Z	5	import_minuit	Florence.a	oreiller-soya-2-0	livraison / delais;conformite a l annonce		Livraison sérieuse et produit conforme. Très bonne première impression.
Loox	FqFMzZRHPYh	loox/oreiller-soya-2-0_p36.html	2024-10-21T00:00:00Z	5	import_minuit	Laetitia.z	oreiller-soya-2-0	confort (positif);qualite percue		Le tissu est doux et agréable, ça ajoute au confort.
Loox	SJJ_HHTj1eb	loox/oreiller-soya-2-0_p36.html	2024-10-21T00:00:00Z	5	import_minuit	Loïse.t	oreiller-soya-2-0			Je dors plus sur le côté et c’est parfait pour cette position.
Loox	nzlPUF61K3m	loox/oreiller-soya-2-0_p36.html	2024-10-21T00:00:00Z	5	import_minuit	Inès.b	oreiller-soya-2-0	service client;suivi de colis		Bonne réactivité du service client, commande bien suivie.
Loox	mYU_D3h7ZBy	loox/oreiller-soya-2-0_p36.html	2024-10-20T00:00:00Z	5	import_minuit_verifie	Jade N.	oreiller-soya-2-0			J'étais sceptique mais après quelques nuits, je suis totalement convaincue par Soya.
Loox	C-qUAAJmiMT	loox/oreiller-soya-2-0_p36.html	2024-10-19T00:00:00Z	3	import_minuit_verifie	Léa M.	oreiller-soya-2-0	confort (positif);prix / valeur		Pratique, confortable et efficace, tout ce que je cherchais.
Loox	CuftokVereA	loox/oreiller-soya-2-0_p36.html	2024-10-19T00:00:00Z	5	import_minuit_verifie	Mathilde A.	oreiller-soya-2-0	livraison / delais		Livraison rapide et produit efficace, très contente.
Loox	nDWqhqiLc8y	loox/oreiller-soya-2-0_p36.html	2024-10-18T00:00:00Z	5	import_minuit_verifie	Camille F.	oreiller-soya-2-0	confort (positif)		Incroyablement confortable, je ne peux plus dormir sans.
Loox	dzq6AGO1IoL	loox/oreiller-soya-2-0_p36.html	2024-10-18T00:00:00Z	5	import_minuit_verifie	Léa F.	oreiller-soya-2-0	confort (positif)		Confortable et agréable, bien mieux que ce que j'ai pu tester avant.
Loox	ZwjVvUEfDVW	loox/oreiller-soya-2-0_p36.html	2024-10-16T00:00:00Z	5	import_minuit_verifie	Matthieu R.	oreiller-soya-2-0	housse		La housse est douce, on sent que c’est un produit travaillé.
Loox	15MHA90z9nP	loox/oreiller-soya-2-0_p36.html	2024-10-13T00:00:00Z	5	import_minuit_verifie	Caroline N.	oreiller-soya-2-0			C’est un vrai investissement pour la santé.
Loox	gd9BV2XOj3a	loox/oreiller-soya-2-0_p36.html	2024-10-13T00:00:00Z	5	import_minuit_verifie	Jean N.	oreiller-soya-2-0	douleurs (cou, dos, epaules)		Plus Aucun point de pression. Mes douleurs de nuque ont disparu.
Loox	T30Uj9FZRCN	loox/oreiller-soya-2-0_p36.html	2024-10-11T00:00:00Z	5	import_minuit_verifie	Paul V.	oreiller-soya-2-0			Bon oreiller, surtout pour dormir sur le côté.
Loox	uZOGjlT93G7	loox/oreiller-soya-2-0_p36.html	2024-10-10T00:00:00Z	5	import_minuit_verifie	Hélène C.	oreiller-soya-2-0	douleurs (cou, dos, epaules)		Depuis que je l'utilise, je me réveille sans aucune douleur cervicale. Un vrai changement.
Loox	hrD2iOVOtFc	loox/oreiller-soya-2-0_p36.html	2024-10-09T00:00:00Z	5	import_minuit_verifie	Paul W.	oreiller-soya-2-0			L'oreiller Soya est devenu indispensable à mes nuits, fini les réveils difficiles !
Loox	kFM7--sGQEG	loox/oreiller-soya-2-0_p36.html	2024-10-09T00:00:00Z	5	import_minuit_verifie	David A.	oreiller-soya-2-0			J’ai acheté le pack famille, tout le monde l’adore à la maison.
Loox	EBuMYlEews4	loox/oreiller-soya-2-0_p36.html	2024-10-06T00:00:00Z	4	import_minuit_verifie	Léa C.	oreiller-soya-2-0	douleurs (cou, dos, epaules)		Un vrai soulagement pour mes douleurs cervicales.
Loox	HvhO3ST_4x	loox/oreiller-soya-2-0_p37.html	2024-10-04T00:00:00Z	4	import_minuit_verifie	Céline D.	oreiller-soya-2-0	confort (positif);temps d adaptation		Oreiller très confortable, juste un petit temps d'adaptation nécessaire.
Loox	vif_vyqT8-u	loox/oreiller-soya-2-0_p37.html	2024-10-04T00:00:00Z	3	import_minuit_verifie	Sabine B.	oreiller-soya-2-0	recommande		Ma kiné m’avait conseillé cet oreiller. Aucun regret.
Loox	0U30B7So-Je	loox/oreiller-soya-2-0_p37.html	2024-10-04T00:00:00Z	5	import_minuit_verifie	Frédérique F.	oreiller-soya-2-0	douleurs (cou, dos, epaules)		Je me réveille sans douleurs au cou, tous les jours.  Franchement merci je pensais pas que c'était un simple changement d'oreiller qui pouvait faire ça
Loox	35ZetnmD55l	loox/oreiller-soya-2-0_p37.html	2024-10-04T00:00:00Z	5	import_minuit_verifie	Laura J.	oreiller-soya-2-0			C’est devenu mon oreiller de tous les jours. Même en déplacement je l’emmène !
Loox	A-gvpI_o-0Q	loox/oreiller-soya-2-0_p37.html	2024-10-04T00:00:00Z	5	import_minuit_verifie	Thierry A.	oreiller-soya-2-0			C’est devenu mon oreiller principal, je ne peux plus dormir sans.
Loox	_UHfBeGqfOt	loox/oreiller-soya-2-0_p37.html	2024-10-03T00:00:00Z	5	import_minuit_verifie	Lucie V.	oreiller-soya-2-0	prix / valeur		Vraiment satisfaite, le SOYA vaut largement son prix.
Loox	eGsFl1V5EAq	loox/oreiller-soya-2-0_p37.html	2024-10-03T00:00:00Z	5	import_minuit_verifie	Florian B.	oreiller-soya-2-0			Un peu sceptique au début vu la forme bizarre, j'ai changé d'avis dès la première nuit.
Loox	1kVWAW93iig	loox/oreiller-soya-2-0_p37.html	2024-10-02T00:00:00Z	5	import_minuit_verifie	Sophie W.	oreiller-soya-2-0			C’est simple, je dors comme un bébé depuis.
Loox	52BRfYnbkyR	loox/oreiller-soya-2-0_p37.html	2024-10-01T00:00:00Z	5	import_minuit_verifie	Tristan C.	oreiller-soya-2-0	non recu / commande incomplete		Je l’emmène partout, même en voyage. Il me manque sinon.
Loox	IMpzCC4YaCS	loox/oreiller-soya-2-0_p37.html	2024-09-30T00:00:00Z	5	import_minuit_verifie	Nina R.	oreiller-soya-2-0	qualite percue		Mon sommeil est redevenu de qualité grâce à SOYA.
Loox	nzbfQaYvx-n	loox/oreiller-soya-2-0_p37.html	2024-09-27T00:00:00Z	5	import_minuit_verifie	Antoine B.	oreiller-soya-2-0	livraison / delais		L'oreiller est super mais la livraison a été un peu longue. Cela dit, ça valait le coup.
Loox	wev4hizxnY6	loox/oreiller-soya-2-0_p37.html	2024-09-27T00:00:00Z	5	import_minuit_verifie	Céline H.	oreiller-soya-2-0	douleurs (cou, dos, epaules);temps d adaptation;recommande		Coussin vraiment adapté pour un sommeil réparateur,  souffrant des cervicales ce coussin soulage et épouse les formes du coup!!  Je recommande
Loox	mfFnSzCz7dY	loox/oreiller-soya-2-0_p37.html	2024-09-27T00:00:00Z	5	import_minuit_verifie	Sabrina.m	oreiller-soya-2-0			Pas de miracle dès la première nuit, mais au bout d’une semaine, je dors beaucoup mieux.
Loox	txw10rD6O92	loox/oreiller-soya-2-0_p37.html	2024-09-27T00:00:00Z	5	import_minuit_verifie	Caroline.f	oreiller-soya-2-0			Mon kiné m’avait parlé d’oreillers ergonomiques, celui-ci est parfait.
Loox	0e7WaT62apH	loox/oreiller-soya-2-0_p37.html	2024-09-27T00:00:00Z	5	import_minuit	Sofia.r	oreiller-soya-2-0	douleurs (cou, dos, epaules);livraison / delais		J’ai reçu l’oreiller rapidement et je suis bluffée !  Après des années à me réveiller avec des douleurs à la nuque, je sens enfin une vraie différence.
Loox	LKENkIWBMbY	loox/oreiller-soya-2-0_p37.html	2024-09-27T00:00:00Z	5	import_minuit	Diego.r	oreiller-soya-2-0	confort (positif);housse;recommande		Produit fidèle à la description, housse agréable. Je recommande.
Loox	dgGl4l-UhG_	loox/oreiller-soya-2-0_p37.html	2024-09-27T00:00:00Z	5	import_minuit	Marco.f	oreiller-soya-2-0	temps d adaptation		Un peu difficile d’adaptation au début, mais maintenant je ne peux plus m’en passer.
Loox	m_UPZm-4SUF	loox/oreiller-soya-2-0_p37.html	2024-09-27T00:00:00Z	5	import_minuit	Marta.z	oreiller-soya-2-0			Je ne vois pas une énorme différence pour l’instant, mais je continue à tester.
Loox	CNME6RCRXMsD	loox/oreiller-soya-2-0_p37.html	2024-09-27T00:00:00Z	5	import_minuit_verifie	Laura.p	oreiller-soya-2-0	service client		Service client très réactif, j’ai eu une réponse à ma question dans la journée. Ça rassure.
Loox	1REDDUIpnUu	loox/oreiller-soya-2-0_p37.html	2024-09-27T00:00:00Z	5	import_minuit_verifie	Cédric.u	oreiller-soya-2-0	confort (positif)		Simple, efficace et confortable.
Loox	T-f9MBYVIEd	loox/oreiller-soya-2-0_p38.html	2024-09-27T00:00:00Z	5	import_minuit_verifie	Laetitia.n	oreiller-soya-2-0	confort (positif);chaleur / fraicheur		Sensation de fraîcheur agréable.
Loox	gG0rFbhPB0c	loox/oreiller-soya-2-0_p38.html	2024-09-27T00:00:00Z	5	import_minuit_verifie	Hugo.o	oreiller-soya-2-0	service client		Service client sérieux.
Loox	iSuBX1ICgi3	loox/oreiller-soya-2-0_p38.html	2024-09-27T00:00:00Z	5	import_minuit	Antoine.o	oreiller-soya-2-0			Je dors vraiment mieux, plus de réveils nocturnes.
Loox	_j2Sti8irQU	loox/oreiller-soya-2-0_p38.html	2024-09-27T00:00:00Z	5	import_minuit	Caroline.n	oreiller-soya-2-0			Je dors beaucoup mieux.
Loox	hJ9DzR_Sy2e	loox/oreiller-soya-2-0_p38.html	2024-09-27T00:00:00Z	5	import_minuit	Nathalie.y	oreiller-soya-2-0	douleurs (cou, dos, epaules)		Moins de tensions dans le dos.
Loox	ZApj56CpjIg	loox/oreiller-soya-2-0_p38.html	2024-09-27T00:00:00Z	5	import_minuit	Maxime.l	oreiller-soya-2-0			Bon investissement pour ma santé.
Loox	7XYqFvE9OKt	loox/oreiller-soya-2-0_p38.html	2024-09-27T00:00:00Z	5	import_minuit	Audrey.t	oreiller-soya-2-0			J’étais sceptique mais je dors mieux.
Loox	fwceOlOgfCI	loox/oreiller-soya-2-0_p38.html	2024-09-27T00:00:00Z	5	import_minuit	Camille.m	oreiller-soya-2-0	temps d adaptation		Parfaitement adapté à mes besoins.
Loox	pkM50w-300r	loox/oreiller-soya-2-0_p38.html	2024-09-27T00:00:00Z	5	import_minuit	Camille.c	oreiller-soya-2-0	confort (positif);livraison / delais		Bon confort et livraison rapide.
Loox	9xifpLXRotQ	loox/oreiller-soya-2-0_p38.html	2024-09-27T00:00:00Z	5	import_minuit	Paul.u	oreiller-soya-2-0			Ça change tout au réveil.
Loox	SVLCu2q8mAE	loox/oreiller-soya-2-0_p38.html	2024-09-26T00:00:00Z	3	import_minuit_verifie	Élisabeth C.	oreiller-soya-2-0			Oreiller normal, je comprend pas la hype.
Loox	6KHjjJueEU2	loox/oreiller-soya-2-0_p38.html	2024-09-24T00:00:00Z	5	import_minuit_verifie	Paul L.	oreiller-soya-2-0	douleurs (cou, dos, epaules)		Mes douleurs au dos ont diminué, et je dors plus profondément. Adopté.
Loox	twPUQOPgmJw	loox/oreiller-soya-2-0_p38.html	2024-09-23T00:00:00Z	5	import_minuit_verifie	Michelle M.	oreiller-soya-2-0			J’en ai pris un pour chacun de mes enfants.
Loox	9xwGKwShut3	loox/oreiller-soya-2-0_p38.html	2024-09-20T00:00:00Z	5	import_minuit_verifie	Sylvain J.	oreiller-soya-2-0	confort (positif);chaleur / fraicheur;douleurs (cou, dos, epaules);livraison / delais;arnaque / fraude		J'ai mon oreiller depuis un peu plus d'un mois maintenant et je suis très satisfaite.  Je n'ai plus mal aux épaules et les cervicales sont soulagés.  Le moelleux de la mémoire de forme me convient et je n'ai pas chaud sur l'oreiller. Je l'emmène avec moi en déplacement. La livraison s'est bien passée. Soya, ce n'est pas une arnaque.
Loox	GxWtM8Hecue	loox/oreiller-soya-2-0_p38.html	2024-09-19T00:00:00Z	5	import_minuit_verifie	David H.	oreiller-soya-2-0	retour / remboursement		Je bouge beaucoup moins la nuit, et pas besoin de le retourner dans tout les sens.
Loox	10VVdal0n6n	loox/oreiller-soya-2-0_p38.html	2024-09-18T00:00:00Z	5	import_minuit_verifie	Éric G.	oreiller-soya-2-0	douleurs (cou, dos, epaules)		Adopté dès la première nuit. Je dors mieux et sans douleurs au réveil.
Loox	_0_AU-78OBs	loox/oreiller-soya-2-0_p38.html	2024-09-15T00:00:00Z	5	import_minuit_verifie	Émilie M.	oreiller-soya-2-0	douleurs (cou, dos, epaules)		Cet oreiller a complètement changé mes nuits, fini les tensions cervicales.
Loox	VFgq2OTNzpx	loox/oreiller-soya-2-0_p38.html	2024-09-15T00:00:00Z	5	import_minuit_verifie	Susanne D.	oreiller-soya-2-0	recommande		Honnêtement bluffé. Je le recommande à tous mes proches.
Loox	AaqtPcqcA7x	loox/oreiller-soya-2-0_p38.html	2024-09-14T00:00:00Z	5	import_minuit_verifie	Julien D.	oreiller-soya-2-0	confort (positif);douleurs (cou, dos, epaules)		Difficile de trouver mieux niveau confort et soutien cervical.
Loox	hdPOA7ZuCwO	loox/oreiller-soya-2-0_p38.html	2024-09-14T00:00:00Z	5	import_minuit_verifie	Clara M.	oreiller-soya-2-0			Très bon oreiller, je l’ai même rammené au travail pour faire des siestes :D.
Loox	gKD25s1--Oc	loox/oreiller-soya-2-0_p39.html	2024-09-08T00:00:00Z	5	import_minuit_verifie	Emma M.	oreiller-soya-2-0	recommande		Je recommande vraiment, surtout pour ceux qui dorment sur le côté.
Loox	sshgm37GjCt	loox/oreiller-soya-2-0_p39.html	2024-09-05T00:00:00Z	5	import_minuit_verifie	Vincent G.	oreiller-soya-2-0	fermete (dur / mou)		Parfait équilibre entre douceur et fermeté.
Loox	iq4zgA9QPdp	loox/oreiller-soya-2-0_p39.html	2024-09-04T00:00:00Z	5	import_minuit_verifie	Marine C.	oreiller-soya-2-0	temps d adaptation		Au début, j'ai mis quelques nuits à m'habituer. Mais maintenant que je suis rodé, je ne reviendrai en arrière pour rien au monde.
Loox	LaZDccq1tcu	loox/oreiller-soya-2-0_p39.html	2024-09-04T00:00:00Z	5	import_minuit_verifie	Anaïs V.	oreiller-soya-2-0	douleurs (cou, dos, epaules)		Vraiment impressionnée par l'effet immédiat sur mes douleurs.
Loox	_M0qxnbaboL	loox/oreiller-soya-2-0_p39.html	2024-09-02T00:00:00Z	5	import_minuit_verifie	Paul C.	oreiller-soya-2-0			Parfait pour les voyages, il me suit partout, même mieux que les oreillers d'hôtel.
Loox	86-Knn6jW5b	loox/oreiller-soya-2-0_p39.html	2024-09-01T00:00:00Z	5	import_minuit_verifie	Stéphane C.	oreiller-soya-2-0	fermete (dur / mou)		Pas trop ferme, pas trop mou, juste ce qu’il faut.
Loox	YhA13jmGEEG	loox/oreiller-soya-2-0_p39.html	2024-08-31T00:00:00Z	5	import_minuit_verifie	Léa M.	oreiller-soya-2-0			Je l'emporte même en voyage, impossible de dormir ailleurs maintenant.
Loox	K6aTBSL_L45	loox/oreiller-soya-2-0_p39.html	2024-08-30T00:00:00Z	5	import_minuit_verifie	Thomas B.	oreiller-soya-2-0			Bien meilleur que mes précédents oreillers à mémoire de forme.
Loox	iOkm_dNNc4c	loox/oreiller-soya-2-0_p39.html	2024-08-29T00:00:00Z	5	import_minuit_verifie	Anaïs R.	oreiller-soya-2-0			Excellent produit, je l'emmène même en voyage tellement je l'apprécie.
Loox	96SKZCOq0Xg	loox/oreiller-soya-2-0_p39.html	2024-08-27T00:00:00Z	5	import_minuit_verifie	Christiane P.	oreiller-soya-2-0	douleurs (cou, dos, epaules)		Très bon maintien cervical, je me réveille enfin reposée.
Loox	EvHDliWyY-C	loox/oreiller-soya-2-0_p39.html	2024-08-26T00:00:00Z	5	import_minuit_verifie	Laura G.	oreiller-soya-2-0	qualite percue		Le meilleur oreiller que j'ai jamais eu, top qualité.
Loox	gblh8VNwCKI	loox/oreiller-soya-2-0_p39.html	2024-08-25T00:00:00Z	5	import_minuit_verifie	Léa L.	oreiller-soya-2-0	douleurs (cou, dos, epaules)		Depuis que j'utilise l'oreiller SOYA, mes douleurs cervicales ont disparu. Je dors enfin profondément.
Loox	2a-JWlSH6gx	loox/oreiller-soya-2-0_p39.html	2024-08-25T00:00:00Z	5	import_minuit_verifie	Camille M.	oreiller-soya-2-0	conformite a l annonce		Je ne regrette absolument pas cet achat, Soya tient ses promesses.
Loox	GETFn1TdB4z	loox/oreiller-soya-2-0_p39.html	2024-08-25T00:00:00Z	5	import_minuit_verifie	Arthur D.	oreiller-soya-2-0	temps d adaptation		Après quelques nuits d'adaptation, c'est parfait. Je dors enfin bien.
Loox	v8uRytMlu7n	loox/oreiller-soya-2-0_p39.html	2024-08-25T00:00:00Z	5	import_minuit_verifie	Adélaïde B.	oreiller-soya-2-0			C’est simple : j’en ai un dans chaque chambre.
Loox	E0dpR8B60X9	loox/oreiller-soya-2-0_p39.html	2024-08-23T00:00:00Z	5	import_minuit_verifie	Noémi R.	oreiller-soya-2-0			Parfait aussi pour les siestes en journée.
Loox	acmMg5HdeU-	loox/oreiller-soya-2-0_p39.html	2024-08-21T00:00:00Z	5	import_minuit_verifie	Vincent J.	oreiller-soya-2-0	confort (positif);douleurs (cou, dos, epaules)		Ça vaut vraiment la peine, j’ai retrouvé des nuits agréables et sans douleurs.
Loox	D4yrcLOT2xE	loox/oreiller-soya-2-0_p39.html	2024-08-21T00:00:00Z	5	import_minuit_verifie	Mélanie N.	oreiller-soya-2-0	douleurs (cou, dos, epaules)		Idéal pour les cervicales, très bon achat.
Loox	AvNM7FNBwG7	loox/oreiller-soya-2-0_p39.html	2024-08-20T00:00:00Z	5	import_minuit_verifie	Hugo B.	oreiller-soya-2-0	confort (positif);douleurs (cou, dos, epaules);temps d adaptation		Pas évident au début car j'avais l'habitude des oreillers très moelleux, mais là je sens que c'est meilleur pour mon dos.
Loox	wGH0fc9bRQl	loox/oreiller-soya-2-0_p39.html	2024-08-19T00:00:00Z	5	import_minuit_verifie	Émilie T.	oreiller-soya-2-0	qualite percue		Mon sommeil est redevenu de qualité grâce à SOYA.
Loox	nwuKYmBpQnv	loox/oreiller-soya-2-0_p40.html	2024-08-19T00:00:00Z	5	import_minuit_verifie	Sophie B.	oreiller-soya-2-0			J'adore, je l'emporte partout en déplacement, indispensable !
Loox	ymxaiXLopp	loox/oreiller-soya-2-0_p40.html	2024-08-19T00:00:00Z	5	import_minuit_verifie	Maxime P.	oreiller-soya-2-0			Depuis que je dors sur cet oreiller, je me réveille vraiment reposé.
Loox	nv0wPliU7hz	loox/oreiller-soya-2-0_p40.html	2024-08-19T00:00:00Z	5	import_minuit_verifie	Julien F.	oreiller-soya-2-0	qualite percue;recommande		Produit de qualité, bien mieux que prévu, je recommande.
Loox	TnEihm0d77o	loox/oreiller-soya-2-0_p40.html	2024-08-19T00:00:00Z	5	import_minuit_verifie	Quentin C.	oreiller-soya-2-0			Mes nuits ont totalement changé grâce à cet oreiller.
Loox	CdofQJ3Kg_g	loox/oreiller-soya-2-0_p40.html	2024-08-18T00:00:00Z	5	import_minuit_verifie	Camille G.	oreiller-soya-2-0	douleurs (cou, dos, epaules)		J'avais souvent des migraines au réveil, maintenant grâce à SOYA, je dors sans douleurs.
Loox	JHqzZ5C7Pq	loox/oreiller-soya-2-0_p40.html	2024-08-17T00:00:00Z	5	import_minuit_verifie	Alexandre B.	oreiller-soya-2-0			Un vrai soulagement dès les premières nuits, bravo SOYA !
Loox	8PyCZjDoNe4	loox/oreiller-soya-2-0_p40.html	2024-08-14T00:00:00Z	3	import_minuit_verifie	Anaïs L.	oreiller-soya-2-0	fermete (dur / mou)		Doux, mais ferme juste ce qu'il faut, je l'emmène partout, même en vacances.
Loox	mlf1S_aqJoI	loox/oreiller-soya-2-0_p40.html	2024-08-14T00:00:00Z	5	import_minuit_verifie	Manon V.	oreiller-soya-2-0			Parfait pour les dormeurs sur le ventre !!!
Loox	R-E0WWLW2Hc	loox/oreiller-soya-2-0_p40.html	2024-08-14T00:00:00Z	5	import_minuit	Tomáš.p	oreiller-soya-2-0	temps d adaptation		Il m’a fallu presque une semaine d’adaptation, mais maintenant je le trouve génial
Loox	ADTW8VJgt2	loox/oreiller-soya-2-0_p40.html	2024-08-14T00:00:00Z	5	import_minuit_verifie	Thomas.g	oreiller-soya-2-0	douleurs (cou, dos, epaules)		Pas de douleurs aux cervicales depuis que je l’utilise. C’est exactement ce que je recherchais.
Loox	e863hqi35qW	loox/oreiller-soya-2-0_p40.html	2024-08-14T00:00:00Z	5	import_minuit_verifie	Amandine.m	oreiller-soya-2-0	housse		Très pratique, la housse se lave facilement et sèche vite. Un vrai plus.
Loox	LDzeYxMGA60	loox/oreiller-soya-2-0_p40.html	2024-08-14T00:00:00Z	5	import_minuit	Jérémy.r	oreiller-soya-2-0			Une vraie découverte, je regrette de ne pas l’avoir acheté plus tôt.
Loox	9wew0kN2szN	loox/oreiller-soya-2-0_p40.html	2024-08-14T00:00:00Z	5	import_minuit	Guillaume.r	oreiller-soya-2-0	confort (positif)		Un confort inédit pour moi, je dors comme jamais.
Loox	j7ldo-q88wl	loox/oreiller-soya-2-0_p40.html	2024-08-14T00:00:00Z	5	import_minuit	Océane.b	oreiller-soya-2-0	recommande		Très bon maintien, mon kiné m’avait conseillé un oreiller ergonomique, je ne regrette pas.
Loox	tyPQhovjxBp	loox/oreiller-soya-2-0_p40.html	2024-08-14T00:00:00Z	5	import_minuit	Stéphane.r	oreiller-soya-2-0			Produit fidèle à la description, rien à redire.
Loox	ucCB0ZgB8e	loox/oreiller-soya-2-0_p40.html	2024-08-13T00:00:00Z	5	import_minuit_verifie	Maxime L.	oreiller-soya-2-0			Je dors mieux, ma femme aussi.
Loox	XkG3MJ81TnR	loox/oreiller-soya-2-0_p40.html	2024-08-13T00:00:00Z	4	import_minuit_verifie	Manon J.	oreiller-soya-2-0	douleurs (cou, dos, epaules)		Je peux enfin dormir sur le côté sans mal aux épaules.
Loox	JyoXZ4d5BdX	loox/oreiller-soya-2-0_p40.html	2024-08-13T00:00:00Z	5	import_minuit_verifie	Baptiste R.	oreiller-soya-2-0	confort (positif);douleurs (cou, dos, epaules)		Réduit mes douleurs même si le confort aurait pu être encore meilleur.
Loox	dPEaGTesH9	loox/oreiller-soya-2-0_p40.html	2024-08-12T00:00:00Z	4	import_minuit_verifie	Florian S.	oreiller-soya-2-0	confort (positif)		Tellement agréable que je l'utilise aussi pour lire ou regarder la télé.
Loox	wwx9OteT-7H	loox/oreiller-soya-2-0_p40.html	2024-08-11T00:00:00Z	5	import_minuit_verifie	Céline C.	oreiller-soya-2-0			Incroyablement efficace contre les ronflements de mon mari. Merci SOYA !
Loox	6e1jWLNE0A0	loox/oreiller-soya-2-0_p41.html	2024-08-10T00:00:00Z	5	import_minuit_verifie	Sophie B.	oreiller-soya-2-0			Je dors tellement mieux depuis que j'ai cet oreiller, fini les réveils difficiles.
Loox	wf6ilYfnaZd	loox/oreiller-soya-2-0_p41.html	2024-08-09T00:00:00Z	5	import_minuit_verifie	Vincent S.	oreiller-soya-2-0			L'investissement vaut clairement le coup, mes nuits ont changé.
Loox	fxVZWu39n1Y	loox/oreiller-soya-2-0_p41.html	2024-08-09T00:00:00Z	5	import_minuit_verifie	Franck C.	oreiller-soya-2-0	recommande		Très bon produit je recommande
Loox	zy87e2dPBkG	loox/oreiller-soya-2-0_p41.html	2024-08-09T00:00:00Z	5	import_minuit_verifie	Thomas.b	oreiller-soya-2-0	recommande		Je recommande sans hésiter, surtout pour ceux qui dorment sur le côté comme moi.
Loox	sYhhwM1aLy9	loox/oreiller-soya-2-0_p41.html	2024-08-09T00:00:00Z	5	import_minuit_verifie	Jérémy.c	oreiller-soya-2-0	housse		Housse facile à retirer et à laver, très pratique.
Loox	oaSzaUIqqOh	loox/oreiller-soya-2-0_p41.html	2024-08-09T00:00:00Z	5	import_minuit	Matteo.l	oreiller-soya-2-0	confort (positif);temps d adaptation		Confortable, mais il m’a fallu trois nuits pour m’y habituer. Depuis, je dors bien mieux.
Loox	4-tCOPM6frN	loox/oreiller-soya-2-0_p41.html	2024-08-09T00:00:00Z	5	import_minuit	Fatou.d	oreiller-soya-2-0			J’étais sceptique, mais j’ai vu une vraie différence dès la première nuit.
Loox	1UbYUj4WfP4	loox/oreiller-soya-2-0_p41.html	2024-08-09T00:00:00Z	5	import_minuit	Samuel.o	oreiller-soya-2-0	douleurs (cou, dos, epaules)		Top produit ! Enfin des nuits sans me réveiller avec la nuque raide.
Loox	6VplDzK6q	loox/oreiller-soya-2-0_p41.html	2024-08-09T00:00:00Z	5	import_minuit_verifie	Yannick.l	oreiller-soya-2-0	confort (positif);douleurs (cou, dos, epaules);temps d adaptation		L’oreiller épouse bien la forme de ma nuque. Je dors sur le ventre et c’est moins adapté, mais ça reste confortable.
Loox	Jx-X3ro-DJl	loox/oreiller-soya-2-0_p41.html	2024-08-09T00:00:00Z	5	import_minuit_verifie	Chloé.w	oreiller-soya-2-0	confort (positif);chaleur / fraicheur;qualite percue		Je transpire beaucoup moins qu’avant, matière agréable.
Loox	vFTW9w1scLk	loox/oreiller-soya-2-0_p41.html	2024-08-09T00:00:00Z	5	import_minuit_verifie	Justine.r	oreiller-soya-2-0	livraison / delais		Commande reçue rapidement, oreiller bien protégé.
Loox	BpHl7YdPR-T	loox/oreiller-soya-2-0_p41.html	2024-08-09T00:00:00Z	5	import_minuit_verifie	Chloé.y	oreiller-soya-2-0			Toujours aussi bien après plusieurs semaines.
Loox	9InI2orC34U	loox/oreiller-soya-2-0_p41.html	2024-08-09T00:00:00Z	5	import_minuit	Paul.w	oreiller-soya-2-0	qualite percue		Qualité au rendez-vous, rien à redire.
Loox	eVDIibgD_LG	loox/oreiller-soya-2-0_p41.html	2024-08-09T00:00:00Z	5	import_minuit	Alexandre.c	oreiller-soya-2-0	douleurs (cou, dos, epaules)		Mes migraines matinales se sont estompées.
Loox	fH6pmsjJ7et	loox/oreiller-soya-2-0_p41.html	2024-08-09T00:00:00Z	5	import_minuit	Audrey.r	oreiller-soya-2-0			Mes trapèzes ne me font plus mal.
Loox	qKSaFc8xv55	loox/oreiller-soya-2-0_p41.html	2024-08-09T00:00:00Z	5	import_minuit	Émilie.x	oreiller-soya-2-0	conformite a l annonce		Produit conforme, très bonne impression.
Loox	WIMa8jJ5HJC	loox/oreiller-soya-2-0_p41.html	2024-08-09T00:00:00Z	5	import_minuit	Paul.r	oreiller-soya-2-0			Excellent oreiller ergonomique.
Loox	IH2Doa_TW9m	loox/oreiller-soya-2-0_p41.html	2024-08-06T00:00:00Z	5	import_minuit_verifie	Romain D.	oreiller-soya-2-0	douleurs (cou, dos, epaules)		Parfait pour les cervicales, je dors comme un bébé.
Loox	F6JCrh7hFmI	loox/oreiller-soya-2-0_p41.html	2024-08-05T00:00:00Z	5	import_minuit_verifie	Aimé T.	oreiller-soya-2-0	recommande		Je recommande soya à toutes les personnes qui veulent changer d'oreiller.
Loox	HXSPeoFWjfy	loox/oreiller-soya-2-0_p41.html	2024-08-04T00:00:00Z	5	import_minuit_verifie	Sophie D.	oreiller-soya-2-0			Même mon kiné voit la différence depuis que je dors avec cet oreiller.
Loox	rvH1nXUXBxU	loox/oreiller-soya-2-0_p42.html	2024-08-04T00:00:00Z	5	import_minuit_verifie	Isabelle A.	oreiller-soya-2-0			Je dors sur le côté c'est vraiment l'idéal, après il faut pas trop bouger la nuit quoi.
Loox	IXEwjPNs7YA	loox/oreiller-soya-2-0_p42.html	2024-08-01T00:00:00Z	5	import_minuit_verifie	Camille P.	oreiller-soya-2-0	qualite percue		La meilleure qualité d’oreiller que j’ai jamais eue.
Loox	8BVPk8pKugW	loox/oreiller-soya-2-0_p42.html	2024-08-01T00:00:00Z	5	import_minuit_verifie	David R.	oreiller-soya-2-0			SOYA 2.0 juste parfait, j'avais le 1.0 avant il était temps d'investir haha.
Loox	ij3qdnAGfOC	loox/oreiller-soya-2-0_p42.html	2024-08-01T00:00:00Z	5	import_minuit_verifie	Hugo.l	oreiller-soya-2-0	douleurs (cou, dos, epaules);livraison / delais;qualite percue		Livraison soignée, oreiller de qualité. J’ai senti la différence immédiatement sur mes épaules.
Loox	7_vS8iDwa2C	loox/oreiller-soya-2-0_p42.html	2024-08-01T00:00:00Z	5	import_minuit_verifie	Olivier.p	oreiller-soya-2-0	confort (positif)		Un peu déçue, je m’attendais à plus de moelleux. Mais ça reste correct.
Loox	lnmRAMu7C89	loox/oreiller-soya-2-0_p42.html	2024-08-01T00:00:00Z	5	import_minuit	Valentina.p	oreiller-soya-2-0			Après une semaine, je sens clairement que je me réveille plus reposé. Merci !
Loox	gGZKv8jBFnb	loox/oreiller-soya-2-0_p42.html	2024-08-01T00:00:00Z	5	import_minuit	Elena.g	oreiller-soya-2-0			Ce n’est pas magique, mais je sens que mon sommeil est plus profond.
Loox	i55ffBibfnh	loox/oreiller-soya-2-0_p42.html	2024-08-01T00:00:00Z	5	import_minuit	Igor.v	oreiller-soya-2-0			Ça change vraiment des oreillers classiques, je sens la différence chaque matin.
Loox	YQ7BcORkwyK	loox/oreiller-soya-2-0_p42.html	2024-08-01T00:00:00Z	5	import_minuit_verifie	Maxime.f	oreiller-soya-2-0			J’ai remarqué que je change moins de position pendant la nuit, mon sommeil est plus stable.
Loox	pVk5uNArq2C	loox/oreiller-soya-2-0_p42.html	2024-08-01T00:00:00Z	5	import_minuit_verifie	Manon.e	oreiller-soya-2-0			Oreiller un peu lourd mais stable.
Loox	Xfg5jmbHOrn	loox/oreiller-soya-2-0_p42.html	2024-08-01T00:00:00Z	5	import_minuit_verifie	Manon.s	oreiller-soya-2-0	douleurs (cou, dos, epaules)		Fini les raideurs au cou.
Loox	gmLrdC15WGO	loox/oreiller-soya-2-0_p42.html	2024-08-01T00:00:00Z	5	import_minuit_verifie	Mélanie.j	oreiller-soya-2-0	confort (positif);douleurs (cou, dos, epaules)		Agréable surprise ! Plus de douleurs à la nuque au réveil.
Loox	KuhHoBp87EF	loox/oreiller-soya-2-0_p42.html	2024-08-01T00:00:00Z	5	import_minuit	Lucie.w	oreiller-soya-2-0			On en a pris un deuxième.
Loox	0cmjbSMEwAk	loox/oreiller-soya-2-0_p42.html	2024-08-01T00:00:00Z	5	import_minuit	Romain.w	oreiller-soya-2-0	temps d adaptation		Un peu de mal à m’y faire au début, mais vrai changement après.
Loox	kTHW7DHa6kp	loox/oreiller-soya-2-0_p42.html	2024-08-01T00:00:00Z	5	import_minuit	Nadia.u	oreiller-soya-2-0	qualite percue;housse		Oreiller de bonne qualité, la housse est douce et pratique.
Loox	WMkoSJgu3F6	loox/oreiller-soya-2-0_p42.html	2024-08-01T00:00:00Z	5	import_minuit	Maxime.r	oreiller-soya-2-0	livraison / delais		Colis arrivé en avance.
Loox	rhProoCE0UU	loox/oreiller-soya-2-0_p42.html	2024-08-01T00:00:00Z	5	import_minuit_verifie	David.u	oreiller-soya-2-0	recommande		Produit sérieux, je recommande.
Loox	zYzCVdR34o1	loox/oreiller-soya-2-0_p42.html	2024-08-01T00:00:00Z	5	import_minuit_verifie	Marion.g	oreiller-soya-2-0	livraison / delais;qualite percue		Colis bien emballé, oreiller de qualité.
Loox	6aERNwhHAmL	loox/oreiller-soya-2-0_p42.html	2024-08-01T00:00:00Z	5	import_minuit_verifie	Marc.k	oreiller-soya-2-0	recommande		Mon kiné m’avait conseillé ce type d’oreiller, aucun regret.
Loox	g-kNSE38CQF	loox/oreiller-soya-2-0_p42.html	2024-08-01T00:00:00Z	5	import_minuit_verifie	Amélie.f	oreiller-soya-2-0	housse		Très pratique, housse facile à laver.
Loox	IA41kg10L-	loox/oreiller-soya-2-0_p43.html	2024-08-01T00:00:00Z	5	import_minuit	Camille.t	oreiller-soya-2-0			Bonne tenue et bon soutien.
Loox	aAJB_ztiAkG	loox/oreiller-soya-2-0_p43.html	2024-08-01T00:00:00Z	5	import_minuit	Émilie.y	oreiller-soya-2-0	qualite percue		Produit bien fini, on voit la qualité.
Loox	uT0S6ij5Apn	loox/oreiller-soya-2-0_p43.html	2024-08-01T00:00:00Z	5	import_minuit	Claire.x	oreiller-soya-2-0	conformite a l annonce		Produit conforme et pratique.
Loox	2eu5fKMMay4	loox/oreiller-soya-2-0_p43.html	2024-08-01T00:00:00Z	5	import_minuit	Esteban.x	oreiller-soya-2-0	douleurs (cou, dos, epaules)		Soutien optimal de la nuque.
Loox	FKBW_-Sby8T	loox/oreiller-soya-2-0_p43.html	2024-08-01T00:00:00Z	5	import_minuit	Benoît.u	oreiller-soya-2-0			Très bon oreiller, je dors mieux.
Loox	JgDrJI3832A	loox/oreiller-soya-2-0_p43.html	2024-08-01T00:00:00Z	5	import_minuit_verifie	Chloé.c	oreiller-soya-2-0	hauteur / epaisseur		Bonne tenue, mais je m’attendais à ce qu’il soit un peu plus épais.
Loox	l9h1Ek2UFpY	loox/oreiller-soya-2-0_p43.html	2024-08-01T00:00:00Z	5	import_minuit_verifie	Alexandre.a	oreiller-soya-2-0	confort (positif);fermete (dur / mou)		Très agréable, un peu ferme au début mais on s’y fait vite.
Loox	o44Tqq1rf2e	loox/oreiller-soya-2-0_p43.html	2024-08-01T00:00:00Z	5	import_minuit_verifie	Sarah.s	oreiller-soya-2-0	fermete (dur / mou)		Je dors mieux mais je le trouve encore un peu rigide.
Loox	a2JRX8GDu-	loox/oreiller-soya-2-0_p43.html	2024-08-01T00:00:00Z	5	import_minuit_verifie	Mélanie.b	oreiller-soya-2-0	douleurs (cou, dos, epaules);recommande		Je recommande à tous ceux qui ont mal aux cervicales.
Loox	AUX71B6Avx	loox/oreiller-soya-2-0_p43.html	2024-08-01T00:00:00Z	5	import_minuit_verifie	Camille.d	oreiller-soya-2-0			Je n’utilise plus que cet oreiller maintenant.
Loox	W7hziuoAqQ	loox/oreiller-soya-2-0_p43.html	2024-08-01T00:00:00Z	5	import_minuit_verifie	Léa.l	oreiller-soya-2-0			Je n’utilise plus que cet oreiller maintenant.
Loox	Rf4fKLUupL	loox/oreiller-soya-2-0_p43.html	2024-08-01T00:00:00Z	5	import_minuit_verifie	Claire.m	oreiller-soya-2-0	livraison / delais		Livraison rapide et produit bien emballé.
Loox	dE3c-MCCvR	loox/oreiller-soya-2-0_p43.html	2024-08-01T00:00:00Z	5	import_minuit_verifie	Claire.f	oreiller-soya-2-0			Je n’utilise plus que cet oreiller maintenant.
Loox	9JE8C0P5In	loox/oreiller-soya-2-0_p43.html	2024-08-01T00:00:00Z	5	import_minuit_verifie	Léa.r	oreiller-soya-2-0			Mon kiné m’a dit de le garder, ça veut tout dire !
Loox	KhoaOPfZvUB	loox/oreiller-soya-2-0_p43.html	2024-08-01T00:00:00Z	5	import_minuit_verifie	Antoine.m	oreiller-soya-2-0	hauteur / epaisseur		Bonne tenue, mais je m’attendais à ce qu’il soit un peu plus épais.
Loox	zwdiJ0po-qr	loox/oreiller-soya-2-0_p43.html	2024-07-31T00:00:00Z	5	import_minuit_verifie	Victor F.	oreiller-soya-2-0			Même mon ostéo a remarqué que je tenais mieux ma posture.
Loox	vlRwjqECdUn	loox/oreiller-soya-2-0_p43.html	2024-07-30T00:00:00Z	5	import_minuit_verifie	Nicolas L.	oreiller-soya-2-0			Je le prends partout avec moi maintenant, vraiment indispensable.
Loox	qLve84kXEq	loox/oreiller-soya-2-0_p43.html	2024-07-29T00:00:00Z	5	import_minuit_verifie	Émilie C.	oreiller-soya-2-0	confort (positif);douleurs (cou, dos, epaules)		Après avoir essayé plusieurs oreillers, j'ai enfin trouvé le bon. Un vrai confort pour les cervicales.
Loox	XmMyu7pgpTW	loox/oreiller-soya-2-0_p43.html	2024-07-28T00:00:00Z	5	import_minuit_verifie	Hortense G.	oreiller-soya-2-0	livraison / delais;arnaque / fraude		Je pensais que c'était une arnaque mais j'ai reçu et je suis trop contenteeee. :)
Loox	yrvLnXK1LG	loox/oreiller-soya-2-0_p43.html	2024-07-27T00:00:00Z	5	import_minuit_verifie	Paul C.	oreiller-soya-2-0			J’étais sceptique, mais convaincu dès la première nuit.
Loox	XvZPReSvSYe	loox/oreiller-soya-2-0_p44.html	2024-07-26T00:00:00Z	5	import_minuit_verifie	Mathilde L.	oreiller-soya-2-0	livraison / delais;service client		Je suis très exigeant et cet oreiller répond parfaitement à mes attentes.
Loox	Z5liSBHI72T	loox/oreiller-soya-2-0_p44.html	2024-07-25T00:00:00Z	5	import_minuit_verifie	Paul M.	oreiller-soya-2-0			Ma femme me l’a offert et je ne pourrais plus dormir sans, excellent produit !
Loox	pgrJ_qgXZBa	loox/oreiller-soya-2-0_p44.html	2024-07-25T00:00:00Z	5	import_minuit_verifie	Mélanie L.	oreiller-soya-2-0			Aucun regret, bien meilleur que mes précédents oreillers.
Loox	KOMn1hS_-T1	loox/oreiller-soya-2-0_p44.html	2024-07-25T00:00:00Z	5	import_minuit_verifie	Alex D.	oreiller-soya-2-0	odeur		Aucune odeur à l’ouverture, ça change de certains oreillers.
Loox	0Cl1QEOwatp	loox/oreiller-soya-2-0_p44.html	2024-07-24T00:00:00Z	5	import_minuit_verifie	Julien F.	oreiller-soya-2-0			Mon conjoint ne s’en plaint plus, il dort beaucoup mieux.
Loox	my7sKQ-2Uzk	loox/oreiller-soya-2-0_p44.html	2024-07-24T00:00:00Z	5	import_minuit_verifie	Vincent J.	oreiller-soya-2-0	douleurs (cou, dos, epaules)		Une révélation pour moi, excellent maintien cervical et fini les douleurs.
Loox	v2tAiAVUXw9	loox/oreiller-soya-2-0_p44.html	2024-07-22T00:00:00Z	5	import_minuit_verifie	Maxime L.	oreiller-soya-2-0			Oreiller ergonomique excellent, mon sommeil s'est amélioré dès la première semaine.
Loox	QLOb7xypXnm	loox/oreiller-soya-2-0_p44.html	2024-07-22T00:00:00Z	5	import_minuit_verifie	Arthur L.	oreiller-soya-2-0	fermete (dur / mou)		La mousse est ferme et douce à la fois.
Loox	A0X7iOT5NNw	loox/oreiller-soya-2-0_p44.html	2024-07-18T00:00:00Z	5	import_minuit_verifie	Claire L.	oreiller-soya-2-0	confort (positif)		Excellent maintien, confort absolu, je valide totalement.
Loox	aWhc9Qng7B_	loox/oreiller-soya-2-0_p44.html	2024-07-17T00:00:00Z	5	import_minuit_verifie	Alexandre B.	oreiller-soya-2-0	douleurs (cou, dos, epaules)		Très satisfait après plusieurs mois d'utilisation, plus aucune douleur matinale.
Loox	W0DQxppemE6	loox/oreiller-soya-2-0_p44.html	2024-07-17T00:00:00Z	5	import_minuit_verifie	Chantal C.	oreiller-soya-2-0	recommande		Bon oreiller je recommande !
Loox	9SIZagGeqQm	loox/oreiller-soya-2-0_p44.html	2024-07-16T00:00:00Z	5	import_minuit_verifie	Thomas P.	oreiller-soya-2-0	douleurs (cou, dos, epaules);qualite percue		Oreiller de qualité exceptionnelle, fini les douleurs matinales.
Loox	DVMMSh8zLAD	loox/oreiller-soya-2-0_p44.html	2024-07-16T00:00:00Z	5	import_minuit_verifie	Théo P.	oreiller-soya-2-0	confort (positif)		Meilleur confort, meilleur sommeil rien à dire.
Loox	SiAaXPkLFhL	loox/oreiller-soya-2-0_p44.html	2024-07-15T00:00:00Z	5	import_minuit_verifie	Arthur D.	oreiller-soya-2-0			Super oreiller, rien à redire.
Loox	4_LrplN17j	loox/oreiller-soya-2-0_p44.html	2024-07-15T00:00:00Z	5	import_minuit_verifie	Céline B.	oreiller-soya-2-0	fermete (dur / mou)		Un peu surpris par la fermeté au début, mais je dors beaucoup mieux maintenant.
Loox	VViYw4EF4Fv	loox/oreiller-soya-2-0_p44.html	2024-07-14T00:00:00Z	5	import_minuit_verifie	Emma B.	oreiller-soya-2-0			Tellement satisfaite que j’en ai offert à mes parents pour Noël. Eux aussi sont ravis.
Loox	Yo8B8Ngxh3	loox/oreiller-soya-2-0_p44.html	2024-07-11T00:00:00Z	5	import_minuit_verifie	Claire M.	oreiller-soya-2-0			Même mes enfants veulent le même maintenant !
Loox	DlVALg78zO-	loox/oreiller-soya-2-0_p44.html	2024-07-11T00:00:00Z	5	import_minuit_verifie	Isabelle C.	oreiller-soya-2-0	confort (positif)		Un confort que je n’avais jamais connu avant.
Loox	q3jC9Plflh7	loox/oreiller-soya-2-0_p44.html	2024-07-10T00:00:00Z	5	import_minuit_verifie	Mathieu A.	oreiller-soya-2-0			J’en ai acheté un deuxième pour ma femme..elle rongle moins !!!
Loox	m6lMm-lyvRh	loox/oreiller-soya-2-0_p44.html	2024-07-10T00:00:00Z	5	import_minuit_verifie	Chantal Z.	oreiller-soya-2-0	douleurs (cou, dos, epaules)		Un vrai bonheur. Je dors mieux, je me réveille sans douleur. Rien à redire.
Loox	sQSNoZobVR_	loox/oreiller-soya-2-0_p45.html	2024-07-08T00:00:00Z	5	import_minuit_verifie	Antoine S.	oreiller-soya-2-0			Idéal même pour les dormeurs difficiles comme moi.
Loox	FkjY7uwz_vx	loox/oreiller-soya-2-0_p45.html	2024-07-07T00:00:00Z	5	import_minuit_verifie	Mathilde D.	oreiller-soya-2-0	douleurs (cou, dos, epaules)		J'étais dubitatif mais après quelques nuits, plus de douleurs au réveil.
Loox	CXbxsaGZn5Y	loox/oreiller-soya-2-0_p45.html	2024-07-07T00:00:00Z	5	import_minuit_verifie	Antoine R.	oreiller-soya-2-0	qualite percue		On sent la qualité. Pas de déformation même après plusieurs semaines.
Loox	gCz6WB5mJCP	loox/oreiller-soya-2-0_p45.html	2024-07-06T00:00:00Z	5	import_minuit_verifie	Julien W.	oreiller-soya-2-0			Produit bien conçu, aucune critique, il fait parfaitement son job.
Loox	zclZYgNnGhr	loox/oreiller-soya-2-0_p45.html	2024-07-03T00:00:00Z	5	import_minuit_verifie	Mathilde B.	oreiller-soya-2-0	temps d adaptation;recommande		Parfaitement adapté à mes besoins, je recommande fortement.
Loox	DfdKG7l_32V	loox/oreiller-soya-2-0_p45.html	2024-07-02T00:00:00Z	5	import_minuit_verifie	Baptiste G.	oreiller-soya-2-0	douleurs (cou, dos, epaules)		Je l'utilise depuis 4 mois, je sens vraiment une différence au niveau des épaules et du cou.
Loox	Sr0Vk6K41wT	loox/oreiller-soya-2-0_p45.html	2024-07-02T00:00:00Z	5	import_minuit_verifie	Anaïs G.	oreiller-soya-2-0			C'est déjà mon deuxième achat, et je compte bien équiper toute la famille.
Loox	AOYqOj0mybZ	loox/oreiller-soya-2-0_p45.html	2024-07-02T00:00:00Z	5	import_minuit_verifie	Robert F.	oreiller-soya-2-0	livraison / delais;service client		À peine j’ai demandé pourquoi ma commande n’arrivait pas, dans l’immédiat j’ai reçu la réponse. Merci de votre réaction rapide♥️
Loox	T_DOsFAaEcC	loox/oreiller-soya-2-0_p45.html	2024-07-02T00:00:00Z	5	import_minuit	Lúcia.s	oreiller-soya-2-0	confort (positif);livraison / delais		Livraison impeccable, oreiller conforme et confortable.
Loox	_KZ9Gz7bmu	loox/oreiller-soya-2-0_p45.html	2024-07-02T00:00:00Z	5	import_minuit_verifie	Marion.j	oreiller-soya-2-0	temps d adaptation		Un peu de mal à m’y faire les deux premières nuits, puis j’ai senti un vrai changement.
Loox	aGjuHE6Xml3	loox/oreiller-soya-2-0_p45.html	2024-07-02T00:00:00Z	5	import_minuit_verifie	Nicolas.l	oreiller-soya-2-0	douleurs (cou, dos, epaules)		Oreiller bien conçu, pas de douleur aux épaules le matin. J’en suis très satisfait.
Loox	tzLxM1YB4N4	loox/oreiller-soya-2-0_p45.html	2024-07-02T00:00:00Z	5	import_minuit_verifie	Romain.g	oreiller-soya-2-0	douleurs (cou, dos, epaules)		Mes migraines matinales se sont estompées, je ne pensais pas que ça pouvait jouer autant.
Loox	JEMWBL9iCt4	loox/oreiller-soya-2-0_p45.html	2024-07-02T00:00:00Z	5	import_minuit	Chloé.f	oreiller-soya-2-0	douleurs (cou, dos, epaules)		Après 3 semaines, je confirme que mes douleurs cervicales ont disparu.
Loox	Aw710FeHezC	loox/oreiller-soya-2-0_p45.html	2024-07-02T00:00:00Z	5	import_minuit	Mathilde.s	oreiller-soya-2-0	livraison / delais;service client		Bon produit, répond à mes attentes.
Loox	ya9gjLULjir	loox/oreiller-soya-2-0_p45.html	2024-07-02T00:00:00Z	5	import_minuit	Anaïs.j	oreiller-soya-2-0	recommande		Aucun regret, je recommande autour de moi.
Loox	C0R07V-Vfl8	loox/oreiller-soya-2-0_p45.html	2024-07-02T00:00:00Z	5	import_minuit	Manon.e	oreiller-soya-2-0			Oreiller un peu lourd, mais il reste bien en place toute la nuit.
Loox	YnncDTujKF7	loox/oreiller-soya-2-0_p45.html	2024-07-02T00:00:00Z	5	import_minuit	Pascal.m	oreiller-soya-2-0	qualite percue		Bonne qualité générale, même après plusieurs semaines d’utilisation.
Loox	zNtM5t4tREA	loox/oreiller-soya-2-0_p45.html	2024-07-02T00:00:00Z	5	import_minuit	Cassandra.m	oreiller-soya-2-0	douleurs (cou, dos, epaules)		Je n’ai plus les raideurs au cou du matin, ça change la vie.
Loox	JhVuzbu3oi4	loox/oreiller-soya-2-0_p45.html	2024-06-30T00:00:00Z	5	import_minuit_verifie	Romain P.	oreiller-soya-2-0			La meilleure découverte pour mes nuits depuis longtemps, merci SOYA !
Loox	vbvotyWHMD	loox/oreiller-soya-2-0_p45.html	2024-06-30T00:00:00Z	5	import_minuit_verifie	Mathilde D.	oreiller-soya-2-0	temps d adaptation		Il m'a fallu quelques nuits pour m'adapter, mais maintenant je suis totalement convaincu.
Loox	cm8LRVDNcoB	loox/oreiller-soya-2-0_p46.html	2024-06-28T00:00:00Z	5	import_minuit_verifie	Clara I.	oreiller-soya-2-0			Très bien 👍
Loox	166KiqCIbCo	loox/oreiller-soya-2-0_p46.html	2024-06-25T00:00:00Z	5	import_minuit_verifie	Manon L.	oreiller-soya-2-0	douleurs (cou, dos, epaules)		Oreiller parfait pour une bonne posture pendant la nuit, plus aucune douleur le matin.
Loox	bIwKoKCxaq	loox/oreiller-soya-2-0_p46.html	2024-06-25T00:00:00Z	5	import_minuit_verifie	Thomas B.	oreiller-soya-2-0	qualite percue		Facile à entretenir, super qualité, je dors parfaitement bien.
Loox	j-TRm4NyIjM	loox/oreiller-soya-2-0_p46.html	2024-06-25T00:00:00Z	5	import_minuit_verifie	Lucie F.	oreiller-soya-2-0	confort (positif);qualite percue;recommande		Très confortable, bonne qualité. Je recommande.
Loox	hqyh_QsYQZ3	loox/oreiller-soya-2-0_p46.html	2024-06-25T00:00:00Z	4	import_minuit_verifie	Anaïs B.	oreiller-soya-2-0	confort (positif);livraison / delais;service client		Livraison rapide, service client réactif et oreiller très agréable. SOYA est top !
Loox	2FcIcoYyhdH	loox/oreiller-soya-2-0_p46.html	2024-06-24T00:00:00Z	5	import_minuit_verifie	Vincent M.	oreiller-soya-2-0	confort (positif)		Excellent maintien, confort absolu, je valide totalement.
Loox	TdklbkvmrNW	loox/oreiller-soya-2-0_p46.html	2024-06-23T00:00:00Z	5	import_minuit_verifie	Charles L.	oreiller-soya-2-0			Je dors sur le ventre, et il me convient parfaitement.
Loox	iQXfJGDtRke	loox/oreiller-soya-2-0_p46.html	2024-06-23T00:00:00Z	5	import_minuit_verifie	Élisabeth C.	oreiller-soya-2-0			Parfait aussi pour les siestes en journée.
Loox	bbWyFFSOKZJ	loox/oreiller-soya-2-0_p46.html	2024-06-22T00:00:00Z	5	import_minuit_verifie	Claire V.	oreiller-soya-2-0	confort (positif);douleurs (cou, dos, epaules)		Confort optimal, plus aucune douleur au réveil.
Loox	spu_kxBk_ah	loox/oreiller-soya-2-0_p46.html	2024-06-22T00:00:00Z	4	import_minuit_verifie	Guy D.	oreiller-soya-2-0	recommande		Honnêtement bluffé. Je le recommande à tous mes proches.
Loox	6SfXLZX-_W	loox/oreiller-soya-2-0_p46.html	2024-06-20T00:00:00Z	5	import_minuit_verifie	Vincent T.	oreiller-soya-2-0			Soya a changé ma façon de dormir, jamais eu de si bonnes nuits.
Loox	8L9BBfxmEp0	loox/oreiller-soya-2-0_p46.html	2024-06-19T00:00:00Z	5	import_minuit_verifie	Vincent F.	oreiller-soya-2-0			Chaque nuit est désormais un plaisir, merci à l'équipe SOYA.
Loox	atN33grZUTJ	loox/oreiller-soya-2-0_p46.html	2024-06-19T00:00:00Z	5	import_minuit_verifie	Antoine M.	oreiller-soya-2-0	confort (positif)		Adopté dès la première nuit, je suis bluffé par le confort.
Loox	YdDE092Cw5k	loox/oreiller-soya-2-0_p46.html	2024-06-18T00:00:00Z	5	import_minuit_verifie	Émilie J.	oreiller-soya-2-0	douleurs (cou, dos, epaules)		Cervicales enfin soulagées, meilleur achat de l'année.
Loox	6K2KbbSt5Ss	loox/oreiller-soya-2-0_p46.html	2024-06-18T00:00:00Z	5	import_minuit_verifie	Sophie L.	oreiller-soya-2-0	confort (positif)		Enfin des nuits tranquilles et réparatrices, merci Soya.
Loox	PQdPwcdHmwO	loox/oreiller-soya-2-0_p46.html	2024-06-15T00:00:00Z	5	import_minuit_verifie	Florian H.	oreiller-soya-2-0	confort (positif);qualite percue		Je suis impressionné par la qualité et le confort.
Loox	TiIAwHTGFxr	loox/oreiller-soya-2-0_p46.html	2024-06-13T00:00:00Z	5	import_minuit_verifie	Margaux B.	oreiller-soya-2-0	douleurs (cou, dos, epaules)		Très bon maintien cervical, rien à dire en vrai
Loox	alR6k-gx9NR	loox/oreiller-soya-2-0_p46.html	2024-06-12T00:00:00Z	5	import_minuit_verifie	Maxime P.	oreiller-soya-2-0			Première nuit compliquée, mais maintenant c’est parfait !
Loox	_hrt0Lf3E9G	loox/oreiller-soya-2-0_p46.html	2024-06-12T00:00:00Z	5	import_minuit_verifie	Lucie G.	oreiller-soya-2-0	temps d adaptation		Très doux, adapté parfaitement à ma position de sommeil.
Loox	7T2wVJQi0hb	loox/oreiller-soya-2-0_p46.html	2024-06-11T00:00:00Z	5	import_minuit_verifie	Paulette G.	oreiller-soya-2-0	douleurs (cou, dos, epaules)		Je me réveille sans douleurs au cou, tous les jours.
Loox	vwh15kPt6bB	loox/oreiller-soya-2-0_p47.html	2024-06-10T00:00:00Z	5	import_minuit_verifie	Claire G.	oreiller-soya-2-0			C'est ma deuxième commande, toute la famille en est fan.
Loox	1mQIWoLlR8a	loox/oreiller-soya-2-0_p47.html	2024-06-10T00:00:00Z	5	import_minuit_verifie	Margot B.	oreiller-soya-2-0	fermete (dur / mou);conformite a l annonce		Il reste toujours bien ferme, pas comme les autres qui s'affaissent avec le temps.
Loox	X3IrHphV__a	loox/oreiller-soya-2-0_p47.html	2024-06-09T00:00:00Z	5	import_minuit_verifie	Claire T.	oreiller-soya-2-0	confort (positif);douleurs (cou, dos, epaules)		Vraiment bien pensé, confortable et efficace contre mes douleurs.
Loox	rg8GkP8rXi7	loox/oreiller-soya-2-0_p47.html	2024-06-09T00:00:00Z	5	import_minuit_verifie	Baptiste B.	oreiller-soya-2-0	confort (positif)		Oreiller au top, confort incroyable, meilleur achat de l'année.
Loox	GgX3uOala6d	loox/oreiller-soya-2-0_p47.html	2024-06-09T00:00:00Z	5	import_minuit_verifie	Sylvie S.	oreiller-soya-2-0			Mon mari ronfle plus du tout depuis qu’il l’utilise, oreiller miracle.
Loox	cyj_09wN9U4	loox/oreiller-soya-2-0_p47.html	2024-06-08T00:00:00Z	5	import_minuit_verifie	Claire A.	oreiller-soya-2-0	douleurs (cou, dos, epaules)		Idéal pour les personnes souffrant de douleurs cervicales.
Loox	r8z0oWvZssw	loox/oreiller-soya-2-0_p47.html	2024-06-07T00:00:00Z	5	import_minuit_verifie	Claire D.	oreiller-soya-2-0			Très satisfait après plusieurs semaines d'utilisation.
Loox	xo1hAniPye-	loox/oreiller-soya-2-0_p47.html	2024-06-04T00:00:00Z	5	import_minuit_verifie	Manon P.	oreiller-soya-2-0			Cadeau offert par mon épouse, désormais je ne m'en passe plus.
Loox	xS9HEqebSUn	loox/oreiller-soya-2-0_p47.html	2024-06-03T00:00:00Z	5	import_minuit_verifie	Thomas G.	oreiller-soya-2-0	confort (positif)		J'adore mon oreiller Soya, enfin des nuits réparatrices !
Loox	9R0Hkmkkb9c	loox/oreiller-soya-2-0_p47.html	2024-06-03T00:00:00Z	5	import_minuit_verifie	Nicolas G.	oreiller-soya-2-0	confort (positif)		Bon produit, bien pensé, très agréable au quotidien.
Loox	Wq0h-7VeT54	loox/oreiller-soya-2-0_p47.html	2024-06-02T00:00:00Z	5	import_minuit_verifie	Camille C.	oreiller-soya-2-0	douleurs (cou, dos, epaules);recommande		Je recommande vivement, surtout pour les douleurs cervicales.
Loox	HMqOhno7UUs	loox/oreiller-soya-2-0_p47.html	2024-06-01T00:00:00Z	3	import_minuit_verifie	Manon L.	oreiller-soya-2-0			J'ai longtemps hésité, mais ça valait clairement la peine d'essayer.
Loox	LEREJt6fWIP	loox/oreiller-soya-2-0_p47.html	2024-06-01T00:00:00Z	3	import_minuit_verifie	Louise B.	oreiller-soya-2-0	qualite percue		Mousse à mémoire de forme de qualité !
Loox	GjOmc_mjyPf	loox/oreiller-soya-2-0_p47.html	2024-05-29T00:00:00Z	5	import_minuit_verifie	Antoine H.	oreiller-soya-2-0	douleurs (cou, dos, epaules);recommande		Je recommande fortement pour ceux qui ont des douleurs.
Loox	XrEZtRXfkBR	loox/oreiller-soya-2-0_p47.html	2024-05-29T00:00:00Z	5	import_minuit_verifie	Baptiste C.	oreiller-soya-2-0			Parfait dès la première nuit, adopté immédiatement.
Loox	bF-AYa-KnMd	loox/oreiller-soya-2-0_p47.html	2024-05-27T00:00:00Z	5	import_minuit_verifie	Émilie M.	oreiller-soya-2-0			Mon partenaire ronfle beaucoup moins grâce à cet oreiller, c'est fou. On dort tous les deux mieux.
Loox	rN5dwS3-6j	loox/oreiller-soya-2-0_p47.html	2024-05-26T00:00:00Z	5	import_minuit_verifie	Emma B.	oreiller-soya-2-0	douleurs (cou, dos, epaules)		Excellent produit, je me réveille vraiment reposée et sans douleurs cervicales.
Loox	XE7YZc8W1Iq	loox/oreiller-soya-2-0_p47.html	2024-05-26T00:00:00Z	5	import_minuit_verifie	Henriette B.	oreiller-soya-2-0			Je dors avec même au travail.
Loox	Ap0ROxNreSH	loox/oreiller-soya-2-0_p47.html	2024-05-25T00:00:00Z	5	import_minuit_verifie	Camille N.	oreiller-soya-2-0	confort (positif)		Je n’avais jamais eu un tel confort avant cet oreiller.
Loox	YqbDD8o1_WE	loox/oreiller-soya-2-0_p47.html	2024-05-25T00:00:00Z	5	import_minuit_verifie	Baptiste W.	oreiller-soya-2-0	confort (positif);fermete (dur / mou)		Un peu dur les premières nuits mais ensuite, c’est le top du confort.
Loox	toIH83m1w0T	loox/oreiller-soya-2-0_p48.html	2024-05-22T00:00:00Z	4	import_minuit_verifie	Mélanie B.	oreiller-soya-2-0	douleurs (cou, dos, epaules)		J'avais souvent mal aux épaules, maintenant fini grâce à cet oreiller.
Loox	gaHTuin0oTH	loox/oreiller-soya-2-0_p48.html	2024-05-22T00:00:00Z	5	import_minuit_verifie	Sophie P.	oreiller-soya-2-0	douleurs (cou, dos, epaules)		Très bien conçu, idéal pour moi qui souffrait du dos.
Loox	mgMdCDL_N7a	loox/oreiller-soya-2-0_p48.html	2024-05-22T00:00:00Z	5	import_minuit_verifie	Paul G.	oreiller-soya-2-0			Après 2 mois, toujours aussi satisfait.
Loox	RNd-OAhz2b4	loox/oreiller-soya-2-0_p48.html	2024-05-21T00:00:00Z	4	import_minuit_verifie	Céline L.	oreiller-soya-2-0	recommande		Un changement radical pour mes nuits, je recommande à 100%.
Loox	_kGn0mGVsPq	loox/oreiller-soya-2-0_p48.html	2024-05-20T00:00:00Z	5	import_minuit_verifie	Quentin N.	oreiller-soya-2-0	douleurs (cou, dos, epaules)		Excellent choix pour ceux qui souffrent de douleurs cervicales.
Loox	VG5guGVKDlh	loox/oreiller-soya-2-0_p48.html	2024-05-18T00:00:00Z	5	import_minuit_verifie	Alexandre D.	oreiller-soya-2-0			Convaincu dès la première utilisation, sommeil beaucoup plus profond depuis.
Loox	CMeq2kcNhnj	loox/oreiller-soya-2-0_p48.html	2024-05-15T00:00:00Z	4	import_minuit_verifie	Sarah R.	oreiller-soya-2-0	confort (positif);temps d adaptation		Bon confort, juste besoin d'un temps d'adaptation.
Loox	SA1ioVdpp94	loox/oreiller-soya-2-0_p48.html	2024-05-14T00:00:00Z	5	import_minuit_verifie	Sarah C.	oreiller-soya-2-0			Mes enfants l'adorent aussi, du coup commande supplémentaire passée !
Loox	pkSgJaoFWky	loox/oreiller-soya-2-0_p48.html	2024-05-11T00:00:00Z	5	import_minuit_verifie	Hugo L.	oreiller-soya-2-0	temps d adaptation		Pas adapté pour moi au début, mais finalement, très bien après adaptation.
Loox	XYwqZBbKveW	loox/oreiller-soya-2-0_p48.html	2024-05-10T00:00:00Z	5	import_minuit_verifie	Florian P.	oreiller-soya-2-0	douleurs (cou, dos, epaules)		Idéal pour mes douleurs dorsales, adopté immédiatement.
Loox	QQYvnVnMxXS	loox/oreiller-soya-2-0_p48.html	2024-05-08T00:00:00Z	5	import_minuit_verifie	Mélanie P.	oreiller-soya-2-0	douleurs (cou, dos, epaules)		Soulage vraiment les douleurs cervicales efficacement.
Loox	0vPMlQNqlrM	loox/oreiller-soya-2-0_p48.html	2024-05-06T00:00:00Z	4	import_minuit_verifie	Chloé M.	oreiller-soya-2-0			Produit innovant et efficace, très satisfait.
Loox	rIHVlMo1B5U	loox/oreiller-soya-2-0_p48.html	2024-05-05T00:00:00Z	5	import_minuit_verifie	Emma P.	oreiller-soya-2-0	douleurs (cou, dos, epaules)		Produit parfait pour mes nuits difficiles. Depuis mon achat, je dors sans douleur au cou.
Loox	5CGJjsQk8dJ	loox/oreiller-soya-2-0_p48.html	2024-05-02T00:00:00Z	5	import_minuit_verifie	Sarah C.	oreiller-soya-2-0	qualite percue		Très bonne qualité, il garde bien sa forme même après plusieurs mois.
Loox	d1eNLYs1Br4	loox/oreiller-soya-2-0_p48.html	2024-05-01T00:00:00Z	5	import_minuit_verifie	Romain L.	oreiller-soya-2-0	confort (positif)		Je l'emmène partout, même en voyage. Plus confortable que les oreillers d'hôtel.
Loox	Cbk9W45eLIJ	loox/oreiller-soya-2-0_p48.html	2024-04-30T00:00:00Z	5	import_minuit_verifie	Arthur W.	oreiller-soya-2-0			Excellent, j'en ai pris un deuxième pour les déplacements.
Loox	6Cz59kNqaZV	loox/oreiller-soya-2-0_p48.html	2024-04-28T00:00:00Z	5	import_minuit_verifie	Lucie F.	oreiller-soya-2-0	confort (positif)		Je n’avais jamais aussi bien dormi avant cet oreiller.
Loox	UohEYBNIvdP	loox/oreiller-soya-2-0_p48.html	2024-04-28T00:00:00Z	5	import_minuit_verifie	Hugo B.	oreiller-soya-2-0	qualite percue;recommande		Qualité exceptionnelle, je recommande fortement.
Loox	jnTVR0r8zwS	loox/oreiller-soya-2-0_p48.html	2024-04-26T00:00:00Z	5	import_minuit_verifie	Chloé L.	oreiller-soya-2-0	douleurs (cou, dos, epaules)		Vraiment très satisfaite, surtout pour les douleurs cervicales chroniques.
Loox	jtSXnLsAZnC	loox/oreiller-soya-2-0_p48.html	2024-04-26T00:00:00Z	4	import_minuit_verifie	Maxime R.	oreiller-soya-2-0			Le meilleur investissement pour ma santé et mon sommeil.
Loox	ixRs_K71w0c	loox/oreiller-soya-2-0_p49.html	2024-04-22T00:00:00Z	5	import_minuit_verifie	Claire M.	oreiller-soya-2-0			J’adore, simple et efficace, un vrai bonheur pour dormir !
Loox	SuNnjiTJyWs	loox/oreiller-soya-2-0_p49.html	2024-04-19T00:00:00Z	5	import_minuit_verifie	Emma G.	oreiller-soya-2-0	confort (positif)		Très agréable, je vais en commander un autre pour mon fils.
Loox	QADHKFdfgdY	loox/oreiller-soya-2-0_p49.html	2024-04-16T00:00:00Z	5	import_minuit_verifie	Maxime L.	oreiller-soya-2-0	douleurs (cou, dos, epaules)		La meilleure décision de l'année, plus aucune douleur cervicale.
Loox	UNGyqRAuDfo	loox/oreiller-soya-2-0_p49.html	2024-04-15T00:00:00Z	5	import_minuit_verifie	Maxime M.	oreiller-soya-2-0	hauteur / epaisseur;livraison / delais		Enfin un oreiller à la hauteur de mes attentes !
Loox	v8YhxpTxKod	loox/oreiller-soya-2-0_p49.html	2024-04-13T00:00:00Z	5	import_minuit_verifie	Lucie P.	oreiller-soya-2-0	confort (positif)		Meilleur sommeil depuis des années grâce à cet oreiller ergonomique.
Loox	A4L2dU2vT9g	loox/oreiller-soya-2-0_p49.html	2024-04-09T00:00:00Z	5	import_minuit_verifie	Maxime M.	oreiller-soya-2-0	qualite percue		Top qualité, sommeil amélioré dès la première semaine.
Loox	Nh4jtVKQaw	loox/oreiller-soya-2-0_p49.html	2024-04-08T00:00:00Z	5	import_minuit_verifie	Baptiste H.	oreiller-soya-2-0			Très belle surprise, le maintien est parfait toute la nuit.
Loox	wpti6l2P5Qa	loox/oreiller-soya-2-0_p49.html	2024-04-07T00:00:00Z	5	import_minuit_verifie	Céline R.	oreiller-soya-2-0			Un vrai changement dans mon quotidien depuis son utilisation.
Loox	o29XoKUQCxP	loox/oreiller-soya-2-0_p49.html	2024-04-05T00:00:00Z	4	import_minuit_verifie	Laura R.	oreiller-soya-2-0	confort (positif)		Confort au top, seul bémol : j'aurais aimé plus d'infos sur l'entretien dès le départ.
Loox	xJofmGJfMCF	loox/oreiller-soya-2-0_p49.html	2024-04-04T00:00:00Z	5	import_minuit_verifie	Alexandre D.	oreiller-soya-2-0	confort (positif)		C'est exactement ce dont j'avais besoin, très ergonomique et confortable.
Loox	4m6TAdkcIwX	loox/oreiller-soya-2-0_p49.html	2024-04-03T00:00:00Z	5	import_minuit_verifie	Arthur M.	oreiller-soya-2-0	douleurs (cou, dos, epaules)		Top produit, plus de tensions cervicales au réveil.
Loox	MMvvP39O8MN	loox/oreiller-soya-2-0_p49.html	2024-04-03T00:00:00Z	5	import_minuit_verifie	Sarah M.	oreiller-soya-2-0	douleurs (cou, dos, epaules);qualite percue;prix / valeur		Un peu cher mais la qualité est au rendez-vous. Plus aucune douleur cervicale depuis l'achat.
Loox	zR81IRp1OgP	loox/oreiller-soya-2-0_p49.html	2024-04-02T00:00:00Z	5	import_minuit_verifie	Léa F.	oreiller-soya-2-0			Un indispensable maintenant pour mes nuits, je ne regrette pas du tout.
Loox	LFCfUzjLFY	loox/oreiller-soya-2-0_p49.html	2024-04-01T00:00:00Z	5	import_minuit_verifie	Julien B.	oreiller-soya-2-0			Même mon ostéo m’a demandé ce que j’avais changé.
Loox	gcDEeGfUANo	loox/oreiller-soya-2-0_p49.html	2024-03-30T00:00:00Z	5	import_minuit_verifie	Florian P.	oreiller-soya-2-0	confort (positif)		Enfin trouvé le bon oreiller, très confortable.
Loox	QVri3BgWYSC	loox/oreiller-soya-2-0_p49.html	2024-03-25T00:00:00Z	5	import_minuit_verifie	Paul L.	oreiller-soya-2-0			Très bien !! :)
Loox	BwkUBJpy1K	loox/oreiller-soya-2-0_p49.html	2024-03-24T00:00:00Z	5	import_minuit_verifie	Claire P.	oreiller-soya-2-0			Toute la famille l'adore, même mes enfants en réclament un !
Loox	v1ywpnDF2g_	loox/oreiller-soya-2-0_p49.html	2024-03-24T00:00:00Z	4	import_minuit_verifie	Baptiste B.	oreiller-soya-2-0	qualite percue		Produit très bien pensé, ma qualité de sommeil s'est améliorée dès la première utilisation.
Loox	y7qNT26BL6U	loox/oreiller-soya-2-0_p49.html	2024-03-22T00:00:00Z	4	import_minuit_verifie	Paul G.	oreiller-soya-2-0	confort (positif)		Très agréable, je dors beaucoup mieux depuis que je l'utilise.
Loox	QLCNSAEkb3e	loox/oreiller-soya-2-0_p49.html	2024-03-19T00:00:00Z	5	import_minuit_verifie	Quentin A.	oreiller-soya-2-0	livraison / delais;conformite a l annonce		Excellente marque, produit conforme aux attentes.
Loox	caJnV_FQcfL	loox/oreiller-soya-2-0_p50.html	2024-03-17T00:00:00Z	5	import_minuit_verifie	Alexandre C.	oreiller-soya-2-0	douleurs (cou, dos, epaules);recommande		Je recommande à tous ceux qui ont des douleurs cervicales récurrentes.
Loox	5Qe7KWKh-6d	loox/oreiller-soya-2-0_p50.html	2024-03-16T00:00:00Z	5	import_minuit_verifie	Nicolas L.	oreiller-soya-2-0			Toute ma famille en possède un désormais, vraiment top.
Loox	t7QvEDeenTF	loox/oreiller-soya-2-0_p50.html	2024-03-15T00:00:00Z	5	import_minuit_verifie	Émilie B.	oreiller-soya-2-0			Mon sommeil s’est beaucoup amélioré depuis que je l'utilise.
Loox	G5xCe-QI32p	loox/oreiller-soya-2-0_p50.html	2024-03-14T00:00:00Z	5	import_minuit_verifie	Laura C.	oreiller-soya-2-0			Produit haut de gamme, vraiment efficace.
Loox	E85ADm1qr	loox/oreiller-soya-2-0_p50.html	2024-03-13T00:00:00Z	5	import_minuit_verifie	Mathilde F.	oreiller-soya-2-0	confort (positif)		Satisfaite de mon achat, l'oreiller est très confortable.
Loox	ILjlb_8XsmD	loox/oreiller-soya-2-0_p50.html	2024-03-12T00:00:00Z	5	import_minuit_verifie	Sarah B.	oreiller-soya-2-0	douleurs (cou, dos, epaules)		J'adore ! Plus de douleurs cervicales depuis que j'ai acheté l'oreiller Soya. C'est vraiment révolutionnaire.
Loox	XESawutqw6R	loox/oreiller-soya-2-0_p50.html	2024-03-09T00:00:00Z	5	import_minuit_verifie	Manon M.	oreiller-soya-2-0	livraison / delais;conformite a l annonce		Livraison impeccable, produit conforme et efficace.
Loox	34cgx2Is6UB	loox/oreiller-soya-2-0_p50.html	2024-03-08T00:00:00Z	5	import_minuit_verifie	Romain R.	oreiller-soya-2-0	douleurs (cou, dos, epaules)		Top pour soulager mes douleurs au cou, je me sens enfin reposé au réveil.
Loox	4LByTHFdO9T	loox/oreiller-soya-2-0_p50.html	2024-03-08T00:00:00Z	5	import_minuit_verifie	Sophie D.	oreiller-soya-2-0	douleurs (cou, dos, epaules)		Soulagement immédiat de mes douleurs matinales.
Loox	FSfecy5PVTI	loox/oreiller-soya-2-0_p50.html	2024-03-06T00:00:00Z	5	import_minuit_verifie	Mélanie P.	oreiller-soya-2-0	livraison / delais;qualite percue		Livraison rapide, produit de qualité, très satisfait.
Loox	fngpMXrYOp-	loox/oreiller-soya-2-0_p50.html	2024-03-06T00:00:00Z	5	import_minuit_verifie	Hugo P.	oreiller-soya-2-0			J'ai offert un Soya à mon mari, il dort mieux et moi aussi par la même occasion !
Loox	rrsB024Uz9x	loox/oreiller-soya-2-0_p50.html	2024-03-01T00:00:00Z	5	import_minuit_verifie	Sophie D.	oreiller-soya-2-0	confort (positif)		Mon sommeil est enfin réparateur, c’est vraiment agréable.
Loox	JG7brnhhMIa	loox/oreiller-soya-2-0_p50.html	2024-02-27T00:00:00Z	5	import_minuit_verifie	Quentin M.	oreiller-soya-2-0	qualite percue		Je suis très sensible à la qualité du sommeil et cet oreiller a tout changé.
Loox	K7PxTCYU1t	loox/oreiller-soya-2-0_p50.html	2024-02-27T00:00:00Z	5	import_minuit_verifie	Emma P.	oreiller-soya-2-0			Je dors comme un bébé grâce à SOYA.
Loox	8KOrJl9CmAk	loox/oreiller-soya-2-0_p50.html	2024-02-26T00:00:00Z	5	import_minuit_verifie	Romain A.	oreiller-soya-2-0	recommande		Très bon produit, adopté immédiatement et recommandé à mon entourage.
Loox	-ndkcdczYO7	loox/oreiller-soya-2-0_p50.html	2024-02-24T00:00:00Z	5	import_minuit_verifie	Paul B.	oreiller-soya-2-0	qualite percue		Oreiller de qualité, très satisfait de cet achat.
Loox	qKj6CCtb4hj	loox/oreiller-soya-2-0_p50.html	2024-02-23T00:00:00Z	5	import_minuit_verifie	Marine C.	oreiller-soya-2-0			Mon conjoint ne ronfle presque plus grâce à Soya, génial !
Loox	aENb2XFULv2	loox/oreiller-soya-2-0_p50.html	2024-02-21T00:00:00Z	3	import_minuit_verifie	Claire M.	oreiller-soya-2-0			Encore en phase de test, pas d'effet miracle pour l’instant.
Loox	M3TL8bQZY3C	loox/oreiller-soya-2-0_p50.html	2024-02-20T00:00:00Z	5	import_minuit_verifie	Anaïs M.	oreiller-soya-2-0	confort (positif);chaleur / fraicheur;prix / valeur;recommande		Je recommande chaudement pour ceux qui cherchent du confort.
Loox	K6r7ZZ7gR_L	loox/oreiller-soya-2-0_p50.html	2024-02-19T00:00:00Z	5	import_minuit_verifie	Sophie M.	oreiller-soya-2-0	qualite percue		Produit de grande qualité, la marque Soya a vraiment fait la différence sur mes nuits.
Loox	ozP56_5cxVV	loox/oreiller-soya-2-0_p51.html	2024-02-17T00:00:00Z	4	import_minuit_verifie	Mathilde P.	oreiller-soya-2-0			Je le prends avec moi en voyage tellement je l'aime.
Loox	WDOs6Fj72ki	loox/oreiller-soya-2-0_p51.html	2024-02-15T00:00:00Z	5	import_minuit_verifie	Alexandre T.	oreiller-soya-2-0			Amélioration immédiate du sommeil, je suis ravie.
Loox	VCVhfQ5Acde	loox/oreiller-soya-2-0_p51.html	2024-02-14T00:00:00Z	5	import_minuit_verifie	Quentin R.	oreiller-soya-2-0			Un cadeau parfait pour ma mère qui souffrait du cou, elle l'adore.
Loox	4x5HoML5tyD	loox/oreiller-soya-2-0_p51.html	2024-02-11T00:00:00Z	5	import_minuit_verifie	Alexandre M.	oreiller-soya-2-0	confort (positif)		Vraiment ravi de mon achat, très confortable dès la première nuit.
Loox	bXrIztFBrhR	loox/oreiller-soya-2-0_p51.html	2024-02-09T00:00:00Z	5	import_minuit_verifie	Emma G.	oreiller-soya-2-0	confort (positif);livraison / delais		Livraison rapide, oreiller ultra confortable. Rien à dire.
Loox	c9UKw2qiH6i	loox/oreiller-soya-2-0_p51.html	2024-02-08T00:00:00Z	5	import_minuit_verifie	Marine S.	oreiller-soya-2-0	confort (positif)		Incroyablement confortable dès la première nuit, adopté définitivement !
Loox	718NZ2gu1Ix	loox/oreiller-soya-2-0_p51.html	2024-02-08T00:00:00Z	5	import_minuit_verifie	Alexandre V.	oreiller-soya-2-0	confort (positif)		Testé et validé dès la première nuit, vraiment très confortable.
Loox	xq_GNBb53VL	loox/oreiller-soya-2-0_p51.html	2024-02-07T00:00:00Z	5	import_minuit_verifie	Marine M.	oreiller-soya-2-0			C’est mon deuxième achat aussi
Loox	wEtMA_mvLP4	loox/oreiller-soya-2-0_p51.html	2024-02-02T00:00:00Z	5	import_minuit_verifie	Baptiste D.	oreiller-soya-2-0			Aucun regret, parfait pour un sommeil réparateur.
Loox	kGi6qvU5DAm	loox/oreiller-soya-2-0_p51.html	2024-01-29T00:00:00Z	5	import_minuit_verifie	Antoine L.	oreiller-soya-2-0			Super oreiller, adopté par toute la famille maintenant !
Loox	_VaQIsyj6E	loox/oreiller-soya-2-0_p51.html	2024-01-29T00:00:00Z	5	import_minuit_verifie	Julien L.	oreiller-soya-2-0	temps d adaptation;recommande		Une semaine d'adaptation mais ça vaut alrgement le coup. Je ne peux que recommander. Foncez yeux fermés.
Loox	hrpdbRrKzQz	loox/oreiller-soya-2-0_p51.html	2024-01-25T00:00:00Z	5	import_minuit_verifie	Paul G.	oreiller-soya-2-0	qualite percue		Excellente qualité, sommeil impeccable depuis que je l’ai.
Loox	qgRUhUdFZeX	loox/oreiller-soya-2-0_p51.html	2024-01-24T00:00:00Z	5	import_minuit_verifie	Céline L.	oreiller-soya-2-0			Vraiment efficace pour soulager les tensions dans le cou.
Loox	l93qKkNSo6b	loox/oreiller-soya-2-0_p51.html	2024-01-24T00:00:00Z	5	import_minuit_verifie	Vincent G.	oreiller-soya-2-0			Bon produit, mon sommeil est plus profond.
Loox	YmP4ox6Pd9e	loox/oreiller-soya-2-0_p51.html	2024-01-24T00:00:00Z	5	import_minuit_verifie	Paul M.	oreiller-soya-2-0	temps d adaptation		Quelques nuits d’adaptation mais très satisfait maintenant.
Loox	2U04u8Uawge	loox/oreiller-soya-2-0_p51.html	2024-01-23T00:00:00Z	5	import_minuit_verifie	Paul D.	oreiller-soya-2-0	recommande		Très bon achat, je recommande fortement.
Loox	sQyisZZF9Bw	loox/oreiller-soya-2-0_p51.html	2024-01-20T00:00:00Z	5	import_minuit_verifie	Maxime M.	oreiller-soya-2-0	douleurs (cou, dos, epaules);temps d adaptation		Parfaitement adapté à mes besoins, plus aucune tension dans la nuque.
Loox	AhkyV0z-q8V	loox/oreiller-soya-2-0_p51.html	2024-01-20T00:00:00Z	4	import_minuit_verifie	Léa N.	oreiller-soya-2-0			Parfait pour les personnes dormant sur le côté. Mon bras ne s'engourdit plus.
Loox	jRjTwkIrD8	loox/oreiller-soya-2-0_p51.html	2024-01-19T00:00:00Z	3	import_minuit_verifie	Laura R.	oreiller-soya-2-0	temps d adaptation		Parfaitement adapté à toutes les positions de sommeil.
Loox	mr6OwlP4FG	loox/oreiller-soya-2-0_p51.html	2024-01-19T00:00:00Z	5	import_minuit_verifie	Anaïs P.	oreiller-soya-2-0			J’ai enfin trouvé un oreiller qui me correspond parfaitement.
Loox	FwbUiJrNCBT	loox/oreiller-soya-2-0_p52.html	2024-01-16T00:00:00Z	5	import_minuit_verifie	Manon M.	oreiller-soya-2-0	livraison / delais;qualite percue;arnaque / fraude		J'ai cru à une arnaque car il a mis du temps à arriver mais plus de peur que de mal.  Et bonne qualité aussi, j'hésiterai pas à repasser commande Merci SOYA
Loox	7SQ6WKGKv3P	loox/oreiller-soya-2-0_p52.html	2024-01-14T00:00:00Z	5	import_minuit_verifie	Lucie L.	oreiller-soya-2-0	conformite a l annonce		Très bon produit, la marque Soya tient ses promesses.
Loox	Bj7fysUip5M	loox/oreiller-soya-2-0_p52.html	2024-01-13T00:00:00Z	4	import_minuit_verifie	Sophie L.	oreiller-soya-2-0			Fini les problèmes de sommeil grâce à cet oreiller génial.
Loox	xgZPUbHBU7R	loox/oreiller-soya-2-0_p52.html	2024-01-12T00:00:00Z	5	import_minuit_verifie	Florian T.	oreiller-soya-2-0	confort (positif);housse		Confort optimal, même après plusieurs lavages la housse est nickel.
Loox	Hk6pOBEtzbj	loox/oreiller-soya-2-0_p52.html	2024-01-10T00:00:00Z	5	import_minuit_verifie	Vincent M.	oreiller-soya-2-0	livraison / delais;qualite percue		Qualité excellente, correspond totalement à mes attentes.
Loox	eOrr9W3b4dm	loox/oreiller-soya-2-0_p52.html	2024-01-09T00:00:00Z	5	import_minuit_verifie	Chloé C.	oreiller-soya-2-0	recommande		Fini les tensions dans le cou, je recommande vivement.
Loox	6iLOTneZEDA	loox/oreiller-soya-2-0_p52.html	2024-01-08T00:00:00Z	5	import_minuit_verifie	Anaïs B.	oreiller-soya-2-0	douleurs (cou, dos, epaules);temps d adaptation		Enfin un oreiller adapté pour dormir sur le ventre sans douleur !
Loox	i7Jtya1oZG	loox/oreiller-soya-2-0_p52.html	2024-01-08T00:00:00Z	5	import_minuit_verifie	Baptiste O.	oreiller-soya-2-0			Adopté dès la première nuit. Ma compagne dit que je ne ronfle presque plus. Très satisfait !
Loox	-ZJPiLAuWn4	loox/oreiller-soya-2-0_p52.html	2024-01-06T00:00:00Z	5	import_minuit_verifie	Claire T.	oreiller-soya-2-0			Cet oreiller a changé mes nuits. J'en ai pris un pour toute la famille !
Loox	EI6Ll0X8LpK	loox/oreiller-soya-2-0_p52.html	2024-01-04T00:00:00Z	4	import_minuit_verifie	Camille P.	oreiller-soya-2-0	conformite a l annonce		Je ne regrette absolument pas cet achat, Soya tient ses promesses.
Loox	F7HmM_yHyd3	loox/oreiller-soya-2-0_p52.html	2023-12-31T00:00:00Z	4	import_minuit_verifie	Mélanie M.	oreiller-soya-2-0	confort (positif);temps d adaptation		Très bon confort, juste un peu de mal à m'habituer au début.
Loox	CTMY_QKg4OE	loox/oreiller-soya-2-0_p52.html	2023-12-31T00:00:00Z	5	import_minuit_verifie	Céline D.	oreiller-soya-2-0	douleurs (cou, dos, epaules)		J'avais toujours mal au cou en me réveillant, c'est du passé grâce à Soya.
Loox	C--qFlJ-fk4	loox/oreiller-soya-2-0_p52.html	2023-12-30T00:00:00Z	5	import_minuit_verifie	Laura R.	oreiller-soya-2-0	douleurs (cou, dos, epaules)		J’avais des migraines matinales, c’est terminé grâce à SOYA.
Loox	kAgFebAco9c	loox/oreiller-soya-2-0_p52.html	2023-12-29T00:00:00Z	5	import_minuit_verifie	Thomas B.	oreiller-soya-2-0	recommande		Je viens d'en recommander un autre pour ma compagne.
Loox	tFq4PszogNN	loox/oreiller-soya-2-0_p52.html	2023-12-29T00:00:00Z	5	import_minuit_verifie	Nicolas B.	oreiller-soya-2-0	douleurs (cou, dos, epaules)		Super doux, plus aucune douleur au réveil.
Loox	ffHvP614P9P	loox/oreiller-soya-2-0_p52.html	2023-12-28T00:00:00Z	5	import_minuit_verifie	Alexandre M.	oreiller-soya-2-0			Quelques doutes au début, mais finalement très satisfaite du résultat.
Loox	GF0CeWuNka6	loox/oreiller-soya-2-0_p52.html	2023-12-26T00:00:00Z	5	import_minuit_verifie	Émilie M.	oreiller-soya-2-0	fermete (dur / mou)		Super oreiller, très doux tout en étant suffisamment ferme pour un bon maintien.
Loox	t43iKZEPCy0	loox/oreiller-soya-2-0_p52.html	2023-12-26T00:00:00Z	4	import_minuit_verifie	Nicolas T.	oreiller-soya-2-0			Bon produit, aide vraiment pour la posture durant la nuit.
Loox	yrLdcAVqJF4	loox/oreiller-soya-2-0_p52.html	2023-12-23T00:00:00Z	5	import_minuit_verifie	Sarah T.	oreiller-soya-2-0	douleurs (cou, dos, epaules)		Enfin des nuits sereines et sans douleurs, un grand merci !
Loox	o1n7uYSoSL0	loox/oreiller-soya-2-0_p52.html	2023-12-20T00:00:00Z	4	import_minuit_verifie	Thomas M.	oreiller-soya-2-0			La forme est parfaite, je me réveille enfin en pleine forme.
Loox	P-_odDX_Mxm	loox/oreiller-soya-2-0_p53.html	2023-12-20T00:00:00Z	4	import_minuit_verifie	Florian B.	oreiller-soya-2-0			Pas mal, mais je n’ai pas vu de changement significatif.
Loox	9qavJIZXKOw	loox/oreiller-soya-2-0_p53.html	2023-12-19T00:00:00Z	5	import_minuit_verifie	Mathilde V.	oreiller-soya-2-0			Cet oreiller ergonomique m'a vraiment surpris positivement.
Loox	wf1bIjL9PEv	loox/oreiller-soya-2-0_p53.html	2023-12-16T00:00:00Z	5	import_minuit_verifie	Quentin C.	oreiller-soya-2-0			Très efficace pour les problèmes cervicaux.
Loox	9WqSXPw3IN0	loox/oreiller-soya-2-0_p53.html	2023-12-15T00:00:00Z	5	import_minuit_verifie	Sarah C.	oreiller-soya-2-0	douleurs (cou, dos, epaules)		J'ai enfin trouvé un oreiller qui convient à mes migraines régulières. Bravo SOYA, adopté définitivement !
Loox	qkgiN2de2-S	loox/oreiller-soya-2-0_p53.html	2023-12-12T00:00:00Z	5	import_minuit_verifie	Mélanie R.	oreiller-soya-2-0	confort (positif)		La mousse mémoire de forme est super agréable, j'ai vraiment adopté cet oreiller rapidement.
Loox	2ekF70AcGYe	loox/oreiller-soya-2-0_p53.html	2023-12-11T00:00:00Z	5	import_minuit_verifie	Romain M.	oreiller-soya-2-0			Au début un peu sceptique, mais je ne regrette absolument pas mon achat.
Loox	uGU1rjM7iXa	loox/oreiller-soya-2-0_p53.html	2023-12-08T00:00:00Z	5	import_minuit_verifie	Antoine S.	oreiller-soya-2-0			Un indispensable pour les nuits difficiles.
Loox	u-WLv-lIFyW	loox/oreiller-soya-2-0_p53.html	2023-12-07T00:00:00Z	5	import_minuit_verifie	Hugo G.	oreiller-soya-2-0	douleurs (cou, dos, epaules)		Douleurs cervicales disparues, sommeil retrouvé.
Loox	aP2BmWZCTM0	loox/oreiller-soya-2-0_p53.html	2023-12-06T00:00:00Z	5	import_minuit_verifie	Romain K.	oreiller-soya-2-0			C'est ma deuxième commande chez SOYA, toujours aussi satisfaite.
Loox	jhCsq1HzSE3	loox/oreiller-soya-2-0_p53.html	2023-12-04T00:00:00Z	5	import_minuit_verifie	Léa R.	oreiller-soya-2-0	fermete (dur / mou);douleurs (cou, dos, epaules)		Oreiller bien ferme, parfait pour dormir sur le dos. Très satisfaite.
Loox	vZloQ90dqOb	loox/oreiller-soya-2-0_p53.html	2023-12-03T00:00:00Z	5	import_minuit_verifie	Quentin M.	oreiller-soya-2-0			Très bon produit, j'en ai offert à ma mère pour son anniversaire.
Loox	5IXT13j9arD	loox/oreiller-soya-2-0_p53.html	2023-12-02T00:00:00Z	5	import_minuit_verifie	Mathilde R.	oreiller-soya-2-0			Acheté après recommandation d'une amie, aucune déception, bien au contraire.
Loox	oQKPJ3nWpt9	loox/oreiller-soya-2-0_p53.html	2023-11-30T00:00:00Z	5	import_minuit_verifie	Baptiste L.	oreiller-soya-2-0			Je dors mieux, moins agité, je valide complètement.
Loox	gDvAGFc0fxl	loox/oreiller-soya-2-0_p53.html	2023-11-27T00:00:00Z	4	import_minuit_verifie	Léa M.	oreiller-soya-2-0			Un investissement sommeil très rentable.
Loox	KaPfsCSeJkx	loox/oreiller-soya-2-0_p53.html	2023-11-26T00:00:00Z	5	import_minuit_verifie	Sophie M.	oreiller-soya-2-0			Un peu difficile au début, mais maintenant je ne peux plus m'en passer.
Loox	NvdrCVM0Vhw	loox/oreiller-soya-2-0_p53.html	2023-11-24T00:00:00Z	4	import_minuit_verifie	Vincent C.	oreiller-soya-2-0			Très satisfait, je dors enfin comme un bébé et finis les ronflements.
Loox	op_HgoTp8QN	loox/oreiller-soya-2-0_p53.html	2023-11-24T00:00:00Z	5	import_minuit_verifie	Sarah G.	oreiller-soya-2-0	douleurs (cou, dos, epaules)		Enfin un oreiller qui me convient. Plus aucune douleur au réveil.
Loox	ZReWlOxFuxW	loox/oreiller-soya-2-0_p53.html	2023-11-21T00:00:00Z	3	import_minuit_verifie	Émilie B.	oreiller-soya-2-0	qualite percue		Je suis mitigée. L'oreiller est de bonne qualité mais je n'ai pas encore trouvé ma position idéale.
Loox	jdqlp_wcFc	loox/oreiller-soya-2-0_p53.html	2023-11-20T00:00:00Z	5	import_minuit_verifie	Marine M.	oreiller-soya-2-0	fermete (dur / mou)		Fermeté parfaite, mon sommeil est bien plus profond qu’avant.
Loox	u4ANGJ3enhP	loox/oreiller-soya-2-0_p53.html	2023-11-20T00:00:00Z	5	import_minuit_verifie	Léa G.	oreiller-soya-2-0	douleurs (cou, dos, epaules)		J’ai enfin arrêté de me réveiller à cause de mes douleurs cervicales grâce à SOYA.
Loox	ZxJeApD6RWt	loox/oreiller-soya-2-0_p54.html	2023-11-19T00:00:00Z	5	import_minuit_verifie	Arthur D.	oreiller-soya-2-0	confort (positif);douleurs (cou, dos, epaules)		Super confortable et pratique, les douleurs ont disparu rapidement.
Loox	JOQKB5qhtfL	loox/oreiller-soya-2-0_p54.html	2023-11-15T00:00:00Z	5	import_minuit_verifie	Manon I.	oreiller-soya-2-0			Excellent produit, la mousse mémoire de forme fait toute la différence.
Loox	mdkHeSKPzMs	loox/oreiller-soya-2-0_p54.html	2023-11-14T00:00:00Z	5	import_minuit_verifie	Paul T.	oreiller-soya-2-0	douleurs (cou, dos, epaules);qualite percue		Qualité au rendez-vous, mes douleurs cervicales ont totalement disparu.
Loox	OnGNhNUn10j	loox/oreiller-soya-2-0_p54.html	2023-11-12T00:00:00Z	4	import_minuit_verifie	Antoine D.	oreiller-soya-2-0			Ma femme me le vollee sans arrêt. Il va falloir en commander d'autress....
Loox	l7OvbQeh9jJ	loox/oreiller-soya-2-0_p54.html	2023-11-11T00:00:00Z	5	import_minuit_verifie	Paul B.	oreiller-soya-2-0			Même après plusieurs mois, toujours aussi satisfait.
Loox	AYzofnOXxQz	loox/oreiller-soya-2-0_p54.html	2023-11-07T00:00:00Z	5	import_minuit_verifie	Arthur B.	oreiller-soya-2-0			Super achat, adopté par toute la famille sans hésiter.
Loox	VNFO1rEVItl	loox/oreiller-soya-2-0_p54.html	2023-11-02T00:00:00Z	5	import_minuit_verifie	Anaïs S.	oreiller-soya-2-0			Au début un peu sceptique, finalement très satisfaite de mon achat.
Loox	-InTKJHXXJM	loox/oreiller-soya-2-0_p54.html	2023-11-02T00:00:00Z	5	import_minuit_verifie	Arthur G.	oreiller-soya-2-0	recommande		Super produit, j'en ai même recommandé un second pour ma femme.
Loox	mXMz2b1m-cE	loox/oreiller-soya-2-0_p54.html	2023-11-01T00:00:00Z	5	import_minuit_verifie	Nicolas P.	oreiller-soya-2-0			Très content, mes nuits sont devenues vraiment reposantes.
Loox	1rg-nmKszB6	loox/oreiller-soya-2-0_p54.html	2023-11-01T00:00:00Z	5	import_minuit_verifie	Alexandre P.	oreiller-soya-2-0	douleurs (cou, dos, epaules)		Parfait équilibre entre douceur et soutien cervical.
Loox	AuMY-Vfayx2	loox/oreiller-soya-2-0_p54.html	2023-10-31T00:00:00Z	5	import_minuit_verifie	Mélanie D.	oreiller-soya-2-0	douleurs (cou, dos, epaules);recommande		Je le recommande sans hésiter, surtout pour les douleurs cervicales persistantes.
Loox	nub-dNsSkyo	loox/oreiller-soya-2-0_p54.html	2023-10-29T00:00:00Z	5	import_minuit_verifie	Baptiste D.	oreiller-soya-2-0			Mon sommeil a radicalement changé en mieux depuis Soya.
Loox	uaItuAjLMyW	loox/oreiller-soya-2-0_p54.html	2023-10-28T00:00:00Z	4	import_minuit_verifie	Marine B.	oreiller-soya-2-0	confort (positif);hauteur / epaisseur		Confortable, mais un peu trop épais pour mon gabarit.
Loox	bKtZDJvMOK	loox/oreiller-soya-2-0_p54.html	2023-10-28T00:00:00Z	5	import_minuit_verifie	Hugo H.	oreiller-soya-2-0	confort (positif)		Très bon oreiller, mes nuits sont beaucoup plus agréables maintenant.
Loox	9AASH5-xT3n	loox/oreiller-soya-2-0_p54.html	2023-10-27T00:00:00Z	4	import_minuit_verifie	Chloé D.	oreiller-soya-2-0	taille / dimensions / taie		Oreiller ergonomique efficace, même si j’aurais aimé une taille plus petite.
Loox	ORS6X306SvW	loox/oreiller-soya-2-0_p54.html	2023-10-27T00:00:00Z	5	import_minuit_verifie	Mélanie F.	oreiller-soya-2-0			J’ai acheté l'oreiller SOYA sur recommandation et j'en suis ravie !
Loox	AGHPAntjPaS	loox/oreiller-soya-2-0_p54.html	2023-10-24T00:00:00Z	5	import_minuit_verifie	Thomas G.	oreiller-soya-2-0			Je ronfle beaucoup moins depuis qu'il dort avec cet oreiller. Et ma, femme elle revit
Loox	DFZMYVZEaYu	loox/oreiller-soya-2-0_p54.html	2023-10-23T00:00:00Z	5	import_minuit_verifie	Emma M.	oreiller-soya-2-0			Franchement bluffée. J'ai commandé un deuxième pour mon conjoint. Merci SOYA.
Loox	SD8-cihMA45	loox/oreiller-soya-2-0_p54.html	2023-10-23T00:00:00Z	5	import_minuit_verifie	Mélanie M.	oreiller-soya-2-0			Enfin un oreiller qui respecte vraiment l’alignement de la colonne.
Loox	52QZ-HgvJyy	loox/oreiller-soya-2-0_p54.html	2023-10-19T00:00:00Z	5	import_minuit_verifie	Paul C.	oreiller-soya-2-0	qualite percue		Qualité vraiment premium, c'est mon oreiller préféré.
Loox	0vo2xQE5GnE	loox/oreiller-soya-2-0_p55.html	2023-10-19T00:00:00Z	5	import_minuit_verifie	Thomas R.	oreiller-soya-2-0	douleurs (cou, dos, epaules)		Très bon produit, je dors enfin sans douleurs au réveil.
Loox	I2xjJHu77gf	loox/oreiller-soya-2-0_p55.html	2023-10-18T00:00:00Z	3	import_minuit_verifie	Sophie G.	oreiller-soya-2-0			Meilleur que tous les oreillers que j’ai pu essayer auparavant.
Loox	Ki-owC_ArB2	loox/oreiller-soya-2-0_p55.html	2023-10-15T00:00:00Z	5	import_minuit_verifie	Laura B.	oreiller-soya-2-0			Très satisfaite, j'ai acheté un second oreiller pour mon mari.
Loox	IM40NKN1WH	loox/oreiller-soya-2-0_p55.html	2023-10-14T00:00:00Z	5	import_minuit_verifie	Paul L.	oreiller-soya-2-0	temps d adaptation;qualite percue		Bonne qualité mais j'ai eu besoin de quelques jours pour m'adapter pleinement.
Loox	X_24DpKaKfG	loox/oreiller-soya-2-0_p55.html	2023-10-11T00:00:00Z	5	import_minuit_verifie	Laura W.	oreiller-soya-2-0			Mon compagnon ne ronfle plus, nos nuits sont calmes !
Loox	fRQJcIntQph	loox/oreiller-soya-2-0_p55.html	2023-10-03T00:00:00Z	5	import_minuit_verifie	Alexandre F.	oreiller-soya-2-0			Rien à redire, vraiment satisfait de mon choix pour Soya.
Loox	YmQiHKCAM4s	loox/oreiller-soya-2-0_p55.html	2023-10-01T00:00:00Z	5	import_minuit_verifie	Arthur P.	oreiller-soya-2-0			Je ne changerai plus jamais d’oreiller, Soya est parfait.
Loox	WPjTGqHFYXY	loox/oreiller-soya-2-0_p55.html	2023-09-29T00:00:00Z	5	import_minuit_verifie	Quentin M.	oreiller-soya-2-0			J'aime particulièrement la douceur et le maintien de l'oreiller.
Loox	rudCXiAypNW	loox/oreiller-soya-2-0_p55.html	2023-09-25T00:00:00Z	5	import_minuit_verifie	Léa P.	oreiller-soya-2-0	confort (positif)		Très confortable, mon sommeil s’est nettement amélioré depuis l’achat.
Loox	qVn6HvXIe4V	loox/oreiller-soya-2-0_p55.html	2023-09-24T00:00:00Z	4	import_minuit_verifie	Alexandre M.	oreiller-soya-2-0	temps d adaptation;qualite percue		Bonne qualité générale, juste besoin de quelques jours pour s'adapter.
Loox	GzodJ7WDPnR	loox/oreiller-soya-2-0_p55.html	2023-09-15T00:00:00Z	5	import_minuit_verifie	Claire H.	oreiller-soya-2-0	prix / valeur		J’ai hésité à cause du prix mais aucun regret après l’utilisation.
Loox	OyKk6D0oi-1	loox/oreiller-soya-2-0_p55.html	2023-09-12T00:00:00Z	5	import_minuit_verifie	Céline C.	oreiller-soya-2-0	confort (positif)		Un confort exceptionnel dès la première nuit.
Loox	FYWkkbJDw1b	loox/oreiller-soya-2-0_p55.html	2023-09-11T00:00:00Z	5	import_minuit_verifie	Sophie B.	oreiller-soya-2-0			Un soulagement immédiat dès la première nuit, incroyable mais vrai !
Loox	yKIKdqt8gO	loox/oreiller-soya-2-0_p55.html	2023-09-05T00:00:00Z	3	import_minuit_verifie	Alexandre D.	oreiller-soya-2-0			Acheté sur recommandation, je ne suis pas déçu.
Loox	dDsyYbW6yJk	loox/oreiller-soya-2-0_p55.html	2023-09-04T00:00:00Z	5	import_minuit_verifie	Julien W.	oreiller-soya-2-0	douleurs (cou, dos, epaules)		Oreiller parfait pour les douleurs cervicales, j'ai enfin retrouvé le sommeil.
Loox	t5Uj9pul601	loox/oreiller-soya-2-0_p55.html	2023-09-04T00:00:00Z	4	import_minuit_verifie	Chloé D.	oreiller-soya-2-0			Vraiment efficace, ma compagne en veut un aussi maintenant.
Loox	_C7IKw2ogW2	loox/oreiller-soya-2-0_p55.html	2023-08-31T00:00:00Z	5	import_minuit_verifie	Emma L.	oreiller-soya-2-0			Très bon oreiller.
Loox	oAt1Qc2OSg4	loox/oreiller-soya-2-0_p55.html	2023-08-31T00:00:00Z	5	import_minuit_verifie	Sarah R.	oreiller-soya-2-0	temps d adaptation		Après quelques nuits d'adaptation, c’est un vrai bonheur. J’en parle à toute ma famille.
Loox	91GXtVLsYG2	loox/oreiller-soya-2-0_p55.html	2023-08-26T00:00:00Z	5	import_minuit_verifie	Antoine M.	oreiller-soya-2-0	qualite percue		Vraiment impressionné par la qualité du produit, bravo Soya.
Loox	JhLY4pcHTYO	loox/oreiller-soya-2-0_p55.html	2023-08-26T00:00:00Z	5	import_minuit_verifie	Maxime G.	oreiller-soya-2-0			Le meilleur investissement sommeil que j’ai fait depuis longtemps.
Loox	HiVTkvuKOkS	loox/oreiller-soya-2-0_p56.html	2023-08-25T00:00:00Z	5	import_minuit_verifie	Arthur L.	oreiller-soya-2-0			J’en ai acheté pour toute la famille, tout le monde est satisfait.
Loox	i9IxUo8JcPz	loox/oreiller-soya-2-0_p56.html	2023-08-24T00:00:00Z	5	import_minuit_verifie	Emma S.	oreiller-soya-2-0			Le seul oreiller qui ne s'affaisse pas après quelques semaines.
Loox	saMQ85WQ9mf	loox/oreiller-soya-2-0_p56.html	2023-08-23T00:00:00Z	5	import_minuit_verifie	Antoine R.	oreiller-soya-2-0			Très efficace contre les ronflements, sommeil apaisé.
Loox	YOSF1x2t0wD	loox/oreiller-soya-2-0_p56.html	2023-08-22T00:00:00Z	5	import_minuit_verifie	Sarah G.	oreiller-soya-2-0			Mon homme m’a dit que je respirais plus doucement la nuit. Est-ce que c'est grâce à soya aucune idée...
Loox	pnbioLAu4A2	loox/oreiller-soya-2-0_p56.html	2023-08-21T00:00:00Z	5	import_minuit_verifie	Florian L.	oreiller-soya-2-0			Bien mieux que tous les autres oreillers ergonomiques essayés avant.
Loox	38eaEiWaplQ	loox/oreiller-soya-2-0_p56.html	2023-08-19T00:00:00Z	5	import_minuit_verifie	Florian W.	oreiller-soya-2-0	douleurs (cou, dos, epaules)		Une vraie révélation pour mes douleurs cervicales !
Loox	6vhL4nhM5L	loox/oreiller-soya-2-0_p56.html	2023-08-16T00:00:00Z	5	import_minuit_verifie	Antoine G.	oreiller-soya-2-0	recommande		Un produit haut de gamme à recommander sans hésiter.
Loox	nbzjQuubEC2	loox/oreiller-soya-2-0_p56.html	2023-08-13T00:00:00Z	5	import_minuit_verifie	Sophie P.	oreiller-soya-2-0	confort (positif)		Top confort, mes nuits sont transformées.
Loox	YGRYqO8EDKE	loox/oreiller-soya-2-0_p56.html	2023-08-12T00:00:00Z	5	import_minuit_verifie	Nicolas D.	oreiller-soya-2-0			Je voyage beaucoup, c’est le seul oreiller qui me suit partout maintenant.
Loox	IkHWBC85C8Q	loox/oreiller-soya-2-0_p56.html	2023-08-12T00:00:00Z	5	import_minuit_verifie	Antoine D.	oreiller-soya-2-0			Je trouve cet oreiller bien meilleur que tous les autres que j’ai testés avant.
Loox	76DpFD7sx0g	loox/oreiller-soya-2-0_p56.html	2023-08-12T00:00:00Z	4	import_minuit_verifie	Maxime R.	oreiller-soya-2-0			Après avoir essayé plein d'oreillers, je pensais plus en trouver un bon.  Le SOYA est une belle surprise, mes nuits ont totalement changé depuis 3 mois.
Loox	Rd_Vz4AwtL8	loox/oreiller-soya-2-0_p56.html	2023-08-11T00:00:00Z	5	import_minuit_verifie	Julien N.	oreiller-soya-2-0			Je dors enfin bien grâce à l'oreiller Soya, merci !
Loox	JU2taFRVSo3	loox/oreiller-soya-2-0_p56.html	2023-08-10T00:00:00Z	5	import_minuit_verifie	Nicolas P.	oreiller-soya-2-0			Je n’ai jamais dormi aussi bien, merci SOYA !
Loox	5B_0GtxJ3rQ	loox/oreiller-soya-2-0_p56.html	2023-08-05T00:00:00Z	5	import_minuit_verifie	Thomas F.	oreiller-soya-2-0			Je dors beaucoup mieux depuis que j'ai changé pour cet oreiller Soya.
Loox	K7l302Len3_	loox/oreiller-soya-2-0_p56.html	2023-08-05T00:00:00Z	5	import_minuit_verifie	Mélanie C.	oreiller-soya-2-0	confort (positif)		Un confort immédiat et durable, vraiment impressionnant.
Loox	LBI0hJ3vvcX	loox/oreiller-soya-2-0_p56.html	2023-08-05T00:00:00Z	5	import_minuit_verifie	Camille B.	oreiller-soya-2-0			Mon sommeil s'est nettement amélioré, merci SOYA.
Loox	E-SEqV7Nt9A	loox/oreiller-soya-2-0_p56.html	2023-08-03T00:00:00Z	5	import_minuit_verifie	Manon B.	oreiller-soya-2-0	recommande		Mon kiné me l'a conseillé, ça fait largement le taff !! Mais du coup je passe plus trop faire des séances chez elle hahah
Loox	rYVhFYceGKq	loox/oreiller-soya-2-0_p56.html	2023-08-03T00:00:00Z	4	import_minuit_verifie	Chloé L.	oreiller-soya-2-0			J'adore, c'est clairement mieux que les oreillers d'hôtels, même de luxe.
Loox	Of-X8kA0rf2	loox/oreiller-soya-2-0_p56.html	2023-07-31T00:00:00Z	3	import_minuit_verifie	Émilie D.	oreiller-soya-2-0	confort (positif)		Un peu grand, mais idéal si on a un lit large, le confort est top.
Loox	jfNk90ITDRu	loox/oreiller-soya-2-0_p56.html	2023-07-30T00:00:00Z	5	import_minuit_verifie	Mélanie L.	oreiller-soya-2-0			Un oreiller indispensable pour mes nuits maintenant.
Loox	lsG9F7LVFsu	loox/oreiller-soya-2-0_p57.html	2023-07-29T00:00:00Z	5	import_minuit_verifie	Emma M.	oreiller-soya-2-0			Même en voyage je l’emporte, indispensable désormais !
Loox	qWx-Giflifs	loox/oreiller-soya-2-0_p57.html	2023-07-29T00:00:00Z	5	import_minuit_verifie	Manon M.	oreiller-soya-2-0	conformite a l annonce		Enfin un oreiller qui tient ses promesses, mon sommeil est meilleur que jamais.
Loox	RI6RS3d1CFc	loox/oreiller-soya-2-0_p57.html	2023-07-27T00:00:00Z	4	import_minuit_verifie	Thomas B.	oreiller-soya-2-0	douleurs (cou, dos, epaules)		Enfin une solution pour les réveils sans douleurs musculaires.
Loox	5mXbCT3UAXx	loox/oreiller-soya-2-0_p57.html	2023-07-27T00:00:00Z	5	import_minuit_verifie	Florian S.	oreiller-soya-2-0	confort (positif);qualite percue		Le confort et la qualité sont vraiment au rendez-vous.
Loox	LmfnJcC3gd2	loox/oreiller-soya-2-0_p57.html	2023-07-24T00:00:00Z	4	import_minuit_verifie	Sarah J.	oreiller-soya-2-0	qualite percue		Génial, qualité au top. Rien à dire.
Loox	3_1IjueOAX2	loox/oreiller-soya-2-0_p57.html	2023-07-23T00:00:00Z	5	import_minuit_verifie	Claire J.	oreiller-soya-2-0	qualite percue;recommande		Qualité exceptionnelle, je recommande vivement.
Loox	sixTzlv8Yt4	loox/oreiller-soya-2-0_p57.html	2023-07-23T00:00:00Z	5	import_minuit_verifie	Laura C.	oreiller-soya-2-0			SOYA 2.0 juste parfait, j'avais le 1.0 avant
Loox	ABJZnxB9xJ	loox/oreiller-soya-2-0_p57.html	2023-07-22T00:00:00Z	3	import_minuit_verifie	Chloé N.	oreiller-soya-2-0			Adopté dès la première nuit !
Loox	LMjHFmORiyO	loox/oreiller-soya-2-0_p57.html	2023-07-21T00:00:00Z	5	import_minuit_verifie	Florian B.	oreiller-soya-2-0	douleurs (cou, dos, epaules);qualite percue		Super qualité, vraiment bien pensé pour les cervicales.
Loox	Gyfu6Z4ZCrw	loox/oreiller-soya-2-0_p57.html	2023-07-17T00:00:00Z	5	import_minuit_verifie	Baptiste V.	oreiller-soya-2-0	confort (positif);qualite percue;prix / valeur		Un peu cher, mais la qualité et le confort sont au rendez-vous.
Loox	KRBHHNbjeHm	loox/oreiller-soya-2-0_p57.html	2023-07-13T00:00:00Z	5	import_minuit_verifie	Marine D.	oreiller-soya-2-0			Ma posture est nettement meilleure depuis que je dors avec cet oreiller.
Loox	3iAQZ58HuUf	loox/oreiller-soya-2-0_p57.html	2023-07-11T00:00:00Z	5	import_minuit_verifie	Lucie G.	oreiller-soya-2-0	douleurs (cou, dos, epaules)		J'adore cet oreiller ! Il m'a débarrassé de mes tensions cervicales.
Loox	5P68vNVgWj	loox/oreiller-soya-2-0_p57.html	2023-07-09T00:00:00Z	5	import_minuit_verifie	Antoine G.	oreiller-soya-2-0			Je ne peux plus dormir sans. Littérament.
Loox	zIleZXYrtQU	loox/oreiller-soya-2-0_p57.html	2023-07-09T00:00:00Z	5	import_minuit_verifie	Émilie G.	oreiller-soya-2-0	qualite percue		Qualité de sommeil nettement améliorée depuis l'achat de Soya.
Loox	tBn2PRr4LX	loox/oreiller-soya-2-0_p57.html	2023-07-03T00:00:00Z	5	import_minuit_verifie	Anaïs S.	oreiller-soya-2-0	temps d adaptation;retour / remboursement		Une fois habitué, impossible de retourner à un oreiller classique.
Loox	GZwyWLjTiB7	loox/oreiller-soya-2-0_p57.html	2023-07-02T00:00:00Z	5	import_minuit_verifie	Émilie B.	oreiller-soya-2-0			Pas immédiatement convaincu, mais après une semaine c’est devenu indispensable.
Loox	ya2s_pgcu	loox/oreiller-soya-2-0_p57.html	2023-06-30T00:00:00Z	5	import_minuit_verifie	Anaïs B.	oreiller-soya-2-0	fermete (dur / mou);douleurs (cou, dos, epaules)		L’oreiller Soya est ferme juste comme il faut, parfait pour ma nuque sensible.
Loox	-zw1f6pDTi2	loox/oreiller-soya-2-0_p57.html	2023-06-29T00:00:00Z	4	import_minuit_verifie	Chloé C.	oreiller-soya-2-0	recommande		Excellent produit, je recommande vivement.
Loox	VLDudz26dlD	loox/oreiller-soya-2-0_p57.html	2023-06-28T00:00:00Z	5	import_minuit_verifie	Romain C.	oreiller-soya-2-0			Le meilleur investissement sommeil que j’ai fait depuis longtemps.
Loox	pQWA4_EW6Pk	loox/oreiller-soya-2-0_p57.html	2023-06-27T00:00:00Z	5	import_minuit_verifie	Céline C.	oreiller-soya-2-0	douleurs (cou, dos, epaules)		Oreiller fantastique, plus de migraines matinales pour moi.
Loox	qtczMT2DkIP	loox/oreiller-soya-2-0_p58.html	2023-06-24T00:00:00Z	5	import_minuit_verifie	Chloé G.	oreiller-soya-2-0	qualite percue		Je revis, vraiment idéal pour améliorer la qualité du sommeil.
Loox	8r3q9OHX4ps	loox/oreiller-soya-2-0_p58.html	2023-06-22T00:00:00Z	5	import_minuit_verifie	Thomas C.	oreiller-soya-2-0			Super oreiller, posture améliorée dès les premières nuits. Ma copine veut le même.
Loox	n8bmk-dAhvm	loox/oreiller-soya-2-0_p58.html	2023-06-20T00:00:00Z	5	import_minuit_verifie	Émilie G.	oreiller-soya-2-0			Oreiller adopté par toute la famille. Même mon mari, très difficile, adore.
Loox	Ec3lmbqzxy_	loox/oreiller-soya-2-0_p58.html	2023-06-19T00:00:00Z	5	import_minuit_verifie	Sophie A.	oreiller-soya-2-0	recommande		L'oreiller parfait selon moi, je recommande vivement.
Loox	3lMoizTGRe5	loox/oreiller-soya-2-0_p58.html	2023-06-19T00:00:00Z	5	import_minuit_verifie	Julien B.	oreiller-soya-2-0			Je l'ai adopté immédiatement, je dors mieux et sans interruption.
Loox	WjwQ4M4nFD2	loox/oreiller-soya-2-0_p58.html	2023-06-16T00:00:00Z	5	import_minuit_verifie	Arthur P.	oreiller-soya-2-0			Fini les réveils douloureux, SOYA est vraiment au top !
Loox	F04EsBpBh1v	loox/oreiller-soya-2-0_p58.html	2023-06-16T00:00:00Z	5	import_minuit_verifie	Laura M.	oreiller-soya-2-0	douleurs (cou, dos, epaules)		J'avais toujours mal à la nuque au réveil. Là, en quelques nuits, c'était fini. Incroyable.
Loox	qTM-MjFDkij	loox/oreiller-soya-2-0_p58.html	2023-06-11T00:00:00Z	5	import_minuit_verifie	Mélanie P.	oreiller-soya-2-0	douleurs (cou, dos, epaules)		Plus jamais je dors avec un oreiller classique. Celui-là soutient parfaitement ma nuque.
Loox	74mSVpvUAMv	loox/oreiller-soya-2-0_p58.html	2023-06-11T00:00:00Z	5	import_minuit_verifie	Émilie R.	oreiller-soya-2-0	douleurs (cou, dos, epaules)		J'ai acheté cet oreiller Soya pour mes douleurs chroniques et franchement je suis impressionné.
Loox	T5VAquuyiuy	loox/oreiller-soya-2-0_p58.html	2023-06-11T00:00:00Z	5	import_minuit_verifie	Baptiste G.	oreiller-soya-2-0			Parfait dès la première nuit, je ne m'en passe plus.
Loox	l9mDakOKRec	loox/oreiller-soya-2-0_p58.html	2023-06-10T00:00:00Z	5	import_minuit_verifie	Nicolas R.	oreiller-soya-2-0	douleurs (cou, dos, epaules)		Mes douleurs au réveil ont complètement disparu depuis que j’ai cet oreiller.
Loox	WUlWDfam7lT	loox/oreiller-soya-2-0_p58.html	2023-06-07T00:00:00Z	5	import_minuit_verifie	Claire H.	oreiller-soya-2-0	recommande		Soya m’a été recommandé par un ami et je comprends pourquoi, génial !
Loox	IGoav_I5hYI	loox/oreiller-soya-2-0_p58.html	2023-06-03T00:00:00Z	5	import_minuit_verifie	Claire M.	oreiller-soya-2-0	douleurs (cou, dos, epaules)		C'est le seul oreiller qui me permet de dormir sans me réveiller la nuque en compote.
Loox	m-5N3r7f4OQ	loox/oreiller-soya-2-0_p58.html	2023-06-02T00:00:00Z	5	import_minuit_verifie	Anaïs M.	oreiller-soya-2-0	qualite percue;recommande		Super qualité, l’oreiller garde bien sa forme. Je recommande à 100%.
Loox	t3kV6owf_4z	loox/oreiller-soya-2-0_p58.html	2023-06-01T00:00:00Z	5	import_minuit_verifie	Baptiste D.	oreiller-soya-2-0	qualite percue		Je ne pensais pas qu'un oreiller pouvait autant changer ma qualité de sommeil.
Loox	F3C23Q82NCZ	loox/oreiller-soya-2-0_p58.html	2023-05-31T00:00:00Z	5	import_minuit_verifie	Baptiste T.	oreiller-soya-2-0	confort (positif)		Rien à redire, parfait pour mon confort nocturne.
Loox	LA-intfL8qe	loox/oreiller-soya-2-0_p58.html	2023-05-30T00:00:00Z	5	import_minuit_verifie	Baptiste M.	oreiller-soya-2-0	prix / valeur		J'ai hésité à cause du prix, mais finalement aucun regret, ça vaut l'investissement.
Loox	NULhsknnVC1	loox/oreiller-soya-2-0_p58.html	2023-05-29T00:00:00Z	5	import_minuit_verifie	Maxime B.	oreiller-soya-2-0			Je pensais pas qu'un oreiller pouvait faire autant la différence en terme de sommeil profond.
Loox	hjBLwJ745C-	loox/oreiller-soya-2-0_p58.html	2023-05-29T00:00:00Z	5	import_minuit_verifie	Nicolas D.	oreiller-soya-2-0	temps d adaptation		Une petite adaptation au début, mais maintenant c'est parfait.
Loox	3JgDUxJZEMn	loox/oreiller-soya-2-0_p58.html	2023-05-29T00:00:00Z	5	import_minuit_verifie	Hugo M.	oreiller-soya-2-0	fermete (dur / mou)		Un peu dur au début, mais après quelques nuits, c'est devenu mon oreiller préféré.
Loox	bIj2-SEn7JD	loox/oreiller-soya-2-0_p59.html	2023-05-28T00:00:00Z	5	import_minuit_verifie	Mathilde M.	oreiller-soya-2-0	confort (positif)		Ça change vraiment les nuits, produit très efficace et confortable.
Loox	Q-nlv2ZKIYJ	loox/oreiller-soya-2-0_p59.html	2023-05-28T00:00:00Z	5	import_minuit_verifie	Laura L.	oreiller-soya-2-0	qualite percue		J'ai remarqué une vraie amélioration de ma qualité de sommeil.
Loox	BXAyJuEVf4N	loox/oreiller-soya-2-0_p59.html	2023-05-25T00:00:00Z	5	import_minuit_verifie	Maxime T.	oreiller-soya-2-0			Je n'y croyais pas mais vraiment très satisfaite.
Loox	GaDzCwMThqQ	loox/oreiller-soya-2-0_p59.html	2023-05-25T00:00:00Z	5	import_minuit_verifie	Claire L.	oreiller-soya-2-0	livraison / delais;conformite a l annonce		Livraison rapide, produit conforme, je suis ravie.
Loox	MVTzA9_YZ-L	loox/oreiller-soya-2-0_p59.html	2023-05-18T00:00:00Z	5	import_minuit_verifie	Camille G.	oreiller-soya-2-0			L'oreiller SOYA m’a permis de retrouver un sommeil réparateur.
Loox	QJ653xLfXHb	loox/oreiller-soya-2-0_p59.html	2023-05-18T00:00:00Z	5	import_minuit_verifie	Mélanie B.	oreiller-soya-2-0			Mon mari ronfle beaucoup moins depuis cet achat. C'est miraculeux !
Loox	rvN6pe0GO0X	loox/oreiller-soya-2-0_p59.html	2023-05-16T00:00:00Z	4	import_minuit_verifie	Léa R.	oreiller-soya-2-0			Acheté sur conseil d’un ami, pas déçu du tout.
Loox	-wcnzxpFj3k	loox/oreiller-soya-2-0_p59.html	2023-05-16T00:00:00Z	5	import_minuit_verifie	Florian D.	oreiller-soya-2-0	douleurs (cou, dos, epaules)		Fini les migraines du matin depuis que j’utilise Soya, vraiment contente de mon achat.
Loox	045hrBeKNdP	loox/oreiller-soya-2-0_p59.html	2023-05-15T00:00:00Z	5	import_minuit_verifie	Laura G.	oreiller-soya-2-0	confort (positif)		Le produit semble bien, mais je m'attendais à un confort plus moelleux. Je continue à l'essayer.
Loox	I9aPQ-26sBI	loox/oreiller-soya-2-0_p59.html	2023-05-14T00:00:00Z	5	import_minuit_verifie	Léa P.	oreiller-soya-2-0	qualite percue		Franchement, je ne m'attendais pas à une telle qualité. C'est largement au-dessus de ce qu'on trouve dans les hôtels.
Loox	mNST0jBfbeI	loox/oreiller-soya-2-0_p59.html	2023-05-11T00:00:00Z	5	import_minuit_verifie	Romain R.	oreiller-soya-2-0			Très satisfait, je ressens une vraie différence sur ma posture.
Loox	TlEDqHQjYm1	loox/oreiller-soya-2-0_p59.html	2023-05-11T00:00:00Z	5	import_minuit_verifie	Thomas T.	oreiller-soya-2-0			Le seul oreiller que je supporte désormais.
Loox	gkECTL-U_27	loox/oreiller-soya-2-0_p59.html	2023-05-05T00:00:00Z	5	import_minuit_verifie	Maxime P.	oreiller-soya-2-0			La forme est originale, mais pas encore convaincue à 100%.
Loox	si6TDPv-p7z	loox/oreiller-soya-2-0_p59.html	2023-05-05T00:00:00Z	5	import_minuit_verifie	Émilie G.	oreiller-soya-2-0			Je l'ai offert à mon mari, il ne peut plus s'en passer.
Loox	6h82fG-ez41	loox/oreiller-soya-2-0_p59.html	2023-05-02T00:00:00Z	5	import_minuit_verifie	Lucie L.	oreiller-soya-2-0			C’est le deuxième oreiller que je commande chez SOYA. Mon conjoint était jaloux du mien, il adore aussi désormais !
Loox	I8KBP7fwbPP	loox/oreiller-soya-2-0_p59.html	2023-04-29T00:00:00Z	5	import_minuit_verifie	Sophie G.	oreiller-soya-2-0	confort (positif);douleurs (cou, dos, epaules)		Incroyablement confortable, je n'ai plus de douleurs depuis l'achat.
Loox	eC0aXjngt49	loox/oreiller-soya-2-0_p59.html	2023-04-26T00:00:00Z	5	import_minuit_verifie	Mathilde R.	oreiller-soya-2-0			Enfin une vraie solution à mes problèmes de sommeil.
Loox	3rrc7usesLt	loox/oreiller-soya-2-0_p59.html	2023-04-24T00:00:00Z	5	import_minuit_verifie	Manon T.	oreiller-soya-2-0			Je revis depuis que j'utilise cet oreiller, parfait pour moi !
Loox	wFSJq5kwsuS	loox/oreiller-soya-2-0_p59.html	2023-04-19T00:00:00Z	5	import_minuit_verifie	Lucie L.	oreiller-soya-2-0	confort (positif);fermete (dur / mou)		Très bon oreiller. Le confort est optimal, même si au début la fermeté surprend un peu.
Loox	zWwLQQQIPbF	loox/oreiller-soya-2-0_p59.html	2023-04-18T00:00:00Z	5	import_minuit_verifie	Mathilde D.	oreiller-soya-2-0	qualite percue;recommande		Produit de grande qualité, je recommande sans hésitation.
Loox	owq_W1qEN_	loox/oreiller-soya-2-0_p60.html	2023-04-17T00:00:00Z	5	import_minuit_verifie	Lucie A.	oreiller-soya-2-0			Je n’ai plus besoin d’empiler plusieurs oreillers, celui-ci est suffisant.
Loox	OZu39SmiNtM	loox/oreiller-soya-2-0_p60.html	2023-04-16T00:00:00Z	5	import_minuit_verifie	Julien M.	oreiller-soya-2-0			Mon conjoint ne ronfle presque plus depuis qu’il utilise l'oreiller Soya, merci !
Loox	ebLW_Aeu9eK	loox/oreiller-soya-2-0_p60.html	2023-04-13T00:00:00Z	5	import_minuit_verifie	Laura C.	oreiller-soya-2-0			Je trouve cet oreiller bien meilleur que tous les autres que j’ai testés avant.
Loox	rm9nAJf77_J	loox/oreiller-soya-2-0_p60.html	2023-04-12T00:00:00Z	4	import_minuit_verifie	Laura B.	oreiller-soya-2-0			Je l’utilise même en position assise sur le canapé, il me soulage la colonne.
Loox	dBXFaHY9dp	loox/oreiller-soya-2-0_p60.html	2023-04-12T00:00:00Z	4	import_minuit_verifie	Emma F.	oreiller-soya-2-0			J’ai testé plusieurs marques, Soya est largement supérieur.
Loox	gQKrntfwR1W	loox/oreiller-soya-2-0_p60.html	2023-04-11T00:00:00Z	3	import_minuit_verifie	Alexandre L.	oreiller-soya-2-0			Je sens vraiment la différence sur ma posture depuis que j'ai l'oreiller Soya.
Loox	oC86xdaiyQW	loox/oreiller-soya-2-0_p60.html	2023-04-10T00:00:00Z	5	import_minuit_verifie	Julien B.	oreiller-soya-2-0			Même en vacances, impossible de m’en séparer désormais !
Loox	2_BHXmRKKaZ	loox/oreiller-soya-2-0_p60.html	2023-04-10T00:00:00Z	5	import_minuit_verifie	Maxime S.	oreiller-soya-2-0	douleurs (cou, dos, epaules)		Parfait pour ma nuque et mes épaules, vraiment soulagé.
Loox	nfa7_EBKj0t	loox/oreiller-soya-2-0_p60.html	2023-04-08T00:00:00Z	5	import_minuit_verifie	Nicolas D.	oreiller-soya-2-0			Ma posture s'est améliorée de manière impressionnante depuis l'achat.
Loox	XwpdG4uxP_6	loox/oreiller-soya-2-0_p60.html	2023-04-07T00:00:00Z	5	import_minuit_verifie	Baptiste G.	oreiller-soya-2-0	douleurs (cou, dos, epaules)		Un vrai changement dans mon sommeil, très bon maintien cervical.
Loox	zR7rpSUiOgA	loox/oreiller-soya-2-0_p60.html	2023-04-07T00:00:00Z	5	import_minuit_verifie	Chloé P.	oreiller-soya-2-0			Enfin un oreiller digne de ce nom. Terminé les nuits compliquées.
Loox	cCwCz20Tb8B	loox/oreiller-soya-2-0_p60.html	2023-04-06T00:00:00Z	5	import_minuit_verifie	Antoine D.	oreiller-soya-2-0			Premières nuits difficiles mais après c’est devenu indispensable.
Loox	I5Ij75meIPz	loox/oreiller-soya-2-0_p60.html	2023-04-05T00:00:00Z	5	import_minuit_verifie	Alexandre G.	oreiller-soya-2-0	confort (positif)		On sent que c’est pensé pour le confort ET pour la santé. Je dors mieux et je me tiens plus droit dans la journée. Merci SOYA
Loox	RvjZ1jHGCfv	loox/oreiller-soya-2-0_p60.html	2023-04-04T00:00:00Z	5	import_minuit_verifie	Romain B.	oreiller-soya-2-0	qualite percue		Produit de qualité, très satisfait après plusieurs mois d'utilisation.
Loox	HSchh59dniF	loox/oreiller-soya-2-0_p60.html	2023-04-03T00:00:00Z	5	import_minuit_verifie	Claire P.	oreiller-soya-2-0	confort (positif);recommande		Agréable, confortable, je recommande fortement.
Loox	3kqRb_YQ2jW	loox/oreiller-soya-2-0_p60.html	2023-03-31T00:00:00Z	4	import_minuit_verifie	Julien L.	oreiller-soya-2-0			Cadeau idéal, ma mère est ravie.
Loox	QC7nHMSdnQa	loox/oreiller-soya-2-0_p60.html	2023-03-29T00:00:00Z	5	import_minuit_verifie	Anaïs C.	oreiller-soya-2-0			Mes nuits sont enfin calmes, plus de ronflements, mon partenaire est ravi.
Loox	gIdTyDVs2Ae	loox/oreiller-soya-2-0_p60.html	2023-03-27T00:00:00Z	5	import_minuit_verifie	Arthur D.	oreiller-soya-2-0	douleurs (cou, dos, epaules)		Plus de douleurs au réveil, vraiment très appréciable.
Loox	3qQvGqaotXa	loox/oreiller-soya-2-0_p60.html	2023-03-26T00:00:00Z	5	import_minuit_verifie	Léa L.	oreiller-soya-2-0			J'ai emporté mon oreiller Soya partout en vacances, impossible de dormir sans lui maintenant !
Loox	E5gW4AEZftI	loox/oreiller-soya-2-0_p60.html	2023-03-25T00:00:00Z	5	import_minuit_verifie	Léa M.	oreiller-soya-2-0	fermete (dur / mou)		J’aime la fermeté et la douceur, combinaison parfaite.
Loox	yT_bQaqsFbs	loox/oreiller-soya-2-0_p61.html	2023-03-25T00:00:00Z	5	import_minuit_verifie	Léa L.	oreiller-soya-2-0			Au début sceptique, mais aujourd’hui je ne peux plus m’en passer.
Loox	WAqVlvz-qRH	loox/oreiller-soya-2-0_p61.html	2023-03-24T00:00:00Z	5	import_minuit_verifie	Romain L.	oreiller-soya-2-0	douleurs (cou, dos, epaules)		J'étais souvent réveillé par des douleurs cervicales, maintenant c’est de l’histoire ancienne.
Loox	5PfphGJOasY	loox/oreiller-soya-2-0_p61.html	2023-03-24T00:00:00Z	5	import_minuit_verifie	Anaïs L.	oreiller-soya-2-0	confort (positif)		Hyper confortable, adopté immédiatement.
Loox	rB3IlbiQ740	loox/oreiller-soya-2-0_p61.html	2023-03-24T00:00:00Z	4	import_minuit_verifie	Manon B.	oreiller-soya-2-0			Conquise dès la première nuit, je ne peux plus dormir sans.
Loox	teDtNGTLNoD	loox/oreiller-soya-2-0_p61.html	2023-03-22T00:00:00Z	4	import_minuit_verifie	Laura P.	oreiller-soya-2-0	confort (positif);fermete (dur / mou)		Parfait équilibre entre fermeté et confort, idéal pour bien dormir.
Loox	u8Vn3e1njbA	loox/oreiller-soya-2-0_p61.html	2023-03-21T00:00:00Z	5	import_minuit_verifie	Manon B.	oreiller-soya-2-0	recommande		J’ai recommandé à plusieurs amis, tous en sont ravis.
Loox	aAf3a6mT_v5	loox/oreiller-soya-2-0_p61.html	2023-03-20T00:00:00Z	5	import_minuit_verifie	Chloé R.	oreiller-soya-2-0			meilleur oreiller de france !!!
Loox	ioohprOt3tD	loox/oreiller-soya-2-0_p61.html	2023-03-16T00:00:00Z	5	import_minuit_verifie	Laura L.	oreiller-soya-2-0	confort (positif)		J'en ai testé plein, mais celui-là a vraiment changé mes nuits. Confort et maintien au top.
Loox	9Ne03u1Bmqs	loox/oreiller-soya-2-0_p61.html	2023-03-16T00:00:00Z	5	import_minuit_verifie	Sarah P.	oreiller-soya-2-0			J'étais sceptique mais je suis maintenant totalement convaincue.
Loox	-p7Qc-XFxX	loox/oreiller-soya-2-0_p61.html	2023-03-15T00:00:00Z	5	import_minuit_verifie	Sarah B.	oreiller-soya-2-0			C’est mon deuxième achat, et toujours aussi ravi.
Loox	X33kcCw11I	loox/oreiller-soya-2-0_p61.html	2023-03-15T00:00:00Z	5	import_minuit_verifie	Marine B.	oreiller-soya-2-0	prix / valeur		J’ai longtemps cherché un oreiller comme Soya, maintenant je dors sans problème.
Loox	TB5L-ETd9P	loox/oreiller-soya-2-0_p61.html	2023-03-14T00:00:00Z	5	import_minuit_verifie	Sophie L.	oreiller-soya-2-0	recommande		Idéal pour mes problèmes cervicaux récurrents, je le recommande.
Loox	VHzpGDSBlS	loox/oreiller-soya-2-0_p61.html	2023-03-13T00:00:00Z	5	import_minuit_verifie	Quentin N.	oreiller-soya-2-0			Très contente, je l'utilise même en voyage maintenant.
Loox	kOQS9tXEKD6	loox/oreiller-soya-2-0_p61.html	2023-03-11T00:00:00Z	5	import_minuit_verifie	Vincent B.	oreiller-soya-2-0	confort (positif)		Le confort absolu, ma famille en raffole également.
Loox	NUvBMQF8WGa	loox/oreiller-soya-2-0_p61.html	2023-03-10T00:00:00Z	5	import_minuit_verifie	Mathilde F.	oreiller-soya-2-0	douleurs (cou, dos, epaules)		Ma posture s’est clairement améliorée grâce à cet oreiller. Moins de douleurs au réveil, c’est génial.
Loox	wUbEPo07qlg	loox/oreiller-soya-2-0_p61.html	2023-03-07T00:00:00Z	5	import_minuit_verifie	Alexandre B.	oreiller-soya-2-0			C’est un vrai plaisir chaque nuit, jamais déçu par SOYA.
Loox	M7vD4uf1QFy	loox/oreiller-soya-2-0_p61.html	2023-03-03T00:00:00Z	5	import_minuit_verifie	Sophie L.	oreiller-soya-2-0	douleurs (cou, dos, epaules)		Mon dos me remercie chaque matin grâce à Soya.
Loox	9S0SciKm2i1	loox/oreiller-soya-2-0_p61.html	2023-03-02T00:00:00Z	5	import_minuit_verifie	Sarah G.	oreiller-soya-2-0	livraison / delais		Commande reçue rapidement, et depuis je dors mieux que jamais.
Loox	nthLtIjEwit	loox/oreiller-soya-2-0_p61.html	2023-02-27T00:00:00Z	5	import_minuit_verifie	Marine M.	oreiller-soya-2-0			Ma posture s’est améliorée naturellement grâce à cet oreiller ergonomique.
Loox	DzS5TAPKGXN	loox/oreiller-soya-2-0_p61.html	2023-02-26T00:00:00Z	5	import_minuit_verifie	Marine D.	oreiller-soya-2-0	confort (positif)		Je suis bluffée par son confort et son efficacité dès la première nuit.
Loox	dEhz2wXA69d	loox/oreiller-soya-2-0_p62.html	2023-02-25T00:00:00Z	5	import_minuit_verifie	Émilie R.	oreiller-soya-2-0	recommande		Tellement bien que j'en ai recommandé un pour offrir à ma mère.
Loox	D5wMgf30J2N	loox/oreiller-soya-2-0_p62.html	2023-02-25T00:00:00Z	5	import_minuit_verifie	Emma D.	oreiller-soya-2-0			Mon compagnon et moi en sommes ravis, fini les réveils difficiles !
Loox	Uz49rN4JCQp	loox/oreiller-soya-2-0_p62.html	2023-02-23T00:00:00Z	5	import_minuit_verifie	Julien D.	oreiller-soya-2-0	confort (positif);temps d adaptation		Bon produit. Il a fallu quelques nuits pour m'y habituer mais maintenant je dors bien.
Loox	mDuznIfYLLI	loox/oreiller-soya-2-0_p62.html	2023-02-23T00:00:00Z	5	import_minuit_verifie	Chloé P.	oreiller-soya-2-0	confort (positif);recommande		Super confortable, je recommande à tout le monde.
Loox	YuqJSksuDJs	loox/oreiller-soya-2-0_p62.html	2023-02-21T00:00:00Z	5	import_minuit_verifie	Anaïs T.	oreiller-soya-2-0			Ma posture s'est améliorée même sans effort particulier.
Loox	16wfX8KfRTP	loox/oreiller-soya-2-0_p62.html	2023-02-21T00:00:00Z	5	import_minuit_verifie	Arthur M.	oreiller-soya-2-0	douleurs (cou, dos, epaules)		Un peu sceptique au début, mais après une semaine, mon mal de dos a disparu.
Loox	YS_pXF4TvKt	loox/oreiller-soya-2-0_p62.html	2023-02-20T00:00:00Z	5	import_minuit_verifie	Chloé D.	oreiller-soya-2-0	confort (positif)		Parfait pour voyager, léger et confortable.
Loox	25eX4bXMyu2	loox/oreiller-soya-2-0_p62.html	2023-02-19T00:00:00Z	5	import_minuit_verifie	Antoine B.	oreiller-soya-2-0	livraison / delais		C'est simple, je n'arrive plus à dormir avec un autre oreiller.
Loox	irdTI3mvkn0	loox/oreiller-soya-2-0_p62.html	2023-02-16T00:00:00Z	5	import_minuit_verifie	Émilie L.	oreiller-soya-2-0	douleurs (cou, dos, epaules)		Super doux, et parfait maintien cervical.
Loox	H5eUWyngdqq	loox/oreiller-soya-2-0_p62.html	2023-02-12T00:00:00Z	5	import_minuit_verifie	Julien C.	oreiller-soya-2-0	confort (positif)		Excellent produit, confort et maintien parfaits.
Loox	U5nQgs-7LbK	loox/oreiller-soya-2-0_p62.html	2023-02-12T00:00:00Z	5	import_minuit_verifie	Maxime R.	oreiller-soya-2-0			J'étais sceptique au début mais complètement conquis après quelques nuits.
Loox	jWjngb_mEhK	loox/oreiller-soya-2-0_p62.html	2023-02-10T00:00:00Z	4	import_minuit_verifie	Thomas A.	oreiller-soya-2-0			Très pratique, il ne perd pas sa forme comme les autres oreillers.
Loox	496zN6T0gV	loox/oreiller-soya-2-0_p62.html	2023-02-09T00:00:00Z	5	import_minuit_verifie	Arthur L.	oreiller-soya-2-0	confort (positif)		Top confort, je dors mieux et plus profondément depuis que j'ai mon oreiller Soya.
Loox	M8vjHyXx9z	loox/oreiller-soya-2-0_p62.html	2023-02-08T00:00:00Z	5	import_minuit_verifie	Arthur D.	oreiller-soya-2-0			Mon mari ne ronfle presque plus, c’est miraculeux pour notre sommeil.
Loox	veBgYsNXk4Z	loox/oreiller-soya-2-0_p62.html	2023-02-05T00:00:00Z	5	import_minuit_verifie	Maxime M.	oreiller-soya-2-0			Mon sommeil s'est vraiment amélioré depuis que j'ai changé pour Soya.
Loox	U-ZSZeevrY7	loox/oreiller-soya-2-0_p62.html	2023-02-01T00:00:00Z	4	import_minuit_verifie	Chloé B.	oreiller-soya-2-0	douleurs (cou, dos, epaules)		J’ai retrouvé le plaisir de dormir sans douleurs.
Loox	zOl2xgcgg_v	loox/oreiller-soya-2-0_p62.html	2023-01-30T00:00:00Z	5	import_minuit_verifie	Vincent A.	oreiller-soya-2-0	confort (positif)		Produit très confortable, je dors enfin sans réveil nocturne.
Loox	3_30PYQb4i4	loox/oreiller-soya-2-0_p62.html	2023-01-25T00:00:00Z	5	import_minuit_verifie	Vincent P.	oreiller-soya-2-0	fermete (dur / mou)		Un peu dur à mon goût, j'attends de voir avec le temps si je m'y fais.
Loox	r-f3ahGBYEH	loox/oreiller-soya-2-0_p62.html	2023-01-24T00:00:00Z	5	import_minuit_verifie	Maxime C.	oreiller-soya-2-0	fermete (dur / mou)		Un peu dur au début, mais finalement c’est l’oreiller idéal.
Loox	yS_uxc6d-k5	loox/oreiller-soya-2-0_p62.html	2023-01-23T00:00:00Z	5	import_minuit_verifie	Mathilde L.	oreiller-soya-2-0	douleurs (cou, dos, epaules);livraison / delais		Livraison rapide et super produit, mes cervicales vont mieux.
Loox	qpcarj4wKAP	loox/oreiller-soya-2-0_p63.html	2023-01-22T00:00:00Z	5	import_minuit_verifie	Sophie C.	oreiller-soya-2-0	douleurs (cou, dos, epaules)		Fini les douleurs au réveil grâce à Soya, vraiment top.
Loox	LSzLuzGzppw	loox/oreiller-soya-2-0_p63.html	2023-01-21T00:00:00Z	5	import_minuit_verifie	Sophie G.	oreiller-soya-2-0	confort (positif);qualite percue		Superbe qualité et sensation de confort exceptionnelle.
Loox	yPxujGrlH3C	loox/oreiller-soya-2-0_p63.html	2023-01-20T00:00:00Z	4	import_minuit_verifie	Céline G.	oreiller-soya-2-0			Un oreiller révolutionnaire pour mes nuits, vraiment efficace.
Loox	hreHjqifu66	loox/oreiller-soya-2-0_p63.html	2023-01-19T00:00:00Z	5	import_minuit_verifie	Baptiste L.	oreiller-soya-2-0			Un investissement sommeil très rentable.
Loox	cRyGOdgzbAc	loox/oreiller-soya-2-0_p63.html	2023-01-17T00:00:00Z	5	import_minuit_verifie	Céline D.	oreiller-soya-2-0	confort (positif)		Très agréable, je dors enfin profondément toute la nuit sans me réveiller.
Loox	66KB_AzuaMM	loox/oreiller-soya-2-0_p63.html	2023-01-15T00:00:00Z	4	import_minuit_verifie	Chloé L.	oreiller-soya-2-0			Je dors sur le ventre et cet oreiller me convient parfaitement.
Loox	JfgU3dt_O01	loox/oreiller-soya-2-0_p63.html	2023-01-15T00:00:00Z	5	import_minuit_verifie	Léa C.	oreiller-soya-2-0	douleurs (cou, dos, epaules)		J'adore la sensation dès que je pose ma tête dessus,  j'en ai pris un deuxième pour ma sœur qui avait des migraines, elle est conquise aussi.
Loox	dyLtXg4IEXw	loox/oreiller-soya-2-0_p63.html	2023-01-13T00:00:00Z	5	import_minuit_verifie	Céline H.	oreiller-soya-2-0	douleurs (cou, dos, epaules);recommande		Soutien parfait pour la nuque, je recommande fortement.
Loox	KIIwHQJ3g	loox/oreiller-soya-2-0_p63.html	2023-01-10T00:00:00Z	5	import_minuit_verifie	Anaïs P.	oreiller-soya-2-0	confort (positif);recommande		Un vrai confort dès la première nuit, je recommande vivement.
Loox	nFufu2Khrh4	loox/oreiller-soya-2-0_p63.html	2023-01-10T00:00:00Z	5	import_minuit_verifie	Manon P.	oreiller-soya-2-0			Excellent pour la posture, je le sens dès le réveil.
Loox	FCJQYwInGKd	loox/oreiller-soya-2-0_p63.html	2023-01-06T00:00:00Z	5	import_minuit_verifie	Vincent R.	oreiller-soya-2-0			Excellent produit, même mes enfants veulent le même maintenant !
Loox	JaVghF9FNZj	loox/oreiller-soya-2-0_p63.html	2023-01-06T00:00:00Z	5	import_minuit_verifie	Laura G.	oreiller-soya-2-0	qualite percue		Qualité de sommeil exceptionnelle depuis que j’ai cet oreiller.
Loox	eER6an-Q7sM	loox/oreiller-soya-2-0_p63.html	2023-01-05T00:00:00Z	5	import_minuit_verifie	Quentin T.	oreiller-soya-2-0	recommande		Je l’ai recommandé à tous mes proches, tellement je suis contente !
Loox	patyaQxLd8I	loox/oreiller-soya-2-0_p63.html	2023-01-05T00:00:00Z	5	import_minuit_verifie	Chloé C.	oreiller-soya-2-0			Très efficace dès les premières utilisations.
Loox	L2uxAduqvWc	loox/oreiller-soya-2-0_p63.html	2023-01-03T00:00:00Z	5	import_minuit_verifie	Romain B.	oreiller-soya-2-0	recommande		Je recommande fortement, je ne pourrais plus dormir sans mon oreiller Soya.
Loox	5VuHAma-V7z	loox/oreiller-soya-2-0_p63.html	2023-01-01T00:00:00Z	5	import_minuit_verifie	Céline G.	oreiller-soya-2-0			Sceptique au début mais très convaincu après utilisation.
Loox	FK2GnH9fp8	loox/oreiller-soya-3-0_p01.html	2026-09-25T14:09:55Z	3	horodate_verifie	Cédric S.	oreiller-soya-3-0			Oreillers beaucoup plus fermés que ce à quoi je m’attendais. Après plusieurs jours d’essai je ne sais pas si je les garderai ou pas.
Loox	VyKMSvT05n	loox/oreiller-soya-3-0_p01.html	2026-09-25T10:05:20Z	3	horodate_verifie	Ghislaine F.	oreiller-soya-3-0	retour / remboursement;qualite percue;housse		"Bonjour, / Je ne l'ai pas encore essayé mais je suis déçue de la housse 😞  / Le tissu n'est pas blanc, plutôt ""grisé"" et celà dénote avec le blanc en coton et en lin de mes couettes. / Ne serait-il pas possible de les échanger avec du bleu ? / Merci de votre retour, / Cordialement,"
Loox	N0i2ZG0Skw	loox/oreiller-soya-3-0_p01.html	2026-09-24T17:59:04Z	5	horodate_verifie	Cindy	oreiller-soya-3-0	confort (positif)		Coussin très bien pour la nuit vraiment confortable.
Loox	bkjsgyQM0U	loox/oreiller-soya-3-0_p01.html	2026-09-23T15:48:30Z	5	horodate_verifie	Henar	oreiller-soya-3-0	temps d adaptation		Adaptation immédiate!  Ça fait 5 nuits que je l’utilise et je me suis réveillée beaucoup moins souvent que d’habitude , le sommeil est plus réparateur
Loox	gBlfrS-un0	loox/oreiller-soya-3-0_p01.html	2026-09-23T11:52:35Z	3	horodate_verifie	Johan	oreiller-soya-3-0	livraison / delais		délais de livraison bien trop long produit correct
Loox	57ZUKduTgP	loox/oreiller-soya-3-0_p01.html	2026-09-23T11:27:35Z	1	horodate_verifie	Florent P.	oreiller-soya-3-0	origine / chine / dropshipping		Produit chinois qui essaie de masquer sa provenance
Loox	UP1CTQSuP3	loox/oreiller-soya-3-0_p01.html	2026-09-23T09:09:17Z	5	horodate_verifie	Shirley V.	oreiller-soya-3-0			Enchantée de mon achat.
Loox	FCdtcm8Wah	loox/oreiller-soya-3-0_p01.html	2026-09-22T22:37:31Z	5	horodate_verifie	Natacha	oreiller-soya-3-0			incroyable le maintien est juste parfait 🥰
Loox	BEvOFAy-uW	loox/oreiller-soya-3-0_p01.html	2026-09-22T19:05:01Z	5	horodate_verifie	Italo S.	oreiller-soya-3-0	livraison / delais		livraison rapide
Loox	vfF4lzmHH1	loox/oreiller-soya-3-0_p01.html	2026-09-22T09:09:10Z	1	horodate_verifie	Alexandra P.	oreiller-soya-3-0	conformite a l annonce		encore une fois déçu du design comme la fois précédente, ne correspond en ergonomie à la forme présenté dans les vidéos !
Loox	VaROfnBfwA7	loox/oreiller-soya-3-0_p01.html	2026-09-20T00:00:00Z	5	import_minuit_verifie	Marine.f	oreiller-soya-3-0			Je suis contente d’avoir pris le temps de tester les deux sens.
Loox	6UkTuNQ384	loox/oreiller-soya-3-0_p01.html	2026-09-19T12:49:39Z	2	horodate_verifie	Pau	oreiller-soya-3-0	confort (positif)		Après 5 nuits ma femme et moi on trouve que l’oreiller n’est pas si confortable…
Loox	aQpWSpG5_s	loox/oreiller-soya-3-0_p01.html	2026-09-19T10:27:33Z	1	horodate_verifie	Theo S.	oreiller-soya-3-0	douleurs (cou, dos, epaules)		Soi-disant que en dormant sur le côté ça allait m’aider, j’ai mal à mon épaule en dormant côté droit ou côté gauche. Donc pour moi c’est un achat inutile
Loox	DKxGZqd51z	loox/oreiller-soya-3-0_p01.html	2026-09-19T09:42:27Z	2	horodate_verifie	Elisabeth S.	oreiller-soya-3-0	douleurs (cou, dos, epaules)		jai eu mal au cou dès le premier matin
Loox	VZqpIzg2vRh	loox/oreiller-soya-3-0_p01.html	2026-09-19T00:00:00Z	5	import_minuit_verifie	Samuel.r	oreiller-soya-3-0	hauteur / epaisseur		J’apprécie de pouvoir varier la hauteur selon mes préférences.
Loox	JILftJzCWu	loox/oreiller-soya-3-0_p01.html	2026-09-18T15:49:10Z	5	horodate_verifie	Christian	oreiller-soya-3-0	confort (positif);livraison / delais		Bien arrivé  / Confortable
Loox	jWzu0CuPxm	loox/oreiller-soya-3-0_p01.html	2026-09-18T15:46:19Z	4	horodate_verifie	Jessica	oreiller-soya-3-0	livraison / delais		très bien sauf le délai de livraison très très long
Loox	u-qhjRZrRQd	loox/oreiller-soya-3-0_p01.html	2026-09-18T00:00:00Z	5	import_minuit_verifie	Frédéric.h	oreiller-soya-3-0	hauteur / epaisseur		Très bonne idée d’avoir intégré deux hauteurs dans le même oreiller.
Loox	LlrZxF6Hvw	loox/oreiller-soya-3-0_p01.html	2026-09-17T10:11:58Z	1	horodate_verifie	Cindy	oreiller-soya-3-0	hauteur / epaisseur;livraison / delais;retour / remboursement;service client;qualite percue		Le produit ne me convient pas. il est beaucoup trop haut pour une position sur le ventre. / Le service client est déplorable.... L'envoie a traîné, c'était long malgré leur site avec une livraison sous 48h... / La demande de retour n'en parlons pas. une vrai catastrophe... après 3 échanges de mail, ils ont réclamé des photos sous toutes les coutures, pleins de questions.. . et je n'ai toujours pas l'adresse du retour. / Ils ne respectent pas le droit de rétractation. / une entreprise très peu respectabl...
Loox	JLeT-t92mW	loox/oreiller-soya-3-0_p01.html	2026-09-17T09:21:24Z	5	horodate_verifie	Sarah S.	oreiller-soya-3-0	livraison / delais		ravi ! reçu très rapidement bien emballé , la première nuit du une réussite a voir dans le temps
Loox	5BLSTj9x-RS	loox/oreiller-soya-3-0_p02.html	2026-09-17T00:00:00Z	5	import_minuit_verifie	Laure.s	oreiller-soya-3-0			La tête reste bien positionnée sans être complètement enfoncée.
Loox	pxVEj2k4Ef	loox/oreiller-soya-3-0_p02.html	2026-09-16T19:37:32Z	2	horodate_verifie	Michael	oreiller-soya-3-0	confort (positif);odeur;livraison / delais;origine / chine / dropshipping;conformite a l annonce;housse		livraison très lente, en provenance de Chine c'est clair.... / pas encore eu le temps de le tester correctement, mais l'odeur chimique est très désagréable à l'ouverture du colis, j'espère qu'elle va s'atténuer. / en revanche, point très négatif, il ne s'agit clairement pas d'une housse en fibre de bambou, l'étiquette indique 85% polyester et 15% elastane, tromperie sur la marchandise. / pour le confort, je ferais un commentaire ultérieurement.
Loox	De5AAIYpYD	loox/oreiller-soya-3-0_p02.html	2026-09-15T21:25:09Z	4	horodate_verifie	Kar B.	oreiller-soya-3-0	livraison / delais;prix / valeur		Le délais de livraison trop long, malgré le fait que j'ai pris la livraison rapide à 4.20 €•
Loox	GPLQ7xiiG0	loox/oreiller-soya-3-0_p02.html	2026-09-15T06:57:59Z	5	horodate_verifie	Rachel	oreiller-soya-3-0			moins haut que dorila ergo
Loox	1dMhK1GU17	loox/oreiller-soya-3-0_p02.html	2026-09-15T06:13:07Z	3	horodate_verifie	Laurent	oreiller-soya-3-0	confort (positif);housse		Bon maintien plutôt confortable, par contre la housse grise en nylon est une erreur ; ce matériau à base de plastique favorise la sudation. J'en ai de plus acheté une deuxième avec ma commande initiale🙄.  / Une housse en coton aurait été préférable et plus qualitative.
Loox	A2QmUwoIgHv	loox/oreiller-soya-3-0_p02.html	2026-09-15T00:00:00Z	5	import_minuit_verifie	Stéphanie.c	oreiller-soya-3-0			Une bonne alternative aux oreillers classiques que j’utilisais auparavant.
Loox	sUIZrThtLp	loox/oreiller-soya-3-0_p02.html	2026-09-14T13:07:22Z	1	horodate_verifie	Catherine D.	oreiller-soya-3-0	livraison / delais;non recu / commande incomplete		Jamais reçu …
Loox	7gawujn_b1	loox/oreiller-soya-3-0_p02.html	2026-09-14T09:10:06Z	5	horodate_verifie	Regine	oreiller-soya-3-0	confort (positif);origine / chine / dropshipping;housse		Confortable bon soutien  j’espère que la housse après lavage sera facile à remettre sans déformer le coussin comme sur un autre d’une autre marque que j’avais  / On verra à l’usage 😊
Loox	992baIv8E5	loox/oreiller-soya-3-0_p02.html	2026-09-14T05:07:09Z	3	horodate_verifie	Stella	oreiller-soya-3-0	fermete (dur / mou)		je suis partagée. pas vraiment d'amélioration de mon sommeil et cette sensation dure est désagréable.
Loox	pRwXX9gjxm	loox/oreiller-soya-3-0_p02.html	2026-09-14T03:56:06Z	5	horodate_verifie	Antoine D.	oreiller-soya-3-0	confort (positif);taille / dimensions / taie		En dehors d'un guide pour mettre la taie zutour de l'oreiller, la sensation est très agréable et le cou, vertébres, sont bien reposés.
Loox	kM_fLPu03A	loox/oreiller-soya-3-0_p02.html	2026-09-13T21:37:37Z	5	horodate_verifie	Axel L.	oreiller-soya-3-0			bien
Loox	6-ropMQHhq	loox/oreiller-soya-3-0_p02.html	2026-09-13T12:35:53Z	5	horodate_verifie	Isabelle V.	oreiller-soya-3-0			Très bien
Loox	3BJzbtJS44	loox/oreiller-soya-3-0_p02.html	2026-09-12T11:37:25Z	5	horodate_verifie	Pierre	oreiller-soya-3-0			Génial
Loox	jy1wWCZCsn	loox/oreiller-soya-3-0_p02.html	2026-09-10T14:25:46Z	1	horodate_verifie	Zan	oreiller-soya-3-0	livraison / delais;retour / remboursement;prix / valeur;origine / chine / dropshipping		N'ACHETEZ PAS !!! / Société faisant du drop shiping (délai de livraison de la 1ère commande, 2 semaines), la deuxième, 3 semaines) impossible de se faire rembourser alors que le colis a été réexpédier à l'expéditeur suite à un refus. / Il force à l'achat et dissuade le remboursement car les frais de ports sont du quart du prix de la commande... / Tout ça pour un oreiller qui n'a plus à aucune des 6 personnes qui l'ont testé pendant plus 10 jours...
Loox	zbmrRYQsoG	loox/oreiller-soya-3-0_p02.html	2026-09-10T03:39:15Z	4	horodate_verifie	Jerome G.	oreiller-soya-3-0	livraison / delais		Bien reçu, 👌
Loox	6c3VU3GDsY	loox/oreiller-soya-3-0_p02.html	2026-09-09T18:46:12Z	3	horodate_verifie	Breyne B.	oreiller-soya-3-0	livraison / delais		Livraison trop longue !
Loox	d1HKZ7MSbA	loox/oreiller-soya-3-0_p02.html	2026-09-09T16:56:23Z	3	horodate_verifie	Breyne B.	oreiller-soya-3-0	livraison / delais		Le délai de la livraison. / Trop long.
Loox	visq5Lwt8K	loox/oreiller-soya-3-0_p02.html	2026-09-09T14:54:00Z	5	horodate_verifie	Flo	oreiller-soya-3-0			👍🏻👍🏻👍🏻
Loox	PK9sUK6y_Q	loox/oreiller-soya-3-0_p02.html	2026-09-09T06:49:38Z	5	horodate_verifie	Tonio M.	oreiller-soya-3-0			super produit !
Loox	46bGEzADlE	loox/oreiller-soya-3-0_p02.html	2026-09-09T06:23:08Z	3	horodate_verifie	Anouk B.	oreiller-soya-3-0			Déçue par le produit : l’endroit où on est censé pouvoir mettre le bras est ridiculement petit
Loox	j1ohWVP2x6	loox/oreiller-soya-3-0_p03.html	2026-09-08T22:14:33Z	5	horodate_verifie	Pascaline	oreiller-soya-3-0	livraison / delais;recommande		Merveilleuses nuits depuis la réception ! Je le recommande vivement
Loox	1hWhZ5ThVD	loox/oreiller-soya-3-0_p03.html	2026-09-08T00:00:00Z	5	import_minuit_verifie	Émilie.p	oreiller-soya-3-0	temps d adaptation		Une bonne découverte. Il m’a fallu un petit temps d’adaptation mais aujourd’hui je suis très satisfait de mon choix.
Loox	BPEncz0lGb	loox/oreiller-soya-3-0_p03.html	2026-09-07T15:49:36Z	3	horodate_verifie	Edna	oreiller-soya-3-0	fermete (dur / mou);housse		L'accueil est moins souple qu'espéré en position allongé sur le dos / La housse est très douce / Pas de réelle différence a noter après plus d'1 semaine d'utilisation
Loox	cR_MTnqZ_I	loox/oreiller-soya-3-0_p03.html	2026-09-07T00:00:00Z	5	import_minuit_verifie	Valérie.n	oreiller-soya-3-0	confort (positif)		Très satisfait du niveau de confort pour le moment.
Loox	AbEM4RtzWp	loox/oreiller-soya-3-0_p03.html	2026-09-06T13:05:57Z	2	horodate_verifie	Pilou A.	oreiller-soya-3-0	hauteur / epaisseur;douleurs (cou, dos, epaules);temps d adaptation		Oreillers adaptés pour dormir sur le dos je pense mais vraiment pas sur le coté. Ils sont beaucoup trop epais/large
Loox	Os3U81T-Mxa	loox/oreiller-soya-3-0_p03.html	2026-09-06T00:00:00Z	5	import_minuit_verifie	Isabelle.n	oreiller-soya-3-0			Le maintien reste régulier même après plusieurs heures.
Loox	-itYKf_0R	loox/oreiller-soya-3-0_p03.html	2026-09-05T19:43:03Z	5	horodate	Corinne B.	oreiller-soya-3-0	confort (positif);fermete (dur / mou);taille / dimensions / taie;douleurs (cou, dos, epaules);temps d adaptation;livraison / delais;qualite percue		J'ai reçu mon oreiller soya 3.0 hier et dès hier soir je l'ai testé, un confort que je n'ai jamais connu avant avec un oreiller .  Souffrant suite à une laminectomie des cervicales , j'ai senti un soulagement immédiat ,aucun problème d'adaptation. La fermeté me convient parfaitement. J'ai testé d'autres solutions inefficaces. Je pense que cela dépend  vraiment de la morphologie de chacun mais pour moi c'est le top . merci. Petit bémol je n'aime pas la matière de la taie d'oreiller j'aurais préféré...
Loox	LxCE3R-b19	loox/oreiller-soya-3-0_p03.html	2026-09-05T16:11:49Z	5	horodate	Marine D.	oreiller-soya-3-0	confort (positif);douleurs (cou, dos, epaules)		Une semaine avec le Soya 3.0 un énorme confort, plus de raideur de nuque.  Je dors enfin sur le dos alors que n'arrivais plus à le faire avec un oreiller de base  ou mémoire de forme.
Loox	6o_GrNejZw	loox/oreiller-soya-3-0_p03.html	2026-09-04T13:35:56Z	1	horodate_verifie	Sylvia S.	oreiller-soya-3-0	livraison / delais;non recu / commande incomplete		je n ai toujours pas reçu mon colis que soit disant c est de la faute au transporteur
Loox	lrXNb6BdyP	loox/oreiller-soya-3-0_p03.html	2026-09-04T13:22:54Z	5	horodate_verifie	Patrice	oreiller-soya-3-0	confort (positif)		Et ben très agréablement surpris!!!
Loox	1wdpr9UUiE	loox/oreiller-soya-3-0_p03.html	2026-09-04T11:56:52Z	4	horodate_verifie	Marcellin	oreiller-soya-3-0	arnaque / fraude		je pensais en fesant la commande que c'était peut être de l'arnaque . et bien non malgré le faîte que la commande est pris beaucoup trop de temps  Les oreillers sont géniaux .
Loox	W5v8rw1ARV	loox/oreiller-soya-3-0_p03.html	2026-09-04T10:02:24Z	5	horodate_verifie	Annie-paule	oreiller-soya-3-0			J'avais le soya 2. J'ai voulu le soya 3. Et aucun regret !
Loox	2XHja67A_C	loox/oreiller-soya-3-0_p03.html	2026-09-03T11:02:57Z	1	horodate_verifie	Franck C.	oreiller-soya-3-0	hauteur / epaisseur		La partie en creux pour le cou est trop haute, même dans côté le plus bas. / Achat inutile pour moi .
Loox	-ELBpe3E4Z	loox/oreiller-soya-3-0_p03.html	2026-09-03T10:17:28Z	5	horodate_verifie	Olivier L.	oreiller-soya-3-0			Excellent produit
Loox	IzKUbCDzDt	loox/oreiller-soya-3-0_p03.html	2026-09-03T00:00:00Z	5	import_minuit_verifie	Thomas.d	oreiller-soya-3-0	temps d adaptation		Il m’a fallu quelques jours pour m’habituer à la forme, mais maintenant je l’apprécie beaucoup.
Loox	gCo6BTPWwYF	loox/oreiller-soya-3-0_p03.html	2026-09-03T00:00:00Z	5	import_minuit_verifie	Romain.v	oreiller-soya-3-0	temps d adaptation		Bonne surprise, je ne pensais pas m’adapter aussi vite.
Loox	Lo0f-E3Yn5	loox/oreiller-soya-3-0_p03.html	2026-09-02T14:41:51Z	5	horodate_verifie	Amel S.	oreiller-soya-3-0			Nuit incroyable, je valide !!!
Loox	ddJDrVhwfX	loox/oreiller-soya-3-0_p03.html	2026-09-02T10:52:37Z	4	horodate_verifie	Antoinette B.	oreiller-soya-3-0	taille / dimensions / taie;livraison / delais		Bien que un delai un peu long , la livraison s’est bien passée. Seul petit bémol, que nous avons noté lorsque nous avons ouvert une des taies d’oreiller elle presentait des taches sur un côté.
Loox	oY4hFfb6IL	loox/oreiller-soya-3-0_p03.html	2026-09-02T09:40:40Z	5	horodate_verifie	Alexandre R.	oreiller-soya-3-0	livraison / delais;qualite percue		Réception un peu longue mais produits de Super qualité
Loox	NI5erIv-B	loox/oreiller-soya-3-0_p03.html	2026-09-01T13:56:04Z	1	horodate	Elody	oreiller-soya-3-0	retour / remboursement;service client		"J'ai fait un retour mi mars car l'oreiller ne me convenait pas. / Il est stipulé sur le site ""retour gratuit et remboursement sous 30 jours"".  / Tout a ete fait dans les règles de l art pour le retour. / J'ai envoye 10 mails! / A chaques fois des excuses en me disant que le règlement est en cours..  / J'attends encore 6 mois apres! / C'est une honte / En plus de ça bien évidement, impossible de les joindre par téléphone, il n'y a pas de ligne. / Peut être avec un avis j'aurai enfin mon remboursement.  / Dommage v..."
Loox	N-Ef3E3UQO	loox/oreiller-soya-3-0_p04.html	2026-09-01T12:22:56Z	5	horodate_verifie	Jacquet	oreiller-soya-3-0	confort (positif);douleurs (cou, dos, epaules)		Très bon confort, ma nuque remercie Soya
Loox	g4cFFm28U7	loox/oreiller-soya-3-0_p04.html	2026-09-01T10:25:53Z	5	horodate_verifie	Christophe D.	oreiller-soya-3-0			Très bien.
Loox	ZAc8XIdqSq1	loox/oreiller-soya-3-0_p04.html	2026-08-31T00:00:00Z	5	import_minuit_verifie	Lucie.s	oreiller-soya-3-0	confort (positif);temps d adaptation		Très confortable pour ma position de sommeil habituelle.
Loox	5v_zj-vGO	loox/oreiller-soya-3-0_p04.html	2026-08-28T11:58:23Z	1	horodate	Arnaud L.	oreiller-soya-3-0	livraison / delais;arnaque / fraude		Commande toujours en attente encaissé depuis plus de 10 jours toujours pas de colis ? Arnaque ???
Loox	waKITc2val	loox/oreiller-soya-3-0_p04.html	2026-08-28T10:43:10Z	5	horodate_verifie	Stephane Z.	oreiller-soya-3-0			Jadore ce produit
Loox	Su-7BigpIN	loox/oreiller-soya-3-0_p04.html	2026-08-28T10:05:04Z	5	horodate_verifie	Lambert S.	oreiller-soya-3-0	confort (positif);livraison / delais;emballage / compression		Produit très agréable au toucher et très confortable.  Livraison dans les temps et en boite aux lettres ce qui est très pratique. Je vais sûrement en acheter un pour mon mari .
Loox	rkFWKcHM51	loox/oreiller-soya-3-0_p04.html	2026-08-27T21:47:00Z	5	horodate_verifie	Stéphane	oreiller-soya-3-0	confort (positif)		Très agréable !!!!
Loox	UenHMNlQi	loox/oreiller-soya-3-0_p04.html	2026-08-27T13:52:25Z	2	horodate	Gisele B.	oreiller-soya-3-0	douleurs (cou, dos, epaules);retour / remboursement		J’ai testé une dixaine de jours le Soya 3 pour mes douleurs cervicales …..je n’ai eu aucun bénéfice, douleurs toujours présentes au cours de la nuit et au lever, très déçu j’ai demandé un retour et à ma grande surprise les frais de port sont à ma charge !!!! Ce n’est pas ce que j’appelle une garantie 30 jours essai….si cela avait été précisé je n’aurais pas pris le risque de l’essayer…..autant dire que je regrette amèrement mon achat !!!!!!
Loox	0lCKb40gkO	loox/oreiller-soya-3-0_p04.html	2026-08-27T10:22:36Z	5	horodate_verifie	Lise O.	oreiller-soya-3-0	confort (positif);livraison / delais;qualite percue;suivi de colis;recommande		Produit très confortable, qualité de sommeil améliorée. Livraison suivie et respectée. Je recommande pleinement ce produit.
Loox	r3lZp8rVj0	loox/oreiller-soya-3-0_p04.html	2026-08-27T10:08:03Z	5	horodate_verifie	Couderc V.	oreiller-soya-3-0	livraison / delais		Bien reçu RAS / Merci !
Loox	nRgC5mLmW2	loox/oreiller-soya-3-0_p04.html	2026-08-27T09:50:39Z	5	horodate_verifie	Jonathan B.	oreiller-soya-3-0			Haut
Loox	htBQyRsErV	loox/oreiller-soya-3-0_p04.html	2026-08-27T09:42:29Z	5	horodate_verifie	Patricia	oreiller-soya-3-0			Super
Loox	HlF4UJ3syD-	loox/oreiller-soya-3-0_p04.html	2026-08-27T06:36:01Z	2	horodate_verifie	Sarah	oreiller-soya-3-0	retour / remboursement;housse		Je viens d'acheter 4 oreillers achetés. Un seul membre de la famille s'en sert. On s'attendait a quelque chose de plus gros. Les espaces prevus pour les bras sont amoindris par la housse et le bouton pression s'est arraché de la housse dès le premier déhoussage pour le lavage donc je ne peux même pas les retourner.
Loox	N2i39Yo4wV	loox/oreiller-soya-3-0_p04.html	2026-08-25T21:04:44Z	5	horodate_verifie	Khong	oreiller-soya-3-0			La famille entière a adopté les oreillers soya 3.0
Loox	KmrAfxf6T7Z	loox/oreiller-soya-3-0_p04.html	2026-08-25T12:11:00Z	4	horodate_verifie	Danielle	oreiller-soya-3-0	confort (positif)		Super confortable  / Il faut se laisse du temps pour l’adopter
Loox	xWC5-bmYe5	loox/oreiller-soya-3-0_p04.html	2026-08-25T10:21:16Z	2	horodate_verifie	Sylvie	oreiller-soya-3-0	livraison / delais		Pas assez large. Je n'arrive pas à vraiment savoir si je suis plus à l'aise sur le côté bas ou sur le côté du coup en plein milieu de la nuit je me réveille et je ne suis plus sur l'oreiller car je ne suis pas à l'aise
Loox	Xy8zL4tjgwT	loox/oreiller-soya-3-0_p04.html	2026-08-25T00:00:00Z	5	import_minuit_verifie	Margaux.h	oreiller-soya-3-0	confort (positif)		Après plusieurs semaines, je suis toujours satisfaite du confort.
Loox	i9GPJT0yzs	loox/oreiller-soya-3-0_p04.html	2026-08-24T03:21:08Z	5	horodate_verifie	Jerome C.	oreiller-soya-3-0	qualite percue		Excellent produit dont je confirme la pertinrnce et la qualité après près d’une semaine d’utilisation.
Loox	r0TOxK0pCO	loox/oreiller-soya-3-0_p04.html	2026-08-24T00:00:00Z	5	import_minuit_verifie	Robin.f	oreiller-soya-3-0			Je trouve la sensation plus enveloppante qu’avec mon ancien oreiller.
Loox	ODuysZL2Vp	loox/oreiller-soya-3-0_p04.html	2026-08-23T11:46:55Z	5	horodate_verifie	Kimberly G.	oreiller-soya-3-0			Super produit, les premières nuit ce passe bien
Loox	YVXLQ5I4hg	loox/oreiller-soya-3-0_p05.html	2026-08-22T10:22:50Z	4	horodate_verifie	Carole	oreiller-soya-3-0			J’en ai acheté 2  / Mon mari ne le supporte pas moi en contrepartie j’aime dommage qu’il soit pas plus grand
Loox	XlTGpB0coY	loox/oreiller-soya-3-0_p05.html	2026-08-21T00:00:00Z	5	import_minuit_verifie	Laure.d	oreiller-soya-3-0	confort (positif)		Très confortable dans mon cas
Loox	tXnMohDyzYP	loox/oreiller-soya-3-0_p05.html	2026-08-21T00:00:00Z	5	import_minuit_verifie	Léo.g	oreiller-soya-3-0			Le côté haut est parfait dans mon cas lorsque je dors sur le côté.
Loox	TK8rqVPqbyB	loox/oreiller-soya-3-0_p05.html	2026-08-20T14:41:42Z	5	horodate_verifie	Frederic P.	oreiller-soya-3-0	suivi de colis		Parfait ....rapide....bon suivi
Loox	B_HHTGEDlX	loox/oreiller-soya-3-0_p05.html	2026-08-20T13:55:03Z	4	horodate_verifie	Hélène P.	oreiller-soya-3-0	conformite a l annonce		Produit emballé, conforme a la photo
Loox	nNL_lZI7c1N	loox/oreiller-soya-3-0_p05.html	2026-08-20T00:00:00Z	5	import_minuit_verifie	Grégory.h	oreiller-soya-3-0	confort (positif)		Je suis agréablement surprise par le confort général.
Loox	5J_Q1suyvc	loox/oreiller-soya-3-0_p05.html	2026-08-19T11:56:03Z	4	horodate_verifie	Angélique B.	oreiller-soya-3-0	taille / dimensions / taie;livraison / delais;housse		Le produit à lair bien. Je n'ai pas encore eu de le tester. Mettre une housse relève cependant d'une formation nécessitant qu'on s'y penche sérieusement. La livraison en revanche. Je commande le 6, je reçois le 19 !
Loox	iXjUfTSYNAQ	loox/oreiller-soya-3-0_p05.html	2026-08-19T10:36:37Z	5	horodate_verifie	Olivier	oreiller-soya-3-0			Impeccable 👌 👍 j adore
Loox	lCK3PtxfxlE	loox/oreiller-soya-3-0_p05.html	2026-08-19T00:00:00Z	5	import_minuit_verifie	Charlotte.b	oreiller-soya-3-0			Facile à utiliser et rapidement adopté.
Loox	AHioH-E_D	loox/oreiller-soya-3-0_p05.html	2026-08-18T20:54:10Z	3	horodate	Fabi C.	oreiller-soya-3-0	taille / dimensions / taie;douleurs (cou, dos, epaules);housse		Bonjour / Satisfaite mes cervicale se porte beaucoup mieux / Ma question vous ne vendez pas de taie pour cet oreiller / La housse c'est ok mais la taie de la même forme ce serait bien .
Loox	eqGjkxDsNc	loox/oreiller-soya-3-0_p05.html	2026-08-18T19:07:39Z	5	horodate_verifie	Jacky T.	oreiller-soya-3-0	confort (positif);livraison / delais		Je dors beaucoup mieux depuis le premier jour que je l'ai. Un confort incroyable après en avoir testé plusieurs.  Très bon produit. Livraison rapide
Loox	Ia7VW6wkUR	loox/oreiller-soya-3-0_p05.html	2026-08-18T13:49:54Z	2	horodate_verifie	Beatrix	oreiller-soya-3-0	odeur		L’oreiller degage une forte odeur . / Je ne sais pas si je vais pouvoir la supporter .
Loox	LG5G85GrjW	loox/oreiller-soya-3-0_p05.html	2026-08-18T10:40:25Z	5	horodate_verifie	Nathalie	oreiller-soya-3-0	douleurs (cou, dos, epaules)		Oreiller parfait fait vraiment du bien au cervical j en ai commander plusieur a mettre chez les gens ou je vais en vacance
Loox	yi2i8j06NL	loox/oreiller-soya-3-0_p05.html	2026-08-16T18:59:20Z	4	horodate_verifie	Marie	oreiller-soya-3-0	temps d adaptation		J ai du mal a m y habituer mais j attend un mois pour juger !!
Loox	bKwo8a8pQM8	loox/oreiller-soya-3-0_p05.html	2026-08-15T00:00:00Z	5	import_minuit_verifie	Rémi.m	oreiller-soya-3-0	confort (positif);hauteur / epaisseur		Une fois la bonne hauteur trouvée, c’est vraiment confortable.
Loox	gfQ1k3dJsI	loox/oreiller-soya-3-0_p05.html	2026-08-14T06:30:09Z	1	horodate_verifie	Mohamed	oreiller-soya-3-0			Pas bon pour ma morphologie, dommage.
Loox	JVNhq5SXfS	loox/oreiller-soya-3-0_p05.html	2026-08-14T06:29:01Z	1	horodate_verifie	Mohamed	oreiller-soya-3-0			Pas bon pour ma morphologie, dommage.
Loox	q_-HhVHQ_	loox/oreiller-soya-3-0_p05.html	2026-08-14T06:24:39Z	2	horodate	Emilie J.	oreiller-soya-3-0	hauteur / epaisseur;taille / dimensions / taie;douleurs (cou, dos, epaules);livraison / delais;qualite percue		"Personnellement; quel enfer. Fibromyalgie, douleurs de dos et de cervicales quotidiens, soya promet un soulagement. Tout ce que j'ai obtenu, ce sont des nouveaux blocages de nuque après plusieurs petits essais. La matière de la taie est synthétique, désagréable, l'oreiller sent très fort , je le trouve trop haut même du côté ""bas"". les côtés pour mettre ses mains, je les trouve trop étroits; les mains ne tiennent pas (j'ai des petits poignets et de petites mains). D'autant plus que la livraison ..."
Loox	N54MbpmRm	loox/oreiller-soya-3-0_p05.html	2026-08-13T14:11:09Z	1	horodate	Angélique	oreiller-soya-3-0	livraison / delais;non recu / commande incomplete;service client;prix / valeur;recommande		Nous sommes réellement déçus . Nous avons passé commande il y'a quasi 3 semaines et n'avons toujours rien reçu. Nous avons fait un mail à Soya mais aucune réponse reçu de leur part, par contre 118€ d'encaissés pour eux et perdus pour nous. Je ne recommande pas ce marchand.
Loox	9V2Xci77Qf	loox/oreiller-soya-3-0_p05.html	2026-08-13T12:21:54Z	4	horodate_verifie	Mathilde	oreiller-soya-3-0			Top dès la première nuit a voir sur le long terme …
Loox	1TkAPj3W3zr	loox/oreiller-soya-3-0_p06.html	2026-08-13T00:00:00Z	5	import_minuit_verifie	Olivier.d	oreiller-soya-3-0			La forme permet de bien trouver sa place une fois allongé.
Loox	dMotTyj3Y	loox/oreiller-soya-3-0_p06.html	2026-08-12T12:22:42Z	2	horodate	Laurent H.	oreiller-soya-3-0	livraison / delais;prix / valeur		Livraison rapide soi disant offerte… oreiller commandé le 2 août, toujours pas expédié le 12 août! Cherchez l’erreur … ce site est il sérieux ?
Loox	JW9tIJcPOC	loox/oreiller-soya-3-0_p06.html	2026-08-11T16:34:14Z	5	horodate_verifie	Franckie	oreiller-soya-3-0	confort (positif)		Confortable et doux au toucher
Loox	iws0EbAStX	loox/oreiller-soya-3-0_p06.html	2026-08-11T11:49:52Z	5	horodate_verifie	Leila	oreiller-soya-3-0			Extraordinaire !! J’ai même convaincu une amie d’en acheter un . Elle vient de passer commande pour un 3.0 !!
Loox	d77CiEOul0	loox/oreiller-soya-3-0_p06.html	2026-08-11T10:21:09Z	3	horodate_verifie	Gwen	oreiller-soya-3-0	livraison / delais		Je n’arrive pas a dormir sur le ventre avec cet oreiller.
Loox	8Vg7ExLaqo	loox/oreiller-soya-3-0_p06.html	2026-08-11T05:01:13Z	3	horodate_verifie	Stella S.	oreiller-soya-3-0			déçue impossible pour moi de dormir sur le cote ou sur le ventre
Loox	eI722VCPFe	loox/oreiller-soya-3-0_p06.html	2026-08-10T19:09:52Z	2	horodate_verifie	Guillaume	oreiller-soya-3-0	temps d adaptation		Franchement aucun interet, je n'est pas pu m'y habituer, torticoli le premier matin j'ai du reprendre mon ancien oreiller.
Loox	CKx7-WWlh0	loox/oreiller-soya-3-0_p06.html	2026-08-10T15:51:26Z	5	horodate_verifie	Stephane	oreiller-soya-3-0	confort (positif);livraison / delais;service client;suivi de colis		Sav qui prend très au serieu tout défaut de réception. Livraison rapide. Tracking competent, un bon service je vous remercie.  L'oreiller est très bien pour l'instant c'est une agréable surprise.
Loox	Js22FSZjmG	loox/oreiller-soya-3-0_p06.html	2026-08-10T14:29:27Z	2	horodate_verifie	Claudia D.	oreiller-soya-3-0	livraison / delais;prix / valeur		Hyper déçu. sur la photo il etait possible de mettre les bras sur les côtés de l'oreiller, ce n'est pas le cas avec celui la. A ce prix là c'est vraiment decevant. En plus plus de 3 semaines pour la reception. J'avais demande de modifier l'adresse de reception mais même apres accord le colis a été livré a l'ancienne adresse.
Loox	33JnOWPb7r	loox/oreiller-soya-3-0_p06.html	2026-08-10T06:40:53Z	5	horodate_verifie	Sandrine J.	oreiller-soya-3-0			Surprenant mais très bien !
Loox	4SBvWFFwMi	loox/oreiller-soya-3-0_p06.html	2026-08-09T08:11:25Z	4	horodate_verifie	Céline	oreiller-soya-3-0	fermete (dur / mou);taille / dimensions / taie;qualite percue		Je le trouve bien,  Il est bien ferme et se cale comme il faut , 4 étoiles parce que la matière de la protection je la trouve pas assez respirante, c’est pour ça que d’ailleurs j’en ai pris deux pour alterner plus facilement et que je mets bien évidemment mes Taies oreillers par-dessus
Loox	38oBkiufLA	loox/oreiller-soya-3-0_p06.html	2026-08-09T06:28:54Z	5	horodate_verifie	Valentin M.	oreiller-soya-3-0			Vraiment incroyables
Loox	1FXkXGPWDKV	loox/oreiller-soya-3-0_p06.html	2026-08-09T00:00:00Z	5	import_minuit_verifie	Bastien.r	oreiller-soya-3-0	confort (positif);qualite percue		Bonne qualité générale et sensation agréable.
Loox	m-dQRJaGXM	loox/oreiller-soya-3-0_p06.html	2026-08-08T17:35:29Z	1	horodate_verifie	Diana	oreiller-soya-3-0	inconfort / mal dormi		Je suis très déçue... c'est tellement inconfortable. Je l'utilise pour mes jambes, mais pas pour la tête
Loox	3i1qE1KGt4	loox/oreiller-soya-3-0_p06.html	2026-08-07T12:26:28Z	5	horodate_verifie	Brigitte	oreiller-soya-3-0	confort (positif)		Son moelleux
Loox	T8RogC0Nk3	loox/oreiller-soya-3-0_p06.html	2026-08-07T10:16:25Z	5	horodate_verifie	Marie France F.	oreiller-soya-3-0			J’aime bien , maintenant je dormi bien merci
Loox	n0Etz_Q14x	loox/oreiller-soya-3-0_p06.html	2026-08-06T12:16:23Z	1	horodate_verifie	Besançon	oreiller-soya-3-0			Franchement je m attendais à beaucoup mieux!
Loox	vqsEWQxYs1	loox/oreiller-soya-3-0_p06.html	2026-08-06T09:05:35Z	2	horodate_verifie	Anne	oreiller-soya-3-0	douleurs (cou, dos, epaules);qualite percue		Les matieres et pas vrziment de progres pour le soutien de mes cervicales par rapport a un oreiller memoire de forme.
Loox	PtSfggUPJT	loox/oreiller-soya-3-0_p06.html	2026-08-05T16:00:29Z	2	horodate_verifie	Carine C.	oreiller-soya-3-0	taille / dimensions / taie;temps d adaptation		Le vert n’est absolument pas le meme que celui presenté, les dimensions sont trop grandes. / J’ai du mal a m’habituer à l’oreiller.  / Je regrette
Loox	ag0qPVp5wb	loox/oreiller-soya-3-0_p06.html	2026-08-05T15:58:39Z	4	horodate_verifie	Sacha	oreiller-soya-3-0	hauteur / epaisseur;recommande		Bonjour je viens de recevoir l’oreiller il est vraiment bien  j’ai fais juste une sieste pour le moment avec mais cela ma plus . Cependant avez vous des conseilles pour savoir comment regarder la tv assis si plat sur sur lit ?
Loox	SCZ2E5wP4L	loox/oreiller-soya-3-0_p07.html	2026-08-05T12:56:13Z	5	horodate_verifie	Dubuis S.	oreiller-soya-3-0	confort (positif);qualite percue		Tres bon produit pour le moment, tres confortable, bonne qualité, merci, j’espere qu’il tiendra sur la durée
Loox	xaErWIYH_M	loox/oreiller-soya-3-0_p07.html	2026-08-05T11:17:05Z	5	horodate_verifie	Gateau M.	oreiller-soya-3-0	conformite a l annonce		Parfait. Produit conforme et surtout efficace!!
Loox	a7Wd39A1ZV	loox/oreiller-soya-3-0_p07.html	2026-08-04T15:17:47Z	5	horodate_verifie	Delphine	oreiller-soya-3-0	confort (positif);livraison / delais		Delai de livraison très long car rupture de stock. Pas encore testé mais à l’air très confortable
Loox	_CohwiYqWE	loox/oreiller-soya-3-0_p07.html	2026-08-04T07:50:30Z	4	horodate_verifie	Claire	oreiller-soya-3-0			Tres bien
Loox	QVXWIjGdNKW	loox/oreiller-soya-3-0_p07.html	2026-08-04T00:00:00Z	5	import_minuit_verifie	Maxime.c	oreiller-soya-3-0			Je l’utilise depuis quelques semaines et j’en suis contente.
Loox	NuppLhpQ-y	loox/oreiller-soya-3-0_p07.html	2026-08-02T17:03:42Z	5	horodate_verifie	Karine	oreiller-soya-3-0	livraison / delais;qualite percue		Pas encore assez de recul (2 nuits), mais l'oreiller à l'air de bonne qualité... / Livraison parfaite
Loox	NK7cDR3gcte	loox/oreiller-soya-3-0_p07.html	2026-08-02T00:00:00Z	5	import_minuit_verifie	Amélie.n	oreiller-soya-3-0	livraison / delais;service client		Je recherchais surtout un oreiller qui garde sa tenue pendant la nuit et celui-ci répond bien à cette attente.
Loox	TeP4Gl9-17	loox/oreiller-soya-3-0_p07.html	2026-08-01T11:02:57Z	4	horodate_verifie	Laure	oreiller-soya-3-0	temps d adaptation;livraison / delais		La livraison s’est bien passee! Mais j’ai du mal a dormir abec ce genre d’oreiller. Qusetion d’habitude je pense. A voir!
Loox	WJVl7wE2rl	loox/oreiller-soya-3-0_p07.html	2026-07-31T10:47:11Z	5	horodate_verifie	Patricia	oreiller-soya-3-0			Je dors nettement mieux et je n'ai plus le cou bloqué le matin comme régulièrement avec mon ancien oreiller.  À Voir sur la durée mais pour l'instant très satisfaite.
Loox	GxXYM533Kb	loox/oreiller-soya-3-0_p07.html	2026-07-29T20:06:03Z	2	horodate_verifie	Camille	oreiller-soya-3-0	fermete (dur / mou);livraison / delais		Pas convaincu du tous, trop moue, pas assez de maintien je n’arrive pas du tous a dormir avec
Loox	vRAq4FDQUND	loox/oreiller-soya-3-0_p07.html	2026-07-29T11:20:15Z	5	horodate_verifie	Celine B.	oreiller-soya-3-0	confort (positif)		Super confort
Loox	-URsgpoo6D	loox/oreiller-soya-3-0_p07.html	2026-07-29T10:58:55Z	5	horodate_verifie	Cendamo	oreiller-soya-3-0	livraison / delais		Aujourd'hui j ai bien reçu un colis.
Loox	w1WkgsV9xFy	loox/oreiller-soya-3-0_p07.html	2026-07-29T00:00:00Z	5	import_minuit_verifie	Patricia.m	oreiller-soya-3-0			J’utilise surtout le côté bas et il me convient très bien.
Loox	4rdujxgEvxN	loox/oreiller-soya-3-0_p07.html	2026-07-28T12:19:19Z	5	horodate_verifie	Sandrine	oreiller-soya-3-0	temps d adaptation		Pour l'instant,je n'ai pas encore assez de recul / Je pense qu'il faut un petit moment pour s'habituer
Loox	oKjX4IP7i	loox/oreiller-soya-3-0_p07.html	2026-07-28T10:59:38Z	3	horodate	Francoise B.	oreiller-soya-3-0	retour / remboursement;service client;recommande		L’oreiller Soya 3 ne me convient pas et je l’ai retourné aussitôt. J’attends toujours le remboursement !!! Ça fait plus de 2 mois. On m’adresse des mails me disant que mon remboursement va être effectué !! De vrais menteurs !!  / Je ne recommande pas du tout cette marque ! / Mon rhumatologue m’a totalement déconseille cet oreiller !
Loox	W_P5oXqhUt	loox/oreiller-soya-3-0_p07.html	2026-07-27T15:16:54Z	1	horodate_verifie	Suzanne C.	oreiller-soya-3-0	hauteur / epaisseur		Trop haut
Loox	BteNb29Ajq	loox/oreiller-soya-3-0_p07.html	2026-07-26T20:50:18Z	5	horodate_verifie	Barbara B.	oreiller-soya-3-0			Jadore ce coussin
Loox	R6mPc-wTh	loox/oreiller-soya-3-0_p07.html	2026-07-26T08:58:00Z	5	horodate	Anthony F.	oreiller-soya-3-0	hauteur / epaisseur;douleurs (cou, dos, epaules);temps d adaptation		Aucun doute, soulagement, assuré merci Soya / Voilà, première nuit avec les oreillers ergonomique Soya. /  Dès ce matin, sensation de décontraction de la nuque et du dos.  / Également avec le dégagement sur les côtés je n’ai eu aucune pression sur mon épaule droite où j’ai eu une arthrodèse aucune douleur ce matin c’est ce que je voulais, il faut s’habituer car l’oreiller évidemment n’est pas plat, mais justement cela fait toute la différence.  / Je pense également acheter le 3.0 car le 2.0 ne convient pa...
Loox	Tf0lwWLA8lP	loox/oreiller-soya-3-0_p07.html	2026-07-25T00:00:00Z	5	import_minuit_verifie	Fabien.s	oreiller-soya-3-0	confort (positif);qualite percue		Bonne qualité de confort pour le moment. À voir sur le long terme mais mes premières semaines sont positives.
Loox	zkZzkV3jXQm	loox/oreiller-soya-3-0_p07.html	2026-07-25T00:00:00Z	5	import_minuit_verifie	Marion.b	oreiller-soya-3-0	confort (positif)		Le côté moelleux est exactement ce que je recherchais.
Loox	QkIwliFqRIO	loox/oreiller-soya-3-0_p08.html	2026-07-24T00:00:00Z	5	import_minuit_verifie	Noémie.l	oreiller-soya-3-0			Je l’ai adopté beaucoup plus vite que prévu.
Loox	ffjQU5QCEZ6	loox/oreiller-soya-3-0_p08.html	2026-07-22T20:59:39Z	3	horodate_verifie	Marjolaine	oreiller-soya-3-0	livraison / delais		Je mets 5 etoiles au produit mais la livraison est beaucoup trop longue !
Loox	pHwO8iMorD	loox/oreiller-soya-3-0_p08.html	2026-07-21T13:10:07Z	5	horodate_verifie	Chantal	oreiller-soya-3-0	confort (positif);odeur		fourre sent le synthétique, est douce. oreiller un peu haut et pas assez moelleux pour moi.
Loox	bDqcs8mHzd6	loox/oreiller-soya-3-0_p08.html	2026-07-20T09:00:48Z	5	horodate_verifie	Christine C.	oreiller-soya-3-0	qualite percue;housse		Super oreiller, mousse memoire de forme excellente et surtout la douceur et la qualité de la housse  . / J’avais commandé il ya 1 ans l’oreiller Soya 2.O que je trouvais deja bien mais celui ci est plus que parfait . / Merci
Loox	5AINy__AoL5	loox/oreiller-soya-3-0_p08.html	2026-07-20T00:00:00Z	5	import_minuit_verifie	Jonathan.g	oreiller-soya-3-0	fermete (dur / mou)		J’aime le soutien qu’il apporte tout en restant suffisamment souple pour pouvoir bouger facilement.
Loox	5RWeCliU4Ee	loox/oreiller-soya-3-0_p08.html	2026-07-19T00:00:00Z	5	import_minuit_verifie	Guillaume.t	oreiller-soya-3-0	confort (positif)		Très agréable pour quelqu’un qui change souvent de position pendant la nuit.
Loox	3w62Hifl3kN	loox/oreiller-soya-3-0_p08.html	2026-07-17T00:00:00Z	5	import_minuit_verifie	Maëva.l	oreiller-soya-3-0			Très bon ressenti après une semaine d’utilisation.
Loox	D6GwPd5r3oS	loox/oreiller-soya-3-0_p08.html	2026-07-17T00:00:00Z	5	import_minuit_verifie	Clément.f	oreiller-soya-3-0	hauteur / epaisseur		Je ne savais pas quelle hauteur choisir, finalement le test des deux côtés a été simple.
Loox	zq2cpEfX1U	loox/oreiller-soya-3-0_p08.html	2026-07-16T22:34:13Z	5	horodate	Lydie L.	oreiller-soya-3-0			Bonjour ,j’ai pris deux oreillers soya 3.0 et je les trouve different, est-ce qu’il sont tous pareils car je les ai pas pris de la même couleur ?
Loox	bm1SxmUST9	loox/oreiller-soya-3-0_p08.html	2026-07-16T09:42:02Z	1	horodate_verifie	Aline W.	oreiller-soya-3-0	douleurs (cou, dos, epaules)		Ne me convient pas, j ai encore plus de douleurs cervicales
Loox	6ArxXKkU_Bp	loox/oreiller-soya-3-0_p08.html	2026-07-16T00:00:00Z	5	import_minuit_verifie	Alexis.v	oreiller-soya-3-0			Bonne découverte, différent de ce que j’utilisais auparavant.
Loox	uAmS9FaIRCc	loox/oreiller-soya-3-0_p08.html	2026-07-15T00:00:00Z	5	import_minuit_verifie	Anthony.h	oreiller-soya-3-0	confort (positif)		Je trouve le confort vraiment équilibré.
Loox	GTeNTF_czDX	loox/oreiller-soya-3-0_p08.html	2026-07-14T00:00:00Z	5	import_minuit_verifie	Coralie.g	oreiller-soya-3-0	temps d adaptation		Après une petite période d’adaptation, je ne souhaite plus revenir à mon ancien oreiller.
Loox	zBlaWBsRE8	loox/oreiller-soya-3-0_p08.html	2026-07-11T13:18:18Z	5	horodate_verifie	Olivier	oreiller-soya-3-0	confort (positif);taille / dimensions / taie		Oreiller confortable, la taie est douce... A voir avec le temps
Loox	W5eBLTS-nz	loox/oreiller-soya-3-0_p08.html	2026-07-10T15:32:20Z	5	horodate_verifie	Renée	oreiller-soya-3-0	douleurs (cou, dos, epaules);recommande		C'est vrai, que je n'ai plus mal aux cervicales en me réveillant. Je recommande
Loox	EQRJshfWU4	loox/oreiller-soya-3-0_p08.html	2026-07-10T05:58:05Z	5	horodate_verifie	Joelle R.	oreiller-soya-3-0	confort (positif);chaleur / fraicheur;douleurs (cou, dos, epaules);qualite percue		Je suis ravie de mon nouvel oreiller Soya !  Sa forme ergonomique est tellement confortable et maintient la nuque dans une position idéale  pour que les cervicales se détendent. Le rebord central guide la tête pour qu'elle se place naturellement pendant le sommeil, et les bords latéraux sont vraiment confortables pour reposer le bras lorsqu'on dort sur le côté. De plus, la matière est douce et fraîche par temps chaud. Je l'adore !
Loox	Pdc-MHvm7D	loox/oreiller-soya-3-0_p08.html	2026-07-09T21:27:00Z	1	horodate_verifie	Aurélie	oreiller-soya-3-0			J'ai eu un accident de café j'ai du laver mon coussin en machine la mousse c'est sectionné en deux
Loox	ApVweBH3GV	loox/oreiller-soya-3-0_p08.html	2026-07-08T14:21:45Z	5	horodate_verifie	Valérie	oreiller-soya-3-0	recommande		Excellent priduit ; j’en ai recommandé a nouveau 2
Loox	W-t8bnlgJz	loox/oreiller-soya-3-0_p08.html	2026-07-08T06:25:42Z	1	horodate_verifie	Corinne F.	oreiller-soya-3-0	hauteur / epaisseur;douleurs (cou, dos, epaules);retour / remboursement;arnaque / fraude		Le produit ne me convenait pas car trop haut pour mes cervicales. Je leur ai retourné à mes frais depuis le 30 mars. Et je n'ai toujours pas eu le remboursement à ce jour le 8 juillet . Je pense que ce site est une arnaque. Attention
Loox	Cek57UI2X_	loox/oreiller-soya-3-0_p08.html	2026-07-07T14:42:38Z	5	horodate_verifie	Sophie	oreiller-soya-3-0	livraison / delais		Reçu tres bien emballé. Commander la semaine dernier donc 1 semaine de délai. TOP. Il ne reste qu'à tester.
Loox	v-xZ0LrPRY	loox/oreiller-soya-3-0_p09.html	2026-07-07T09:08:41Z	5	horodate_verifie	Steve Z.	oreiller-soya-3-0	confort (positif)		Très confortable
Loox	aKZmNiBtKfr	loox/oreiller-soya-3-0_p09.html	2026-07-07T00:00:00Z	5	import_minuit_verifie	Léa.c	oreiller-soya-3-0			Quelques nuits ont suffi pour que je prenne mes repères. Maintenant je ne réfléchis même plus à ma position.
Loox	Q4WfcEitQrS	loox/oreiller-soya-3-0_p09.html	2026-07-06T00:00:00Z	5	import_minuit_verifie	Vincent.p	oreiller-soya-3-0			Le 3.0 me convient davantage que les oreillers très fermes que j’avais auparavant.
Loox	iae9yeq4CH	loox/oreiller-soya-3-0_p09.html	2026-07-06T00:00:00Z	5	import_minuit_verifie	Camille.p	oreiller-soya-3-0	confort (positif)		Le maintien est vraiment agréable, surtout lorsque je dors sur le côté.
Loox	5_QiW6z2iv7	loox/oreiller-soya-3-0_p09.html	2026-07-06T00:00:00Z	5	import_minuit_verifie	Arthur.p	oreiller-soya-3-0	confort (positif)		La mousse reste confortable même lorsque je change plusieurs fois de position.
Loox	MFXSN3EE5P	loox/oreiller-soya-3-0_p09.html	2026-07-05T20:14:41Z	5	horodate_verifie	Joséphine	oreiller-soya-3-0	douleurs (cou, dos, epaules)		Parfait!!! / Plus de douleurs au reveil
Loox	2GUyxVGDYo	loox/oreiller-soya-3-0_p09.html	2026-07-03T17:22:19Z	5	horodate_verifie	Zoé	oreiller-soya-3-0			L’oreiller est tout simplement parfait
Loox	JNU7Tn0XHV	loox/oreiller-soya-3-0_p09.html	2026-07-03T12:22:13Z	1	horodate_verifie	Sandrine L.	oreiller-soya-3-0			Decu de mon achat
Loox	VsK1lbGvyA	loox/oreiller-soya-3-0_p09.html	2026-07-03T09:16:22Z	4	horodate_verifie	Antonio Jose	oreiller-soya-3-0			Tres bon coussin, on dort tres bien avec
Loox	3uz1DL7IHlT	loox/oreiller-soya-3-0_p09.html	2026-07-03T00:00:00Z	5	import_minuit_verifie	Sabrina.l	oreiller-soya-3-0	hauteur / epaisseur		Je l’ai choisi pour son double niveau de hauteur et c’est clairement la fonctionnalité que j’apprécie le plus.
Loox	x1TakRyPfm	loox/oreiller-soya-3-0_p09.html	2026-07-02T15:49:13Z	1	horodate_verifie	Virginie	oreiller-soya-3-0	douleurs (cou, dos, epaules)		Visiblement oreiller pas pour moi des la 1ere utilisation réveil avec mal de cou, j'ai persévérer 2 nuits de plus en pensant que c'était normal car nouveau mais non enorme torticolis depuis 3 jours , je nutilise pas le produit.
Loox	0ym2VAwGbr	loox/oreiller-soya-3-0_p09.html	2026-07-02T00:00:00Z	5	import_minuit_verifie	Nicolas.m	oreiller-soya-3-0	confort (positif)		Très bonne première impression, l’oreiller est moelleux tout en gardant un bon soutien.
Loox	J1UI8S0ZO5	loox/oreiller-soya-3-0_p09.html	2026-07-01T19:05:48Z	5	horodate_verifie	Marine	oreiller-soya-3-0	livraison / delais		La commande est arrivée rapidement et bien emballée.
Loox	JL2Y95qzAZ	loox/oreiller-soya-3-0_p09.html	2026-06-30T18:25:12Z	5	horodate_verifie	Jean Luc A.	oreiller-soya-3-0			Très bon produit l'objectif atteint
Loox	R_50GyAdwuf	loox/oreiller-soya-3-0_p09.html	2026-06-30T00:00:00Z	5	import_minuit_verifie	Anaïs.g	oreiller-soya-3-0	confort (positif)		La sensation est différente d’un oreiller classique, mais très agréable.
Loox	H_aqXaCUwU	loox/oreiller-soya-3-0_p09.html	2026-06-30T00:00:00Z	5	import_minuit_verifie	Agnès.t	oreiller-soya-3-0			Bonne tenue pendant toute la nuit.
Loox	NU_3OoxWVu	loox/oreiller-soya-3-0_p09.html	2026-06-29T20:55:55Z	4	horodate_verifie	Claire	oreiller-soya-3-0			Très bien
Loox	BQOu7kB5FI	loox/oreiller-soya-3-0_p09.html	2026-06-29T12:57:01Z	5	horodate_verifie	Caroline R.	oreiller-soya-3-0	douleurs (cou, dos, epaules)		Vraiment un oreiller au top, maintenant je fais des nuits complètes sans me réveiller , j’en ai offert 1 à mon père pour la fête des pères (86 ans), il est ravi car il avait toujours mal au dos le matin au lever, et maintenant il dit qu’il n’a plus de douleur et que ses vertèbres ne craquent plus le matin au lever. Du coup ma mère en a voulu 1, et ma sœur également pour elle et son mari.
Loox	ILaxPBBHOB	loox/oreiller-soya-3-0_p09.html	2026-06-29T08:50:10Z	1	horodate_verifie	Fabien	oreiller-soya-3-0	livraison / delais;non recu / commande incomplete		"Je ne l'ai toujours pas reçu, ça fait 1 mois et demi que j'attends ce produit ""formidable"""
Loox	xkgX063ntV-	loox/oreiller-soya-3-0_p09.html	2026-06-29T00:00:00Z	5	import_minuit_verifie	Pierre.d	oreiller-soya-3-0	temps d adaptation;livraison / delais		Très bonne surprise après réception. Je pensais devoir m’adapter longtemps mais ça s’est fait naturellement.
Loox	4YXCpuEb2w	loox/oreiller-soya-3-0_p10.html	2026-06-29T00:00:00Z	5	import_minuit_verifie	Élodie.g	oreiller-soya-3-0	hauteur / epaisseur		J’aime beaucoup pouvoir choisir entre les deux hauteurs.
Loox	4AuTcjrdlFF	loox/oreiller-soya-3-0_p10.html	2026-06-29T00:00:00Z	5	import_minuit_verifie	Valentin.d	oreiller-soya-3-0	confort (positif)		Très bon confort pour dormir sur le côté.
Loox	VsSkxVAijh9	loox/oreiller-soya-3-0_p10.html	2026-06-28T00:00:00Z	5	import_minuit_verifie	Adrien.m	oreiller-soya-3-0			J’ai testé les deux côtés avant de trouver celui qui me convenait le mieux.
Loox	pdXfnbb9VF	loox/oreiller-soya-3-0_p10.html	2026-06-27T08:53:32Z	4	horodate_verifie	Andreia M.	oreiller-soya-3-0	temps d adaptation		Première nuit avec un peu plus haut que mon coussin habituel.. Mais on verra par la suite
Loox	dzwo-c9WSDt	loox/oreiller-soya-3-0_p10.html	2026-06-27T00:00:00Z	5	import_minuit_verifie	Bruno.s	oreiller-soya-3-0	confort (positif)		Je trouve l’ensemble bien pensé et agréable à utiliser.
Loox	FRW3jUlH2f0	loox/oreiller-soya-3-0_p10.html	2026-06-26T00:00:00Z	5	import_minuit_verifie	Hugo.v	oreiller-soya-3-0	confort (positif);prix / valeur		Je cherchais quelque chose de plus moelleux, je suis satisfaite.
Loox	jVJ0FLzVUc	loox/oreiller-soya-3-0_p10.html	2026-06-25T07:55:10Z	1	horodate_verifie	Karen A.	oreiller-soya-3-0	confort (positif);inconfort / mal dormi;housse		Pas confortable housse en synthétique pas en bambou…
Loox	yxKgq931vc	loox/oreiller-soya-3-0_p10.html	2026-06-22T08:49:31Z	5	horodate_verifie	Christelle V.	oreiller-soya-3-0	douleurs (cou, dos, epaules);recommande		Après trois nuits d'essai, je trouve le produit très bien. Aucunes douleurs au niveau des cervicales. Je recommande ce produit 🤩🤩
Loox	WZxaK8v6KK	loox/oreiller-soya-3-0_p10.html	2026-06-21T00:19:25Z	5	horodate_verifie	Eric	oreiller-soya-3-0	housse		Je suis super content de mon achat le seul souci c’est qu’il faut acheter une housse d’oreiller parce que les housses normal c’est galère mais je ne peux pas me le permettre financièrement
Loox	wlyBuJSoesU	loox/oreiller-soya-3-0_p10.html	2026-06-21T00:00:00Z	5	import_minuit_verifie	Nathalie.s	oreiller-soya-3-0			Très bonne sensation dès que l’on pose la tête dessus.
Loox	eNCgxLxKSC	loox/oreiller-soya-3-0_p10.html	2026-06-19T19:55:10Z	5	horodate_verifie	Céline	oreiller-soya-3-0	confort (positif);hauteur / epaisseur		Ma mère est très satisfaite de cette oreiller.  / De mon coté j'aurais préféré un peu moins d'épaisseur pour plus de confort mais fait le job .
Loox	4K3O3Osth_	loox/oreiller-soya-3-0_p10.html	2026-06-19T19:53:22Z	4	horodate_verifie	Céline	oreiller-soya-3-0	fermete (dur / mou);douleurs (cou, dos, epaules)		Un peu ferme pour moi mais me soulage tout de même bien au niveau des cervicales et me permet d'être bien positionnée pour dormir.
Loox	5cFOrsfGc	loox/oreiller-soya-3-0_p10.html	2026-06-19T08:57:49Z	5	horodate	Charles B.	oreiller-soya-3-0	housse		je vous est achté un oreiller plus une housse de rechange désolé mais elle épouse pas la forme de l'oreiller Cdt Mr Blanc
Loox	ykhCM4izjS	loox/oreiller-soya-3-0_p10.html	2026-06-19T06:59:48Z	5	horodate_verifie	Stefan	oreiller-soya-3-0			Le top
Loox	wPYFYvs--L9	loox/oreiller-soya-3-0_p10.html	2026-06-18T00:00:00Z	5	import_minuit_verifie	Marion.m	oreiller-soya-3-0			J’aime beaucoup sa forme
Loox	vOvj7g8FQT	loox/oreiller-soya-3-0_p10.html	2026-06-17T18:27:48Z	3	horodate_verifie	Gregory	oreiller-soya-3-0	livraison / delais		Livraison trop longue
Loox	WWwNo47kFW	loox/oreiller-soya-3-0_p10.html	2026-06-17T17:34:04Z	5	horodate_verifie	Ivy B.	oreiller-soya-3-0	livraison / delais		Arrivé en parfait état..
Loox	aMGj4urKnD	loox/oreiller-soya-3-0_p10.html	2026-06-17T12:25:42Z	2	horodate_verifie	Nathalie	oreiller-soya-3-0	douleurs (cou, dos, epaules);temps d adaptation		Difficultés à m'y habituer. Toujours mal aux cervicales
Loox	hE8-AzB5of	loox/oreiller-soya-3-0_p10.html	2026-06-16T18:23:59Z	5	horodate_verifie	Munevver K.	oreiller-soya-3-0			Ravie du produit 👍
Loox	e4r6E0WYx	loox/oreiller-soya-3-0_p10.html	2026-06-16T08:20:12Z	5	horodate	Valérie	oreiller-soya-3-0	confort (positif);douleurs (cou, dos, epaules);temps d adaptation;qualite percue;recommande		Très satisfaite de mon oreiller SOYA 3.0.  Après quelques nuits d'adaptation, j'ai constaté une nette diminution de mes douleurs cervicales au réveil.  Il offre un bon maintien de la nuque tout en restant confortable, notamment en position sur le côté. La qualité est au rendez-vous et je ne regrette pas mon achat. Je le recommande aux personnes qui recherchent un meilleur soutien cervical.
Loox	KPOKsYmhla	loox/oreiller-soya-3-0_p11.html	2026-06-15T14:17:56Z	5	horodate_verifie	Amélie G.	oreiller-soya-3-0	confort (positif)		Ce coussin est pour la fête des pères, mais il a l'air tellement confortable que je le garderai bien ☺️
Loox	QqK0yoKgR8	loox/oreiller-soya-3-0_p11.html	2026-06-15T13:45:46Z	4	horodate	Eva	oreiller-soya-3-0	retour / remboursement;arnaque / fraude		bien mais par contre l'offre de retour est une arnaque puisque il faut payer l'envoi retour!! attention!!
Loox	Sv7mJNq226	loox/oreiller-soya-3-0_p11.html	2026-06-14T13:37:20Z	5	horodate_verifie	Sophie	oreiller-soya-3-0	douleurs (cou, dos, epaules);recommande		Très bien je recommande / Plus mal aux cervicales et au bas du dos
Loox	mFKmgOtkIED	loox/oreiller-soya-3-0_p11.html	2026-06-14T00:00:00Z	5	import_minuit_verifie	Sébastien.c	oreiller-soya-3-0	confort (positif)		Je trouve facilement une position confortable avec celui-ci.
Loox	2LCjb1NScqQ	loox/oreiller-soya-3-0_p11.html	2026-06-13T00:00:00Z	5	import_minuit_verifie	Véronique.n	oreiller-soya-3-0	hauteur / epaisseur		Je l’ai choisi pour ses deux hauteurs et je ne regrette pas.
Loox	1EUURO2RrE	loox/oreiller-soya-3-0_p11.html	2026-06-12T12:40:47Z	5	horodate_verifie	Sylvain C.	oreiller-soya-3-0			Haut
Loox	mYtQnyyRKjQ	loox/oreiller-soya-3-0_p11.html	2026-06-12T00:00:00Z	5	import_minuit_verifie	Amélie.f	oreiller-soya-3-0	fermete (dur / mou)		Le soutien est présent sans donner une sensation trop ferme.
Loox	izfQPOwx1j	loox/oreiller-soya-3-0_p11.html	2026-06-11T12:50:55Z	5	horodate_verifie		oreiller-soya-3-0			Quel kiff !
Loox	1g_sgWYfdz	loox/oreiller-soya-3-0_p11.html	2026-06-11T10:28:23Z	5	horodate_verifie	Celine	oreiller-soya-3-0	temps d adaptation;recommande		Très satisfaite, il faut un temps d'adaptation. / Je recommande
Loox	oT0XGF1ny	loox/oreiller-soya-3-0_p11.html	2026-06-11T08:51:06Z	5	horodate	Océane B.	oreiller-soya-3-0	douleurs (cou, dos, epaules)		Très satisfaite de ma commande  /  J'ai dormi avec pour la première fois cette nuit, je n'ai eu aucune douleur aux cervicales et au dos au réveil.  Pourtant je sors d'une entorse aux cervicales. Dès que j'ai posé ma tête dessus j'ai senti mon dos se détendre. / Merci beaucoup !
Loox	x1-A0fRySZ8	loox/oreiller-soya-3-0_p11.html	2026-06-11T00:00:00Z	5	import_minuit_verifie	Jordan.t	oreiller-soya-3-0	livraison / delais		Je l’utilise tous les soirs depuis sa réception.
Loox	CJu4RTEJJ8	loox/oreiller-soya-3-0_p11.html	2026-06-10T19:31:38Z	5	horodate_verifie	Nathalie L.	oreiller-soya-3-0	confort (positif);douleurs (cou, dos, epaules);temps d adaptation		Chouette coussin  / Agréable.  / Bonne première nuit en bougeant beaucoup moins. / Juste un peu de tension dans la nuque sur le matin mais je pense du à un temps d adaptation. / Contente de mon achat.
Loox	rXycBfO9vK	loox/oreiller-soya-3-0_p11.html	2026-06-06T11:22:54Z	3	horodate_verifie	Romain S.	oreiller-soya-3-0			Apres une semaine, je ne suis pas pleinement convaincu dinbien fondé de l’utilité de cet oreillé
Loox	hHTQh4Xy2i	loox/oreiller-soya-3-0_p11.html	2026-06-06T08:34:26Z	4	horodate_verifie	Mme P.	oreiller-soya-3-0	fermete (dur / mou);douleurs (cou, dos, epaules)		Souple, bonne tenue de la colonne cervicale. Je n'ai plus de douleurs
Loox	lX6URNwpP0	loox/oreiller-soya-3-0_p11.html	2026-06-06T07:55:00Z	5	horodate_verifie	Valérie W.	oreiller-soya-3-0			Super !je dors bcp mieux 🙏👍👍👌
Loox	o-wAqULpRv	loox/oreiller-soya-3-0_p11.html	2026-06-05T08:29:47Z	5	horodate_verifie	Jeromine	oreiller-soya-3-0	confort (positif);recommande		Oreilller super doux et confortable, leger  / Je recommande vivement ce produit 😍🤩
Loox	3msOfeAnei	loox/oreiller-soya-3-0_p11.html	2026-06-04T00:00:00Z	5	import_minuit_verifie	Sophie.l	oreiller-soya-3-0	confort (positif)		Très confortable dès les premières nuits, je suis agréablement surprise.
Loox	W7EPshrBsA	loox/oreiller-soya-3-0_p11.html	2026-06-03T16:26:11Z	2	horodate_verifie	Catherine	oreiller-soya-3-0	retour / remboursement		Retour au fournisseur
Loox	Yd4hrd1u-JT	loox/oreiller-soya-3-0_p11.html	2026-06-03T00:00:00Z	5	import_minuit_verifie	Isabelle.t	oreiller-soya-3-0	taille / dimensions / taie		J’avais peur que la forme prenne trop de place dans le lit mais finalement les dimensions me conviennent très bien.
Loox	SlNtAGVqZC	loox/oreiller-soya-3-0_p11.html	2026-06-02T18:29:54Z	5	horodate_verifie	Benoit B.	oreiller-soya-3-0	douleurs (cou, dos, epaules)		Tres bon oreiller ergonomique qui epouse bien la colonne vertébrale. Je dors sur le côté et je n’ai plus mal aux cervicales le matin 😉
Loox	HTRVNLVhWs	loox/oreiller-soya-3-0_p12.html	2026-06-02T12:59:11Z	5	horodate_verifie	Yannick P.	oreiller-soya-3-0			Très très bien 👍🏼
Loox	T8iGGhb7Dm	loox/oreiller-soya-3-0_p12.html	2026-06-02T09:57:25Z	1	horodate_verifie	Alissa	oreiller-soya-3-0	odeur		Déçue odeur tres forte
Loox	39AvaklMDh	loox/oreiller-soya-3-0_p12.html	2026-05-29T15:01:20Z	4	horodate_verifie	Audrey	oreiller-soya-3-0			Première nuit validée, à voir sur le long terme mais c'est très très prometteur 👏👏👏
Loox	R6TdgQ55TY	loox/oreiller-soya-3-0_p12.html	2026-05-28T22:11:36Z	5	horodate_verifie	Marion	oreiller-soya-3-0	confort (positif)		Dort super bien et super confortable
Loox	tcpasePo5k	loox/oreiller-soya-3-0_p12.html	2026-05-28T12:27:54Z	4	horodate_verifie	Alain G.	oreiller-soya-3-0	hauteur / epaisseur;chaleur / fraicheur		Un peut trop bas comme soutient de tête. / Point positif la fraîcheur appaisante de cet oreiller.
Loox	bXtJNwJDdS	loox/oreiller-soya-3-0_p12.html	2026-05-27T12:32:11Z	4	horodate_verifie	Patricia	oreiller-soya-3-0			Contente de mon achat.
Loox	doEAnAbLu	loox/oreiller-soya-3-0_p12.html	2026-05-26T19:12:29Z	5	horodate	Magali B.	oreiller-soya-3-0	inconfort / mal dormi;hauteur / epaisseur;fermete (dur / mou);douleurs (cou, dos, epaules);livraison / delais;housse		J'ai vu la pub sur Facebook mais en général je suis septique,j'y crois pas et là comme j'ai de l'arthrose aux cervicales et que je dors très mal en ce moment,vu les avis positif je me suis laissée tenter...j 'ai acheté le 3.0 , et bien je l'adore !! Pas trop dur,pas trop mou juste parfait !  Pas trop haut, soutien bien la nuque et les épaules , il a mis 10 jours pour arriver.  / J'ai acheté 2 housses de protection car je n'avais pas compris que le coussin avait déjà une housse mais c'est pas grave j...
Loox	6d2iHVwEyz	loox/oreiller-soya-3-0_p12.html	2026-05-18T09:21:20Z	4	horodate_verifie	Christophe M.	oreiller-soya-3-0	livraison / delais;service client;qualite percue;housse;suivi de colis		Qualité du produit, SAV, Suivie de colis tout étaient parfait !  / Seul bémol une housse bleu déchiré !
Loox	W4yWTesAbk	loox/oreiller-soya-3-0_p12.html	2026-05-16T18:13:09Z	5	horodate_verifie	Nathalie M.	oreiller-soya-3-0			J avais la version 2 et cette version ci est celle qui me / Convient vraiment
Loox	laTxLgIxiP	loox/oreiller-soya-3-0_p12.html	2026-05-16T13:15:27Z	5	horodate_verifie	Yannick Jean-françois	oreiller-soya-3-0			Excellent produit
Loox	qtoUnTGnPY	loox/oreiller-soya-3-0_p12.html	2026-05-14T09:47:12Z	5	horodate_verifie	Yannick B.	oreiller-soya-3-0			Super oreiller
Loox	ckqhXH7ZHIu	loox/oreiller-soya-3-0_p12.html	2026-05-13T00:00:00Z	5	import_minuit_verifie	Audrey.g	oreiller-soya-3-0			Je l’ai acheté surtout pour essayer quelque chose de différent et finalement il est devenu mon oreiller principal.
Loox	tBX0VPvuNO	loox/oreiller-soya-3-0_p12.html	2026-05-09T11:22:02Z	5	horodate_verifie	Isabelle D.	oreiller-soya-3-0	confort (positif)		Très agréable au contact, soyeux.
Loox	FenY5tK4Pb	loox/oreiller-soya-3-0_p12.html	2026-05-08T18:46:43Z	5	horodate_verifie	Guy P.	oreiller-soya-3-0			Service impeccable !
Loox	pd2PBm9epF	loox/oreiller-soya-3-0_p12.html	2026-05-07T03:52:36Z	5	horodate_verifie	Nelly B.	oreiller-soya-3-0	qualite percue		J'ai mis longtemps à me décider mais je ne le regrette pas.  Mes nuits ont changés ainsi que la qualité de mon sommeil et ce très rapidement.  Cet oreiller est incroyable.
Loox	UEa9Pr-7Bs	loox/oreiller-soya-3-0_p12.html	2026-04-29T16:51:55Z	5	horodate_verifie	Ade	oreiller-soya-3-0			C'est un plaisir de posséder ce produit. Merci.
Loox	sDMffF3qdZ	loox/oreiller-soya-3-0_p12.html	2026-04-28T06:45:23Z	5	horodate_verifie	Marianne B.	oreiller-soya-3-0	confort (positif);douleurs (cou, dos, epaules)		Je suis passée au Soya 3.0 après avoir découvert la gamme, et j’en suis très satisfaite ! /  Moins de douleurs cervicales, des nuits plus confortable… merci !
Loox	t8Gu7RG3NR	loox/oreiller-soya-3-0_p12.html	2026-04-27T20:09:36Z	5	horodate_verifie	Mélissa	oreiller-soya-3-0			J adore et je ne peut plus me passé de cette oreiller. Au debut j était septique mais en faite sa marche vraiment .
Loox	X89bXfqsJ5	loox/oreiller-soya-3-0_p12.html	2026-04-27T10:30:54Z	5	horodate_verifie	Ares B.	oreiller-soya-3-0	recommande		Magnifique produit......Je vous le recommande.
Loox	qKObOwnqz0	loox/oreiller-soya-3-0_p12.html	2026-04-25T04:55:16Z	5	horodate_verifie	Guy P.	oreiller-soya-3-0	retour / remboursement		Après avoir utilisé la V2 pendant un moment, le passage à cette nouvelle version de Soya Paris est une claque.  On sent que les retours clients ont été écoutés : les défauts majeurs ont été supprimés pour laisser place à un produit ultra-abouti. C'est le top du top actuellement sur le marché. Indispensable
Loox	9v1et2zZqQ	loox/oreiller-soya-3-0_p13.html	2026-04-23T08:37:30Z	5	horodate_verifie	Yannick	oreiller-soya-3-0	livraison / delais		Bien reçu / Top produit
Loox	Uz94j3cHVp	loox/oreiller-soya-3-0_p13.html	2026-04-22T10:30:17Z	5	horodate_verifie	Marie Odile A.	oreiller-soya-3-0	livraison / delais		Depuis que je l ai recu je dors mieux
Loox	GkRmn0Gi_c	loox/oreiller-soya-3-0_p13.html	2026-04-22T09:36:40Z	5	horodate_verifie	Vincent	oreiller-soya-3-0	qualite percue;prix / valeur		Rapport qualité-prix imbattable
Loox	vGRSgWUtr	loox/oreiller-soya-3-0_p13.html	2026-04-20T21:35:47Z	4	horodate	Janine G.	oreiller-soya-3-0	confort (positif);hauteur / epaisseur;douleurs (cou, dos, epaules);temps d adaptation;housse		Il est confortable la housse est fraîche et tte douce je dois habituer mon sommeil avec un maintient de nuque plus haut que mon habitude de dormir à plat je  pense mi faire rapidement  on ma dit qu’il fallait une bonne semaine pour s’habituer et ne plus dormir sans cet oreiller
Loox	88FUTAKl51Q	loox/oreiller-soya-3-0_p13.html	2026-04-20T00:00:00Z	5	import_minuit_verifie	Antoine.m	oreiller-soya-3-0			Je voulais quelque chose de plus enveloppant que mon ancien oreiller et c’est exactement la sensation que j’ai.
Loox	tsb2RkbjDg	loox/oreiller-soya-3-0_p13.html	2026-04-18T14:11:33Z	5	horodate_verifie	Charles P.	oreiller-soya-3-0	livraison / delais		Conforme a mes attentes
Loox	IMPnMJ6rJv	loox/oreiller-soya-3-0_p13.html	2026-04-18T12:05:05Z	5	horodate_verifie	Eric	oreiller-soya-3-0	confort (positif);chaleur / fraicheur		Coussin très confortable et garde la fraîcheur.
Loox	ksV8xPzwIl	loox/oreiller-soya-3-0_p13.html	2026-04-17T15:50:53Z	5	horodate_verifie	Erick	oreiller-soya-3-0			Au top !!
Loox	4fBdEktVso	loox/oreiller-soya-3-0_p13.html	2026-04-17T07:29:58Z	5	horodate_verifie	Isabelle	oreiller-soya-3-0	confort (positif)		Il est confortable et je dors bien avec
Loox	_soLXPGMa3	loox/oreiller-soya-3-0_p13.html	2026-04-16T12:46:29Z	4	horodate_verifie	Anne	oreiller-soya-3-0	livraison / delais;service client		Après une longue attente de ma commande, le service client est au top et l’oreiller soya 3.0 me convient parfaitement
Loox	Gx1AD1_gjW	loox/oreiller-soya-3-0_p13.html	2026-04-15T13:03:59Z	5	horodate_verifie	Virginie A.	oreiller-soya-3-0			Satisfait de mon achat
Loox	37IgioxSEu	loox/oreiller-soya-3-0_p13.html	2026-04-15T09:43:38Z	1	horodate_verifie	Philippe	oreiller-soya-3-0	retour / remboursement;qualite percue;arnaque / fraude		Attention arnaque. Les produits sont de très mauvaise qualité. Les retours sont a vos frais. Et ensuite ils ne remboursent pas. L’arnaque est avérée. Le siege de la société aux etats unis. Aucun recours.
Loox	Isk1s0bmog	loox/oreiller-soya-3-0_p13.html	2026-04-15T08:11:25Z	5	horodate_verifie	Romy Z.	oreiller-soya-3-0			parfait
Loox	btPyM_fat1	loox/oreiller-soya-3-0_p13.html	2026-04-13T04:33:06Z	5	horodate_verifie	Nadia	oreiller-soya-3-0	confort (positif)		très confortable. facile d'entretien. nuit beaucoup plus réparatrice. merci beaucoup
Loox	KIJcaCRKhV	loox/oreiller-soya-3-0_p13.html	2026-04-10T14:48:53Z	5	horodate_verifie	Huguette B.	oreiller-soya-3-0	confort (positif)		Très agréable
Loox	KJ1UrSwp3x	loox/oreiller-soya-3-0_p13.html	2026-04-10T09:39:23Z	5	horodate_verifie	Romeo	oreiller-soya-3-0			Magnifique produits
Loox	5Rg9VZmDS_	loox/oreiller-soya-3-0_p13.html	2026-04-09T11:22:17Z	3	horodate_verifie	Regnier F.	oreiller-soya-3-0	douleurs (cou, dos, epaules)		Je précise que je souffre d'arthrose cervicale et d'apnée du sommeil avec appareillage ( ppc). Oreiller qui aurait pû me convenir mais mon cou n'étant pas assez long pour se poser dans le point milieu de celui-ci, une tension apparaît par conséquent dans la nuque car elle est posée sur le bord de celui-ci. D'ailleurs mon épouse a ressenti le même problème, elle possède un équivalent de ce type d'oreiller à la morphologie particulière d'une autre marque très convenable mais sans doute un peu plus...
Loox	BW7Za2dCb4	loox/oreiller-soya-3-0_p13.html	2026-04-07T10:55:36Z	5	horodate_verifie	Jean-louis F.	oreiller-soya-3-0	confort (positif)		Coussin très confortable et très agréable
Loox	A1nWmeFBdS	loox/oreiller-soya-3-0_p13.html	2026-04-04T10:43:05Z	5	horodate_verifie	Jean Jacques W.	oreiller-soya-3-0	confort (positif)		Très satisfait .agréable .pour l'instant rien à dire.
Loox	SXqbtnALLB	loox/oreiller-soya-3-0_p13.html	2026-04-02T10:47:53Z	5	horodate_verifie	Lucile	oreiller-soya-3-0			Tres bon produit
Loox	F52G5Zl2y	loox/oreiller-soya-3-0_p14.html	2026-04-01T13:09:42Z	5	horodate	Marie D.	oreiller-soya-3-0	confort (positif);douleurs (cou, dos, epaules)		Cela fait des mois que j'ai des douleurs cervicales dûes à une hernie.  Le lendemain de ma première nuit j'avais déjà beaucoup moins mal à la nuque.  Et je suis appareillée pour l'apnée du sommeil. La position sur l'oreiller semble diminuer les fuites d'air de l'appareil. Cela fait donc moins de bruit. L'oreiller est très confortable.
Loox	jMTnTaVNfb	loox/oreiller-soya-3-0_p14.html	2026-03-28T11:59:45Z	5	horodate_verifie	Alice C.	oreiller-soya-3-0	douleurs (cou, dos, epaules)		Mes cervicales sont ravies !
Loox	VlB5m5XTnV	loox/oreiller-soya-3-0_p14.html	2026-03-26T20:31:05Z	4	horodate_verifie	Natacha L.	oreiller-soya-3-0	confort (positif)		Agréable mais pas encore assez de recul pour vraiment être objective quant aux bénéfices
Loox	raRDhQZusI	loox/oreiller-soya-3-0_p14.html	2026-03-26T18:29:38Z	5	horodate_verifie	Annaïg L.	oreiller-soya-3-0	confort (positif)		Tres confortable. Je dors sur le côté.
Loox	1DSVCM14K	loox/oreiller-soya-3-0_p14.html	2026-03-26T16:48:54Z	5	horodate	Andre V.	oreiller-soya-3-0	livraison / delais		Reçu ce matin. Testé cet après-midi pour une petite sieste...génial, vivement cette nuit !😴
Loox	hahSEYSc1t	loox/oreiller-soya-3-0_p14.html	2026-03-26T13:45:36Z	5	horodate_verifie	Anthony	oreiller-soya-3-0	conformite a l annonce		Oreiller qui tient ses promesses.
Loox	2XYZQqozVj	loox/oreiller-soya-3-0_p14.html	2026-03-23T20:18:31Z	3	horodate_verifie	Nathalie D.	oreiller-soya-3-0	fermete (dur / mou)		Ca va il est bien mais je le trouve un peu dur, s’il etait un peu plus souple ce serait parfait
Loox	r3q5ZW3eU	loox/oreiller-soya-3-0_p14.html	2026-03-23T07:07:01Z	5	horodate	Xavier A.	oreiller-soya-3-0	livraison / delais		Bonjour, j’adore vraiment dormir avec ces oreillers, j’ai un sommeil plus réparateur et une meilleure circulation dans mes bras qui s’endormaient suivant ma position au lit. Par contre j’ai une question ma première commande a été livré dans un bon délais par contre j’en ai fait une deuxième et je m’étonne de ne pas l’avoir encore reçue. #336869 Pourriez-vous m’en dire plus sur son délai de livraison ? Bien à vous
Loox	s-SxwlTsvo	loox/oreiller-soya-3-0_p14.html	2026-03-21T17:09:04Z	5	horodate_verifie	Aurelie	oreiller-soya-3-0	confort (positif);douleurs (cou, dos, epaules)		Très bien, je l'essayais, confortable et moins douleur. Au réveil
Loox	3Icena1EP	loox/oreiller-soya-3-0_p14.html	2026-03-13T12:05:59Z	5	horodate	Gözde O.	oreiller-soya-3-0	douleurs (cou, dos, epaules);service client;recommande		Première nuit plus de douleur au dos et aux cervicales au réveil… j’ai téléphoné à tous mes proches pour le conseiller!!!
Loox	VDpkB2MMt5	loox/oreiller-soya-3-0_p14.html	2026-03-08T18:34:09Z	5	horodate_verifie	Diane K.	oreiller-soya-3-0	confort (positif)		Super confortable.
Loox	eXZojShMRw	loox/oreiller-soya-3-0_p14.html	2026-03-05T13:42:30Z	5	horodate_verifie	Caroline D.	oreiller-soya-3-0			Un peu compliqué les 2 1eres nuits mais apres super
Loox	fNdtwteXc	loox/oreiller-soya-3-0_p14.html	2026-02-28T12:03:09Z	4	horodate	Nathalie H.	oreiller-soya-3-0			Quelle différence entre le 2,0 et 3,0
Loox	JUggHlvX5W	loox/oreiller-soya-3-0_p14.html	2026-02-27T11:32:08Z	5	horodate_verifie	Yolanda D.	oreiller-soya-3-0	douleurs (cou, dos, epaules);recommande		Franchement, je suis surprise en bien. La douleur de la nuque disparaît, super positif, je le recommande vivement, bravo !
Loox	8WkEkoaoG	loox/oreiller-soya-3-0_p14.html	2026-02-26T06:19:19Z	3	horodate	Martine L.	oreiller-soya-3-0	douleurs (cou, dos, epaules)		Ma fille adore mais moi j ai la tête trop en extension j ai toujours aussi mal au cervicale chaque matin . :(
Loox	45zEJp8fyr	loox/oreiller-soya-3-0_p14.html	2026-02-24T14:12:35Z	5	horodate_verifie	Jennifer D.	oreiller-soya-3-0	confort (positif)		Tres contente du confort
Loox	ikako2Tpu9	loox/oreiller-soya-3-0_p14.html	2026-02-24T10:44:55Z	2	horodate_verifie	Helene B.	oreiller-soya-3-0	confort (positif);inconfort / mal dormi		Je ne le trouve pas confortable et pas très pratique quand on dort sur le côté
Loox	Ir0CHPB6VF	loox/oreiller-soya-3-0_p14.html	2026-02-23T09:57:13Z	5	horodate_verifie	Stefania G.	oreiller-soya-3-0			Bon produit
Loox	z8wu5TwV_u	loox/oreiller-soya-3-0_p14.html	2026-02-20T09:55:33Z	5	horodate_verifie	Valentin M.	oreiller-soya-3-0			je dors beaucoup mieux depuis que je l ai
Loox	oxWfjnGdZk	loox/oreiller-soya-3-0_p14.html	2026-02-17T10:18:13Z	5	horodate_verifie	Sylvia C.	oreiller-soya-3-0	douleurs (cou, dos, epaules);qualite percue		Soutien bien la tête et les cervicales. Bonne qualité. A voir dans le temps. Tout à fait satisfaite de mon achat !
Loox	aFHyzmws03	loox/oreiller-soya-3-0_p15.html	2026-02-10T17:08:47Z	5	horodate_verifie	Etienne N.	oreiller-soya-3-0			Très bon produit.  / Oreiller maintient vraiment bien dans toutes les positions pour dormir.
Loox	7RTVDLvHi3	loox/oreiller-soya-3-0_p15.html	2026-02-10T11:08:10Z	4	horodate_verifie	Mathieu D.	oreiller-soya-3-0	qualite percue;prix / valeur;recommande		Un très bon rapport qualité prix !!! / Je recommande après une semaine d'utilisation !! / RAS.
Loox	bOJtPugIqY	loox/oreiller-soya-3-0_p15.html	2026-02-06T15:07:07Z	3	horodate_verifie	Nancy D.	oreiller-soya-3-0			Pas pour moi.
Loox	xxvaNQcPy9	loox/oreiller-soya-3-0_p15.html	2026-02-06T13:50:18Z	5	horodate_verifie	Jessica L.	oreiller-soya-3-0	douleurs (cou, dos, epaules)		Top bon soutien cervicales
Loox	7jMphm5DpB	loox/oreiller-soya-3-0_p15.html	2026-02-06T09:21:40Z	5	horodate_verifie	Norman D.	oreiller-soya-3-0			Parfait j'adore
Loox	1mNWzAC0DX	loox/oreiller-soya-3-0_p15.html	2026-02-03T13:16:09Z	5	horodate_verifie	Souhila O.	oreiller-soya-3-0			Impeccable, tres reposant. Idéal pour passer une bonne nuit.
Loox	NLHop67Csq	loox/oreiller-soya-3-0_p15.html	2026-01-30T16:43:47Z	4	horodate_verifie	Catherine M.	oreiller-soya-3-0			Mon mari est tres satisfait
Loox	bPXoPEkCMy	loox/oreiller-soya-3-0_p15.html	2026-01-30T16:43:28Z	4	horodate_verifie	Catherine M.	oreiller-soya-3-0			Je dors mieux et je fais des nuits completes
Loox	lviZXYM4Oh	loox/oreiller-soya-3-0_p15.html	2026-01-30T11:59:26Z	4	horodate_verifie	Renaud R.	oreiller-soya-3-0			Bien a voir sur longue période car c est tout nouveau
Loox	BrrEBwbbBx	loox/oreiller-soya-3-0_p15.html	2026-01-29T12:18:33Z	4	horodate_verifie	Patricia I.	oreiller-soya-3-0	confort (positif);fermete (dur / mou)		Il est très agréable, mais je pensais que la mousse serait un peu plus dure afin de mieux soutenir
Loox	e5cFByxPnJ	loox/oreiller-soya-3-0_p15.html	2026-01-28T17:50:43Z	5	horodate_verifie	Corinne S.	oreiller-soya-3-0	confort (positif);hauteur / epaisseur;housse;recommande		Oui, le coussin est SUPER.  / La housse est très agréable, elle est toute douce.  /  La possibilité d’avoir deux hauteurs différentes est appréciable.  / Je recommande.
Loox	xITo3OkYkO	loox/oreiller-soya-3-0_p15.html	2026-01-26T14:42:15Z	4	horodate_verifie	Gwenaelle B.	oreiller-soya-3-0	douleurs (cou, dos, epaules)		Top produit...les cervicales sont soulagées
Loox	zWexHOXbqY	loox/oreiller-soya-3-0_p15.html	2026-01-23T13:36:28Z	4	horodate_verifie	Bèatrice L.	oreiller-soya-3-0			Bonjour très bien pour moi .  / Très satisfaite.
Loox	w0g4jnrbJcB	loox/oreiller-soya-3-0_p15.html	2026-01-23T00:00:00Z	5	import_minuit_verifie	Adrien.p	oreiller-soya-3-0			Utilisé depuis quelques jours seulement mais mes premières impressions sont vraiment bonnes.
Loox	kUTU2GOFL-	loox/oreiller-soya-3-0_p15.html	2026-01-21T20:52:46Z	4	horodate_verifie	Sophie M.	oreiller-soya-3-0	confort (positif);fermete (dur / mou);temps d adaptation		Agréablement surprise.  L'oreiller n'est ni trop mou ni trop dur.  Il s'adapte parfaitement à la morphologie. Je suis tres satisfaite de mon achat.
Loox	YTRTemyIfv	loox/oreiller-soya-3-0_p15.html	2026-01-21T10:19:29Z	5	horodate_verifie	Hayette M.	oreiller-soya-3-0			J'adore je dors mieux ça fait du bien  / Merci a vous
Loox	bxsM9Vx_su	loox/oreiller-soya-3-0_p15.html	2026-01-21T05:04:01Z	4	horodate_verifie	Jamal A.	oreiller-soya-3-0	confort (positif);fermete (dur / mou)		Je le trouve trop ferme en même temps j'ai fait qu'une seule nuit avec  / Avoir dans le temps  / Sinon agréable au touché doux
Loox	Riz_bqZrd	loox/oreiller-soya-3-0_p15.html	2026-01-20T18:09:24Z	3	horodate	Alexandre B.	oreiller-soya-3-0	taille / dimensions / taie;livraison / delais		Je viens d’acheter 2 oreillers 3.0 mais il n’y a plus de taie en stock ! / Quand serez vous réapprovisionné? / Est ce que au moins une taie est livrée avec l’oreiller?  / J’ai hâte de la recevoir pour le tester
Loox	M1P7dsg4H_	loox/oreiller-soya-3-0_p15.html	2026-01-19T10:42:48Z	5	horodate_verifie	Laure-anne A.	oreiller-soya-3-0	confort (positif);fermete (dur / mou);recommande		Je suis très contente de ce coussin, il est très confortable et épouse bien la forme de la tête , il ne s'enfonce pas trop et il n'est pas trop ferme non plus point j'ai passé une super nuit, je recommande.
Loox	WsQFbFjrF4	loox/oreiller-soya-3-0_p15.html	2026-01-15T14:17:58Z	3	horodate_verifie	Natacha L.	oreiller-soya-3-0			A voir sur le long terme mais je n’observe pas de miracles depuis 2 semaines
Loox	CinLcBqA-x	loox/oreiller-soya-3-0_p16.html	2026-01-15T11:25:38Z	5	horodate_verifie	Francoise M.	oreiller-soya-3-0	confort (positif)		Vraiment très agréable, d’une douceur absolue. Je ne regrette pas mon achat.
Loox	NOGK6VIgv6	loox/oreiller-soya-3-0_p16.html	2026-01-13T09:49:50Z	5	horodate_verifie	Jacqueline L.	oreiller-soya-3-0	confort (positif)		J’avais déjà le 2.0 que j’ai beaucoup apprécier pour son maintien de tête le 3.0 est plus moelleux.les 2 sont très bien.
Loox	NHEutQ4hoa	loox/oreiller-soya-3-0_p16.html	2026-01-10T16:59:58Z	5	horodate_verifie	Isabelle H.	oreiller-soya-3-0			Oreiller parfait pour mon cou !
Loox	fjX7npUGx	loox/oreiller-soya-3-0_p16.html	2026-01-10T15:28:05Z	5	horodate_verifie	Valérie G.	oreiller-soya-3-0			Parfait
Loox	14FVhEi1Qx	loox/oreiller-soya-3-0_p16.html	2026-01-10T10:34:01Z	5	horodate_verifie	Nicolas J.	oreiller-soya-3-0	confort (positif);douleurs (cou, dos, epaules)		Au top, super confortable, je suis plus bloquer des cervicales et je me reveilles sans douleur
Loox	_ZAJwX-Xcl	loox/oreiller-soya-3-0_p16.html	2026-01-10T09:43:58Z	5	horodate_verifie	Bogus T.	oreiller-soya-3-0	confort (positif);douleurs (cou, dos, epaules);temps d adaptation		Produit un peu volumineux, mais très confortable  / Apres une semaine d’utilisation je trouve qu’il est parfait pour dormir sur le cote et sur le dos / Pas adapté pour la position sur le ventre a mon goût  /  Plus de douleurs aux cervicales au réveil qui déclenchent des maux de tête, c’est formidable   / Je dors a 80% sur le côté  / Pour moi il fait le job
Loox	c4BUw2J9uV	loox/oreiller-soya-3-0_p16.html	2026-01-08T09:59:51Z	5	horodate_verifie	Verguet D.	oreiller-soya-3-0			Sincèrement le top du top incroyable
Loox	JIRxd373L	loox/oreiller-soya-3-0_p16.html	2026-01-06T06:42:26Z	5	horodate_verifie	Christine B.	oreiller-soya-3-0	confort (positif);douleurs (cou, dos, epaules)		L’oreiller Soya.3 est parfait pour moi. Au bout d’une semaine, je n’avais plus de migraine au réveil et moins de douleurs cervicales.  La tête est bien calée, et toutes les positions sont confortables.
Loox	5M0uTaMmz	loox/oreiller-soya-3-0_p16.html	2026-01-05T16:30:28Z	4	horodate_verifie	Dominique G.	oreiller-soya-3-0	confort (positif)		Très confortable, on est bien positionné sur l'oreiller
Loox	Yb-mKezdW	loox/oreiller-soya-3-0_p16.html	2026-01-05T16:19:18Z	5	horodate_verifie	Monique L.	oreiller-soya-3-0			Oreiller parfait.
Loox	f1Jg8ENcF	loox/oreiller-soya-3-0_p16.html	2026-01-05T15:46:26Z	4	horodate_verifie	Anne B.	oreiller-soya-3-0	temps d adaptation		Il faut un temps d’adaptation mais moins de courbatures au réveil
Loox	JH3lux-cmU	loox/oreiller-soya-3-0_p16.html	2026-01-05T13:05:48Z	5	horodate_verifie	Renaud T.	oreiller-soya-3-0	confort (positif)		Super. Très confortable
Loox	RC2P-uLQ9	loox/oreiller-soya-3-0_p16.html	2026-01-05T12:19:03Z	5	horodate_verifie	Alain R.	oreiller-soya-3-0	confort (positif);douleurs (cou, dos, epaules);conformite a l annonce		Tient ses promesses en termes de douleurs cervicales en assurant un bon alignement de ces vertèbres avec le reste de la colonne.  confortable, facile et agréable à adopter.
Loox	Gd0FgK86v	loox/oreiller-soya-3-0_p16.html	2026-01-05T07:54:53Z	5	horodate_verifie	Laetitia H.	oreiller-soya-3-0			Parfait
Loox	A9k12l-Ymy	loox/oreiller-soya-3-0_p16.html	2026-01-04T01:45:08Z	5	horodate_verifie	Elea M.	oreiller-soya-3-0	confort (positif);douleurs (cou, dos, epaules)		Je n’ai jamais eu un oreiller aussi confortable !! J’ai de grosses douleurs aux cervicales et je sens que ca s’ameliore enfin ! Merci Soya
Loox	Qijfcdww9q5	loox/oreiller-soya-3-0_p16.html	2026-01-04T00:00:00Z	5	import_minuit_verifie	Romain.b	oreiller-soya-3-0	temps d adaptation		L’adaptation a été assez rapide pour moi. Il faut juste prendre le temps de tester plusieurs positions.
Loox	Av0rvECqBu	loox/oreiller-soya-3-0_p16.html	2026-01-03T17:59:31Z	4	horodate_verifie	Karine D.	oreiller-soya-3-0	douleurs (cou, dos, epaules);livraison / delais		Livraison rapide et j'ai beaucoup moins de douleurs cervicales. Le sommeil est amélioré et beaucoup moins daphnées ! / Très bon oreiller.
Loox	2AslM9USbn	loox/oreiller-soya-3-0_p16.html	2026-01-02T17:46:58Z	1	horodate_verifie	Karin R.	oreiller-soya-3-0	douleurs (cou, dos, epaules)		Personnellement, cet oreiller est un vrai supplice. Il est doux, certes, mais je me réveille avec des douleurs cervicales quand je dors dessus.
Loox	aLYdW7N9j1	loox/oreiller-soya-3-0_p16.html	2026-01-02T11:04:22Z	5	horodate_verifie	Karen	oreiller-soya-3-0	confort (positif);livraison / delais		Recu donc contente  / Très agréable
Loox	xHPb-QNiW	loox/oreiller-soya-3-0_p16.html	2025-12-30T20:35:05Z	5	horodate_verifie	Nicolas C.	oreiller-soya-3-0	douleurs (cou, dos, epaules)		Incroyable j’ai moins  mal au dos et au cervicales. /  / Je l’adore je le prends même avec moi si je dort pas chez moi
Loox	6cNPBLOkTe	loox/oreiller-soya-3-0_p17.html	2025-12-30T19:43:05Z	5	horodate_verifie	Lin Albert M.	oreiller-soya-3-0			Vos produits sont super, les oreillers 2.0 et 3.0, les coussins lombaires, BRAVO à vous et bonne continuation!
Loox	Q6Agmw82p	loox/oreiller-soya-3-0_p17.html	2025-12-29T18:18:13Z	4	horodate_verifie	Valérie G.	oreiller-soya-3-0	hauteur / epaisseur;douleurs (cou, dos, epaules);recommande		Mes douleurs cervicales se bien calmées depuis l'utilisation du soya 3.0.  Et le fait d'avoir deux niveaux de hauteur est vraiment très utile . Je le recommande.
Loox	tENfHWUSW	loox/oreiller-soya-3-0_p17.html	2025-12-29T11:16:35Z	5	horodate_verifie	Abderrahim S.	oreiller-soya-3-0	confort (positif)		Bonjour,  je suis très satisfait de l’oreiller jusqu’à maintenant je dors très bien au réveil, je sens une différence  par rapport à mon oreiller voir dans le temps.
Loox	58wPr46wbj	loox/oreiller-soya-3-0_p17.html	2025-12-23T08:06:18Z	5	horodate_verifie	Jean Jacques P.	oreiller-soya-3-0	livraison / delais;conformite a l annonce		Très bien, conforme à la description. Reçu rapidement.
Loox	Nz_1gTfR1u	loox/oreiller-soya-3-0_p17.html	2025-12-16T16:03:47Z	5	horodate_verifie	Ingrid I.	oreiller-soya-3-0			parfait
Loox	UJfub0kLG4	loox/oreiller-soya-3-0_p17.html	2025-12-13T10:04:17Z	5	horodate_verifie	Stéphanie J.	oreiller-soya-3-0			S’dapte parfaitement et textile tres doux
Loox	_TBYhNRmr5Y	loox/oreiller-soya-3-0_p17.html	2025-12-13T00:00:00Z	5	import_minuit_verifie	Julie.f	oreiller-soya-3-0			J’aime beaucoup pouvoir dormir aussi bien sur le dos que sur le côté sans changer d’oreiller.
Loox	njaqxM3LZi	loox/oreiller-soya-3-0_p17.html	2025-12-11T15:07:32Z	5	horodate_verifie	Mohamed S.	oreiller-soya-3-0	recommande		Très satisfait de ma commande  / Tres beau produit je recommande
Loox	PpE0GonqxG	loox/oreiller-soya-3-0_p17.html	2025-12-06T14:19:08Z	5	horodate_verifie	Jymmy Z.	oreiller-soya-3-0	confort (positif)		Premiere nuit dessus quel bohneur quelle douceur ;  agreable confortable j’adore vraiment  / Mon derila qui ressemble au soya 1.0 fait vraiment pâle fugure a côté  / Soya 3.0 est vraiment top je vous remercie pour votre oreiller jai a peine posé ma tete dessus que je me senti super bien . / Le meilleur oreiller merci soya Paris
Loox	aSOyBH8a05	loox/oreiller-soya-3-0_p17.html	2025-11-23T10:08:28Z	5	horodate_verifie	Eric T.	oreiller-soya-3-0	confort (positif);douleurs (cou, dos, epaules);temps d adaptation;qualite percue;recommande		Depuis l’acquisition des oreillers Soya, la qualité de mon sommeil s’est nettement améliorée. Souffrant de douleurs cervicales,  J’apprécie particulièrement leur soutien ergonomique.  Je recommande vivement ce produit à toute personne recherchant un confort optimal et un maintien adapté.
Loox	tILt06oQXQ	loox/oreiller-soya-3-0_p17.html	2025-11-11T00:00:00Z	5	import_minuit_verifie	Julien.d	oreiller-soya-3-0	hauteur / epaisseur;douleurs (cou, dos, epaules)		J’apprécie surtout le soutien au niveau de la nuque et le fait de pouvoir changer de hauteur selon mes envies.
Loox	_VniNcRbm	loox/oreiller-soya-3-0_p17.html	2025-11-05T14:59:16Z	5	horodate	Sabine M.	oreiller-soya-3-0	recommande		Cela doit faire deux semaines maintenant que j'ai l'oreiller SOYA 3.0. Je suis à 100% satisfait de mon achat. Je recommande fortement.
Loox	w3RYMZnbE	loox/oreiller-soya-3-0_p17.html	2025-11-05T14:57:47Z	5	horodate	Marc M.	oreiller-soya-3-0	confort (positif)		Oreiller très confortable, j'étais sceptique mais je dois avouer que je dors bien mieux.
Loox	ZqHZxFsOb	loox/oreiller-soya-3-0_p17.html	2025-11-05T14:55:15Z	5	horodate	Bianca H.	oreiller-soya-3-0			Je ne m'en passe déja plus, je dort beaucoup mieux et mes matins sont plus simple, Merci !
Loox	VQ_KARrXx	loox/oreiller-soya-3-0_p17.html	2025-11-05T14:52:49Z	5	horodate	Walid G.	oreiller-soya-3-0	confort (positif);qualite percue;housse		Super confortable, belle couleur et la housse de grande qualité ! C'est validé pour moi !
Loox	4YjGYR_IF	loox/oreiller-soya-3-0_p17.html	2025-11-04T10:52:11Z	5	horodate	Marlenne C.	oreiller-soya-3-0	livraison / delais		Bien reçu et adopté directement, on ressent un réel repos et un maintient efficace ! Merci SOYA
Loox	Wfmx_MihL2	loox/oreiller-soya-3-0_p17.html	2025-11-04T00:00:00Z	5	import_minuit_verifie	Claire.b	oreiller-soya-3-0	confort (positif)		J’ai mis deux ou trois nuits à trouver la bonne position mais maintenant je dors vraiment confortablement avec.
Loox	VeYINRX3k	loox/oreiller-soya-3-0_p17.html	2025-11-01T00:00:00Z	5	import_minuit_verifie	Martine.r	oreiller-soya-3-0	confort (positif)		Très agréable dès les premières nuits
Loox	xqwwo8uHq	loox/oreiller-soya-3-0_p17.html	2025-10-31T07:38:02Z	5	horodate	Jessica L.	oreiller-soya-3-0	confort (positif);douleurs (cou, dos, epaules);recommande		Ravie de cette découverte ! Un vrai confort , et un vrai soulagement des cervicales !  / Je recommande !
Loox	3YGzaSwoA	loox/oreiller-soya-enfant_p01.html	2026-08-14T08:18:07Z	1	horodate	Coralie B.	oreiller-soya-enfant	hauteur / epaisseur;odeur;livraison / delais;retour / remboursement;qualite percue;prix / valeur		Oreiller enfant reçu.  / Coussin très très plat ( 3cm d’un côté et 5cm de l’autre)  alors qu’il devais faire 6cm d’un côté et 8cm de l’autre.  / Présence d’une légère odeur donc pas terrible pour un enfant. Et la mousse dedans est très très fragile !!! Elle se décolle ( arrache) d’un rien sur les cotes où l’enfant peut mettre les bras !!!  / Piètre qualité pour le prix.  Et franchement j’ai pas le courage de le renvoyer pour attendre 3 mois avant d’avoir un remboursement et devoir les harceler sans re...
Loox	VvFktpCkDD	loox/oreiller-soya-enfant_p01.html	2026-06-06T07:52:52Z	5	horodate_verifie	Jenni T.	oreiller-soya-enfant			Un nuage
Loox	siLNsUTFAm	loox/oreiller-soya-enfant_p01.html	2026-06-06T07:52:45Z	5	horodate_verifie	Jenni T.	oreiller-soya-enfant			Mon bb adore
Loox	xGvotNK6UE	loox/oreiller-soya-enfant_p01.html	2026-06-06T07:52:37Z	5	horodate_verifie	Jenni T.	oreiller-soya-enfant			Génialissime
